solid ASCII
; Created 4/29/2025 9:47:44 PM by Nastran FNO Reader 1.84
; NAS File: C:\Users\Sam\Documents\Inventor\1x1x4_block\InCAD\FEA\py5ys2o95.nas
; Results from: C:\Users\Sam\Documents\Inventor\1x1x4_block\InCAD\FEA\py5ys2o95.FNO
; Subcase: [1] INCR 8, LOAD=1.0
; Deformed positions, scale factor 1.0
;
; Property ID = 1  Element Type = Solid
  facet normal -9.998312E-001 -1.646989E-002 8.150466E-003
    outer loop 
      vertex -4.917069e-001 -5.081530e-001 7.999942e-001
      vertex -4.930771e-001 -3.964283e-001 8.576831e-001
      vertex -4.942518e-001 -3.856572e-001 7.353368e-001
    endloop 
  endfacet
  facet normal -9.998218E-001 -1.705475E-002 8.098885E-003
    outer loop 
      vertex -4.942518e-001 -3.856572e-001 7.353368e-001
      vertex -4.930771e-001 -3.964283e-001 8.576831e-001
      vertex -4.955200e-001 -2.690482e-001 8.243384e-001
    endloop 
  endfacet
  facet normal -9.998662E-001 -1.426752E-002 7.991867E-003
    outer loop 
      vertex -4.964569e-001 -2.537675e-001 6.949230e-001
      vertex -4.955146e-001 -3.753786e-001 5.956991e-001
      vertex -4.942518e-001 -3.856572e-001 7.353368e-001
    endloop 
  endfacet
  facet normal -9.998838E-001 -1.292335E-002 8.090968E-003
    outer loop 
      vertex -4.955146e-001 -3.753786e-001 5.956991e-001
      vertex -4.934620e-001 -5.064555e-001 6.399972e-001
      vertex -4.942518e-001 -3.856572e-001 7.353368e-001
    endloop 
  endfacet
  facet normal -9.998720E-001 -1.504279E-002 5.462121E-003
    outer loop 
      vertex -4.964569e-001 -2.537675e-001 6.949230e-001
      vertex -4.942518e-001 -3.856572e-001 7.353368e-001
      vertex -4.955200e-001 -2.690482e-001 8.243384e-001
    endloop 
  endfacet
  facet normal -9.998281E-001 -1.506721E-002 1.080777E-002
    outer loop 
      vertex -4.942518e-001 -3.856572e-001 7.353368e-001
      vertex -4.934620e-001 -5.064555e-001 6.399972e-001
      vertex -4.917069e-001 -5.081530e-001 7.999942e-001
    endloop 
  endfacet
  facet normal 9.999716E-001 3.760201E-003 -6.536997E-003
    outer loop 
      vertex 5.021449e-001 -3.069720e-001 3.547145e-001
      vertex 5.015548e-001 -3.708120e-001 2.277265e-001
      vertex 5.008470e-001 -2.091730e-001 2.124396e-001
    endloop 
  endfacet
  facet normal 9.999718E-001 3.763949E-003 -6.497381E-003
    outer loop 
      vertex 5.006128e-001 -3.359441e-001 1.029494e-001
      vertex 5.008470e-001 -2.091730e-001 2.124396e-001
      vertex 5.015548e-001 -3.708120e-001 2.277265e-001
    endloop 
  endfacet
  facet normal 9.999657E-001 7.128006E-003 -4.221933E-003
    outer loop 
      vertex 5.021449e-001 -3.069720e-001 3.547145e-001
      vertex 5.008470e-001 -2.091730e-001 2.124396e-001
      vertex 5.010813e-001 -1.403051e-001 3.841924e-001
    endloop 
  endfacet
  facet normal 9.999863E-001 4.172964E-003 -3.152202E-003
    outer loop 
      vertex 5.001872e-001 -4.268096e-002 2.235085e-001
      vertex 5.008470e-001 -2.091730e-001 2.124396e-001
      vertex 5.000000e-001 -1.666667e-001 0.000000e+000
    endloop 
  endfacet
  facet normal 9.999868E-001 4.165102E-003 -3.033924E-003
    outer loop 
      vertex 5.010813e-001 -1.403051e-001 3.841924e-001
      vertex 5.008470e-001 -2.091730e-001 2.124396e-001
      vertex 5.001872e-001 -4.268096e-002 2.235085e-001
    endloop 
  endfacet
  facet normal 9.999922E-001 1.360739E-003 -3.714914E-003
    outer loop 
      vertex 5.006128e-001 -3.359441e-001 1.029494e-001
      vertex 5.000000e-001 -1.666667e-001 0.000000e+000
      vertex 5.008470e-001 -2.091730e-001 2.124396e-001
    endloop 
  endfacet
  facet normal -4.023977E-002 9.991535E-001 -8.547137E-003
    outer loop 
      vertex 4.795197e-001 5.196499e-001 1.919998e+000
      vertex 2.902233e-001 5.121677e-001 1.936535e+000
      vertex 3.743960e-001 5.168602e-001 2.088807e+000
    endloop 
  endfacet
  facet normal -4.383200E-002 9.990174E-001 -6.557237E-003
    outer loop 
      vertex 2.902233e-001 5.121677e-001 1.936535e+000
      vertex 1.980959e-001 5.092123e-001 2.102092e+000
      vertex 3.743960e-001 5.168602e-001 2.088807e+000
    endloop 
  endfacet
  facet normal -4.016749E-002 9.991632E-001 -7.715441E-003
    outer loop 
      vertex 4.795197e-001 5.196499e-001 1.919998e+000
      vertex 3.503104e-001 5.132552e-001 1.764554e+000
      vertex 2.902233e-001 5.121677e-001 1.936535e+000
    endloop 
  endfacet
  facet normal -3.723034E-002 9.992843E-001 -6.688486E-003
    outer loop 
      vertex 2.902233e-001 5.121677e-001 1.936535e+000
      vertex 3.503104e-001 5.132552e-001 1.764554e+000
      vertex 1.933973e-001 5.075877e-001 1.791237e+000
    endloop 
  endfacet
  facet normal 9.990245E-001 4.347967E-002 -7.718695E-003
    outer loop 
      vertex 5.212687e-001 -4.777589e-001 2.080013e+000
      vertex 5.141687e-001 -3.406875e-001 1.933195e+000
      vertex 5.138546e-001 -3.055782e-001 2.090311e+000
    endloop 
  endfacet
  facet normal 9.991556E-001 4.033348E-002 -7.835804E-003
    outer loop 
      vertex 5.133975e-001 -3.553886e-001 1.759183e+000
      vertex 5.141687e-001 -3.406875e-001 1.933195e+000
      vertex 5.196694e-001 -4.795120e-001 1.920026e+000
    endloop 
  endfacet
  facet normal 9.992676E-001 3.750367E-002 -7.597229E-003
    outer loop 
      vertex 5.133975e-001 -3.553886e-001 1.759183e+000
      vertex 5.091892e-001 -2.349471e-001 1.800227e+000
      vertex 5.141687e-001 -3.406875e-001 1.933195e+000
    endloop 
  endfacet
  facet normal 9.991219E-001 4.057842E-002 -1.043206E-002
    outer loop 
      vertex 5.196694e-001 -4.795120e-001 1.920026e+000
      vertex 5.141687e-001 -3.406875e-001 1.933195e+000
      vertex 5.212687e-001 -4.777589e-001 2.080013e+000
    endloop 
  endfacet
  facet normal -5.374215E-002 9.985239E-001 -7.858300E-003
    outer loop 
      vertex 3.457039e-001 5.183778e-001 2.443257e+000
      vertex 3.426029e-001 5.195257e-001 2.610327e+000
      vertex 4.724040e-001 5.261158e-001 2.560005e+000
    endloop 
  endfacet
  facet normal -5.130286E-002 9.986278E-001 -1.051242E-002
    outer loop 
      vertex 4.724040e-001 5.261158e-001 2.560005e+000
      vertex 4.741808e-001 5.245230e-001 2.400024e+000
      vertex 3.457039e-001 5.183778e-001 2.443257e+000
    endloop 
  endfacet
  facet normal -9.986989E-001 -5.030300E-002 -8.375130E-003
    outer loop 
      vertex -5.245230e-001 4.742061e-001 2.400005e+000
      vertex -5.187685e-001 3.725080e-001 2.324639e+000
      vertex -5.196912e-001 3.651538e-001 2.478836e+000
    endloop 
  endfacet
  facet normal -9.987265E-001 -4.975634E-002 -8.349222E-003
    outer loop 
      vertex -5.196912e-001 3.651538e-001 2.478836e+000
      vertex -5.187685e-001 3.725080e-001 2.324639e+000
      vertex -5.141283e-001 2.704001e-001 2.378074e+000
    endloop 
  endfacet
  facet normal -9.985745E-001 -5.277960E-002 -7.959312E-003
    outer loop 
      vertex -5.196912e-001 3.651538e-001 2.478836e+000
      vertex -5.128363e-001 2.288514e-001 2.522659e+000
      vertex -5.196763e-001 3.435495e-001 2.620220e+000
    endloop 
  endfacet
  facet normal -9.986196E-001 -5.217428E-002 -6.069551E-003
    outer loop 
      vertex -5.128363e-001 2.288514e-001 2.522659e+000
      vertex -5.196912e-001 3.651538e-001 2.478836e+000
      vertex -5.141283e-001 2.704001e-001 2.378074e+000
    endloop 
  endfacet
  facet normal -9.985174E-001 -5.382613E-002 -8.119231E-003
    outer loop 
      vertex -5.261338e-001 4.724249e-001 2.560002e+000
      vertex -5.196912e-001 3.651538e-001 2.478836e+000
      vertex -5.196763e-001 3.435495e-001 2.620220e+000
    endloop 
  endfacet
  facet normal -9.985942E-001 -5.192963E-002 -1.063179E-002
    outer loop 
      vertex -5.245230e-001 4.742061e-001 2.400005e+000
      vertex -5.196912e-001 3.651538e-001 2.478836e+000
      vertex -5.261338e-001 4.724249e-001 2.560002e+000
    endloop 
  endfacet
  facet normal -4.419573E-002 9.989997E-001 6.814500E-003
    outer loop 
      vertex -3.515984e-001 4.854977e-001 2.031512e+000
      vertex -3.333010e-001 4.851688e-001 2.198410e+000
      vertex -1.579484e-001 4.934722e-001 2.118387e+000
    endloop 
  endfacet
  facet normal -4.359346E-002 9.990265E-001 6.748525E-003
    outer loop 
      vertex -3.333010e-001 4.851688e-001 2.198410e+000
      vertex -3.515984e-001 4.854977e-001 2.031512e+000
      vertex -5.212975e-001 4.777653e-001 2.079990e+000
    endloop 
  endfacet
  facet normal -4.024725E-002 9.991645E-001 7.099687E-003
    outer loop 
      vertex -5.196766e-001 4.795199e-001 1.919976e+000
      vertex -3.515984e-001 4.854977e-001 2.031512e+000
      vertex -3.786201e-001 4.855861e-001 1.865889e+000
    endloop 
  endfacet
  facet normal -4.063810E-002 9.991483E-001 7.163446E-003
    outer loop 
      vertex -3.515984e-001 4.854977e-001 2.031512e+000
      vertex -2.031245e-001 4.921291e-001 1.948871e+000
      vertex -3.786201e-001 4.855861e-001 1.865889e+000
    endloop 
  endfacet
  facet normal -4.269527E-002 9.990821E-001 3.462245E-003
    outer loop 
      vertex -3.515984e-001 4.854977e-001 2.031512e+000
      vertex -1.579484e-001 4.934722e-001 2.118387e+000
      vertex -2.031245e-001 4.921291e-001 1.948871e+000
    endloop 
  endfacet
  facet normal -4.251545E-002 9.990404E-001 1.052438E-002
    outer loop 
      vertex -3.515984e-001 4.854977e-001 2.031512e+000
      vertex -5.196766e-001 4.795199e-001 1.919976e+000
      vertex -5.212975e-001 4.777653e-001 2.079990e+000
    endloop 
  endfacet
  facet normal -2.322484E-002 9.996994E-001 -7.865878E-003
    outer loop 
      vertex 4.882530e-001 5.114645e-001 1.119996e+000
      vertex 3.619270e-001 5.080492e-001 1.058928e+000
      vertex 3.560463e-001 5.095351e-001 1.265137e+000
    endloop 
  endfacet
  facet normal -2.308635E-002 9.997026E-001 -7.861952E-003
    outer loop 
      vertex 3.560463e-001 5.095351e-001 1.265137e+000
      vertex 3.619270e-001 5.080492e-001 1.058928e+000
      vertex 2.276027e-001 5.054079e-001 1.117504e+000
    endloop 
  endfacet
  facet normal -1.980230E-002 9.997726E-001 -7.914790E-003
    outer loop 
      vertex 2.345567e-001 5.047457e-001 9.603009e-001
      vertex 3.619270e-001 5.080492e-001 1.058928e+000
      vertex 3.669719e-001 5.068257e-001 8.917561e-001
    endloop 
  endfacet
  facet normal -1.974010E-002 9.997739E-001 -7.912923E-003
    outer loop 
      vertex 4.899883e-001 5.097948e-001 9.599988e-001
      vertex 3.669719e-001 5.068257e-001 8.917561e-001
      vertex 3.619270e-001 5.080492e-001 1.058928e+000
    endloop 
  endfacet
  facet normal -2.191824E-002 9.997463E-001 -5.181314E-003
    outer loop 
      vertex 3.619270e-001 5.080492e-001 1.058928e+000
      vertex 2.345567e-001 5.047457e-001 9.603009e-001
      vertex 2.276027e-001 5.054079e-001 1.117504e+000
    endloop 
  endfacet
  facet normal -2.186925E-002 9.997039E-001 -1.067029E-002
    outer loop 
      vertex 3.619270e-001 5.080492e-001 1.058928e+000
      vertex 4.882530e-001 5.114645e-001 1.119996e+000
      vertex 4.899883e-001 5.097948e-001 9.599988e-001
    endloop 
  endfacet
  facet normal 3.674614E-002 -9.993089E-001 -5.601527E-003
    outer loop 
      vertex -3.740383e-001 -5.141162e-001 1.760998e+000
      vertex -2.407718e-001 -5.087306e-001 1.674456e+000
      vertex -2.492162e-001 -5.099419e-001 1.835142e+000
    endloop 
  endfacet
  facet normal 3.660373E-002 -9.993141E-001 -5.609049E-003
    outer loop 
      vertex -1.259603e-001 -5.049290e-001 1.746392e+000
      vertex -2.492162e-001 -5.099419e-001 1.835142e+000
      vertex -2.407718e-001 -5.087306e-001 1.674456e+000
    endloop 
  endfacet
  facet normal 0.000000E+000 0.000000E+000 1.000000E+000
    outer loop 
      vertex -4.022925e-001 3.463674e-001 4.000000e+000
      vertex -2.503975e-001 3.629534e-001 4.000000e+000
      vertex -3.742637e-001 4.702332e-001 4.000000e+000
    endloop 
  endfacet
  facet normal 0.000000E+000 0.000000E+000 1.000000E+000
    outer loop 
      vertex -2.503975e-001 3.629534e-001 4.000000e+000
      vertex -4.022925e-001 3.463674e-001 4.000000e+000
      vertex -2.966954e-001 2.392899e-001 4.000000e+000
    endloop 
  endfacet
  facet normal 0.000000E+000 0.000000E+000 1.000000E+000
    outer loop 
      vertex -2.503975e-001 3.629534e-001 4.000000e+000
      vertex -9.821814e-002 3.671476e-001 4.000000e+000
      vertex -2.078326e-001 4.842584e-001 4.000000e+000
    endloop 
  endfacet
  facet normal 0.000000E+000 0.000000E+000 1.000000E+000
    outer loop 
      vertex -2.503975e-001 3.629534e-001 4.000000e+000
      vertex -2.078326e-001 4.842584e-001 4.000000e+000
      vertex -3.742637e-001 4.702332e-001 4.000000e+000
    endloop 
  endfacet
  facet normal 0.000000E+000 0.000000E+000 1.000000E+000
    outer loop 
      vertex -1.243818e-001 -5.122393e-001 4.000000e+000
      vertex -1.105071e-001 -3.639729e-001 4.000000e+000
      vertex -2.535062e-001 -4.096081e-001 4.000000e+000
    endloop 
  endfacet
  facet normal 0.000000E+000 0.000000E+000 1.000000E+000
    outer loop 
      vertex -1.105071e-001 -3.639729e-001 4.000000e+000
      vertex -2.973873e-001 -2.829431e-001 4.000000e+000
      vertex -2.535062e-001 -4.096081e-001 4.000000e+000
    endloop 
  endfacet
  facet normal 0.000000E+000 0.000000E+000 1.000000E+000
    outer loop 
      vertex -2.535062e-001 -4.096081e-001 4.000000e+000
      vertex -4.702289e-001 -3.742506e-001 4.000000e+000
      vertex -2.900374e-001 -5.262247e-001 4.000000e+000
    endloop 
  endfacet
  facet normal 0.000000E+000 0.000000E+000 1.000000E+000
    outer loop 
      vertex -2.535062e-001 -4.096081e-001 4.000000e+000
      vertex -2.973873e-001 -2.829431e-001 4.000000e+000
      vertex -4.702289e-001 -3.742506e-001 4.000000e+000
    endloop 
  endfacet
  facet normal 0.000000E+000 0.000000E+000 1.000000E+000
    outer loop 
      vertex -1.243818e-001 -5.122393e-001 4.000000e+000
      vertex -2.535062e-001 -4.096081e-001 4.000000e+000
      vertex -2.900374e-001 -5.262247e-001 4.000000e+000
    endloop 
  endfacet
  facet normal 0.000000E+000 0.000000E+000 -1.000000E+000
    outer loop 
      vertex -6.641074e-002 -3.674450e-001 0.000000e+000
      vertex -1.666667e-001 -5.000000e-001 0.000000e+000
      vertex -2.201840e-001 -3.768720e-001 0.000000e+000
    endloop 
  endfacet
  facet normal 0.000000E+000 0.000000E+000 -1.000000E+000
    outer loop 
      vertex -2.201840e-001 -3.768720e-001 0.000000e+000
      vertex -1.666667e-001 -5.000000e-001 0.000000e+000
      vertex -3.333333e-001 -5.000000e-001 0.000000e+000
    endloop 
  endfacet
  facet normal -9.999964E-001 -2.692380E-003 -9.979702E-005
    outer loop 
      vertex -5.000556e-001 1.160730e-002 2.774234e-001
      vertex -5.001916e-001 6.729785e-002 1.373148e-001
      vertex -4.996188e-001 -1.455575e-001 1.405093e-001
    endloop 
  endfacet
  facet normal -9.999809E-001 -5.394602E-003 3.002156E-003
    outer loop 
      vertex -4.996188e-001 -1.455575e-001 1.405093e-001
      vertex -4.991356e-001 -1.491071e-001 2.950839e-001
      vertex -5.000556e-001 1.160730e-002 2.774234e-001
    endloop 
  endfacet
  facet normal -9.999793E-001 -5.356384E-003 -3.561229E-003
    outer loop 
      vertex -5.013292e-001 1.606176e-001 4.109137e-001
      vertex -5.009412e-001 1.968387e-001 2.474780e-001
      vertex -5.000556e-001 1.160730e-002 2.774234e-001
    endloop 
  endfacet
  facet normal -9.999872E-001 -4.941348E-003 -9.937283E-004
    outer loop 
      vertex -5.009412e-001 1.968387e-001 2.474780e-001
      vertex -5.001916e-001 6.729785e-002 1.373148e-001
      vertex -5.000556e-001 1.160730e-002 2.774234e-001
    endloop 
  endfacet
  facet normal -9.999667E-001 -8.146334E-003 -4.467889E-004
    outer loop 
      vertex -5.013292e-001 1.606176e-001 4.109137e-001
      vertex -5.000556e-001 1.160730e-002 2.774234e-001
      vertex -4.996459e-001 -4.583207e-002 4.076456e-001
    endloop 
  endfacet
  facet normal -9.999838E-001 -5.652745E-003 6.531562E-004
    outer loop 
      vertex -5.000556e-001 1.160730e-002 2.774234e-001
      vertex -4.991356e-001 -1.491071e-001 2.950839e-001
      vertex -4.996459e-001 -4.583207e-002 4.076456e-001
    endloop 
  endfacet
  facet normal 0.000000E+000 0.000000E+000 -1.000000E+000
    outer loop 
      vertex 2.542583e-001 3.949247e-001 0.000000e+000
      vertex 1.274870e-001 3.588903e-001 0.000000e+000
      vertex 1.666667e-001 5.000000e-001 0.000000e+000
    endloop 
  endfacet
  facet normal 0.000000E+000 0.000000E+000 -1.000000E+000
    outer loop 
      vertex 2.514211e-001 2.763562e-001 0.000000e+000
      vertex 1.274870e-001 3.588903e-001 0.000000e+000
      vertex 2.542583e-001 3.949247e-001 0.000000e+000
    endloop 
  endfacet
  facet normal 0.000000E+000 0.000000E+000 -1.000000E+000
    outer loop 
      vertex 1.666667e-001 5.000000e-001 0.000000e+000
      vertex 3.333333e-001 5.000000e-001 0.000000e+000
      vertex 2.542583e-001 3.949247e-001 0.000000e+000
    endloop 
  endfacet
  facet normal 0.000000E+000 0.000000E+000 -1.000000E+000
    outer loop 
      vertex -3.758429e-001 2.112186e-001 0.000000e+000
      vertex -5.000000e-001 3.333333e-001 0.000000e+000
      vertex -3.725906e-001 3.661245e-001 0.000000e+000
    endloop 
  endfacet
  facet normal 0.000000E+000 0.000000E+000 -1.000000E+000
    outer loop 
      vertex -3.725906e-001 3.661245e-001 0.000000e+000
      vertex -2.457781e-001 2.525930e-001 0.000000e+000
      vertex -3.758429e-001 2.112186e-001 0.000000e+000
    endloop 
  endfacet
  facet normal 0.000000E+000 0.000000E+000 -1.000000E+000
    outer loop 
      vertex -3.333333e-001 5.000000e-001 0.000000e+000
      vertex -2.453599e-001 3.902999e-001 0.000000e+000
      vertex -3.725906e-001 3.661245e-001 0.000000e+000
    endloop 
  endfacet
  facet normal 0.000000E+000 0.000000E+000 -1.000000E+000
    outer loop 
      vertex -3.725906e-001 3.661245e-001 0.000000e+000
      vertex -2.453599e-001 3.902999e-001 0.000000e+000
      vertex -2.457781e-001 2.525930e-001 0.000000e+000
    endloop 
  endfacet
  facet normal 0.000000E+000 0.000000E+000 -1.000000E+000
    outer loop 
      vertex -3.725906e-001 3.661245e-001 0.000000e+000
      vertex -5.000000e-001 5.000000e-001 0.000000e+000
      vertex -3.333333e-001 5.000000e-001 0.000000e+000
    endloop 
  endfacet
  facet normal 0.000000E+000 0.000000E+000 -1.000000E+000
    outer loop 
      vertex -3.725906e-001 3.661245e-001 0.000000e+000
      vertex -5.000000e-001 3.333333e-001 0.000000e+000
      vertex -5.000000e-001 5.000000e-001 0.000000e+000
    endloop 
  endfacet
  facet normal 0.000000E+000 0.000000E+000 -1.000000E+000
    outer loop 
      vertex -3.758429e-001 2.112186e-001 0.000000e+000
      vertex -3.766828e-001 6.072977e-002 0.000000e+000
      vertex -5.000000e-001 1.666667e-001 0.000000e+000
    endloop 
  endfacet
  facet normal 0.000000E+000 0.000000E+000 -1.000000E+000
    outer loop 
      vertex -5.000000e-001 1.666667e-001 0.000000e+000
      vertex -5.000000e-001 3.333333e-001 0.000000e+000
      vertex -3.758429e-001 2.112186e-001 0.000000e+000
    endloop 
  endfacet
  facet normal 0.000000E+000 0.000000E+000 -1.000000E+000
    outer loop 
      vertex 3.782346e-001 -2.876811e-001 0.000000e+000
      vertex 3.952537e-001 -4.042868e-001 0.000000e+000
      vertex 2.567876e-001 -3.806878e-001 0.000000e+000
    endloop 
  endfacet
  facet normal 0.000000E+000 0.000000E+000 -1.000000E+000
    outer loop 
      vertex 5.000000e-001 -3.333333e-001 0.000000e+000
      vertex 3.952537e-001 -4.042868e-001 0.000000e+000
      vertex 3.782346e-001 -2.876811e-001 0.000000e+000
    endloop 
  endfacet
  facet normal 0.000000E+000 0.000000E+000 -1.000000E+000
    outer loop 
      vertex 2.407040e-001 -2.523085e-001 0.000000e+000
      vertex 3.782346e-001 -2.876811e-001 0.000000e+000
      vertex 2.567876e-001 -3.806878e-001 0.000000e+000
    endloop 
  endfacet
  facet normal 0.000000E+000 0.000000E+000 -1.000000E+000
    outer loop 
      vertex 5.000000e-001 -3.333333e-001 0.000000e+000
      vertex 3.782346e-001 -2.876811e-001 0.000000e+000
      vertex 5.000000e-001 -1.666667e-001 0.000000e+000
    endloop 
  endfacet
  facet normal 0.000000E+000 0.000000E+000 -1.000000E+000
    outer loop 
      vertex -5.000000e-001 -1.666667e-001 0.000000e+000
      vertex -3.789835e-001 -8.326499e-002 0.000000e+000
      vertex -3.818465e-001 -2.199804e-001 0.000000e+000
    endloop 
  endfacet
  facet normal 0.000000E+000 0.000000E+000 -1.000000E+000
    outer loop 
      vertex -5.000000e-001 -3.333333e-001 0.000000e+000
      vertex -5.000000e-001 -1.666667e-001 0.000000e+000
      vertex -3.818465e-001 -2.199804e-001 0.000000e+000
    endloop 
  endfacet
  facet normal 0.000000E+000 0.000000E+000 1.000000E+000
    outer loop 
      vertex 3.481611e-001 2.971711e-001 4.000000e+000
      vertex 3.619536e-001 1.334361e-001 4.000000e+000
      vertex 4.842613e-001 2.077977e-001 4.000000e+000
    endloop 
  endfacet
  facet normal 0.000000E+000 0.000000E+000 1.000000E+000
    outer loop 
      vertex 3.481611e-001 2.971711e-001 4.000000e+000
      vertex 2.146240e-001 2.296285e-001 4.000000e+000
      vertex 3.619536e-001 1.334361e-001 4.000000e+000
    endloop 
  endfacet
  facet normal 0.000000E+000 0.000000E+000 1.000000E+000
    outer loop 
      vertex 3.481611e-001 2.971711e-001 4.000000e+000
      vertex 2.215450e-001 3.903072e-001 4.000000e+000
      vertex 2.146240e-001 2.296285e-001 4.000000e+000
    endloop 
  endfacet
  facet normal 0.000000E+000 0.000000E+000 1.000000E+000
    outer loop 
      vertex 4.701154e-001 3.742833e-001 4.000000e+000
      vertex 3.481611e-001 2.971711e-001 4.000000e+000
      vertex 4.842613e-001 2.077977e-001 4.000000e+000
    endloop 
  endfacet
  facet normal 0.000000E+000 0.000000E+000 -1.000000E+000
    outer loop 
      vertex 2.567876e-001 -3.806878e-001 0.000000e+000
      vertex 3.952537e-001 -4.042868e-001 0.000000e+000
      vertex 3.333333e-001 -5.000000e-001 0.000000e+000
    endloop 
  endfacet
  facet normal 0.000000E+000 0.000000E+000 -1.000000E+000
    outer loop 
      vertex 3.333333e-001 -5.000000e-001 0.000000e+000
      vertex 3.952537e-001 -4.042868e-001 0.000000e+000
      vertex 5.000000e-001 -5.000000e-001 0.000000e+000
    endloop 
  endfacet
  facet normal 0.000000E+000 0.000000E+000 -1.000000E+000
    outer loop 
      vertex 5.000000e-001 -5.000000e-001 0.000000e+000
      vertex 3.952537e-001 -4.042868e-001 0.000000e+000
      vertex 5.000000e-001 -3.333333e-001 0.000000e+000
    endloop 
  endfacet
  facet normal 0.000000E+000 0.000000E+000 1.000000E+000
    outer loop 
      vertex 2.077820e-001 -4.842731e-001 4.000000e+000
      vertex 3.608537e-001 -3.595458e-001 4.000000e+000
      vertex 1.754690e-001 -3.085149e-001 4.000000e+000
    endloop 
  endfacet
  facet normal 0.000000E+000 0.000000E+000 1.000000E+000
    outer loop 
      vertex 3.608537e-001 -3.595458e-001 4.000000e+000
      vertex 3.484136e-001 -2.135732e-001 4.000000e+000
      vertex 1.754690e-001 -3.085149e-001 4.000000e+000
    endloop 
  endfacet
  facet normal 0.000000E+000 0.000000E+000 1.000000E+000
    outer loop 
      vertex 2.077820e-001 -4.842731e-001 4.000000e+000
      vertex 3.742588e-001 -4.702636e-001 4.000000e+000
      vertex 3.608537e-001 -3.595458e-001 4.000000e+000
    endloop 
  endfacet
  facet normal 0.000000E+000 0.000000E+000 1.000000E+000
    outer loop 
      vertex 3.742588e-001 -4.702636e-001 4.000000e+000
      vertex 5.406711e-001 -4.556202e-001 4.000000e+000
      vertex 3.608537e-001 -3.595458e-001 4.000000e+000
    endloop 
  endfacet
  facet normal 0.000000E+000 0.000000E+000 1.000000E+000
    outer loop 
      vertex 5.262667e-001 -2.900777e-001 4.000000e+000
      vertex 3.484136e-001 -2.135732e-001 4.000000e+000
      vertex 3.608537e-001 -3.595458e-001 4.000000e+000
    endloop 
  endfacet
  facet normal 0.000000E+000 0.000000E+000 1.000000E+000
    outer loop 
      vertex 5.406711e-001 -4.556202e-001 4.000000e+000
      vertex 5.262667e-001 -2.900777e-001 4.000000e+000
      vertex 3.608537e-001 -3.595458e-001 4.000000e+000
    endloop 
  endfacet
  facet normal 0.000000E+000 0.000000E+000 -1.000000E+000
    outer loop 
      vertex 5.000000e-001 1.666667e-001 0.000000e+000
      vertex 3.779213e-001 8.281100e-002 0.000000e+000
      vertex 3.775123e-001 2.188884e-001 0.000000e+000
    endloop 
  endfacet
  facet normal 0.000000E+000 0.000000E+000 -1.000000E+000
    outer loop 
      vertex 5.000000e-001 3.333333e-001 0.000000e+000
      vertex 5.000000e-001 1.666667e-001 0.000000e+000
      vertex 3.775123e-001 2.188884e-001 0.000000e+000
    endloop 
  endfacet
  facet normal -9.995565E-001 -2.966766E-002 2.562736E-003
    outer loop 
      vertex -4.960977e-001 -1.287175e-001 1.551975e+000
      vertex -4.983165e-001 -6.398825e-002 1.435925e+000
      vertex -4.940081e-001 -2.113001e-001 1.410965e+000
    endloop 
  endfacet
  facet normal -9.994799E-001 -3.200681E-002 3.933799E-003
    outer loop 
      vertex -4.960977e-001 -1.287175e-001 1.551975e+000
      vertex -4.940081e-001 -2.113001e-001 1.410965e+000
      vertex -4.917976e-001 -2.666472e-001 1.522289e+000
    endloop 
  endfacet
  facet normal 1.646566E-002 -9.998559E-001 4.134697E-003
    outer loop 
      vertex 2.509278e-001 -4.957910e-001 8.298900e-001
      vertex 9.070352e-002 -4.985880e-001 7.915641e-001
      vertex 1.900873e-001 -4.974766e-001 6.645580e-001
    endloop 
  endfacet
  facet normal 1.299491E-002 -9.999145E-001 1.418284E-003
    outer loop 
      vertex 2.899493e-003 -5.000020e-001 5.991664e-001
      vertex 1.900873e-001 -4.974766e-001 6.645580e-001
      vertex 9.070352e-002 -4.985880e-001 7.915641e-001
    endloop 
  endfacet
  facet normal 1.388818E-002 -9.998850E-001 6.090576E-003
    outer loop 
      vertex 3.605084e-001 -4.948835e-001 7.016535e-001
      vertex 1.900873e-001 -4.974766e-001 6.645580e-001
      vertex 2.825953e-001 -4.969733e-001 5.362412e-001
    endloop 
  endfacet
  facet normal 1.412652E-002 -9.998878E-001 4.995802E-003
    outer loop 
      vertex 3.605084e-001 -4.948835e-001 7.016535e-001
      vertex 2.509278e-001 -4.957910e-001 8.298900e-001
      vertex 1.900873e-001 -4.974766e-001 6.645580e-001
    endloop 
  endfacet
  facet normal 1.066319E-002 -9.999360E-001 3.765371E-003
    outer loop 
      vertex 1.900873e-001 -4.974766e-001 6.645580e-001
      vertex 1.407275e-001 -4.985159e-001 5.283439e-001
      vertex 2.825953e-001 -4.969733e-001 5.362412e-001
    endloop 
  endfacet
  facet normal 1.239421E-002 -9.999183E-001 3.137965E-003
    outer loop 
      vertex 1.407275e-001 -4.985159e-001 5.283439e-001
      vertex 1.900873e-001 -4.974766e-001 6.645580e-001
      vertex 2.899493e-003 -5.000020e-001 5.991664e-001
    endloop 
  endfacet
  facet normal -9.996492E-001 -2.628229E-002 3.280143E-003
    outer loop 
      vertex -4.958186e-001 -1.803336e-001 1.156967e+000
      vertex -4.917699e-001 -3.218453e-001 1.257000e+000
      vertex -4.968522e-001 -1.237508e-001 1.295367e+000
    endloop 
  endfacet
  facet normal -9.996939E-001 -2.378276E-002 6.817929E-003
    outer loop 
      vertex -4.958186e-001 -1.803336e-001 1.156967e+000
      vertex -4.922522e-001 -3.489513e-001 1.091716e+000
      vertex -4.917699e-001 -3.218453e-001 1.257000e+000
    endloop 
  endfacet
  facet normal -9.997634E-001 -2.145037E-002 3.603737E-003
    outer loop 
      vertex -4.981749e-001 -9.012423e-002 1.040232e+000
      vertex -4.955198e-001 -2.143705e-001 1.037273e+000
      vertex -4.958186e-001 -1.803336e-001 1.156967e+000
    endloop 
  endfacet
  facet normal -9.997351E-001 -2.267456E-002 3.951926E-003
    outer loop 
      vertex -4.955198e-001 -2.143705e-001 1.037273e+000
      vertex -4.922522e-001 -3.489513e-001 1.091716e+000
      vertex -4.958186e-001 -1.803336e-001 1.156967e+000
    endloop 
  endfacet
  facet normal -9.997069E-001 -2.416409E-002 1.505506E-003
    outer loop 
      vertex -4.998681e-001 -1.145432e-002 1.178567e+000
      vertex -4.981749e-001 -9.012423e-002 1.040232e+000
      vertex -4.958186e-001 -1.803336e-001 1.156967e+000
    endloop 
  endfacet
  facet normal -9.997020E-001 -2.428654E-002 2.463818E-003
    outer loop 
      vertex -4.998681e-001 -1.145432e-002 1.178567e+000
      vertex -4.958186e-001 -1.803336e-001 1.156967e+000
      vertex -4.968522e-001 -1.237508e-001 1.295367e+000
    endloop 
  endfacet
  facet normal -2.584650E-002 9.996615E-001 2.989855E-003
    outer loop 
      vertex -1.362475e-001 4.963458e-001 1.355486e+000
      vertex -1.741457e-001 4.959554e-001 1.158401e+000
      vertex -3.276212e-001 4.917619e-001 1.233752e+000
    endloop 
  endfacet
  facet normal -2.390821E-002 9.996901E-001 6.939315E-003
    outer loop 
      vertex -1.741457e-001 4.959554e-001 1.158401e+000
      vertex -3.471373e-001 4.924608e-001 1.065833e+000
      vertex -3.276212e-001 4.917619e-001 1.233752e+000
    endloop 
  endfacet
  facet normal -2.201005E-002 9.997509E-001 3.687295E-003
    outer loop 
      vertex -2.006670e-001 4.959714e-001 9.957519e-001
      vertex -1.741457e-001 4.959554e-001 1.158401e+000
      vertex -4.203975e-002 4.991832e-001 1.071804e+000
    endloop 
  endfacet
  facet normal -2.218443E-002 9.997470E-001 3.715728E-003
    outer loop 
      vertex -3.471373e-001 4.924608e-001 1.065833e+000
      vertex -1.741457e-001 4.959554e-001 1.158401e+000
      vertex -2.006670e-001 4.959714e-001 9.957519e-001
    endloop 
  endfacet
  facet normal -2.423818E-002 9.997061E-001 2.865458E-004
    outer loop 
      vertex 3.020093e-004 5.001624e-001 1.237083e+000
      vertex -4.203975e-002 4.991832e-001 1.071804e+000
      vertex -1.741457e-001 4.959554e-001 1.158401e+000
    endloop 
  endfacet
  facet normal -2.541962E-002 9.996727E-001 2.907747E-003
    outer loop 
      vertex -1.362475e-001 4.963458e-001 1.355486e+000
      vertex 3.020093e-004 5.001624e-001 1.237083e+000
      vertex -1.741457e-001 4.959554e-001 1.158401e+000
    endloop 
  endfacet
  facet normal 2.703810E-002 -9.996310E-001 2.607039E-003
    outer loop 
      vertex 2.390632e-001 -4.937670e-001 1.289237e+000
      vertex 8.957419e-002 -4.977250e-001 1.321983e+000
      vertex 1.424522e-001 -4.967038e-001 1.165108e+000
    endloop 
  endfacet
  facet normal 2.475085E-002 -9.996919E-001 1.835683E-003
    outer loop 
      vertex 1.326270e-002 -4.998308e-001 1.204093e+000
      vertex 1.424522e-001 -4.967038e-001 1.165108e+000
      vertex 8.957419e-002 -4.977250e-001 1.321983e+000
    endloop 
  endfacet
  facet normal 2.193703E-002 -9.997551E-001 2.926493E-003
    outer loop 
      vertex 1.837932e-002 -4.997155e-001 1.066305e+000
      vertex 1.621243e-001 -4.968210e-001 9.776233e-001
      vertex 1.424522e-001 -4.967038e-001 1.165108e+000
    endloop 
  endfacet
  facet normal 2.330553E-002 -9.997237E-001 3.070066E-003
    outer loop 
      vertex 2.740661e-001 -4.937751e-001 1.119699e+000
      vertex 1.424522e-001 -4.967038e-001 1.165108e+000
      vertex 1.621243e-001 -4.968210e-001 9.776233e-001
    endloop 
  endfacet
  facet normal 2.421623E-002 -9.997067E-001 6.287668E-005
    outer loop 
      vertex 1.837932e-002 -4.997155e-001 1.066305e+000
      vertex 1.424522e-001 -4.967038e-001 1.165108e+000
      vertex 1.326270e-002 -4.998308e-001 1.204093e+000
    endloop 
  endfacet
  facet normal 2.396975E-002 -9.997002E-001 4.996802E-003
    outer loop 
      vertex 2.740661e-001 -4.937751e-001 1.119699e+000
      vertex 2.390632e-001 -4.937670e-001 1.289237e+000
      vertex 1.424522e-001 -4.967038e-001 1.165108e+000
    endloop 
  endfacet
  facet normal -9.998816E-001 -1.520506E-002 -2.408836E-003
    outer loop 
      vertex -5.018128e-001 9.619921e-002 8.703505e-001
      vertex -5.024436e-001 1.614780e-001 7.201339e-001
      vertex -5.004736e-001 2.624905e-002 7.560286e-001
    endloop 
  endfacet
  facet normal -9.998852E-001 -1.504556E-002 -1.807753E-003
    outer loop 
      vertex -5.011637e-001 8.660404e-002 6.354085e-001
      vertex -5.004736e-001 2.624905e-002 7.560286e-001
      vertex -5.024436e-001 1.614780e-001 7.201339e-001
    endloop 
  endfacet
  facet normal -9.998431E-001 -1.739469E-002 -3.360535E-003
    outer loop 
      vertex -5.018128e-001 9.619921e-002 8.703505e-001
      vertex -5.039093e-001 2.246312e-001 8.293542e-001
      vertex -5.024436e-001 1.614780e-001 7.201339e-001
    endloop 
  endfacet
  facet normal -9.999120E-001 -1.268482E-002 -3.894408E-003
    outer loop 
      vertex -5.011637e-001 8.660404e-002 6.354085e-001
      vertex -5.024436e-001 1.614780e-001 7.201339e-001
      vertex -5.023506e-001 1.975557e-001 5.787482e-001
    endloop 
  endfacet
  facet normal -9.998863E-001 -1.444074E-002 -4.342454E-003
    outer loop 
      vertex -5.047423e-001 3.256495e-001 7.034830e-001
      vertex -5.023506e-001 1.975557e-001 5.787482e-001
      vertex -5.024436e-001 1.614780e-001 7.201339e-001
    endloop 
  endfacet
  facet normal -9.998820E-001 -1.451030E-002 -5.028863E-003
    outer loop 
      vertex -5.024436e-001 1.614780e-001 7.201339e-001
      vertex -5.039093e-001 2.246312e-001 8.293542e-001
      vertex -5.047423e-001 3.256495e-001 7.034830e-001
    endloop 
  endfacet
  facet normal -9.990266E-001 -4.341361E-002 7.815262E-003
    outer loop 
      vertex -4.777713e-001 -5.212892e-001 2.079993e+000
      vertex -4.820496e-001 -3.976376e-001 2.219970e+000
      vertex -4.838723e-001 -3.884320e-001 2.038110e+000
    endloop 
  endfacet
  facet normal -9.989561E-001 -4.502203E-002 7.733139E-003
    outer loop 
      vertex -4.820496e-001 -3.976376e-001 2.219970e+000
      vertex -4.898794e-001 -2.365839e-001 2.146175e+000
      vertex -4.838723e-001 -3.884320e-001 2.038110e+000
    endloop 
  endfacet
  facet normal -9.991551E-001 -4.032592E-002 7.931942E-003
    outer loop 
      vertex -4.795128e-001 -5.196795e-001 1.920007e+000
      vertex -4.838723e-001 -3.884320e-001 2.038110e+000
      vertex -4.852516e-001 -3.885056e-001 1.863994e+000
    endloop 
  endfacet
  facet normal -9.991273E-001 -4.101032E-002 7.932011E-003
    outer loop 
      vertex -4.838723e-001 -3.884320e-001 2.038110e+000
      vertex -4.901749e-001 -2.504824e-001 1.957461e+000
      vertex -4.852516e-001 -3.885056e-001 1.863994e+000
    endloop 
  endfacet
  facet normal -9.990382E-001 -4.258468E-002 1.044641E-002
    outer loop 
      vertex -4.795128e-001 -5.196795e-001 1.920007e+000
      vertex -4.777713e-001 -5.212892e-001 2.079993e+000
      vertex -4.838723e-001 -3.884320e-001 2.038110e+000
    endloop 
  endfacet
  facet normal -9.990689E-001 -4.288398E-002 4.722555E-003
    outer loop 
      vertex -4.898794e-001 -2.365839e-001 2.146175e+000
      vertex -4.901749e-001 -2.504824e-001 1.957461e+000
      vertex -4.838723e-001 -3.884320e-001 2.038110e+000
    endloop 
  endfacet
  facet normal -2.826316E-003 9.999742E-001 6.601884E-003
    outer loop 
      vertex -3.322501e-001 4.994065e-001 1.032541e-001
      vertex -3.385799e-001 4.984137e-001 2.509269e-001
      vertex -1.438115e-001 4.995351e-001 1.644477e-001
    endloop 
  endfacet
  facet normal -1.388519E-003 9.999768E-001 6.663531E-003
    outer loop 
      vertex -3.322501e-001 4.994065e-001 1.032541e-001
      vertex -5.012153e-001 4.987934e-001 1.600554e-001
      vertex -3.385799e-001 4.984137e-001 2.509269e-001
    endloop 
  endfacet
  facet normal -5.885039E-003 9.999545E-001 7.513455E-003
    outer loop 
      vertex -3.565913e-001 4.970832e-001 4.138888e-001
      vertex -3.385799e-001 4.984137e-001 2.509269e-001
      vertex -5.030500e-001 4.969266e-001 3.200197e-001
    endloop 
  endfacet
  facet normal -6.834894E-003 9.999492E-001 7.408428E-003
    outer loop 
      vertex -3.385799e-001 4.984137e-001 2.509269e-001
      vertex -3.565913e-001 4.970832e-001 4.138888e-001
      vertex -1.913089e-001 4.986877e-001 3.498093e-001
    endloop 
  endfacet
  facet normal -4.206462E-003 9.999851E-001 3.493661E-003
    outer loop 
      vertex -3.385799e-001 4.984137e-001 2.509269e-001
      vertex -1.913089e-001 4.986877e-001 3.498093e-001
      vertex -1.438115e-001 4.995351e-001 1.644477e-001
    endloop 
  endfacet
  facet normal -4.158948E-003 9.999238E-001 1.162163E-002
    outer loop 
      vertex -3.385799e-001 4.984137e-001 2.509269e-001
      vertex -5.012153e-001 4.987934e-001 1.600554e-001
      vertex -5.030500e-001 4.969266e-001 3.200197e-001
    endloop 
  endfacet
  facet normal 2.577782E-003 -9.999791E-001 5.929829E-003
    outer loop 
      vertex 3.285408e-001 -4.993464e-001 1.076767e-001
      vertex 3.044547e-001 -4.984928e-001 2.620942e-001
      vertex 1.371970e-001 -4.995969e-001 1.486154e-001
    endloop 
  endfacet
  facet normal 1.585669E-003 -9.999821E-001 5.775095E-003
    outer loop 
      vertex 3.285408e-001 -4.993464e-001 1.076767e-001
      vertex 5.011980e-001 -4.987704e-001 1.600052e-001
      vertex 3.044547e-001 -4.984928e-001 2.620942e-001
    endloop 
  endfacet
  facet normal 7.949927E-003 -9.999469E-001 6.556667E-003
    outer loop 
      vertex 3.657343e-001 -4.970345e-001 4.102031e-001
      vertex 1.979295e-001 -4.984111e-001 4.037273e-001
      vertex 3.044547e-001 -4.984928e-001 2.620942e-001
    endloop 
  endfacet
  facet normal 5.206425E-003 -9.999763E-001 4.493238E-003
    outer loop 
      vertex 3.044547e-001 -4.984928e-001 2.620942e-001
      vertex 1.979295e-001 -4.984111e-001 4.037273e-001
      vertex 1.199470e-001 -4.993130e-001 2.933600e-001
    endloop 
  endfacet
  facet normal 5.669727E-003 -9.999558E-001 7.500180E-003
    outer loop 
      vertex 5.030437e-001 -4.969325e-001 3.199976e-001
      vertex 3.657343e-001 -4.970345e-001 4.102031e-001
      vertex 3.044547e-001 -4.984928e-001 2.620942e-001
    endloop 
  endfacet
  facet normal 4.875923E-003 -9.999849E-001 2.542632E-003
    outer loop 
      vertex 1.199470e-001 -4.993130e-001 2.933600e-001
      vertex 1.371970e-001 -4.995969e-001 1.486154e-001
      vertex 3.044547e-001 -4.984928e-001 2.620942e-001
    endloop 
  endfacet
  facet normal 4.522352E-003 -9.999244E-001 1.143444E-002
    outer loop 
      vertex 5.030437e-001 -4.969325e-001 3.199976e-001
      vertex 3.044547e-001 -4.984928e-001 2.620942e-001
      vertex 5.011980e-001 -4.987704e-001 1.600052e-001
    endloop 
  endfacet
  facet normal -8.209549E-002 9.965878E-001 -8.543673E-003
    outer loop 
      vertex 4.577073e-001 5.389511e-001 3.839978e+000
      vertex 3.462101e-001 5.289069e-001 3.739725e+000
      vertex 2.801823e-001 5.246434e-001 3.876857e+000
    endloop 
  endfacet
  facet normal -7.854652E-002 9.968871E-001 -6.825568E-003
    outer loop 
      vertex 3.462101e-001 5.289069e-001 3.739725e+000
      vertex 1.824724e-001 5.158278e-001 3.713748e+000
      vertex 2.801823e-001 5.246434e-001 3.876857e+000
    endloop 
  endfacet
  facet normal -7.723761E-002 9.969813E-001 -7.919922E-003
    outer loop 
      vertex 3.462101e-001 5.289069e-001 3.739725e+000
      vertex 4.597297e-001 5.372269e-001 3.679994e+000
      vertex 3.029269e-001 5.242606e-001 3.576948e+000
    endloop 
  endfacet
  facet normal -7.842366E-002 9.968911E-001 -7.601976E-003
    outer loop 
      vertex 1.824724e-001 5.158278e-001 3.713748e+000
      vertex 3.462101e-001 5.289069e-001 3.739725e+000
      vertex 3.029269e-001 5.242606e-001 3.576948e+000
    endloop 
  endfacet
  facet normal -7.923563E-002 9.967868E-001 -1.174423E-002
    outer loop 
      vertex 4.577073e-001 5.389511e-001 3.839978e+000
      vertex 4.597297e-001 5.372269e-001 3.679994e+000
      vertex 3.462101e-001 5.289069e-001 3.739725e+000
    endloop 
  endfacet
  facet normal 7.642262E-002 -9.970593E-001 5.695624E-003
    outer loop 
      vertex 2.886525e-001 -4.796257e-001 3.580860e+000
      vertex 4.157275e-001 -4.695734e-001 3.635511e+000
      vertex 3.125091e-001 -4.769846e-001 3.723087e+000
    endloop 
  endfacet
  facet normal 7.515135E-002 -9.971613E-001 4.650122E-003
    outer loop 
      vertex 2.886525e-001 -4.796257e-001 3.580860e+000
      vertex 1.465116e-001 -4.903914e-001 3.569443e+000
      vertex 2.514665e-001 -4.832574e-001 3.403041e+000
    endloop 
  endfacet
  facet normal -9.974797E-001 -7.053734E-002 7.657538E-003
    outer loop 
      vertex -4.723369e-001 -3.982206e-001 3.456752e+000
      vertex -4.738908e-001 -3.937800e-001 3.295240e+000
      vertex -4.634745e-001 -5.340486e-001 3.359996e+000
    endloop 
  endfacet
  facet normal -9.974446E-001 -7.103381E-002 7.643551E-003
    outer loop 
      vertex -4.738908e-001 -3.937800e-001 3.295240e+000
      vertex -4.723369e-001 -3.982206e-001 3.456752e+000
      vertex -4.825081e-001 -2.636149e-001 3.380396e+000
    endloop 
  endfacet
  facet normal -9.973425E-001 -7.270559E-002 4.682804E-003
    outer loop 
      vertex -4.825081e-001 -2.636149e-001 3.380396e+000
      vertex -4.723369e-001 -3.982206e-001 3.456752e+000
      vertex -4.822862e-001 -2.550042e-001 3.561329e+000
    endloop 
  endfacet
  facet normal -9.972960E-001 -7.270358E-002 1.071538E-002
    outer loop 
      vertex -4.616397e-001 -5.356351e-001 3.520004e+000
      vertex -4.723369e-001 -3.982206e-001 3.456752e+000
      vertex -4.634745e-001 -5.340486e-001 3.359996e+000
    endloop 
  endfacet
  facet normal 6.159902E-002 -9.980915E-001 -4.359999E-003
    outer loop 
      vertex -1.708174e-001 -5.111529e-001 2.852737e+000
      vertex -1.806135e-001 -5.124478e-001 3.010768e+000
      vertex -3.193675e-001 -5.207063e-001 2.940962e+000
    endloop 
  endfacet
  facet normal 6.316321E-002 -9.979752E-001 -7.482913E-003
    outer loop 
      vertex -3.193675e-001 -5.207063e-001 2.940962e+000
      vertex -1.806135e-001 -5.124478e-001 3.010768e+000
      vertex -3.208011e-001 -5.220582e-001 3.109167e+000
    endloop 
  endfacet
  facet normal 5.987104E-002 -9.981796E-001 -7.279056E-003
    outer loop 
      vertex -3.212433e-001 -5.196791e-001 2.784678e+000
      vertex -1.708174e-001 -5.111529e-001 2.852737e+000
      vertex -3.193675e-001 -5.207063e-001 2.940962e+000
    endloop 
  endfacet
  facet normal 6.032533E-002 -9.981521E-001 -7.284328E-003
    outer loop 
      vertex -3.212433e-001 -5.196791e-001 2.784678e+000
      vertex -3.193675e-001 -5.207063e-001 2.940962e+000
      vertex -4.688920e-001 -5.292984e-001 2.880028e+000
    endloop 
  endfacet
  facet normal 6.381567E-002 -9.979337E-001 -7.477019E-003
    outer loop 
      vertex -3.193675e-001 -5.207063e-001 2.940962e+000
      vertex -3.208011e-001 -5.220582e-001 3.109167e+000
      vertex -4.670765e-001 -5.308942e-001 3.040021e+000
    endloop 
  endfacet
  facet normal 6.169211E-002 -9.980384E-001 -1.065428E-002
    outer loop 
      vertex -3.193675e-001 -5.207063e-001 2.940962e+000
      vertex -4.670765e-001 -5.308942e-001 3.040021e+000
      vertex -4.688920e-001 -5.292984e-001 2.880028e+000
    endloop 
  endfacet
  facet normal -9.320132E-003 9.999270E-001 7.686042E-003
    outer loop 
      vertex -5.047466e-001 4.951941e-001 4.800053e-001
      vertex -3.709287e-001 4.956652e-001 5.809870e-001
      vertex -3.565913e-001 4.970832e-001 4.138888e-001
    endloop 
  endfacet
  facet normal -1.384176E-002 9.998744E-001 7.722927E-003
    outer loop 
      vertex -3.665501e-001 4.944777e-001 7.425788e-001
      vertex -2.380351e-001 4.967574e-001 6.777591e-001
      vertex -3.709287e-001 4.956652e-001 5.809870e-001
    endloop 
  endfacet
  facet normal -1.312043E-002 9.998843E-001 7.703454E-003
    outer loop 
      vertex -5.064757e-001 4.934319e-001 6.399961e-001
      vertex -3.665501e-001 4.944777e-001 7.425788e-001
      vertex -3.709287e-001 4.956652e-001 5.809870e-001
    endloop 
  endfacet
  facet normal -1.173472E-002 9.998719E-001 1.088604E-002
    outer loop 
      vertex -5.064757e-001 4.934319e-001 6.399961e-001
      vertex -3.709287e-001 4.956652e-001 5.809870e-001
      vertex -5.047466e-001 4.951941e-001 4.800053e-001
    endloop 
  endfacet
  facet normal 9.280278E-003 -9.999227E-001 8.273187E-003
    outer loop 
      vertex 3.657343e-001 -4.970345e-001 4.102031e-001
      vertex 5.047691e-001 -4.951665e-001 4.800097e-001
      vertex 4.120041e-001 -4.954710e-001 5.472726e-001
    endloop 
  endfacet
  facet normal 1.095078E-002 -9.999103E-001 7.709144E-003
    outer loop 
      vertex 3.657343e-001 -4.970345e-001 4.102031e-001
      vertex 4.120041e-001 -4.954710e-001 5.472726e-001
      vertex 2.825953e-001 -4.969733e-001 5.362412e-001
    endloop 
  endfacet
  facet normal 1.349964E-002 -9.998744E-001 8.307782E-003
    outer loop 
      vertex 3.605084e-001 -4.948835e-001 7.016535e-001
      vertex 4.120041e-001 -4.954710e-001 5.472726e-001
      vertex 5.064687e-001 -4.934252e-001 6.399912e-001
    endloop 
  endfacet
  facet normal 1.097164E-002 -9.999120E-001 7.464678E-003
    outer loop 
      vertex 4.120041e-001 -4.954710e-001 5.472726e-001
      vertex 3.605084e-001 -4.948835e-001 7.016535e-001
      vertex 2.825953e-001 -4.969733e-001 5.362412e-001
    endloop 
  endfacet
  facet normal 1.108737E-002 -9.998806E-001 1.076561E-002
    outer loop 
      vertex 4.120041e-001 -4.954710e-001 5.472726e-001
      vertex 5.047691e-001 -4.951665e-001 4.800097e-001
      vertex 5.064687e-001 -4.934252e-001 6.399912e-001
    endloop 
  endfacet
  facet normal 9.998716E-001 1.602076E-002 -4.769273E-004
    outer loop 
      vertex 5.002000e-001 -6.438111e-003 8.973390e-001
      vertex 5.019389e-001 -1.186510e-001 7.735167e-001
      vertex 4.989304e-001 6.954551e-002 7.879105e-001
    endloop 
  endfacet
  facet normal 9.998211E-001 1.869378E-002 -2.900040E-003
    outer loop 
      vertex 5.002000e-001 -6.438111e-003 8.973390e-001
      vertex 5.029963e-001 -1.424257e-001 9.848101e-001
      vertex 5.019389e-001 -1.186510e-001 7.735167e-001
    endloop 
  endfacet
  facet normal 9.998727E-001 1.594844E-002 4.688950E-004
    outer loop 
      vertex 4.997096e-001 2.522445e-002 6.338025e-001
      vertex 4.989304e-001 6.954551e-002 7.879105e-001
      vertex 5.019389e-001 -1.186510e-001 7.735167e-001
    endloop 
  endfacet
  facet normal 9.998523E-001 1.589772E-002 -6.532966E-003
    outer loop 
      vertex 5.055250e-001 -3.006444e-001 8.794786e-001
      vertex 5.041488e-001 -2.984261e-001 6.742514e-001
      vertex 5.019389e-001 -1.186510e-001 7.735167e-001
    endloop 
  endfacet
  facet normal 9.998342E-001 1.796476E-002 -2.982136E-003
    outer loop 
      vertex 5.055250e-001 -3.006444e-001 8.794786e-001
      vertex 5.019389e-001 -1.186510e-001 7.735167e-001
      vertex 5.029963e-001 -1.424257e-001 9.848101e-001
    endloop 
  endfacet
  facet normal -6.897960E-002 9.976174E-001 -1.199888E-003
    outer loop 
      vertex 1.879543e-002 5.023283e-001 3.144790e+000
      vertex -6.793144e-002 4.964921e-001 3.278221e+000
      vertex 8.319933e-002 5.069539e-001 3.288123e+000
    endloop 
  endfacet
  facet normal -6.633127E-002 9.977948E-001 -2.395586E-003
    outer loop 
      vertex 1.830848e-001 5.133098e-001 3.169710e+000
      vertex 1.879543e-002 5.023283e-001 3.144790e+000
      vertex 8.319933e-002 5.069539e-001 3.288123e+000
    endloop 
  endfacet
  facet normal -6.898030E-002 9.976173E-001 -1.189042E-003
    outer loop 
      vertex -6.793144e-002 4.964921e-001 3.278221e+000
      vertex 2.474887e-002 5.030560e-001 3.408651e+000
      vertex 8.319933e-002 5.069539e-001 3.288123e+000
    endloop 
  endfacet
  facet normal -6.914094E-002 9.975969E-001 -4.488749E-003
    outer loop 
      vertex 2.131709e-001 5.160506e-001 3.307845e+000
      vertex 8.319933e-002 5.069539e-001 3.288123e+000
      vertex 1.774750e-001 5.141215e-001 3.428943e+000
    endloop 
  endfacet
  facet normal -6.910237E-002 9.975983E-001 -4.743645E-003
    outer loop 
      vertex 8.319933e-002 5.069539e-001 3.288123e+000
      vertex 2.131709e-001 5.160506e-001 3.307845e+000
      vertex 1.830848e-001 5.133098e-001 3.169710e+000
    endloop 
  endfacet
  facet normal -7.191750E-002 9.974071E-001 -2.620245E-003
    outer loop 
      vertex 2.474887e-002 5.030560e-001 3.408651e+000
      vertex 1.774750e-001 5.141215e-001 3.428943e+000
      vertex 8.319933e-002 5.069539e-001 3.288123e+000
    endloop 
  endfacet
  facet normal -9.997892E-001 -2.042771E-002 -2.017123E-003
    outer loop 
      vertex -5.013070e-001 5.573567e-002 1.029458e+000
      vertex -5.042676e-001 2.054636e-001 9.805763e-001
      vertex -5.018128e-001 9.619921e-002 8.703505e-001
    endloop 
  endfacet
  facet normal -9.998309E-001 -1.779805E-002 -4.624777E-003
    outer loop 
      vertex -5.039093e-001 2.246312e-001 8.293542e-001
      vertex -5.018128e-001 9.619921e-002 8.703505e-001
      vertex -5.042676e-001 2.054636e-001 9.805763e-001
    endloop 
  endfacet
  facet normal -9.997694E-001 -2.108993E-002 -4.046765E-003
    outer loop 
      vertex -5.013070e-001 5.573567e-002 1.029458e+000
      vertex -5.044079e-001 1.731633e-001 1.183560e+000
      vertex -5.042676e-001 2.054636e-001 9.805763e-001
    endloop 
  endfacet
  facet normal -9.997438E-001 -2.223794E-002 -4.229426E-003
    outer loop 
      vertex -5.044079e-001 1.731633e-001 1.183560e+000
      vertex -5.076131e-001 3.399830e-001 1.064086e+000
      vertex -5.042676e-001 2.054636e-001 9.805763e-001
    endloop 
  endfacet
  facet normal -9.997676E-001 -2.021520E-002 -7.488657E-003
    outer loop 
      vertex -5.076131e-001 3.399830e-001 1.064086e+000
      vertex -5.063912e-001 3.460900e-001 8.844723e-001
      vertex -5.042676e-001 2.054636e-001 9.805763e-001
    endloop 
  endfacet
  facet normal -9.998215E-001 -1.830253E-002 -4.688698E-003
    outer loop 
      vertex -5.063912e-001 3.460900e-001 8.844723e-001
      vertex -5.039093e-001 2.246312e-001 8.293542e-001
      vertex -5.042676e-001 2.054636e-001 9.805763e-001
    endloop 
  endfacet
  facet normal -9.998754E-001 -1.577744E-002 4.354041E-004
    outer loop 
      vertex -5.004736e-001 2.624905e-002 7.560286e-001
      vertex -4.981698e-001 -1.191676e-001 7.771336e-001
      vertex -4.994600e-001 -3.402508e-002 8.996623e-001
    endloop 
  endfacet
  facet normal -9.998758E-001 -1.574885E-002 6.324681E-004
    outer loop 
      vertex -4.996194e-001 -3.266959e-002 6.394172e-001
      vertex -4.981698e-001 -1.191676e-001 7.771336e-001
      vertex -5.004736e-001 2.624905e-002 7.560286e-001
    endloop 
  endfacet
  facet normal -9.998343E-001 -1.819446E-002 -5.791570E-004
    outer loop 
      vertex -5.018128e-001 9.619921e-002 8.703505e-001
      vertex -5.004736e-001 2.624905e-002 7.560286e-001
      vertex -4.994600e-001 -3.402508e-002 8.996623e-001
    endloop 
  endfacet
  facet normal -9.999155E-001 -1.297281E-002 -7.704332E-004
    outer loop 
      vertex -5.004736e-001 2.624905e-002 7.560286e-001
      vertex -5.011637e-001 8.660404e-002 6.354085e-001
      vertex -4.996194e-001 -3.266959e-002 6.394172e-001
    endloop 
  endfacet
  facet normal -9.977037E-001 -6.728300E-002 7.773210E-003
    outer loop 
      vertex -4.749104e-001 -3.953974e-001 3.150374e+000
      vertex -4.738908e-001 -3.937800e-001 3.295240e+000
      vertex -4.838910e-001 -2.558775e-001 3.205345e+000
    endloop 
  endfacet
  facet normal -9.977047E-001 -6.726658E-002 7.773034E-003
    outer loop 
      vertex -4.738908e-001 -3.937800e-001 3.295240e+000
      vertex -4.749104e-001 -3.953974e-001 3.150374e+000
      vertex -4.652821e-001 -5.324726e-001 3.199987e+000
    endloop 
  endfacet
  facet normal -9.975913E-001 -6.919815E-002 4.822791E-003
    outer loop 
      vertex -4.838910e-001 -2.558775e-001 3.205345e+000
      vertex -4.738908e-001 -3.937800e-001 3.295240e+000
      vertex -4.825081e-001 -2.636149e-001 3.380396e+000
    endloop 
  endfacet
  facet normal -9.975473E-001 -6.918974E-002 1.058747E-002
    outer loop 
      vertex -4.634745e-001 -5.340486e-001 3.359996e+000
      vertex -4.738908e-001 -3.937800e-001 3.295240e+000
      vertex -4.652821e-001 -5.324726e-001 3.199987e+000
    endloop 
  endfacet
  facet normal 1.596710E-002 -9.998721E-001 -8.767254E-004
    outer loop 
      vertex -8.028317e-002 -5.012730e-001 7.396039e-001
      vertex 9.070352e-002 -4.985880e-001 7.915641e-001
      vertex -2.006041e-002 -5.004585e-001 9.075577e-001
    endloop 
  endfacet
  facet normal 1.563615E-002 -9.998778E-001 2.126373E-004
    outer loop 
      vertex -8.028317e-002 -5.012730e-001 7.396039e-001
      vertex 2.899493e-003 -5.000020e-001 5.991664e-001
      vertex 9.070352e-002 -4.985880e-001 7.915641e-001
    endloop 
  endfacet
  facet normal 1.913573E-002 -9.998146E-001 2.149975E-003
    outer loop 
      vertex -2.006041e-002 -5.004585e-001 9.075577e-001
      vertex 9.070352e-002 -4.985880e-001 7.915641e-001
      vertex 1.621243e-001 -4.968210e-001 9.776233e-001
    endloop 
  endfacet
  facet normal 1.671834E-002 -9.998555E-001 3.078305E-003
    outer loop 
      vertex 2.509278e-001 -4.957910e-001 8.298900e-001
      vertex 1.621243e-001 -4.968210e-001 9.776233e-001
      vertex 9.070352e-002 -4.985880e-001 7.915641e-001
    endloop 
  endfacet
  facet normal -2.823834E-002 9.995785E-001 6.753122E-003
    outer loop 
      vertex -3.276212e-001 4.917619e-001 1.233752e+000
      vertex -3.476055e-001 4.901260e-001 1.392335e+000
      vertex -1.362475e-001 4.963458e-001 1.355486e+000
    endloop 
  endfacet
  facet normal -2.645956E-002 9.996256E-001 6.977765E-003
    outer loop 
      vertex -3.476055e-001 4.901260e-001 1.392335e+000
      vertex -3.276212e-001 4.917619e-001 1.233752e+000
      vertex -5.131139e-001 4.865291e-001 1.280013e+000
    endloop 
  endfacet
  facet normal -2.555718E-002 9.996172E-001 1.059514E-002
    outer loop 
      vertex -3.276212e-001 4.917619e-001 1.233752e+000
      vertex -5.114607e-001 4.882673e-001 1.120005e+000
      vertex -5.131139e-001 4.865291e-001 1.280013e+000
    endloop 
  endfacet
  facet normal -2.324958E-002 9.997061E-001 6.862835E-003
    outer loop 
      vertex -3.471373e-001 4.924608e-001 1.065833e+000
      vertex -5.114607e-001 4.882673e-001 1.120005e+000
      vertex -3.276212e-001 4.917619e-001 1.233752e+000
    endloop 
  endfacet
  facet normal -9.995492E-001 -2.931126E-002 6.514132E-003
    outer loop 
      vertex -4.893381e-001 -3.711042e-001 1.408492e+000
      vertex -4.940081e-001 -2.113001e-001 1.410965e+000
      vertex -4.917699e-001 -3.218453e-001 1.257000e+000
    endloop 
  endfacet
  facet normal -9.996216E-001 -2.648455E-002 7.434421E-003
    outer loop 
      vertex -4.865312e-001 -5.131073e-001 1.280025e+000
      vertex -4.893381e-001 -3.711042e-001 1.408492e+000
      vertex -4.917699e-001 -3.218453e-001 1.257000e+000
    endloop 
  endfacet
  facet normal -9.996381E-001 -2.651996E-002 4.508727E-003
    outer loop 
      vertex -4.968522e-001 -1.237508e-001 1.295367e+000
      vertex -4.917699e-001 -3.218453e-001 1.257000e+000
      vertex -4.940081e-001 -2.113001e-001 1.410965e+000
    endloop 
  endfacet
  facet normal -9.996030E-001 -2.610269E-002 1.060204E-002
    outer loop 
      vertex -4.917699e-001 -3.218453e-001 1.257000e+000
      vertex -4.882719e-001 -5.114499e-001 1.119983e+000
      vertex -4.865312e-001 -5.131073e-001 1.280025e+000
    endloop 
  endfacet
  facet normal -9.997054E-001 -2.331457E-002 6.741181E-003
    outer loop 
      vertex -4.922522e-001 -3.489513e-001 1.091716e+000
      vertex -4.882719e-001 -5.114499e-001 1.119983e+000
      vertex -4.917699e-001 -3.218453e-001 1.257000e+000
    endloop 
  endfacet
  facet normal 9.981374E-001 6.050180E-002 -7.831411E-003
    outer loop 
      vertex 5.209531e-001 -3.441226e-001 2.780838e+000
      vertex 5.222218e-001 -3.431492e-001 2.950055e+000
      vertex 5.292921e-001 -4.688588e-001 2.880013e+000
    endloop 
  endfacet
  facet normal 9.981771E-001 5.984453E-002 -7.827929E-003
    outer loop 
      vertex 5.222218e-001 -3.431492e-001 2.950055e+000
      vertex 5.209531e-001 -3.441226e-001 2.780838e+000
      vertex 5.138286e-001 -2.162196e-001 2.850171e+000
    endloop 
  endfacet
  facet normal 9.979585E-001 6.337067E-002 -7.927266E-003
    outer loop 
      vertex 5.222218e-001 -3.431492e-001 2.950055e+000
      vertex 5.140682e-001 -2.058191e-001 3.021420e+000
      vertex 5.231215e-001 -3.358379e-001 3.121761e+000
    endloop 
  endfacet
  facet normal 9.980667E-001 6.193811E-002 -5.158204E-003
    outer loop 
      vertex 5.138286e-001 -2.162196e-001 2.850171e+000
      vertex 5.140682e-001 -2.058191e-001 3.021420e+000
      vertex 5.222218e-001 -3.431492e-001 2.950055e+000
    endloop 
  endfacet
  facet normal 9.979313E-001 6.379755E-002 -7.945299E-003
    outer loop 
      vertex 5.231215e-001 -3.358379e-001 3.121761e+000
      vertex 5.308608e-001 -4.670806e-001 3.039994e+000
      vertex 5.222218e-001 -3.431492e-001 2.950055e+000
    endloop 
  endfacet
  facet normal 9.980232E-001 6.196823E-002 -1.047486E-002
    outer loop 
      vertex 5.222218e-001 -3.431492e-001 2.950055e+000
      vertex 5.308608e-001 -4.670806e-001 3.039994e+000
      vertex 5.292921e-001 -4.688588e-001 2.880013e+000
    endloop 
  endfacet
  facet normal 6.155062E-002 -9.980944E-001 -4.363024E-003
    outer loop 
      vertex -1.708174e-001 -5.111529e-001 2.852737e+000
      vertex -5.119360e-002 -5.041015e-001 2.927229e+000
      vertex -1.806135e-001 -5.124478e-001 3.010768e+000
    endloop 
  endfacet
  facet normal 6.332444E-002 -9.979917E-001 -1.604724E-003
    outer loop 
      vertex -3.750809e-002 -5.034545e-001 3.064896e+000
      vertex -1.806135e-001 -5.124478e-001 3.010768e+000
      vertex -5.119360e-002 -5.041015e-001 2.927229e+000
    endloop 
  endfacet
  facet normal 6.529905E-002 -9.978559E-001 -4.428365E-003
    outer loop 
      vertex -1.724685e-001 -5.126215e-001 3.170022e+000
      vertex -3.208011e-001 -5.220582e-001 3.109167e+000
      vertex -1.806135e-001 -5.124478e-001 3.010768e+000
    endloop 
  endfacet
  facet normal 6.436979E-002 -9.979165E-001 -4.380905E-003
    outer loop 
      vertex -3.750809e-002 -5.034545e-001 3.064896e+000
      vertex -1.724685e-001 -5.126215e-001 3.170022e+000
      vertex -1.806135e-001 -5.124478e-001 3.010768e+000
    endloop 
  endfacet
  facet normal 5.962076E-002 -9.982203E-001 -1.252019E-003
    outer loop 
      vertex -1.708174e-001 -5.111529e-001 2.852737e+000
      vertex 5.583579e-003 -5.005364e-001 2.788502e+000
      vertex -5.119360e-002 -5.041015e-001 2.927229e+000
    endloop 
  endfacet
  facet normal 6.188386E-002 -9.980823E-001 -1.461090E-003
    outer loop 
      vertex -3.750809e-002 -5.034545e-001 3.064896e+000
      vertex -5.119360e-002 -5.041015e-001 2.927229e+000
      vertex 8.304250e-002 -4.958121e-001 2.950169e+000
    endloop 
  endfacet
  facet normal 6.170271E-002 -9.980945E-001 -3.967008E-004
    outer loop 
      vertex 8.304250e-002 -4.958121e-001 2.950169e+000
      vertex -5.119360e-002 -5.041015e-001 2.927229e+000
      vertex 5.583579e-003 -5.005364e-001 2.788502e+000
    endloop 
  endfacet
  facet normal 9.995551E-001 2.949874E-002 -4.408599E-003
    outer loop 
      vertex 5.070856e-001 -2.023001e-001 1.613887e+000
      vertex 5.089797e-001 -2.932933e-001 1.434499e+000
      vertex 5.031986e-001 -1.026332e-001 1.399497e+000
    endloop 
  endfacet
  facet normal 9.995556E-001 2.929554E-002 -5.515580E-003
    outer loop 
      vertex 5.031986e-001 -1.026332e-001 1.399497e+000
      vertex 5.089797e-001 -2.932933e-001 1.434499e+000
      vertex 5.065107e-001 -2.391320e-001 1.274730e+000
    endloop 
  endfacet
  facet normal 9.996408E-001 2.667208E-002 -2.643187E-003
    outer loop 
      vertex 5.030705e-001 -1.199379e-001 1.176435e+000
      vertex 5.031986e-001 -1.026332e-001 1.399497e+000
      vertex 5.065107e-001 -2.391320e-001 1.274730e+000
    endloop 
  endfacet
  facet normal 9.996633E-001 2.582112E-002 -2.577185E-003
    outer loop 
      vertex 5.030705e-001 -1.199379e-001 1.176435e+000
      vertex 4.990543e-001 4.269144e-002 1.247998e+000
      vertex 5.031986e-001 -1.026332e-001 1.399497e+000
    endloop 
  endfacet
  facet normal 9.995636E-001 2.953390E-002 -7.339971E-004
    outer loop 
      vertex 5.031986e-001 -1.026332e-001 1.399497e+000
      vertex 4.974803e-001 9.162913e-002 1.428789e+000
      vertex 5.006954e-001 -1.306055e-002 1.594738e+000
    endloop 
  endfacet
  facet normal 9.995701E-001 2.930739E-002 7.695465E-004
    outer loop 
      vertex 4.974803e-001 9.162913e-002 1.428789e+000
      vertex 5.031986e-001 -1.026332e-001 1.399497e+000
      vertex 4.990543e-001 4.269144e-002 1.247998e+000
    endloop 
  endfacet
  facet normal 9.994358E-001 3.349037E-002 -2.550784E-003
    outer loop 
      vertex 5.070856e-001 -2.023001e-001 1.613887e+000
      vertex 5.031986e-001 -1.026332e-001 1.399497e+000
      vertex 5.006954e-001 -1.306055e-002 1.594738e+000
    endloop 
  endfacet
  facet normal 3.078161E-002 -9.995221E-001 2.831193E-003
    outer loop 
      vertex 1.740580e-002 -4.997006e-001 1.488238e+000
      vertex 1.843655e-001 -4.946601e-001 1.452471e+000
      vertex 1.434704e-001 -4.954156e-001 1.630389e+000
    endloop 
  endfacet
  facet normal 3.405823E-002 -9.994198E-001 -7.770527E-005
    outer loop 
      vertex 1.740580e-002 -4.997006e-001 1.488238e+000
      vertex 1.434704e-001 -4.954156e-001 1.630389e+000
      vertex 3.385864e-003 -5.001937e-001 1.685130e+000
    endloop 
  endfacet
  facet normal 3.327296E-002 -9.994405E-001 3.404185E-003
    outer loop 
      vertex 2.866707e-001 -4.908077e-001 1.583576e+000
      vertex 1.434704e-001 -4.954156e-001 1.630389e+000
      vertex 1.843655e-001 -4.946601e-001 1.452471e+000
    endloop 
  endfacet
  facet normal 3.749828E-002 -9.992933E-001 2.609306E-003
    outer loop 
      vertex 1.434704e-001 -4.954156e-001 1.630389e+000
      vertex 2.649568e-001 -4.904349e-001 1.791977e+000
      vertex 1.118951e-001 -4.961064e-001 1.819604e+000
    endloop 
  endfacet
  facet normal 3.494018E-002 -9.993870E-001 2.182083E-003
    outer loop 
      vertex 3.385864e-003 -5.001937e-001 1.685130e+000
      vertex 1.434704e-001 -4.954156e-001 1.630389e+000
      vertex 1.118951e-001 -4.961064e-001 1.819604e+000
    endloop 
  endfacet
  facet normal 3.389817E-002 -9.994111E-001 5.319604E-003
    outer loop 
      vertex 1.434704e-001 -4.954156e-001 1.630389e+000
      vertex 2.866707e-001 -4.908077e-001 1.583576e+000
      vertex 2.649568e-001 -4.904349e-001 1.791977e+000
    endloop 
  endfacet
  facet normal -3.581182E-002 9.993575E-001 1.476894E-003
    outer loop 
      vertex 4.204942e-002 5.018380e-001 1.730253e+000
      vertex -1.404515e-001 4.953734e-001 1.679307e+000
      vertex -7.510827e-002 4.974629e-001 1.849888e+000
    endloop 
  endfacet
  facet normal -3.766810E-002 9.992879E-001 2.188818E-003
    outer loop 
      vertex -1.404515e-001 4.953734e-001 1.679307e+000
      vertex -2.536221e-001 4.908738e-001 1.785965e+000
      vertex -7.510827e-002 4.974629e-001 1.849888e+000
    endloop 
  endfacet
  facet normal 4.710041E-002 -9.988612E-001 -7.602235E-003
    outer loop 
      vertex -4.759972e-001 -5.229102e-001 2.239996e+000
      vertex -3.462358e-001 -5.159523e-001 2.129746e+000
      vertex -3.213601e-001 -5.160872e-001 2.301588e+000
    endloop 
  endfacet
  facet normal 4.505397E-002 -9.989578E-001 -7.306071E-003
    outer loop 
      vertex -3.462358e-001 -5.159523e-001 2.129746e+000
      vertex -1.983096e-001 -5.094764e-001 2.156502e+000
      vertex -3.213601e-001 -5.160872e-001 2.301588e+000
    endloop 
  endfacet
  facet normal 4.849681E-002 -9.988009E-001 -6.690120E-003
    outer loop 
      vertex -1.532954e-001 -5.080654e-001 2.322273e+000
      vertex -2.843611e-001 -5.154040e-001 2.467789e+000
      vertex -3.213601e-001 -5.160872e-001 2.301588e+000
    endloop 
  endfacet
  facet normal 4.824041E-002 -9.988252E-001 -4.597537E-003
    outer loop 
      vertex -1.983096e-001 -5.094764e-001 2.156502e+000
      vertex -1.532954e-001 -5.080654e-001 2.322273e+000
      vertex -3.213601e-001 -5.160872e-001 2.301588e+000
    endloop 
  endfacet
  facet normal 4.832212E-002 -9.987748E-001 -1.067913E-002
    outer loop 
      vertex -3.213601e-001 -5.160872e-001 2.301588e+000
      vertex -4.742117e-001 -5.245348e-001 2.400016e+000
      vertex -4.759972e-001 -5.229102e-001 2.239996e+000
    endloop 
  endfacet
  facet normal 5.058651E-002 -9.986941E-001 -7.155762E-003
    outer loop 
      vertex -3.213601e-001 -5.160872e-001 2.301588e+000
      vertex -2.843611e-001 -5.154040e-001 2.467789e+000
      vertex -4.742117e-001 -5.245348e-001 2.400016e+000
    endloop 
  endfacet
  facet normal -9.988850E-001 -4.653275E-002 -7.970619E-003
    outer loop 
      vertex -5.138227e-001 2.890406e-001 2.192103e+000
      vertex -5.187685e-001 3.725080e-001 2.324639e+000
      vertex -5.229132e-001 4.759757e-001 2.239997e+000
    endloop 
  endfacet
  facet normal -9.987867E-001 -4.880888E-002 -6.533511E-003
    outer loop 
      vertex -5.138227e-001 2.890406e-001 2.192103e+000
      vertex -5.141283e-001 2.704001e-001 2.378074e+000
      vertex -5.187685e-001 3.725080e-001 2.324639e+000
    endloop 
  endfacet
  facet normal -9.987589E-001 -4.866762E-002 -1.058648E-002
    outer loop 
      vertex -5.229132e-001 4.759757e-001 2.239997e+000
      vertex -5.187685e-001 3.725080e-001 2.324639e+000
      vertex -5.245230e-001 4.742061e-001 2.400005e+000
    endloop 
  endfacet
  facet normal -6.330775E-002 9.979938E-001 -7.148283E-004
    outer loop 
      vertex 1.879543e-002 5.023283e-001 3.144790e+000
      vertex 1.382145e-001 5.098209e-001 3.029177e+000
      vertex -5.615369e-002 4.974546e-001 2.978115e+000
    endloop 
  endfacet
  facet normal -6.614102E-002 9.978036E-001 -3.653688E-003
    outer loop 
      vertex 1.830848e-001 5.133098e-001 3.169710e+000
      vertex 1.382145e-001 5.098209e-001 3.029177e+000
      vertex 1.879543e-002 5.023283e-001 3.144790e+000
    endloop 
  endfacet
  facet normal -6.594820E-002 9.978228E-001 7.794332E-004
    outer loop 
      vertex -6.793144e-002 4.964921e-001 3.278221e+000
      vertex 1.879543e-002 5.023283e-001 3.144790e+000
      vertex -1.410771e-001 4.917685e-001 3.136526e+000
    endloop 
  endfacet
  facet normal -6.593231E-002 9.978240E-001 4.703251E-004
    outer loop 
      vertex 1.879543e-002 5.023283e-001 3.144790e+000
      vertex -5.615369e-002 4.974546e-001 2.978115e+000
      vertex -1.410771e-001 4.917685e-001 3.136526e+000
    endloop 
  endfacet
  facet normal 9.983500E-001 5.688356E-002 7.847246E-003
    outer loop 
      vertex 4.789678e-001 3.951241e-001 2.622193e+000
      vertex 4.706455e-001 5.276937e-001 2.720006e+000
      vertex 4.771806e-001 4.051175e-001 2.777123e+000
    endloop 
  endfacet
  facet normal 9.983718E-001 5.649492E-002 7.872567E-003
    outer loop 
      vertex 4.862107e-001 2.578211e-001 2.688981e+000
      vertex 4.789678e-001 3.951241e-001 2.622193e+000
      vertex 4.771806e-001 4.051175e-001 2.777123e+000
    endloop 
  endfacet
  facet normal 9.982478E-001 5.819941E-002 1.068285E-002
    outer loop 
      vertex 4.771806e-001 4.051175e-001 2.777123e+000
      vertex 4.706455e-001 5.276937e-001 2.720006e+000
      vertex 4.688395e-001 5.293021e-001 2.879997e+000
    endloop 
  endfacet
  facet normal 9.982977E-001 5.809347E-002 5.193576E-003
    outer loop 
      vertex 4.862107e-001 2.578211e-001 2.688981e+000
      vertex 4.771806e-001 4.051175e-001 2.777123e+000
      vertex 4.833006e-001 2.948093e-001 2.834624e+000
    endloop 
  endfacet
  facet normal -5.700823E-002 9.983413E-001 8.048512E-003
    outer loop 
      vertex -4.005664e-001 4.785506e-001 2.639444e+000
      vertex -5.277296e-001 4.706398e-001 2.719999e+000
      vertex -4.153109e-001 4.764934e-001 2.790179e+000
    endloop 
  endfacet
  facet normal -5.732420E-002 9.983234E-001 8.017359E-003
    outer loop 
      vertex -2.864440e-001 4.844069e-001 2.726192e+000
      vertex -4.005664e-001 4.785506e-001 2.639444e+000
      vertex -4.153109e-001 4.764934e-001 2.790179e+000
    endloop 
  endfacet
  facet normal -5.860408E-002 9.982249E-001 1.061456E-002
    outer loop 
      vertex -4.153109e-001 4.764934e-001 2.790179e+000
      vertex -5.277296e-001 4.706398e-001 2.719999e+000
      vertex -5.293235e-001 4.688449e-001 2.879994e+000
    endloop 
  endfacet
  facet normal -5.844530E-002 9.982741E-001 5.753447E-003
    outer loop 
      vertex -3.074480e-001 4.824346e-001 2.855047e+000
      vertex -2.864440e-001 4.844069e-001 2.726192e+000
      vertex -4.153109e-001 4.764934e-001 2.790179e+000
    endloop 
  endfacet
  facet normal 9.998721E-001 1.417902E-002 7.398332E-003
    outer loop 
      vertex 4.972727e-001 1.965928e-001 6.902035e-001
      vertex 4.959136e-001 3.453124e-001 5.888568e-001
      vertex 4.945144e-001 3.636191e-001 7.428696e-001
    endloop 
  endfacet
  facet normal 9.999238E-001 1.173560E-002 3.812086E-003
    outer loop 
      vertex 4.972727e-001 1.965928e-001 6.902035e-001
      vertex 4.982889e-001 1.626332e-001 5.281884e-001
      vertex 4.959136e-001 3.453124e-001 5.888568e-001
    endloop 
  endfacet
  facet normal 9.998577E-001 1.632519E-002 4.263893E-003
    outer loop 
      vertex 4.972727e-001 1.965928e-001 6.902035e-001
      vertex 4.960034e-001 2.351689e-001 8.401390e-001
      vertex 4.989304e-001 6.954551e-002 7.879105e-001
    endloop 
  endfacet
  facet normal 9.999033E-001 1.386757E-002 1.067503E-003
    outer loop 
      vertex 4.972727e-001 1.965928e-001 6.902035e-001
      vertex 4.989304e-001 6.954551e-002 7.879105e-001
      vertex 4.997096e-001 2.522445e-002 6.338025e-001
    endloop 
  endfacet
  facet normal 9.998760E-001 1.506516E-002 4.588236E-003
    outer loop 
      vertex 4.945144e-001 3.636191e-001 7.428696e-001
      vertex 4.960034e-001 2.351689e-001 8.401390e-001
      vertex 4.972727e-001 1.965928e-001 6.902035e-001
    endloop 
  endfacet
  facet normal 9.999085E-001 1.305542E-002 3.535346E-003
    outer loop 
      vertex 4.982889e-001 1.626332e-001 5.281884e-001
      vertex 4.972727e-001 1.965928e-001 6.902035e-001
      vertex 4.997096e-001 2.522445e-002 6.338025e-001
    endloop 
  endfacet
  facet normal -9.999437E-001 -8.178527E-003 6.763225E-003
    outer loop 
      vertex -4.985314e-001 -3.205843e-001 2.438381e-001
      vertex -4.968798e-001 -3.676211e-001 4.311408e-001
      vertex -4.982143e-001 -2.234133e-001 4.082263e-001
    endloop 
  endfacet
  facet normal -9.999757E-001 -4.979383E-003 4.872251E-003
    outer loop 
      vertex -4.991356e-001 -1.491071e-001 2.950839e-001
      vertex -4.985314e-001 -3.205843e-001 2.438381e-001
      vertex -4.982143e-001 -2.234133e-001 4.082263e-001
    endloop 
  endfacet
  facet normal -9.999511E-001 -8.432368E-003 5.166170E-003
    outer loop 
      vertex -4.968798e-001 -3.676211e-001 4.311408e-001
      vertex -4.972492e-001 -2.524324e-001 5.476665e-001
      vertex -4.982143e-001 -2.234133e-001 4.082263e-001
    endloop 
  endfacet
  facet normal -9.999635E-001 -8.051779E-003 2.854357E-003
    outer loop 
      vertex -4.982143e-001 -2.234133e-001 4.082263e-001
      vertex -4.996459e-001 -4.583207e-002 4.076456e-001
      vertex -4.991356e-001 -1.491071e-001 2.950839e-001
    endloop 
  endfacet
  facet normal -9.998937E-001 -1.434107E-002 2.645778E-003
    outer loop 
      vertex -4.964569e-001 -2.537675e-001 6.949230e-001
      vertex -4.981698e-001 -1.191676e-001 7.771336e-001
      vertex -4.981250e-001 -1.471356e-001 6.424989e-001
    endloop 
  endfacet
  facet normal -9.999128E-001 -1.299065E-002 2.365247E-003
    outer loop 
      vertex -4.996194e-001 -3.266959e-002 6.394172e-001
      vertex -4.981250e-001 -1.471356e-001 6.424989e-001
      vertex -4.981698e-001 -1.191676e-001 7.771336e-001
    endloop 
  endfacet
  facet normal -9.998578E-001 -1.599223E-002 5.349913E-003
    outer loop 
      vertex -4.981698e-001 -1.191676e-001 7.771336e-001
      vertex -4.964569e-001 -2.537675e-001 6.949230e-001
      vertex -4.955200e-001 -2.690482e-001 8.243384e-001
    endloop 
  endfacet
  facet normal -1.487553E-002 9.998856E-001 -2.723870E-003
    outer loop 
      vertex 2.327661e-002 5.004023e-001 7.373155e-001
      vertex 1.071043e-001 5.019871e-001 8.612809e-001
      vertex 1.896705e-001 5.028046e-001 7.104547e-001
    endloop 
  endfacet
  facet normal -1.817183E-002 9.998348E-001 -4.941974E-004
    outer loop 
      vertex 1.071043e-001 5.019871e-001 8.612809e-001
      vertex 2.327661e-002 5.004023e-001 7.373155e-001
      vertex -5.873361e-002 4.989938e-001 9.033437e-001
    endloop 
  endfacet
  facet normal -9.984686E-001 -5.507156E-002 -5.257343E-003
    outer loop 
      vertex -5.128363e-001 2.288514e-001 2.522659e+000
      vertex -5.115668e-001 1.931233e-001 2.655812e+000
      vertex -5.196763e-001 3.435495e-001 2.620220e+000
    endloop 
  endfacet
  facet normal -9.985923E-001 -5.291781E-002 -3.626431E-003
    outer loop 
      vertex -5.128363e-001 2.288514e-001 2.522659e+000
      vertex -5.078160e-001 1.452459e-001 2.360248e+000
      vertex -5.050113e-001 8.084985e-002 2.527600e+000
    endloop 
  endfacet
  facet normal -9.987543E-001 -4.961344E-002 -5.332450E-003
    outer loop 
      vertex -5.141283e-001 2.704001e-001 2.378074e+000
      vertex -5.078160e-001 1.452459e-001 2.360248e+000
      vertex -5.128363e-001 2.288514e-001 2.522659e+000
    endloop 
  endfacet
  facet normal -9.985860E-001 -5.295291E-002 -4.687740E-003
    outer loop 
      vertex -5.115668e-001 1.931233e-001 2.655812e+000
      vertex -5.128363e-001 2.288514e-001 2.522659e+000
      vertex -5.050113e-001 8.084985e-002 2.527600e+000
    endloop 
  endfacet
  facet normal -9.988588E-001 -4.655259E-002 1.067291E-002
    outer loop 
      vertex -4.742117e-001 -5.245348e-001 2.400016e+000
      vertex -4.820496e-001 -3.976376e-001 2.219970e+000
      vertex -4.759972e-001 -5.229102e-001 2.239996e+000
    endloop 
  endfacet
  facet normal -9.987117E-001 -5.008043E-002 8.180073E-003
    outer loop 
      vertex -4.855444e-001 -3.036282e-001 2.368836e+000
      vertex -4.820496e-001 -3.976376e-001 2.219970e+000
      vertex -4.742117e-001 -5.245348e-001 2.400016e+000
    endloop 
  endfacet
  facet normal -9.988590E-001 -4.656376E-002 1.060312E-002
    outer loop 
      vertex -4.820496e-001 -3.976376e-001 2.219970e+000
      vertex -4.777713e-001 -5.212892e-001 2.079993e+000
      vertex -4.759972e-001 -5.229102e-001 2.239996e+000
    endloop 
  endfacet
  facet normal -9.989258E-001 -4.599906E-002 5.597644E-003
    outer loop 
      vertex -4.898794e-001 -2.365839e-001 2.146175e+000
      vertex -4.820496e-001 -3.976376e-001 2.219970e+000
      vertex -4.855444e-001 -3.036282e-001 2.368836e+000
    endloop 
  endfacet
  facet normal 4.454601E-002 -9.989510E-001 -1.061434E-002
    outer loop 
      vertex -4.777713e-001 -5.212892e-001 2.079993e+000
      vertex -3.462358e-001 -5.159523e-001 2.129746e+000
      vertex -4.759972e-001 -5.229102e-001 2.239996e+000
    endloop 
  endfacet
  facet normal 4.469121E-002 -9.989868E-001 -5.293486E-003
    outer loop 
      vertex -3.462358e-001 -5.159523e-001 2.129746e+000
      vertex -2.318381e-001 -5.101300e-001 1.996784e+000
      vertex -1.983096e-001 -5.094764e-001 2.156502e+000
    endloop 
  endfacet
  facet normal 9.988716E-001 4.631510E-002 1.051878E-002
    outer loop 
      vertex 4.777374e-001 5.212892e-001 2.080013e+000
      vertex 4.759783e-001 5.228919e-001 2.240003e+000
      vertex 4.819840e-001 3.997896e-001 2.211730e+000
    endloop 
  endfacet
  facet normal 9.990345E-001 4.325364E-002 7.689529E-003
    outer loop 
      vertex 4.819840e-001 3.997896e-001 2.211730e+000
      vertex 4.861440e-001 3.392756e-001 2.011646e+000
      vertex 4.777374e-001 5.212892e-001 2.080013e+000
    endloop 
  endfacet
  facet normal 9.988715E-001 4.626223E-002 1.074901E-002
    outer loop 
      vertex 4.819840e-001 3.997896e-001 2.211730e+000
      vertex 4.759783e-001 5.228919e-001 2.240003e+000
      vertex 4.741808e-001 5.245230e-001 2.400024e+000
    endloop 
  endfacet
  facet normal 9.987152E-001 4.999682E-002 8.268596E-003
    outer loop 
      vertex 4.819840e-001 3.997896e-001 2.211730e+000
      vertex 4.741808e-001 5.245230e-001 2.400024e+000
      vertex 4.846317e-001 3.230070e-001 2.356206e+000
    endloop 
  endfacet
  facet normal 9.989261E-001 4.592755E-002 6.102102E-003
    outer loop 
      vertex 4.846317e-001 3.230070e-001 2.356206e+000
      vertex 4.895909e-001 2.399226e-001 2.169707e+000
      vertex 4.819840e-001 3.997896e-001 2.211730e+000
    endloop 
  endfacet
  facet normal 9.989308E-001 4.570603E-002 6.945661E-003
    outer loop 
      vertex 4.895909e-001 2.399226e-001 2.169707e+000
      vertex 4.861440e-001 3.392756e-001 2.011646e+000
      vertex 4.819840e-001 3.997896e-001 2.211730e+000
    endloop 
  endfacet
  facet normal -4.372668E-002 9.989859E-001 -1.072134E-002
    outer loop 
      vertex 4.777374e-001 5.212892e-001 2.080013e+000
      vertex 4.795197e-001 5.196499e-001 1.919998e+000
      vertex 3.743960e-001 5.168602e-001 2.088807e+000
    endloop 
  endfacet
  facet normal -4.370697E-002 9.989893E-001 -1.048801E-002
    outer loop 
      vertex 3.743960e-001 5.168602e-001 2.088807e+000
      vertex 4.759783e-001 5.228919e-001 2.240003e+000
      vertex 4.777374e-001 5.212892e-001 2.080013e+000
    endloop 
  endfacet
  facet normal 4.569506E-002 -9.988992E-001 1.059598E-002
    outer loop 
      vertex 5.229024e-001 -4.759873e-001 2.239979e+000
      vertex 3.935194e-001 -4.825104e-001 2.182993e+000
      vertex 5.212687e-001 -4.777589e-001 2.080013e+000
    endloop 
  endfacet
  facet normal 4.324090E-002 -9.990362E-001 7.545226E-003
    outer loop 
      vertex 5.212687e-001 -4.777589e-001 2.080013e+000
      vertex 3.935194e-001 -4.825104e-001 2.182993e+000
      vertex 3.420328e-001 -4.860469e-001 2.009807e+000
    endloop 
  endfacet
  facet normal 4.723103E-002 -9.988587E-001 7.104015E-003
    outer loop 
      vertex 5.229024e-001 -4.759873e-001 2.239979e+000
      vertex 3.442762e-001 -4.836118e-001 2.355532e+000
      vertex 3.935194e-001 -4.825104e-001 2.182993e+000
    endloop 
  endfacet
  facet normal 4.579946E-002 -9.989282E-001 6.694997E-003
    outer loop 
      vertex 3.935194e-001 -4.825104e-001 2.182993e+000
      vertex 3.442762e-001 -4.836118e-001 2.355532e+000
      vertex 2.521546e-001 -4.890101e-001 2.180263e+000
    endloop 
  endfacet
  facet normal 4.579774E-002 -9.989277E-001 6.782883E-003
    outer loop 
      vertex 2.521546e-001 -4.890101e-001 2.180263e+000
      vertex 3.420328e-001 -4.860469e-001 2.009807e+000
      vertex 3.935194e-001 -4.825104e-001 2.182993e+000
    endloop 
  endfacet
  facet normal -9.989380E-001 -4.593437E-002 -3.597129E-003
    outer loop 
      vertex -5.138227e-001 2.890406e-001 2.192103e+000
      vertex -5.041942e-001 7.945865e-002 2.194540e+000
      vertex -5.078160e-001 1.452459e-001 2.360248e+000
    endloop 
  endfacet
  facet normal -9.987556E-001 -4.943352E-002 -6.596069E-003
    outer loop 
      vertex -5.138227e-001 2.890406e-001 2.192103e+000
      vertex -5.078160e-001 1.452459e-001 2.360248e+000
      vertex -5.141283e-001 2.704001e-001 2.378074e+000
    endloop 
  endfacet
  facet normal -9.989253E-001 -4.596150E-002 -5.980803E-003
    outer loop 
      vertex -5.138227e-001 2.890406e-001 2.192103e+000
      vertex -5.113598e-001 2.595506e-001 2.007377e+000
      vertex -5.041942e-001 7.945865e-002 2.194540e+000
    endloop 
  endfacet
  facet normal -9.988917E-001 -4.585956E-002 -1.059944E-002
    outer loop 
      vertex -5.212975e-001 4.777653e-001 2.079990e+000
      vertex -5.138227e-001 2.890406e-001 2.192103e+000
      vertex -5.229132e-001 4.759757e-001 2.239997e+000
    endloop 
  endfacet
  facet normal -9.990387E-001 -4.336846E-002 -6.396271E-003
    outer loop 
      vertex -5.138227e-001 2.890406e-001 2.192103e+000
      vertex -5.212975e-001 4.777653e-001 2.079990e+000
      vertex -5.113598e-001 2.595506e-001 2.007377e+000
    endloop 
  endfacet
  facet normal -9.993786E-001 -3.450267E-002 -7.215131E-003
    outer loop 
      vertex -5.069762e-001 1.923519e-001 1.660645e+000
      vertex -5.121459e-001 3.118877e-001 1.805087e+000
      vertex -5.120324e-001 3.475797e-001 1.618689e+000
    endloop 
  endfacet
  facet normal -9.994136E-001 -3.388502E-002 -4.925689E-003
    outer loop 
      vertex -5.068699e-001 2.227082e-001 1.430253e+000
      vertex -5.069762e-001 1.923519e-001 1.660645e+000
      vertex -5.120324e-001 3.475797e-001 1.618689e+000
    endloop 
  endfacet
  facet normal -9.992685E-001 -3.799732E-002 -4.319140E-003
    outer loop 
      vertex -5.069762e-001 1.923519e-001 1.660645e+000
      vertex -5.062456e-001 1.515095e-001 1.850928e+000
      vertex -5.121459e-001 3.118877e-001 1.805087e+000
    endloop 
  endfacet
  facet normal -9.994752E-001 -3.205284E-002 -4.684310E-003
    outer loop 
      vertex -5.018928e-001 5.009793e-002 1.549407e+000
      vertex -5.069762e-001 1.923519e-001 1.660645e+000
      vertex -5.068699e-001 2.227082e-001 1.430253e+000
    endloop 
  endfacet
  facet normal -9.993979E-001 -3.467301E-002 -1.330014E-003
    outer loop 
      vertex -5.069762e-001 1.923519e-001 1.660645e+000
      vertex -5.018928e-001 5.009793e-002 1.549407e+000
      vertex -5.019594e-001 4.499504e-002 1.732466e+000
    endloop 
  endfacet
  facet normal -9.993476E-001 -3.590964E-002 -3.870739E-003
    outer loop 
      vertex -5.069762e-001 1.923519e-001 1.660645e+000
      vertex -5.019594e-001 4.499504e-002 1.732466e+000
      vertex -5.062456e-001 1.515095e-001 1.850928e+000
    endloop 
  endfacet
  facet normal 9.989895E-001 4.365563E-002 -1.068598E-002
    outer loop 
      vertex 5.229024e-001 -4.759873e-001 2.239979e+000
      vertex 5.212687e-001 -4.777589e-001 2.080013e+000
      vertex 5.138546e-001 -3.055782e-001 2.090311e+000
    endloop 
  endfacet
  facet normal 9.988713E-001 4.699915E-002 -6.871977E-003
    outer loop 
      vertex 5.229024e-001 -4.759873e-001 2.239979e+000
      vertex 5.138546e-001 -3.055782e-001 2.090311e+000
      vertex 5.119194e-001 -2.416809e-001 2.246033e+000
    endloop 
  endfacet
  facet normal -4.612582E-002 9.989323E-001 2.578180E-003
    outer loop 
      vertex -1.579484e-001 4.934722e-001 2.118387e+000
      vertex -3.333010e-001 4.851688e-001 2.198410e+000
      vertex -1.341628e-001 4.941115e-001 2.296235e+000
    endloop 
  endfacet
  facet normal -4.813387E-002 9.988185E-001 6.676293E-003
    outer loop 
      vertex -3.467821e-001 4.835131e-001 2.348910e+000
      vertex -1.341628e-001 4.941115e-001 2.296235e+000
      vertex -3.333010e-001 4.851688e-001 2.198410e+000
    endloop 
  endfacet
  facet normal -4.608097E-002 9.988804E-001 1.070669E-002
    outer loop 
      vertex -5.212975e-001 4.777653e-001 2.079990e+000
      vertex -5.229132e-001 4.759757e-001 2.239997e+000
      vertex -3.333010e-001 4.851688e-001 2.198410e+000
    endloop 
  endfacet
  facet normal -4.694110E-002 9.988746E-001 6.783755E-003
    outer loop 
      vertex -5.229132e-001 4.759757e-001 2.239997e+000
      vertex -3.467821e-001 4.835131e-001 2.348910e+000
      vertex -3.333010e-001 4.851688e-001 2.198410e+000
    endloop 
  endfacet
  facet normal -9.981036E-001 -6.144175E-002 -3.757495E-003
    outer loop 
      vertex -5.086749e-001 1.233111e-001 2.962915e+000
      vertex -5.195529e-001 3.024182e-001 2.923727e+000
      vertex -5.098003e-001 1.516507e-001 2.798467e+000
    endloop 
  endfacet
  facet normal -9.982524E-001 -5.900072E-002 -3.335810E-003
    outer loop 
      vertex -4.990283e-001 -3.140383e-002 2.812603e+000
      vertex -5.086749e-001 1.233111e-001 2.962915e+000
      vertex -5.098003e-001 1.516507e-001 2.798467e+000
    endloop 
  endfacet
  facet normal -9.980410E-001 -6.216221E-002 -7.067673E-003
    outer loop 
      vertex -5.205691e-001 2.995313e-001 3.092617e+000
      vertex -5.195529e-001 3.024182e-001 2.923727e+000
      vertex -5.086749e-001 1.233111e-001 2.962915e+000
    endloop 
  endfacet
  facet normal -9.978951E-001 -6.475224E-002 -3.535351E-003
    outer loop 
      vertex -5.116352e-001 1.582422e-001 3.158735e+000
      vertex -5.205691e-001 2.995313e-001 3.092617e+000
      vertex -5.086749e-001 1.233111e-001 2.962915e+000
    endloop 
  endfacet
  facet normal -9.980633E-001 -6.219643E-002 -1.136195E-003
    outer loop 
      vertex -4.952930e-001 -9.137908e-002 2.960287e+000
      vertex -5.026248e-001 2.411019e-002 3.078699e+000
      vertex -5.086749e-001 1.233111e-001 2.962915e+000
    endloop 
  endfacet
  facet normal -9.978827E-001 -6.494522E-002 -3.500737E-003
    outer loop 
      vertex -5.116352e-001 1.582422e-001 3.158735e+000
      vertex -5.086749e-001 1.233111e-001 2.962915e+000
      vertex -5.026248e-001 2.411019e-002 3.078699e+000
    endloop 
  endfacet
  facet normal -9.980631E-001 -6.221008E-002 -2.028809E-005
    outer loop 
      vertex -4.952930e-001 -9.137908e-002 2.960287e+000
      vertex -5.086749e-001 1.233111e-001 2.962915e+000
      vertex -4.990283e-001 -3.140383e-002 2.812603e+000
    endloop 
  endfacet
  facet normal -9.995289E-001 -2.975667E-002 -7.521611E-003
    outer loop 
      vertex -5.068699e-001 2.227082e-001 1.430253e+000
      vertex -5.117357e-001 3.851103e-001 1.434373e+000
      vertex -5.090982e-001 3.429392e-001 1.250709e+000
    endloop 
  endfacet
  facet normal -9.996205E-001 -2.625684E-002 -8.326522E-003
    outer loop 
      vertex -5.117357e-001 3.851103e-001 1.434373e+000
      vertex -5.131139e-001 4.865291e-001 1.280013e+000
      vertex -5.090982e-001 3.429392e-001 1.250709e+000
    endloop 
  endfacet
  facet normal -9.996578E-001 -2.571349E-002 -4.812518E-003
    outer loop 
      vertex -5.044079e-001 1.731633e-001 1.183560e+000
      vertex -5.068699e-001 2.227082e-001 1.430253e+000
      vertex -5.090982e-001 3.429392e-001 1.250709e+000
    endloop 
  endfacet
  facet normal -9.996681E-001 -2.462522E-002 -7.564770E-003
    outer loop 
      vertex -5.044079e-001 1.731633e-001 1.183560e+000
      vertex -5.090982e-001 3.429392e-001 1.250709e+000
      vertex -5.076131e-001 3.399830e-001 1.064086e+000
    endloop 
  endfacet
  facet normal -9.996111E-001 -2.579093E-002 -1.060812E-002
    outer loop 
      vertex -5.114607e-001 4.882673e-001 1.120005e+000
      vertex -5.090982e-001 3.429392e-001 1.250709e+000
      vertex -5.131139e-001 4.865291e-001 1.280013e+000
    endloop 
  endfacet
  facet normal -9.997048E-001 -2.307768E-002 -7.589577E-003
    outer loop 
      vertex -5.114607e-001 4.882673e-001 1.120005e+000
      vertex -5.076131e-001 3.399830e-001 1.064086e+000
      vertex -5.090982e-001 3.429392e-001 1.250709e+000
    endloop 
  endfacet
  facet normal -8.045543E-003 9.999498E-001 -5.978068E-003
    outer loop 
      vertex 2.872883e-001 5.015174e-001 2.751891e-001
      vertex 2.232916e-001 5.018916e-001 4.239106e-001
      vertex 3.705802e-001 5.029300e-001 3.993716e-001
    endloop 
  endfacet
  facet normal -5.147082E-003 9.999756E-001 -4.730890E-003
    outer loop 
      vertex 2.872883e-001 5.015174e-001 2.751891e-001
      vertex 1.441017e-001 5.008102e-001 2.814884e-001
      vertex 2.232916e-001 5.018916e-001 4.239106e-001
    endloop 
  endfacet
  facet normal -8.274556E-003 9.999613E-001 -2.991837E-003
    outer loop 
      vertex 7.861200e-002 5.006583e-001 4.118338e-001
      vertex 2.232916e-001 5.018916e-001 4.239106e-001
      vertex 1.441017e-001 5.008102e-001 2.814884e-001
    endloop 
  endfacet
  facet normal 7.514458E-002 -9.971499E-001 -6.724258E-003
    outer loop 
      vertex -1.702362e-001 -5.142638e-001 3.577322e+000
      vertex -2.682807e-001 -5.225322e-001 3.707796e+000
      vertex -3.226420e-001 -5.256603e-001 3.564163e+000
    endloop 
  endfacet
  facet normal 7.812758E-002 -9.969333E-001 -4.468963E-003
    outer loop 
      vertex -1.040618e-001 -5.096935e-001 3.714660e+000
      vertex -2.682807e-001 -5.225322e-001 3.707796e+000
      vertex -1.702362e-001 -5.142638e-001 3.577322e+000
    endloop 
  endfacet
  facet normal 7.504024E-002 -9.971653E-001 -5.502383E-003
    outer loop 
      vertex -2.211915e-001 -5.173146e-001 3.435285e+000
      vertex -1.702362e-001 -5.142638e-001 3.577322e+000
      vertex -3.226420e-001 -5.256603e-001 3.564163e+000
    endloop 
  endfacet
  facet normal 7.525865E-002 -9.971592E-001 -3.079096E-003
    outer loop 
      vertex -1.702362e-001 -5.142638e-001 3.577322e+000
      vertex -1.072713e-002 -5.022309e-001 3.579171e+000
      vertex -1.040618e-001 -5.096935e-001 3.714660e+000
    endloop 
  endfacet
  facet normal 9.982074E-001 5.979681E-002 -2.511330E-003
    outer loop 
      vertex 5.064904e-001 -9.081496e-002 2.919373e+000
      vertex 5.138286e-001 -2.162196e-001 2.850171e+000
      vertex 5.059546e-001 -8.932161e-002 2.741965e+000
    endloop 
  endfacet
  facet normal 9.982513E-001 5.905823E-002 -2.517680E-003
    outer loop 
      vertex 5.064904e-001 -9.081496e-002 2.919373e+000
      vertex 5.059546e-001 -8.932161e-002 2.741965e+000
      vertex 4.996572e-001 2.020347e-002 2.814250e+000
    endloop 
  endfacet
  facet normal 9.984540E-001 5.552090E-002 -2.634659E-003
    outer loop 
      vertex 5.066476e-001 -1.092988e-001 2.583593e+000
      vertex 4.966798e-001 7.323454e-002 2.652702e+000
      vertex 5.059546e-001 -8.932161e-002 2.741965e+000
    endloop 
  endfacet
  facet normal 9.983755E-001 5.690785E-002 -2.809952E-003
    outer loop 
      vertex 5.066476e-001 -1.092988e-001 2.583593e+000
      vertex 5.059546e-001 -8.932161e-002 2.741965e+000
      vertex 5.129813e-001 -2.144289e-001 2.704836e+000
    endloop 
  endfacet
  facet normal 9.983648E-001 5.716265E-002 3.643732E-004
    outer loop 
      vertex 4.966798e-001 7.323454e-002 2.652702e+000
      vertex 4.996572e-001 2.020347e-002 2.814250e+000
      vertex 5.059546e-001 -8.932161e-002 2.741965e+000
    endloop 
  endfacet
  facet normal 9.983273E-001 5.758791E-002 -5.110542E-003
    outer loop 
      vertex 5.059546e-001 -8.932161e-002 2.741965e+000
      vertex 5.138286e-001 -2.162196e-001 2.850171e+000
      vertex 5.129813e-001 -2.144289e-001 2.704836e+000
    endloop 
  endfacet
  facet normal -6.040083E-002 9.981707E-001 -2.659866E-003
    outer loop 
      vertex 9.872094e-002 5.065027e-001 2.737522e+000
      vertex 8.423294e-002 5.060252e-001 2.887329e+000
      vertex 2.547017e-001 5.163099e-001 2.875823e+000
    endloop 
  endfacet
  facet normal -5.856105E-002 9.982808E-001 -2.481587E-003
    outer loop 
      vertex -3.728228e-002 4.986581e-001 2.791270e+000
      vertex 8.423294e-002 5.060252e-001 2.887329e+000
      vertex 9.872094e-002 5.065027e-001 2.737522e+000
    endloop 
  endfacet
  facet normal -5.507660E-002 9.984786E-001 -2.648615E-003
    outer loop 
      vertex 9.074537e-002 5.055754e-001 2.553806e+000
      vertex -2.692064e-002 4.992688e-001 2.623144e+000
      vertex 9.872094e-002 5.065027e-001 2.737522e+000
    endloop 
  endfacet
  facet normal -5.600732E-002 9.984270E-001 -2.607949E-003
    outer loop 
      vertex 2.182045e-001 5.130426e-001 2.675265e+000
      vertex 9.074537e-002 5.055754e-001 2.553806e+000
      vertex 9.872094e-002 5.065027e-001 2.737522e+000
    endloop 
  endfacet
  facet normal -5.755242E-002 9.983425E-001 7.963870E-005
    outer loop 
      vertex -2.692064e-002 4.992688e-001 2.623144e+000
      vertex -3.728228e-002 4.986581e-001 2.791270e+000
      vertex 9.872094e-002 5.065027e-001 2.737522e+000
    endloop 
  endfacet
  facet normal -5.765038E-002 9.983201E-001 -5.772526E-003
    outer loop 
      vertex 2.182045e-001 5.130426e-001 2.675265e+000
      vertex 9.872094e-002 5.065027e-001 2.737522e+000
      vertex 2.547017e-001 5.163099e-001 2.875823e+000
    endloop 
  endfacet
  facet normal -6.953382E-002 9.975491E-001 -7.792087E-003
    outer loop 
      vertex 2.131709e-001 5.160506e-001 3.307845e+000
      vertex 3.280127e-001 5.248545e-001 3.410120e+000
      vertex 3.296122e-001 5.236700e-001 3.244195e+000
    endloop 
  endfacet
  facet normal -7.177154E-002 9.974072E-001 -5.267193E-003
    outer loop 
      vertex 3.280127e-001 5.248545e-001 3.410120e+000
      vertex 2.131709e-001 5.160506e-001 3.307845e+000
      vertex 1.774750e-001 5.141215e-001 3.428943e+000
    endloop 
  endfacet
  facet normal -7.408292E-002 9.972232E-001 -7.589394E-003
    outer loop 
      vertex 4.616033e-001 5.356150e-001 3.519988e+000
      vertex 3.280127e-001 5.248545e-001 3.410120e+000
      vertex 3.029269e-001 5.242606e-001 3.576948e+000
    endloop 
  endfacet
  facet normal -7.202088E-002 9.973766E-001 -7.278780E-003
    outer loop 
      vertex 3.280127e-001 5.248545e-001 3.410120e+000
      vertex 1.774750e-001 5.141215e-001 3.428943e+000
      vertex 3.029269e-001 5.242606e-001 3.576948e+000
    endloop 
  endfacet
  facet normal -7.060596E-002 9.974738E-001 -7.801884E-003
    outer loop 
      vertex 3.280127e-001 5.248545e-001 3.410120e+000
      vertex 4.634138e-001 5.340469e-001 3.360012e+000
      vertex 3.296122e-001 5.236700e-001 3.244195e+000
    endloop 
  endfacet
  facet normal -7.162992E-002 9.973751E-001 -1.058693E-002
    outer loop 
      vertex 4.634138e-001 5.340469e-001 3.360012e+000
      vertex 3.280127e-001 5.248545e-001 3.410120e+000
      vertex 4.616033e-001 5.356150e-001 3.519988e+000
    endloop 
  endfacet
  facet normal -9.999396E-001 -8.080950E-003 -7.444805E-003
    outer loop 
      vertex -5.036353e-001 3.408974e-001 5.249788e-001
      vertex -5.023835e-001 3.439669e-001 3.535109e-001
      vertex -5.013292e-001 1.606176e-001 4.109137e-001
    endloop 
  endfacet
  facet normal -9.999281E-001 -9.378354E-003 -7.467946E-003
    outer loop 
      vertex -5.023835e-001 3.439669e-001 3.535109e-001
      vertex -5.036353e-001 3.408974e-001 5.249788e-001
      vertex -5.047466e-001 4.951941e-001 4.800053e-001
    endloop 
  endfacet
  facet normal -9.999388E-001 -1.038760E-002 -3.799129E-003
    outer loop 
      vertex -5.036353e-001 3.408974e-001 5.249788e-001
      vertex -5.013292e-001 1.606176e-001 4.109137e-001
      vertex -5.023506e-001 1.975557e-001 5.787482e-001
    endloop 
  endfacet
  facet normal -9.998874E-001 -1.309977E-002 -7.319368E-003
    outer loop 
      vertex -5.064757e-001 4.934319e-001 6.399961e-001
      vertex -5.036353e-001 3.408974e-001 5.249788e-001
      vertex -5.047423e-001 3.256495e-001 7.034830e-001
    endloop 
  endfacet
  facet normal -9.999061E-001 -1.166176E-002 -7.196648E-003
    outer loop 
      vertex -5.047423e-001 3.256495e-001 7.034830e-001
      vertex -5.036353e-001 3.408974e-001 5.249788e-001
      vertex -5.023506e-001 1.975557e-001 5.787482e-001
    endloop 
  endfacet
  facet normal -9.998865E-001 -1.038438E-002 -1.092047E-002
    outer loop 
      vertex -5.064757e-001 4.934319e-001 6.399961e-001
      vertex -5.047466e-001 4.951941e-001 4.800053e-001
      vertex -5.036353e-001 3.408974e-001 5.249788e-001
    endloop 
  endfacet
  facet normal -8.273199E-002 9.965554E-001 5.707846E-003
    outer loop 
      vertex -3.742637e-001 4.702332e-001 4.000000e+000
      vertex -2.803642e-001 4.787621e-001 3.871927e+000
      vertex -4.268507e-001 4.664567e-001 3.897139e+000
    endloop 
  endfacet
  facet normal -8.693681E-002 9.961827E-001 7.871219E-003
    outer loop 
      vertex -4.268507e-001 4.664567e-001 3.897139e+000
      vertex -5.407757e-001 4.557017e-001 4.000000e+000
      vertex -3.742637e-001 4.702332e-001 4.000000e+000
    endloop 
  endfacet
  facet normal -8.347467E-002 9.964408E-001 1.173273E-002
    outer loop 
      vertex -5.390062e-001 4.577344e-001 3.839951e+000
      vertex -5.407757e-001 4.557017e-001 4.000000e+000
      vertex -4.268507e-001 4.664567e-001 3.897139e+000
    endloop 
  endfacet
  facet normal -8.235403E-002 9.965718E-001 7.911807E-003
    outer loop 
      vertex -4.268507e-001 4.664567e-001 3.897139e+000
      vertex -2.803642e-001 4.787621e-001 3.871927e+000
      vertex -3.888021e-001 4.707001e-001 3.758676e+000
    endloop 
  endfacet
  facet normal -8.164170E-002 9.966287E-001 8.109297E-003
    outer loop 
      vertex -4.268507e-001 4.664567e-001 3.897139e+000
      vertex -3.888021e-001 4.707001e-001 3.758676e+000
      vertex -5.390062e-001 4.577344e-001 3.839951e+000
    endloop 
  endfacet
  facet normal 9.999452E-001 6.264845E-003 -8.391993E-003
    outer loop 
      vertex 5.021449e-001 -3.069720e-001 3.547145e-001
      vertex 5.037567e-001 -3.774678e-001 4.941445e-001
      vertex 5.030437e-001 -4.969325e-001 3.199976e-001
    endloop 
  endfacet
  facet normal 9.999294E-001 9.920435E-003 -6.543544E-003
    outer loop 
      vertex 5.037567e-001 -3.774678e-001 4.941445e-001
      vertex 5.021449e-001 -3.069720e-001 3.547145e-001
      vertex 5.023885e-001 -2.365861e-001 4.986588e-001
    endloop 
  endfacet
  facet normal 9.998794E-001 1.330360E-002 -8.015079E-003
    outer loop 
      vertex 5.037567e-001 -3.774678e-001 4.941445e-001
      vertex 5.041488e-001 -2.984261e-001 6.742514e-001
      vertex 5.064687e-001 -4.934252e-001 6.399912e-001
    endloop 
  endfacet
  facet normal 9.999295E-001 9.920010E-003 -6.530266E-003
    outer loop 
      vertex 5.041488e-001 -2.984261e-001 6.742514e-001
      vertex 5.037567e-001 -3.774678e-001 4.941445e-001
      vertex 5.023885e-001 -2.365861e-001 4.986588e-001
    endloop 
  endfacet
  facet normal 9.998916E-001 9.909082E-003 -1.089172E-002
    outer loop 
      vertex 5.037567e-001 -3.774678e-001 4.941445e-001
      vertex 5.047691e-001 -4.951665e-001 4.800097e-001
      vertex 5.030437e-001 -4.969325e-001 3.199976e-001
    endloop 
  endfacet
  facet normal 9.998935E-001 9.889637E-003 -1.072966E-002
    outer loop 
      vertex 5.037567e-001 -3.774678e-001 4.941445e-001
      vertex 5.064687e-001 -4.934252e-001 6.399912e-001
      vertex 5.047691e-001 -4.951665e-001 4.800097e-001
    endloop 
  endfacet
  facet normal -9.995203E-001 -2.995821E-002 7.844209E-003
    outer loop 
      vertex -4.875517e-001 -3.904518e-001 1.562224e+000
      vertex -4.893381e-001 -3.711042e-001 1.408492e+000
      vertex -4.847851e-001 -5.147619e-001 1.439987e+000
    endloop 
  endfacet
  facet normal -9.994646E-001 -3.182224E-002 7.608966E-003
    outer loop 
      vertex -4.875517e-001 -3.904518e-001 1.562224e+000
      vertex -4.917976e-001 -2.666472e-001 1.522289e+000
      vertex -4.893381e-001 -3.711042e-001 1.408492e+000
    endloop 
  endfacet
  facet normal -9.994125E-001 -3.334592E-002 7.924159E-003
    outer loop 
      vertex -4.830498e-001 -5.164031e-001 1.599998e+000
      vertex -4.865125e-001 -3.887183e-001 1.700586e+000
      vertex -4.875517e-001 -3.904518e-001 1.562224e+000
    endloop 
  endfacet
  facet normal -9.994141E-001 -3.257203E-002 1.050475E-002
    outer loop 
      vertex -4.830498e-001 -5.164031e-001 1.599998e+000
      vertex -4.875517e-001 -3.904518e-001 1.562224e+000
      vertex -4.847851e-001 -5.147619e-001 1.439987e+000
    endloop 
  endfacet
  facet normal -2.982790E-002 9.995259E-001 7.631578E-003
    outer loop 
      vertex -5.147636e-001 4.847736e-001 1.440014e+000
      vertex -3.902796e-001 4.876702e-001 1.547178e+000
      vertex -3.476055e-001 4.901260e-001 1.392335e+000
    endloop 
  endfacet
  facet normal -3.168854E-002 9.994724E-001 7.117947E-003
    outer loop 
      vertex -2.196421e-001 4.933022e-001 1.516032e+000
      vertex -3.476055e-001 4.901260e-001 1.392335e+000
      vertex -3.902796e-001 4.876702e-001 1.547178e+000
    endloop 
  endfacet
  facet normal -3.353667E-002 9.994043E-001 8.143282E-003
    outer loop 
      vertex -3.955861e-001 4.862626e-001 1.698086e+000
      vertex -3.902796e-001 4.876702e-001 1.547178e+000
      vertex -5.164175e-001 4.830071e-001 1.600000e+000
    endloop 
  endfacet
  facet normal -3.246656E-002 9.994156E-001 1.069967E-002
    outer loop 
      vertex -5.164175e-001 4.830071e-001 1.600000e+000
      vertex -3.902796e-001 4.876702e-001 1.547178e+000
      vertex -5.147636e-001 4.847736e-001 1.440014e+000
    endloop 
  endfacet
  facet normal 9.994944E-001 3.083470E-002 7.761354E-003
    outer loop 
      vertex 4.924850e-001 2.528343e-001 1.469379e+000
      vertex 4.897237e-001 3.704901e-001 1.357538e+000
      vertex 4.877367e-001 3.918992e-001 1.528374e+000
    endloop 
  endfacet
  facet normal 9.995208E-001 2.993716E-002 7.874141E-003
    outer loop 
      vertex 4.897237e-001 3.704901e-001 1.357538e+000
      vertex 4.847527e-001 5.147721e-001 1.440000e+000
      vertex 4.877367e-001 3.918992e-001 1.528374e+000
    endloop 
  endfacet
  facet normal 9.994801E-001 3.174644E-002 5.611052E-003
    outer loop 
      vertex 4.924850e-001 2.528343e-001 1.469379e+000
      vertex 4.877367e-001 3.918992e-001 1.528374e+000
      vertex 4.903807e-001 2.927334e-001 1.618465e+000
    endloop 
  endfacet
  facet normal 9.994187E-001 3.316080E-002 7.916026E-003
    outer loop 
      vertex 4.877367e-001 3.918992e-001 1.528374e+000
      vertex 4.830392e-001 5.163811e-001 1.599975e+000
      vertex 4.862720e-001 3.966423e-001 1.693419e+000
    endloop 
  endfacet
  facet normal 9.993967E-001 3.382084E-002 7.896862E-003
    outer loop 
      vertex 4.877367e-001 3.918992e-001 1.528374e+000
      vertex 4.862720e-001 3.966423e-001 1.693419e+000
      vertex 4.903807e-001 2.927334e-001 1.618465e+000
    endloop 
  endfacet
  facet normal 9.994422E-001 3.174138E-002 1.038532E-002
    outer loop 
      vertex 4.877367e-001 3.918992e-001 1.528374e+000
      vertex 4.847527e-001 5.147721e-001 1.440000e+000
      vertex 4.830392e-001 5.163811e-001 1.599975e+000
    endloop 
  endfacet
  facet normal 9.999906E-001 2.964173E-003 3.155163E-003
    outer loop 
      vertex 5.000000e-001 1.666667e-001 0.000000e+000
      vertex 4.992417e-001 2.627966e-001 1.500389e-001
      vertex 4.996434e-001 1.084048e-001 1.677409e-001
    endloop 
  endfacet
  facet normal 9.999855E-001 3.107043E-003 4.401353E-003
    outer loop 
      vertex 4.987784e-001 2.229351e-001 2.834211e-001
      vertex 4.996434e-001 1.084048e-001 1.677409e-001
      vertex 4.992417e-001 2.627966e-001 1.500389e-001
    endloop 
  endfacet
  facet normal 9.999877E-001 4.427867E-003 2.246481E-003
    outer loop 
      vertex 4.996434e-001 1.084048e-001 1.677409e-001
      vertex 4.991854e-001 1.180682e-001 3.525669e-001
      vertex 5.001872e-001 -4.268096e-002 2.235085e-001
    endloop 
  endfacet
  facet normal 9.999937E-001 3.539057E-003 -1.615468E-004
    outer loop 
      vertex 5.001872e-001 -4.268096e-002 2.235085e-001
      vertex 5.000000e-001 0.000000e+000 0.000000e+000
      vertex 4.996434e-001 1.084048e-001 1.677409e-001
    endloop 
  endfacet
  facet normal 9.999834E-001 5.331251E-003 2.199238E-003
    outer loop 
      vertex 4.991854e-001 1.180682e-001 3.525669e-001
      vertex 4.996434e-001 1.084048e-001 1.677409e-001
      vertex 4.987784e-001 2.229351e-001 2.834211e-001
    endloop 
  endfacet
  facet normal 9.999977E-001 0.000000E+000 2.125624E-003
    outer loop 
      vertex 5.000000e-001 0.000000e+000 0.000000e+000
      vertex 5.000000e-001 1.666667e-001 0.000000e+000
      vertex 4.996434e-001 1.084048e-001 1.677409e-001
    endloop 
  endfacet
  facet normal -9.983342E-001 -5.717342E-002 -7.754169E-003
    outer loop 
      vertex -5.277296e-001 4.706398e-001 2.719999e+000
      vertex -5.196763e-001 3.435495e-001 2.620220e+000
      vertex -5.193906e-001 3.188839e-001 2.765305e+000
    endloop 
  endfacet
  facet normal -9.984252E-001 -5.559650E-002 -7.485900E-003
    outer loop 
      vertex -5.193906e-001 3.188839e-001 2.765305e+000
      vertex -5.196763e-001 3.435495e-001 2.620220e+000
      vertex -5.115668e-001 1.931233e-001 2.655812e+000
    endloop 
  endfacet
  facet normal -9.982527E-001 -5.865827E-002 -7.119418E-003
    outer loop 
      vertex -5.195529e-001 3.024182e-001 2.923727e+000
      vertex -5.193906e-001 3.188839e-001 2.765305e+000
      vertex -5.098003e-001 1.516507e-001 2.798467e+000
    endloop 
  endfacet
  facet normal -9.982975E-001 -5.815009E-002 -4.543799E-003
    outer loop 
      vertex -5.115668e-001 1.931233e-001 2.655812e+000
      vertex -5.098003e-001 1.516507e-001 2.798467e+000
      vertex -5.193906e-001 3.188839e-001 2.765305e+000
    endloop 
  endfacet
  facet normal -9.982593E-001 -5.801772E-002 -1.059600E-002
    outer loop 
      vertex -5.193906e-001 3.188839e-001 2.765305e+000
      vertex -5.293235e-001 4.688449e-001 2.879994e+000
      vertex -5.277296e-001 4.706398e-001 2.719999e+000
    endloop 
  endfacet
  facet normal -9.981402E-001 -6.052074E-002 -7.312880E-003
    outer loop 
      vertex -5.293235e-001 4.688449e-001 2.879994e+000
      vertex -5.193906e-001 3.188839e-001 2.765305e+000
      vertex -5.195529e-001 3.024182e-001 2.923727e+000
    endloop 
  endfacet
  facet normal -5.695618E-002 9.983457E-001 -7.856182E-003
    outer loop 
      vertex 4.706455e-001 5.276937e-001 2.720006e+000
      vertex 3.426029e-001 5.195257e-001 2.610327e+000
      vertex 3.507937e-001 5.211670e-001 2.759515e+000
    endloop 
  endfacet
  facet normal -5.615627E-002 9.983907E-001 -7.900593E-003
    outer loop 
      vertex 2.182045e-001 5.130426e-001 2.675265e+000
      vertex 3.507937e-001 5.211670e-001 2.759515e+000
      vertex 3.426029e-001 5.195257e-001 2.610327e+000
    endloop 
  endfacet
  facet normal -5.788561E-002 9.982660E-001 -1.068885E-002
    outer loop 
      vertex 3.507937e-001 5.211670e-001 2.759515e+000
      vertex 4.688395e-001 5.293021e-001 2.879997e+000
      vertex 4.706455e-001 5.276937e-001 2.720006e+000
    endloop 
  endfacet
  facet normal -6.039913E-002 9.981405E-001 -8.217691E-003
    outer loop 
      vertex 4.688395e-001 5.293021e-001 2.879997e+000
      vertex 3.507937e-001 5.211670e-001 2.759515e+000
      vertex 2.547017e-001 5.163099e-001 2.875823e+000
    endloop 
  endfacet
  facet normal -5.748558E-002 9.983295E-001 -5.802668E-003
    outer loop 
      vertex 2.182045e-001 5.130426e-001 2.675265e+000
      vertex 2.547017e-001 5.163099e-001 2.875823e+000
      vertex 3.507937e-001 5.211670e-001 2.759515e+000
    endloop 
  endfacet
  facet normal 5.717080E-002 -9.983356E-001 -7.582385E-003
    outer loop 
      vertex -4.706507e-001 -5.277439e-001 2.720007e+000
      vertex -3.172150e-001 -5.183264e-001 2.636944e+000
      vertex -3.212433e-001 -5.196791e-001 2.784678e+000
    endloop 
  endfacet
  facet normal 5.687248E-002 -9.983526E-001 -7.590674E-003
    outer loop 
      vertex -1.683642e-001 -5.104147e-001 2.711615e+000
      vertex -3.212433e-001 -5.196791e-001 2.784678e+000
      vertex -3.172150e-001 -5.183264e-001 2.636944e+000
    endloop 
  endfacet
  facet normal 5.848598E-002 -9.982794E-001 -4.205255E-003
    outer loop 
      vertex -1.683642e-001 -5.104147e-001 2.711615e+000
      vertex -1.708174e-001 -5.111529e-001 2.852737e+000
      vertex -3.212433e-001 -5.196791e-001 2.784678e+000
    endloop 
  endfacet
  facet normal 5.835877E-002 -9.982421E-001 -1.033858E-002
    outer loop 
      vertex -4.688920e-001 -5.292984e-001 2.880028e+000
      vertex -4.706507e-001 -5.277439e-001 2.720007e+000
      vertex -3.212433e-001 -5.196791e-001 2.784678e+000
    endloop 
  endfacet
  facet normal 9.983688E-001 5.661669E-002 -7.366315E-003
    outer loop 
      vertex 5.170528e-001 -3.005678e-001 2.586974e+000
      vertex 5.209531e-001 -3.441226e-001 2.780838e+000
      vertex 5.276809e-001 -4.706723e-001 2.720014e+000
    endloop 
  endfacet
  facet normal 9.983413E-001 5.711365E-002 -7.254115E-003
    outer loop 
      vertex 5.209531e-001 -3.441226e-001 2.780838e+000
      vertex 5.170528e-001 -3.005678e-001 2.586974e+000
      vertex 5.129813e-001 -2.144289e-001 2.704836e+000
    endloop 
  endfacet
  facet normal 9.982464E-001 5.821843E-002 -1.071243E-002
    outer loop 
      vertex 5.276809e-001 -4.706723e-001 2.720014e+000
      vertex 5.209531e-001 -3.441226e-001 2.780838e+000
      vertex 5.292921e-001 -4.688588e-001 2.880013e+000
    endloop 
  endfacet
  facet normal 9.982818E-001 5.837195E-002 -5.100616E-003
    outer loop 
      vertex 5.209531e-001 -3.441226e-001 2.780838e+000
      vertex 5.129813e-001 -2.144289e-001 2.704836e+000
      vertex 5.138286e-001 -2.162196e-001 2.850171e+000
    endloop 
  endfacet
  facet normal 4.550723E-002 -9.989579E-001 3.493965E-003
    outer loop 
      vertex 1.848990e-001 -4.927364e-001 1.990840e+000
      vertex 2.521546e-001 -4.890101e-001 2.180263e+000
      vertex 1.040383e-001 -4.957863e-001 2.172031e+000
    endloop 
  endfacet
  facet normal 4.171677E-002 -9.991279E-001 1.799532E-003
    outer loop 
      vertex 4.432850e-002 -4.985835e-001 2.003150e+000
      vertex 1.848990e-001 -4.927364e-001 1.990840e+000
      vertex 1.040383e-001 -4.957863e-001 2.172031e+000
    endloop 
  endfacet
  facet normal 3.767726E-002 -9.992835E-001 3.602945E-003
    outer loop 
      vertex 2.649568e-001 -4.904349e-001 1.791977e+000
      vertex 1.848990e-001 -4.927364e-001 1.990840e+000
      vertex 1.118951e-001 -4.961064e-001 1.819604e+000
    endloop 
  endfacet
  facet normal 4.172336E-002 -9.991274E-001 1.874878E-003
    outer loop 
      vertex 1.118951e-001 -4.961064e-001 1.819604e+000
      vertex 1.848990e-001 -4.927364e-001 1.990840e+000
      vertex 4.432850e-002 -4.985835e-001 2.003150e+000
    endloop 
  endfacet
  facet normal 4.196022E-002 -9.991080E-001 4.756296E-003
    outer loop 
      vertex 1.848990e-001 -4.927364e-001 1.990840e+000
      vertex 3.420328e-001 -4.860469e-001 2.009807e+000
      vertex 2.521546e-001 -4.890101e-001 2.180263e+000
    endloop 
  endfacet
  facet normal 4.189428E-002 -9.991080E-001 5.302648E-003
    outer loop 
      vertex 3.420328e-001 -4.860469e-001 2.009807e+000
      vertex 1.848990e-001 -4.927364e-001 1.990840e+000
      vertex 2.649568e-001 -4.904349e-001 1.791977e+000
    endloop 
  endfacet
  facet normal 9.968385E-001 7.916048E-002 -6.839924E-003
    outer loop 
      vertex 5.287691e-001 -3.428768e-001 3.755518e+000
      vertex 5.169158e-001 -1.948582e-001 3.741096e+000
      vertex 5.245466e-001 -2.786227e-001 3.883759e+000
    endloop 
  endfacet
  facet normal 9.966456E-001 8.166372E-002 -5.359833E-003
    outer loop 
      vertex 5.077940e-001 -7.572430e-002 3.860071e+000
      vertex 5.245466e-001 -2.786227e-001 3.883759e+000
      vertex 5.169158e-001 -1.948582e-001 3.741096e+000
    endloop 
  endfacet
  facet normal 9.965603E-001 8.243535E-002 -8.489930E-003
    outer loop 
      vertex 5.287691e-001 -3.428768e-001 3.755518e+000
      vertex 5.245466e-001 -2.786227e-001 3.883759e+000
      vertex 5.389852e-001 -4.576846e-001 3.839935e+000
    endloop 
  endfacet
  facet normal 9.966334E-001 8.192991E-002 -3.071196E-003
    outer loop 
      vertex 5.077940e-001 -7.572430e-002 3.860071e+000
      vertex 5.122241e-001 -1.243689e-001 4.000000e+000
      vertex 5.245466e-001 -2.786227e-001 3.883759e+000
    endloop 
  endfacet
  facet normal 9.964080E-001 8.443835E-002 -6.423829E-003
    outer loop 
      vertex 5.262667e-001 -2.900777e-001 4.000000e+000
      vertex 5.245466e-001 -2.786227e-001 3.883759e+000
      vertex 5.122241e-001 -1.243689e-001 4.000000e+000
    endloop 
  endfacet
  facet normal 9.962165E-001 8.668422E-002 -6.199675E-003
    outer loop 
      vertex 5.406711e-001 -4.556202e-001 4.000000e+000
      vertex 5.245466e-001 -2.786227e-001 3.883759e+000
      vertex 5.262667e-001 -2.900777e-001 4.000000e+000
    endloop 
  endfacet
  facet normal 9.964673E-001 8.318128E-002 -1.156831E-002
    outer loop 
      vertex 5.389852e-001 -4.576846e-001 3.839935e+000
      vertex 5.245466e-001 -2.786227e-001 3.883759e+000
      vertex 5.406711e-001 -4.556202e-001 4.000000e+000
    endloop 
  endfacet
  facet normal -9.967200E-001 -8.092420E-002 -6.401148E-004
    outer loop 
      vertex -4.932618e-001 -1.036003e-001 3.854940e+000
      vertex -5.066579e-001 6.143286e-002 3.850211e+000
      vertex -5.006852e-001 -1.105844e-002 3.714621e+000
    endloop 
  endfacet
  facet normal -9.967216E-001 -8.090717E-002 -4.130067E-005
    outer loop 
      vertex -5.066579e-001 6.143286e-002 3.850211e+000
      vertex -4.932618e-001 -1.036003e-001 3.854940e+000
      vertex -4.982999e-001 -4.160817e-002 4.000000e+000
    endloop 
  endfacet
  facet normal -9.967355E-001 -8.066986E-002 -3.249394E-003
    outer loop 
      vertex -5.227717e-001 2.620781e-001 3.811782e+000
      vertex -5.066579e-001 6.143286e-002 3.850211e+000
      vertex -5.122391e-001 1.243592e-001 4.000000e+000
    endloop 
  endfacet
  facet normal -9.967270E-001 -8.075586E-002 -3.701945E-003
    outer loop 
      vertex -5.227717e-001 2.620781e-001 3.811782e+000
      vertex -5.124791e-001 1.398744e-001 3.706368e+000
      vertex -5.066579e-001 6.143286e-002 3.850211e+000
    endloop 
  endfacet
  facet normal -9.964897E-001 -8.369262E-002 -1.970377E-003
    outer loop 
      vertex -5.066579e-001 6.143286e-002 3.850211e+000
      vertex -4.982999e-001 -4.160817e-002 4.000000e+000
      vertex -5.122391e-001 1.243592e-001 4.000000e+000
    endloop 
  endfacet
  facet normal -9.969493E-001 -7.802174E-002 -2.201965E-003
    outer loop 
      vertex -5.006852e-001 -1.105844e-002 3.714621e+000
      vertex -5.066579e-001 6.143286e-002 3.850211e+000
      vertex -5.124791e-001 1.398744e-001 3.706368e+000
    endloop 
  endfacet
  facet normal 8.113967E-002 -9.966975E-001 -3.224288E-003
    outer loop 
      vertex -1.913869e-001 -5.172256e-001 3.855160e+000
      vertex -3.358873e-002 -5.043819e-001 3.855915e+000
      vertex -1.243818e-001 -5.122393e-001 4.000000e+000
    endloop 
  endfacet
  facet normal 8.113866E-002 -9.966983E-001 -3.001773E-003
    outer loop 
      vertex -1.913869e-001 -5.172256e-001 3.855160e+000
      vertex -1.040618e-001 -5.096935e-001 3.714660e+000
      vertex -3.358873e-002 -5.043819e-001 3.855915e+000
    endloop 
  endfacet
  facet normal 8.098925E-002 -9.967149E-001 2.468023E-004
    outer loop 
      vertex 5.136571e-002 -4.975147e-001 3.710919e+000
      vertex 1.182819e-001 -4.920420e-001 3.853740e+000
      vertex -3.358873e-002 -5.043819e-001 3.855915e+000
    endloop 
  endfacet
  facet normal 8.098363E-002 -9.967155E-001 -1.491048E-004
    outer loop 
      vertex 1.182819e-001 -4.920420e-001 3.853740e+000
      vertex 4.157988e-002 -4.982960e-001 4.000000e+000
      vertex -3.358873e-002 -5.043819e-001 3.855915e+000
    endloop 
  endfacet
  facet normal 8.372053E-002 -9.964880E-001 -1.586552E-003
    outer loop 
      vertex -3.358873e-002 -5.043819e-001 3.855915e+000
      vertex 4.157988e-002 -4.982960e-001 4.000000e+000
      vertex -1.243818e-001 -5.122393e-001 4.000000e+000
    endloop 
  endfacet
  facet normal 7.808203E-002 -9.969459E-001 -1.467497E-003
    outer loop 
      vertex 5.136571e-002 -4.975147e-001 3.710919e+000
      vertex -3.358873e-002 -5.043819e-001 3.855915e+000
      vertex -1.040618e-001 -5.096935e-001 3.714660e+000
    endloop 
  endfacet
  facet normal -9.992893E-001 -3.690435E-002 -7.674957E-003
    outer loop 
      vertex -5.180545e-001 4.812574e-001 1.760004e+000
      vertex -5.120324e-001 3.475797e-001 1.618689e+000
      vertex -5.121459e-001 3.118877e-001 1.805087e+000
    endloop 
  endfacet
  facet normal -9.995279E-001 -2.975295E-002 -7.667033E-003
    outer loop 
      vertex -5.117357e-001 3.851103e-001 1.434373e+000
      vertex -5.068699e-001 2.227082e-001 1.430253e+000
      vertex -5.120324e-001 3.475797e-001 1.618689e+000
    endloop 
  endfacet
  facet normal -9.994023E-001 -3.352446E-002 -8.434790E-003
    outer loop 
      vertex -5.117357e-001 3.851103e-001 1.434373e+000
      vertex -5.120324e-001 3.475797e-001 1.618689e+000
      vertex -5.164175e-001 4.830071e-001 1.600000e+000
    endloop 
  endfacet
  facet normal -9.993718E-001 -3.382153E-002 -1.059468E-002
    outer loop 
      vertex -5.120324e-001 3.475797e-001 1.618689e+000
      vertex -5.180545e-001 4.812574e-001 1.760004e+000
      vertex -5.164175e-001 4.830071e-001 1.600000e+000
    endloop 
  endfacet
  facet normal -9.999010E-001 -1.305511E-002 5.261669E-003
    outer loop 
      vertex -4.964569e-001 -2.537675e-001 6.949230e-001
      vertex -4.981250e-001 -1.471356e-001 6.424989e-001
      vertex -4.972492e-001 -2.524324e-001 5.476665e-001
    endloop 
  endfacet
  facet normal 9.976656E-001 6.826879E-002 -1.651136E-003
    outer loop 
      vertex 5.034573e-001 -3.690383e-002 3.108894e+000
      vertex 4.940646e-001 1.036158e-001 3.243525e+000
      vertex 5.053293e-001 -5.957992e-002 3.302400e+000
    endloop 
  endfacet
  facet normal 9.978738E-001 6.515542E-002 1.612946E-003
    outer loop 
      vertex 4.895778e-001 1.760073e-001 3.095078e+000
      vertex 4.940646e-001 1.036158e-001 3.243525e+000
      vertex 5.034573e-001 -3.690383e-002 3.108894e+000
    endloop 
  endfacet
  facet normal 9.976044E-001 6.917190E-002 8.639017E-004
    outer loop 
      vertex 4.940646e-001 1.036158e-001 3.243525e+000
      vertex 4.965431e-001 6.601055e-002 3.392412e+000
      vertex 5.053293e-001 -5.957992e-002 3.302400e+000
    endloop 
  endfacet
  facet normal 9.976735E-001 6.810413E-002 3.056971E-003
    outer loop 
      vertex 4.822761e-001 2.763371e-001 3.242880e+000
      vertex 4.940646e-001 1.036158e-001 3.243525e+000
      vertex 4.895778e-001 1.760073e-001 3.095078e+000
    endloop 
  endfacet
  facet normal 9.976704E-001 6.810705E-002 3.894556E-003
    outer loop 
      vertex 4.854867e-001 2.204206e-001 3.398264e+000
      vertex 4.940646e-001 1.036158e-001 3.243525e+000
      vertex 4.822761e-001 2.763371e-001 3.242880e+000
    endloop 
  endfacet
  facet normal 9.974490E-001 7.136759E-002 1.421064E-003
    outer loop 
      vertex 4.854867e-001 2.204206e-001 3.398264e+000
      vertex 4.965431e-001 6.601055e-002 3.392412e+000
      vertex 4.940646e-001 1.036158e-001 3.243525e+000
    endloop 
  endfacet
  facet normal 3.682714E-002 -9.992887E-001 8.118412E-003
    outer loop 
      vertex 4.038906e-001 -4.847400e-001 1.851317e+000
      vertex 3.971962e-001 -4.862558e-001 1.695109e+000
      vertex 5.180293e-001 -4.812754e-001 1.760011e+000
    endloop 
  endfacet
  facet normal 3.750465E-002 -9.992637E-001 8.089135E-003
    outer loop 
      vertex 4.038906e-001 -4.847400e-001 1.851317e+000
      vertex 2.649568e-001 -4.904349e-001 1.791977e+000
      vertex 3.971962e-001 -4.862558e-001 1.695109e+000
    endloop 
  endfacet
  facet normal 3.346135E-002 -9.994065E-001 8.182398E-003
    outer loop 
      vertex 4.084089e-001 -4.871393e-001 1.541341e+000
      vertex 5.163828e-001 -4.830439e-001 1.600014e+000
      vertex 3.971962e-001 -4.862558e-001 1.695109e+000
    endloop 
  endfacet
  facet normal 3.294126E-002 -9.994240E-001 8.144573E-003
    outer loop 
      vertex 2.866707e-001 -4.908077e-001 1.583576e+000
      vertex 4.084089e-001 -4.871393e-001 1.541341e+000
      vertex 3.971962e-001 -4.862558e-001 1.695109e+000
    endloop 
  endfacet
  facet normal 3.545202E-002 -9.993142E-001 1.068051E-002
    outer loop 
      vertex 5.180293e-001 -4.812754e-001 1.760011e+000
      vertex 3.971962e-001 -4.862558e-001 1.695109e+000
      vertex 5.163828e-001 -4.830439e-001 1.600014e+000
    endloop 
  endfacet
  facet normal 3.560917E-002 -9.993507E-001 5.497769E-003
    outer loop 
      vertex 2.649568e-001 -4.904349e-001 1.791977e+000
      vertex 2.866707e-001 -4.908077e-001 1.583576e+000
      vertex 3.971962e-001 -4.862558e-001 1.695109e+000
    endloop 
  endfacet
  facet normal -5.440781E-002 9.984900E-001 7.583507E-003
    outer loop 
      vertex -4.005664e-001 4.785506e-001 2.639444e+000
      vertex -2.651624e-001 4.863268e-001 2.587038e+000
      vertex -3.784295e-001 4.808608e-001 2.494088e+000
    endloop 
  endfacet
  facet normal -5.358963E-002 9.985333E-001 7.708801E-003
    outer loop 
      vertex -5.261338e-001 4.724249e-001 2.560002e+000
      vertex -4.005664e-001 4.785506e-001 2.639444e+000
      vertex -3.784295e-001 4.808608e-001 2.494088e+000
    endloop 
  endfacet
  facet normal -5.528154E-002 9.984566E-001 5.321092E-003
    outer loop 
      vertex -4.005664e-001 4.785506e-001 2.639444e+000
      vertex -2.864440e-001 4.844069e-001 2.726192e+000
      vertex -2.651624e-001 4.863268e-001 2.587038e+000
    endloop 
  endfacet
  facet normal -5.540438E-002 9.984078E-001 1.058687E-002
    outer loop 
      vertex -5.261338e-001 4.724249e-001 2.560002e+000
      vertex -5.277296e-001 4.706398e-001 2.719999e+000
      vertex -4.005664e-001 4.785506e-001 2.639444e+000
    endloop 
  endfacet
  facet normal 9.985746E-001 5.278677E-002 7.901045E-003
    outer loop 
      vertex 4.797662e-001 4.000041e-001 2.488676e+000
      vertex 4.789678e-001 3.951241e-001 2.622193e+000
      vertex 4.889100e-001 2.227259e-001 2.517432e+000
    endloop 
  endfacet
  facet normal 9.985201E-001 5.380270E-002 7.937851E-003
    outer loop 
      vertex 4.789678e-001 3.951241e-001 2.622193e+000
      vertex 4.797662e-001 4.000041e-001 2.488676e+000
      vertex 4.724040e-001 5.261158e-001 2.560005e+000
    endloop 
  endfacet
  facet normal 9.984843E-001 5.485496E-002 4.488974E-003
    outer loop 
      vertex 4.862107e-001 2.578211e-001 2.688981e+000
      vertex 4.889100e-001 2.227259e-001 2.517432e+000
      vertex 4.789678e-001 3.951241e-001 2.622193e+000
    endloop 
  endfacet
  facet normal 9.984329E-001 5.498212E-002 1.043137E-002
    outer loop 
      vertex 4.706455e-001 5.276937e-001 2.720006e+000
      vertex 4.789678e-001 3.951241e-001 2.622193e+000
      vertex 4.724040e-001 5.261158e-001 2.560005e+000
    endloop 
  endfacet
  facet normal 5.570736E-002 -9.983927E-001 1.042775E-002
    outer loop 
      vertex 5.276809e-001 -4.706723e-001 2.720014e+000
      vertex 4.139307e-001 -4.776170e-001 2.662784e+000
      vertex 5.260946e-001 -4.724321e-001 2.560001e+000
    endloop 
  endfacet
  facet normal 5.718845E-002 -9.983354E-001 7.476967E-003
    outer loop 
      vertex 3.666139e-001 -4.790329e-001 2.835631e+000
      vertex 4.139307e-001 -4.776170e-001 2.662784e+000
      vertex 5.276809e-001 -4.706723e-001 2.720014e+000
    endloop 
  endfacet
  facet normal 5.607776E-002 -9.984006E-001 7.172382E-003
    outer loop 
      vertex 3.666139e-001 -4.790329e-001 2.835631e+000
      vertex 2.784860e-001 -4.851390e-001 2.674690e+000
      vertex 4.139307e-001 -4.776170e-001 2.662784e+000
    endloop 
  endfacet
  facet normal -9.999526E-001 -6.030448E-003 -7.644026E-003
    outer loop 
      vertex -5.010390e-001 3.618420e-001 1.635281e-001
      vertex -5.023835e-001 3.439669e-001 3.535109e-001
      vertex -5.030500e-001 4.969266e-001 3.200197e-001
    endloop 
  endfacet
  facet normal -9.999206E-001 -6.694313E-003 -1.067664E-002
    outer loop 
      vertex -5.030500e-001 4.969266e-001 3.200197e-001
      vertex -5.023835e-001 3.439669e-001 3.535109e-001
      vertex -5.047466e-001 4.951941e-001 4.800053e-001
    endloop 
  endfacet
  facet normal 9.965870E-001 8.228209E-002 6.627872E-003
    outer loop 
      vertex 4.701154e-001 3.742833e-001 4.000000e+000
      vertex 4.787588e-001 2.799174e-001 3.871860e+000
      vertex 4.664594e-001 4.268511e-001 3.897116e+000
    endloop 
  endfacet
  facet normal 9.961556E-001 8.712483E-002 9.117578E-003
    outer loop 
      vertex 4.555563e-001 5.407469e-001 4.000000e+000
      vertex 4.701154e-001 3.742833e-001 4.000000e+000
      vertex 4.664594e-001 4.268511e-001 3.897116e+000
    endloop 
  endfacet
  facet normal 9.963765E-001 8.413678E-002 1.244885E-002
    outer loop 
      vertex 4.577073e-001 5.389511e-001 3.839978e+000
      vertex 4.555563e-001 5.407469e-001 4.000000e+000
      vertex 4.664594e-001 4.268511e-001 3.897116e+000
    endloop 
  endfacet
  facet normal 9.965950E-001 8.208264E-002 7.792033E-003
    outer loop 
      vertex 4.707284e-001 3.883038e-001 3.757181e+000
      vertex 4.664594e-001 4.268511e-001 3.897116e+000
      vertex 4.787588e-001 2.799174e-001 3.871860e+000
    endloop 
  endfacet
  facet normal 9.966161E-001 8.181918E-002 7.865250E-003
    outer loop 
      vertex 4.707284e-001 3.883038e-001 3.757181e+000
      vertex 4.577073e-001 5.389511e-001 3.839978e+000
      vertex 4.664594e-001 4.268511e-001 3.897116e+000
    endloop 
  endfacet
  facet normal 4.200097E-002 -9.991064E-001 -4.728255E-003
    outer loop 
      vertex -1.983096e-001 -5.094764e-001 2.156502e+000
      vertex -2.318381e-001 -5.101300e-001 1.996784e+000
      vertex -9.423436e-002 -5.044175e-001 2.012030e+000
    endloop 
  endfacet
  facet normal -2.871207E-002 9.995796E-001 4.036056E-003
    outer loop 
      vertex -2.196421e-001 4.933022e-001 1.516032e+000
      vertex -1.362475e-001 4.963458e-001 1.355486e+000
      vertex -3.476055e-001 4.901260e-001 1.392335e+000
    endloop 
  endfacet
  facet normal -2.896173E-002 9.995236E-001 1.066803E-002
    outer loop 
      vertex -3.476055e-001 4.901260e-001 1.392335e+000
      vertex -5.131139e-001 4.865291e-001 1.280013e+000
      vertex -5.147636e-001 4.847736e-001 1.440014e+000
    endloop 
  endfacet
  facet normal 9.995962E-001 2.800866E-002 4.785864E-003
    outer loop 
      vertex 4.897237e-001 3.704901e-001 1.357538e+000
      vertex 4.924850e-001 2.528343e-001 1.469379e+000
      vertex 4.943809e-001 2.154760e-001 1.292020e+000
    endloop 
  endfacet
  facet normal 9.995419E-001 2.828266E-002 1.077027E-002
    outer loop 
      vertex 4.865236e-001 5.131026e-001 1.280027e+000
      vertex 4.847527e-001 5.147721e-001 1.440000e+000
      vertex 4.897237e-001 3.704901e-001 1.357538e+000
    endloop 
  endfacet
  facet normal 9.996237E-001 2.642920E-002 7.356711E-003
    outer loop 
      vertex 4.865236e-001 5.131026e-001 1.280027e+000
      vertex 4.897237e-001 3.704901e-001 1.357538e+000
      vertex 4.916557e-001 3.496905e-001 1.169752e+000
    endloop 
  endfacet
  facet normal 9.996102E-001 2.694678E-002 7.299244E-003
    outer loop 
      vertex 4.916557e-001 3.496905e-001 1.169752e+000
      vertex 4.897237e-001 3.704901e-001 1.357538e+000
      vertex 4.943809e-001 2.154760e-001 1.292020e+000
    endloop 
  endfacet
  facet normal -9.995570E-001 -2.929246E-002 5.284824E-003
    outer loop 
      vertex -4.893381e-001 -3.711042e-001 1.408492e+000
      vertex -4.917976e-001 -2.666472e-001 1.522289e+000
      vertex -4.940081e-001 -2.113001e-001 1.410965e+000
    endloop 
  endfacet
  facet normal -9.995129E-001 -2.935234E-002 1.060675E-002
    outer loop 
      vertex -4.865312e-001 -5.131073e-001 1.280025e+000
      vertex -4.847851e-001 -5.147619e-001 1.439987e+000
      vertex -4.893381e-001 -3.711042e-001 1.408492e+000
    endloop 
  endfacet
  facet normal 5.172459E-002 -9.986542E-001 -3.775465E-003
    outer loop 
      vertex -8.699620e-002 -5.051797e-001 2.467284e+000
      vertex -2.843611e-001 -5.154040e-001 2.467789e+000
      vertex -1.532954e-001 -5.080654e-001 2.322273e+000
    endloop 
  endfacet
  facet normal 4.875242E-002 -9.988080E-001 -2.413528E-003
    outer loop 
      vertex -8.699620e-002 -5.051797e-001 2.467284e+000
      vertex -1.532954e-001 -5.080654e-001 2.322273e+000
      vertex 1.170664e-002 -5.000244e-001 2.327606e+000
    endloop 
  endfacet
  facet normal 9.970869E-001 7.611818E-002 -4.878430E-003
    outer loop 
      vertex 5.266635e-001 -3.302366e-001 3.621085e+000
      vertex 5.149675e-001 -1.800334e-001 3.574202e+000
      vertex 5.169158e-001 -1.948582e-001 3.741096e+000
    endloop 
  endfacet
  facet normal 9.969680E-001 7.766776E-002 -4.739404E-003
    outer loop 
      vertex 5.149675e-001 -1.800334e-001 3.574202e+000
      vertex 5.018146e-001 -4.146881e-003 3.689764e+000
      vertex 5.169158e-001 -1.948582e-001 3.741096e+000
    endloop 
  endfacet
  facet normal 9.971390E-001 7.517447E-002 -7.914856E-003
    outer loop 
      vertex 5.266635e-001 -3.302366e-001 3.621085e+000
      vertex 5.253497e-001 -3.286690e-001 3.470456e+000
      vertex 5.149675e-001 -1.800334e-001 3.574202e+000
    endloop 
  endfacet
  facet normal 9.973198E-001 7.300907E-002 -4.794409E-003
    outer loop 
      vertex 5.253497e-001 -3.286690e-001 3.470456e+000
      vertex 5.150640e-001 -1.933845e-001 3.390966e+000
      vertex 5.149675e-001 -1.800334e-001 3.574202e+000
    endloop 
  endfacet
  facet normal 9.971493E-001 7.544222E-002 -1.331464E-003
    outer loop 
      vertex 5.045462e-001 -4.374001e-002 3.492118e+000
      vertex 5.018146e-001 -4.146881e-003 3.689764e+000
      vertex 5.149675e-001 -1.800334e-001 3.574202e+000
    endloop 
  endfacet
  facet normal 9.972944E-001 7.335263E-002 -4.819456E-003
    outer loop 
      vertex 5.045462e-001 -4.374001e-002 3.492118e+000
      vertex 5.149675e-001 -1.800334e-001 3.574202e+000
      vertex 5.150640e-001 -1.933845e-001 3.390966e+000
    endloop 
  endfacet
  facet normal -7.508120E-002 9.971665E-001 -4.670400E-003
    outer loop 
      vertex 3.029269e-001 5.242606e-001 3.576948e+000
      vertex 1.774750e-001 5.141215e-001 3.428943e+000
      vertex 1.103978e-001 5.096762e-001 3.558152e+000
    endloop 
  endfacet
  facet normal -7.508375E-002 9.971664E-001 -4.644167E-003
    outer loop 
      vertex 1.824724e-001 5.158278e-001 3.713748e+000
      vertex 3.029269e-001 5.242606e-001 3.576948e+000
      vertex 1.103978e-001 5.096762e-001 3.558152e+000
    endloop 
  endfacet
  facet normal -7.469817E-002 9.972062E-001 -2.816146E-004
    outer loop 
      vertex -1.974697e-002 4.999621e-001 3.681188e+000
      vertex 1.103978e-001 5.096762e-001 3.558152e+000
      vertex -3.978721e-002 4.984154e-001 3.519904e+000
    endloop 
  endfacet
  facet normal -7.437726E-002 9.972290E-001 -1.548427E-003
    outer loop 
      vertex 1.103978e-001 5.096762e-001 3.558152e+000
      vertex 2.474887e-002 5.030560e-001 3.408651e+000
      vertex -3.978721e-002 4.984154e-001 3.519904e+000
    endloop 
  endfacet
  facet normal -7.766672E-002 9.969735E-001 -3.440062E-003
    outer loop 
      vertex -1.974697e-002 4.999621e-001 3.681188e+000
      vertex 1.824724e-001 5.158278e-001 3.713748e+000
      vertex 1.103978e-001 5.096762e-001 3.558152e+000
    endloop 
  endfacet
  facet normal -7.186803E-002 9.974097E-001 -2.993959E-003
    outer loop 
      vertex 2.474887e-002 5.030560e-001 3.408651e+000
      vertex 1.103978e-001 5.096762e-001 3.558152e+000
      vertex 1.774750e-001 5.141215e-001 3.428943e+000
    endloop 
  endfacet
  facet normal -9.999964E-001 -2.692019E-003 -7.574959E-005
    outer loop 
      vertex -5.001916e-001 6.729785e-002 1.373148e-001
      vertex -5.000000e-001 0.000000e+000 0.000000e+000
      vertex -4.996188e-001 -1.455575e-001 1.405093e-001
    endloop 
  endfacet
  facet normal -9.999777E-001 -2.577486E-003 6.157474E-003
    outer loop 
      vertex -4.985314e-001 -3.205843e-001 2.438381e-001
      vertex -4.996188e-001 -1.455575e-001 1.405093e-001
      vertex -5.000000e-001 -3.333333e-001 0.000000e+000
    endloop 
  endfacet
  facet normal -9.999856E-001 -4.427184E-003 3.024386E-003
    outer loop 
      vertex -4.991356e-001 -1.491071e-001 2.950839e-001
      vertex -4.996188e-001 -1.455575e-001 1.405093e-001
      vertex -4.985314e-001 -3.205843e-001 2.438381e-001
    endloop 
  endfacet
  facet normal -9.999964E-001 0.000000E+000 2.712988E-003
    outer loop 
      vertex -4.996188e-001 -1.455575e-001 1.405093e-001
      vertex -5.000000e-001 -1.666667e-001 0.000000e+000
      vertex -5.000000e-001 -3.333333e-001 0.000000e+000
    endloop 
  endfacet
  facet normal -9.999964E-001 0.000000E+000 2.712988E-003
    outer loop 
      vertex -4.996188e-001 -1.455575e-001 1.405093e-001
      vertex -5.000000e-001 0.000000e+000 0.000000e+000
      vertex -5.000000e-001 -1.666667e-001 0.000000e+000
    endloop 
  endfacet
  facet normal 9.968387E-001 7.902965E-002 -8.182867E-003
    outer loop 
      vertex 5.169158e-001 -1.948582e-001 3.741096e+000
      vertex 5.287691e-001 -3.428768e-001 3.755518e+000
      vertex 5.266635e-001 -3.302366e-001 3.621085e+000
    endloop 
  endfacet
  facet normal 9.969210E-001 7.838611E-002 -2.056718E-003
    outer loop 
      vertex 5.018146e-001 -4.146881e-003 3.689764e+000
      vertex 5.077940e-001 -7.572430e-002 3.860071e+000
      vertex 5.169158e-001 -1.948582e-001 3.741096e+000
    endloop 
  endfacet
  facet normal 2.975991E-002 -9.995225E-001 -8.308196E-003
    outer loop 
      vertex -4.847851e-001 -5.147619e-001 1.439987e+000
      vertex -3.732382e-001 -5.101026e-001 1.279000e+000
      vertex -3.035853e-001 -5.092253e-001 1.422957e+000
    endloop 
  endfacet
  facet normal 2.673173E-002 -9.996192E-001 -6.842437E-003
    outer loop 
      vertex -2.141213e-001 -5.059352e-001 1.291814e+000
      vertex -3.035853e-001 -5.092253e-001 1.422957e+000
      vertex -3.732382e-001 -5.101026e-001 1.279000e+000
    endloop 
  endfacet
  facet normal 2.994910E-002 -9.995369E-001 -5.397187E-003
    outer loop 
      vertex -2.326049e-001 -5.077497e-001 1.543548e+000
      vertex -3.035853e-001 -5.092253e-001 1.422957e+000
      vertex -1.455998e-001 -5.045968e-001 1.442436e+000
    endloop 
  endfacet
  facet normal 2.986380E-002 -9.995430E-001 -4.703874E-003
    outer loop 
      vertex -2.141213e-001 -5.059352e-001 1.291814e+000
      vertex -1.455998e-001 -5.045968e-001 1.442436e+000
      vertex -3.035853e-001 -5.092253e-001 1.422957e+000
    endloop 
  endfacet
  facet normal 9.977075E-001 6.722134E-002 -7.802447E-003
    outer loop 
      vertex 5.324540e-001 -4.652711e-001 3.200002e+000
      vertex 5.231215e-001 -3.358379e-001 3.121761e+000
      vertex 5.239738e-001 -3.279309e-001 3.298873e+000
    endloop 
  endfacet
  facet normal 9.977030E-001 6.728942E-002 -7.805464E-003
    outer loop 
      vertex 5.239738e-001 -3.279309e-001 3.298873e+000
      vertex 5.231215e-001 -3.358379e-001 3.121761e+000
      vertex 5.141017e-001 -1.924926e-001 3.204594e+000
    endloop 
  endfacet
  facet normal 9.974869E-001 7.043264E-002 -7.695469E-003
    outer loop 
      vertex 5.340162e-001 -4.634745e-001 3.360005e+000
      vertex 5.239738e-001 -3.279309e-001 3.298873e+000
      vertex 5.253497e-001 -3.286690e-001 3.470456e+000
    endloop 
  endfacet
  facet normal 9.974242E-001 7.131494E-002 -7.691170E-003
    outer loop 
      vertex 5.150640e-001 -1.933845e-001 3.390966e+000
      vertex 5.253497e-001 -3.286690e-001 3.470456e+000
      vertex 5.239738e-001 -3.279309e-001 3.298873e+000
    endloop 
  endfacet
  facet normal 9.975498E-001 6.916516E-002 -1.051611E-002
    outer loop 
      vertex 5.239738e-001 -3.279309e-001 3.298873e+000
      vertex 5.340162e-001 -4.634745e-001 3.360005e+000
      vertex 5.324540e-001 -4.652711e-001 3.200002e+000
    endloop 
  endfacet
  facet normal 9.975801E-001 6.935936E-002 -4.819011E-003
    outer loop 
      vertex 5.141017e-001 -1.924926e-001 3.204594e+000
      vertex 5.150640e-001 -1.933845e-001 3.390966e+000
      vertex 5.239738e-001 -3.279309e-001 3.298873e+000
    endloop 
  endfacet
  facet normal -9.965951E-001 -8.196307E-002 8.955684E-003
    outer loop 
      vertex -4.686973e-001 -4.030028e-001 3.864132e+000
      vertex -4.672093e-001 -4.343946e-001 3.742424e+000
      vertex -4.577311e-001 -5.389785e-001 3.840004e+000
    endloop 
  endfacet
  facet normal -9.968526E-001 -7.885727E-002 8.151463E-003
    outer loop 
      vertex -4.672093e-001 -4.343946e-001 3.742424e+000
      vertex -4.686973e-001 -4.030028e-001 3.864132e+000
      vertex -4.771029e-001 -3.114507e-001 3.721876e+000
    endloop 
  endfacet
  facet normal -9.966219E-001 -8.189923E-002 6.096741E-003
    outer loop 
      vertex -4.702289e-001 -3.742506e-001 4.000000e+000
      vertex -4.809618e-001 -2.541422e-001 3.858971e+000
      vertex -4.686973e-001 -4.030028e-001 3.864132e+000
    endloop 
  endfacet
  facet normal -9.966217E-001 -8.189625E-002 6.182004E-003
    outer loop 
      vertex -4.771029e-001 -3.114507e-001 3.721876e+000
      vertex -4.686973e-001 -4.030028e-001 3.864132e+000
      vertex -4.809618e-001 -2.541422e-001 3.858971e+000
    endloop 
  endfacet
  facet normal -9.961973E-001 -8.683261E-002 7.145522E-003
    outer loop 
      vertex -4.702289e-001 -3.742506e-001 4.000000e+000
      vertex -4.686973e-001 -4.030028e-001 3.864132e+000
      vertex -4.557149e-001 -5.407645e-001 4.000000e+000
    endloop 
  endfacet
  facet normal -9.965286E-001 -8.243358E-002 1.163752E-002
    outer loop 
      vertex -4.577311e-001 -5.389785e-001 3.840004e+000
      vertex -4.557149e-001 -5.407645e-001 4.000000e+000
      vertex -4.686973e-001 -4.030028e-001 3.864132e+000
    endloop 
  endfacet
  facet normal 9.995188E-001 2.989971E-002 -8.256997E-003
    outer loop 
      vertex 5.102208e-001 -3.781534e-001 1.277437e+000
      vertex 5.089797e-001 -2.932933e-001 1.434499e+000
      vertex 5.147533e-001 -4.847833e-001 1.439989e+000
    endloop 
  endfacet
  facet normal 9.996267E-001 2.655125E-002 -6.446984E-003
    outer loop 
      vertex 5.089797e-001 -2.932933e-001 1.434499e+000
      vertex 5.102208e-001 -3.781534e-001 1.277437e+000
      vertex 5.065107e-001 -2.391320e-001 1.274730e+000
    endloop 
  endfacet
  facet normal -2.047613E-002 9.997638E-001 7.286922E-003
    outer loop 
      vertex -3.602270e-001 4.933832e-001 9.025011e-001
      vertex -3.471373e-001 4.924608e-001 1.065833e+000
      vertex -2.006670e-001 4.959714e-001 9.957519e-001
    endloop 
  endfacet
  facet normal -1.870552E-002 9.998159E-001 4.255813E-003
    outer loop 
      vertex -2.227792e-001 4.962326e-001 8.372156e-001
      vertex -3.602270e-001 4.933832e-001 9.025011e-001
      vertex -2.006670e-001 4.959714e-001 9.957519e-001
    endloop 
  endfacet
  facet normal -1.662110E-002 9.998338E-001 7.499924E-003
    outer loop 
      vertex -3.602270e-001 4.933832e-001 9.025011e-001
      vertex -3.665501e-001 4.944777e-001 7.425788e-001
      vertex -5.081676e-001 4.916927e-001 7.999975e-001
    endloop 
  endfacet
  facet normal -1.715480E-002 9.998245E-001 7.520963E-003
    outer loop 
      vertex -2.227792e-001 4.962326e-001 8.372156e-001
      vertex -3.665501e-001 4.944777e-001 7.425788e-001
      vertex -3.602270e-001 4.933832e-001 9.025011e-001
    endloop 
  endfacet
  facet normal -1.869994E-002 9.997700E-001 1.050131E-002
    outer loop 
      vertex -5.081676e-001 4.916927e-001 7.999975e-001
      vertex -5.098160e-001 4.899812e-001 9.600033e-001
      vertex -3.602270e-001 4.933832e-001 9.025011e-001
    endloop 
  endfacet
  facet normal -1.995179E-002 9.997747E-001 7.244963E-003
    outer loop 
      vertex -5.098160e-001 4.899812e-001 9.600033e-001
      vertex -3.471373e-001 4.924608e-001 1.065833e+000
      vertex -3.602270e-001 4.933832e-001 9.025011e-001
    endloop 
  endfacet
  facet normal 9.998367E-001 1.630361E-002 7.792865E-003
    outer loop 
      vertex 4.930246e-001 3.826973e-001 8.940979e-001
      vertex 4.945144e-001 3.636191e-001 7.428696e-001
      vertex 4.917127e-001 5.081304e-001 8.000030e-001
    endloop 
  endfacet
  facet normal 9.998196E-001 1.738754E-002 7.655954E-003
    outer loop 
      vertex 4.930246e-001 3.826973e-001 8.940979e-001
      vertex 4.960034e-001 2.351689e-001 8.401390e-001
      vertex 4.945144e-001 3.636191e-001 7.428696e-001
    endloop 
  endfacet
  facet normal 9.998196E-001 1.819050E-002 5.460604E-003
    outer loop 
      vertex 4.960034e-001 2.351689e-001 8.401390e-001
      vertex 4.930246e-001 3.826973e-001 8.940979e-001
      vertex 4.943542e-001 2.774028e-001 1.001423e+000
    endloop 
  endfacet
  facet normal 9.997748E-001 1.839644E-002 1.058357E-002
    outer loop 
      vertex 4.917127e-001 5.081304e-001 8.000030e-001
      vertex 4.899883e-001 5.097948e-001 9.599988e-001
      vertex 4.930246e-001 3.826973e-001 8.940979e-001
    endloop 
  endfacet
  facet normal 1.632921E-002 -9.998365E-001 7.769046E-003
    outer loop 
      vertex 3.605084e-001 -4.948835e-001 7.016535e-001
      vertex 5.081447e-001 -4.917082e-001 7.999943e-001
      vertex 3.904032e-001 -4.929738e-001 8.845850e-001
    endloop 
  endfacet
  facet normal 1.720392E-002 -9.998229E-001 7.625958E-003
    outer loop 
      vertex 3.605084e-001 -4.948835e-001 7.016535e-001
      vertex 3.904032e-001 -4.929738e-001 8.845850e-001
      vertex 2.509278e-001 -4.957910e-001 8.298900e-001
    endloop 
  endfacet
  facet normal 1.786882E-002 -9.998227E-001 5.930419E-003
    outer loop 
      vertex 2.509278e-001 -4.957910e-001 8.298900e-001
      vertex 3.904032e-001 -4.929738e-001 8.845850e-001
      vertex 3.039412e-001 -4.939821e-001 9.751099e-001
    endloop 
  endfacet
  facet normal 1.829921E-002 -9.997773E-001 1.051197E-002
    outer loop 
      vertex 5.097991e-001 -4.899957e-001 9.599906e-001
      vertex 3.904032e-001 -4.929738e-001 8.845850e-001
      vertex 5.081447e-001 -4.917082e-001 7.999943e-001
    endloop 
  endfacet
  facet normal -9.977770E-001 -6.640965E-002 5.544664E-003
    outer loop 
      vertex -4.749104e-001 -3.953974e-001 3.150374e+000
      vertex -4.838910e-001 -2.558775e-001 3.205345e+000
      vertex -4.818973e-001 -3.016233e-001 3.016213e+000
    endloop 
  endfacet
  facet normal -9.979390E-001 -6.373970E-002 7.419311E-003
    outer loop 
      vertex -4.818973e-001 -3.016233e-001 3.016213e+000
      vertex -4.670765e-001 -5.308942e-001 3.040021e+000
      vertex -4.749104e-001 -3.953974e-001 3.150374e+000
    endloop 
  endfacet
  facet normal -9.977461E-001 -6.626866E-002 1.053818E-002
    outer loop 
      vertex -4.652821e-001 -5.324726e-001 3.199987e+000
      vertex -4.749104e-001 -3.953974e-001 3.150374e+000
      vertex -4.670765e-001 -5.308942e-001 3.040021e+000
    endloop 
  endfacet
  facet normal -6.727885E-002 9.977039E-001 7.780000E-003
    outer loop 
      vertex -4.027585e-001 4.747878e-001 3.099356e+000
      vertex -5.324891e-001 4.652548e-001 3.199992e+000
      vertex -3.954254e-001 4.740728e-001 3.254461e+000
    endloop 
  endfacet
  facet normal -6.630419E-002 9.977695E-001 7.734221E-003
    outer loop 
      vertex -2.822459e-001 4.823252e-001 3.160114e+000
      vertex -4.027585e-001 4.747878e-001 3.099356e+000
      vertex -3.954254e-001 4.740728e-001 3.254461e+000
    endloop 
  endfacet
  facet normal -6.488822E-002 9.978805E-001 4.911858E-003
    outer loop 
      vertex -2.822459e-001 4.823252e-001 3.160114e+000
      vertex -2.500424e-001 4.852104e-001 2.999372e+000
      vertex -4.027585e-001 4.747878e-001 3.099356e+000
    endloop 
  endfacet
  facet normal -6.510959E-002 9.978220E-001 1.058759E-002
    outer loop 
      vertex -4.027585e-001 4.747878e-001 3.099356e+000
      vertex -5.309069e-001 4.670558e-001 3.039992e+000
      vertex -5.324891e-001 4.652548e-001 3.199992e+000
    endloop 
  endfacet
  facet normal 9.978705E-001 6.507546E-002 4.430126E-003
    outer loop 
      vertex 4.859321e-001 2.413173e-001 2.956884e+000
      vertex 4.770154e-001 3.682571e-001 3.100684e+000
      vertex 4.895778e-001 1.760073e-001 3.095078e+000
    endloop 
  endfacet
  facet normal 9.978217E-001 6.508045E-002 1.078736E-002
    outer loop 
      vertex 4.670652e-001 5.308723e-001 3.040015e+000
      vertex 4.652317e-001 5.324630e-001 3.200009e+000
      vertex 4.770154e-001 3.682571e-001 3.100684e+000
    endloop 
  endfacet
  facet normal 9.978685E-001 6.505473E-002 5.136581E-003
    outer loop 
      vertex 4.770154e-001 3.682571e-001 3.100684e+000
      vertex 4.822761e-001 2.763371e-001 3.242880e+000
      vertex 4.895778e-001 1.760073e-001 3.095078e+000
    endloop 
  endfacet
  facet normal 0.000000E+000 0.000000E+000 -1.000000E+000
    outer loop 
      vertex 3.779213e-001 8.281100e-002 0.000000e+000
      vertex 3.752419e-001 -5.933267e-002 0.000000e+000
      vertex 2.514290e-001 2.113478e-002 0.000000e+000
    endloop 
  endfacet
  facet normal 0.000000E+000 0.000000E+000 -1.000000E+000
    outer loop 
      vertex 5.000000e-001 0.000000e+000 0.000000e+000
      vertex 3.752419e-001 -5.933267e-002 0.000000e+000
      vertex 3.779213e-001 8.281100e-002 0.000000e+000
    endloop 
  endfacet
  facet normal 0.000000E+000 0.000000E+000 -1.000000E+000
    outer loop 
      vertex 3.752419e-001 -5.933267e-002 0.000000e+000
      vertex 2.463146e-001 -1.167427e-001 0.000000e+000
      vertex 2.514290e-001 2.113478e-002 0.000000e+000
    endloop 
  endfacet
  facet normal 0.000000E+000 0.000000E+000 -1.000000E+000
    outer loop 
      vertex 5.000000e-001 0.000000e+000 0.000000e+000
      vertex 5.000000e-001 -1.666667e-001 0.000000e+000
      vertex 3.752419e-001 -5.933267e-002 0.000000e+000
    endloop 
  endfacet
  facet normal -9.997689E-001 -1.986076E-002 8.226068E-003
    outer loop 
      vertex -4.899827e-001 -5.098135e-001 9.600059e-001
      vertex -4.937846e-001 -3.195258e-001 9.573624e-001
      vertex -4.930771e-001 -3.964283e-001 8.576831e-001
    endloop 
  endfacet
  facet normal -9.998264E-001 -1.749869E-002 6.403320E-003
    outer loop 
      vertex -4.955200e-001 -2.690482e-001 8.243384e-001
      vertex -4.930771e-001 -3.964283e-001 8.576831e-001
      vertex -4.937846e-001 -3.195258e-001 9.573624e-001
    endloop 
  endfacet
  facet normal -9.997867E-001 -1.772862E-002 1.058927E-002
    outer loop 
      vertex -4.899827e-001 -5.098135e-001 9.600059e-001
      vertex -4.930771e-001 -3.964283e-001 8.576831e-001
      vertex -4.917069e-001 -5.081530e-001 7.999942e-001
    endloop 
  endfacet
  facet normal -9.992348E-001 -3.766526E-002 -1.054072E-002
    outer loop 
      vertex -5.180545e-001 4.812574e-001 1.760004e+000
      vertex -5.121459e-001 3.118877e-001 1.805087e+000
      vertex -5.196766e-001 4.795199e-001 1.919976e+000
    endloop 
  endfacet
  facet normal -9.991626E-001 -4.038599E-002 -6.566226E-003
    outer loop 
      vertex -5.196766e-001 4.795199e-001 1.919976e+000
      vertex -5.121459e-001 3.118877e-001 1.805087e+000
      vertex -5.113598e-001 2.595506e-001 2.007377e+000
    endloop 
  endfacet
  facet normal -9.992402E-001 -3.849892E-002 -6.077694E-003
    outer loop 
      vertex -5.121459e-001 3.118877e-001 1.805087e+000
      vertex -5.062456e-001 1.515095e-001 1.850928e+000
      vertex -5.113598e-001 2.595506e-001 2.007377e+000
    endloop 
  endfacet
  facet normal -1.480357E-002 9.998878E-001 -2.277917E-003
    outer loop 
      vertex 1.087952e-001 5.012820e-001 5.676981e-001
      vertex 2.327661e-002 5.004023e-001 7.373155e-001
      vertex 1.896705e-001 5.028046e-001 7.104547e-001
    endloop 
  endfacet
  facet normal -1.216381E-002 9.999256E-001 -9.467949E-004
    outer loop 
      vertex 2.327661e-002 5.004023e-001 7.373155e-001
      vertex 1.087952e-001 5.012820e-001 5.676981e-001
      vertex -8.209358e-002 4.990059e-001 6.163588e-001
    endloop 
  endfacet
  facet normal -8.324860E-003 9.999624E-001 -2.389312E-003
    outer loop 
      vertex 2.232916e-001 5.018916e-001 4.239106e-001
      vertex 7.861200e-002 5.006583e-001 4.118338e-001
      vertex 1.087952e-001 5.012820e-001 5.676981e-001
    endloop 
  endfacet
  facet normal -1.139646E-002 9.999233E-001 -4.835363E-003
    outer loop 
      vertex 1.087952e-001 5.012820e-001 5.676981e-001
      vertex 3.211479e-001 5.036896e-001 5.650956e-001
      vertex 2.232916e-001 5.018916e-001 4.239106e-001
    endloop 
  endfacet
  facet normal -1.138887E-002 9.999263E-001 -4.212842E-003
    outer loop 
      vertex 1.087952e-001 5.012820e-001 5.676981e-001
      vertex 1.896705e-001 5.028046e-001 7.104547e-001
      vertex 3.211479e-001 5.036896e-001 5.650956e-001
    endloop 
  endfacet
  facet normal -9.490660E-003 9.999526E-001 -2.163515E-003
    outer loop 
      vertex 1.087952e-001 5.012820e-001 5.676981e-001
      vertex 7.861200e-002 5.006583e-001 4.118338e-001
      vertex -6.113053e-002 4.994448e-001 4.639645e-001
    endloop 
  endfacet
  facet normal -1.159516E-002 9.999319E-001 1.284231E-003
    outer loop 
      vertex 1.087952e-001 5.012820e-001 5.676981e-001
      vertex -6.113053e-002 4.994448e-001 4.639645e-001
      vertex -8.209358e-002 4.990059e-001 6.163588e-001
    endloop 
  endfacet
  facet normal 9.997902E-001 2.048068E-002 -1.210331E-004
    outer loop 
      vertex 5.029963e-001 -1.424257e-001 9.848101e-001
      vertex 5.002000e-001 -6.438111e-003 8.973390e-001
      vertex 4.997541e-001 1.630647e-002 1.062221e+000
    endloop 
  endfacet
  facet normal 9.977404E-001 6.716321E-002 -1.781414E-003
    outer loop 
      vertex 5.034573e-001 -3.690383e-002 3.108894e+000
      vertex 5.053293e-001 -5.957992e-002 3.302400e+000
      vertex 5.141017e-001 -1.924926e-001 3.204594e+000
    endloop 
  endfacet
  facet normal 9.979590E-001 6.381996E-002 -2.182841E-003
    outer loop 
      vertex 5.034573e-001 -3.690383e-002 3.108894e+000
      vertex 5.140682e-001 -2.058191e-001 3.021420e+000
      vertex 5.064904e-001 -9.081496e-002 2.919373e+000
    endloop 
  endfacet
  facet normal 9.978577E-001 6.523548E-002 -4.928569E-003
    outer loop 
      vertex 5.140682e-001 -2.058191e-001 3.021420e+000
      vertex 5.034573e-001 -3.690383e-002 3.108894e+000
      vertex 5.141017e-001 -1.924926e-001 3.204594e+000
    endloop 
  endfacet
  facet normal 9.980880E-001 6.178759E-002 -1.602648E-003
    outer loop 
      vertex 4.967094e-001 6.812325e-002 2.955629e+000
      vertex 5.034573e-001 -3.690383e-002 3.108894e+000
      vertex 5.064904e-001 -9.081496e-002 2.919373e+000
    endloop 
  endfacet
  facet normal 9.978789E-001 6.509475E-002 6.728406E-004
    outer loop 
      vertex 4.967094e-001 6.812325e-002 2.955629e+000
      vertex 4.895778e-001 1.760073e-001 3.095078e+000
      vertex 5.034573e-001 -3.690383e-002 3.108894e+000
    endloop 
  endfacet
  facet normal -6.367955E-002 9.979515E-001 -6.143715E-003
    outer loop 
      vertex 2.547017e-001 5.163099e-001 2.875823e+000
      vertex 1.382145e-001 5.098209e-001 3.029177e+000
      vertex 3.245367e-001 5.218397e-001 3.050227e+000
    endloop 
  endfacet
  facet normal -6.387863E-002 9.979481E-001 -4.379625E-003
    outer loop 
      vertex 3.245367e-001 5.218397e-001 3.050227e+000
      vertex 1.382145e-001 5.098209e-001 3.029177e+000
      vertex 1.830848e-001 5.133098e-001 3.169710e+000
    endloop 
  endfacet
  facet normal -6.275571E-002 9.980249E-001 -2.823695E-003
    outer loop 
      vertex 1.382145e-001 5.098209e-001 3.029177e+000
      vertex 8.423294e-002 5.060252e-001 2.887329e+000
      vertex -5.615369e-002 4.974546e-001 2.978115e+000
    endloop 
  endfacet
  facet normal -6.047039E-002 9.981632E-001 -3.697096E-003
    outer loop 
      vertex 8.423294e-002 5.060252e-001 2.887329e+000
      vertex 1.382145e-001 5.098209e-001 3.029177e+000
      vertex 2.547017e-001 5.163099e-001 2.875823e+000
    endloop 
  endfacet
  facet normal -9.998295E-001 -1.840206E-002 -1.501837E-003
    outer loop 
      vertex -5.018128e-001 9.619921e-002 8.703505e-001
      vertex -4.994600e-001 -3.402508e-002 8.996623e-001
      vertex -5.013070e-001 5.573567e-002 1.029458e+000
    endloop 
  endfacet
  facet normal -9.999322E-001 -1.152877E-002 -1.630225E-003
    outer loop 
      vertex -5.011637e-001 8.660404e-002 6.354085e-001
      vertex -5.023506e-001 1.975557e-001 5.787482e-001
      vertex -5.005233e-001 4.775816e-002 5.173243e-001
    endloop 
  endfacet
  facet normal -9.999151E-001 -1.298559E-002 -1.150884E-003
    outer loop 
      vertex -5.011637e-001 8.660404e-002 6.354085e-001
      vertex -5.005233e-001 4.775816e-002 5.173243e-001
      vertex -4.996194e-001 -3.266959e-002 6.394172e-001
    endloop 
  endfacet
  facet normal 1.496801E-002 -9.998804E-001 -3.892941E-003
    outer loop 
      vertex -2.365411e-001 -5.035202e-001 7.159908e-001
      vertex -1.800752e-001 -5.021722e-001 5.868810e-001
      vertex -8.028317e-002 -5.012730e-001 7.396039e-001
    endloop 
  endfacet
  facet normal 1.503072E-002 -9.998778E-001 -4.308181E-003
    outer loop 
      vertex -1.923965e-001 -5.034805e-001 8.607928e-001
      vertex -2.365411e-001 -5.035202e-001 7.159908e-001
      vertex -8.028317e-002 -5.012730e-001 7.396039e-001
    endloop 
  endfacet
  facet normal 1.796472E-002 -9.998373E-001 -1.593174E-003
    outer loop 
      vertex -2.006041e-002 -5.004585e-001 9.075577e-001
      vertex -1.923965e-001 -5.034805e-001 8.607928e-001
      vertex -8.028317e-002 -5.012730e-001 7.396039e-001
    endloop 
  endfacet
  facet normal 1.199054E-002 -9.999263E-001 -1.947136E-003
    outer loop 
      vertex -1.800752e-001 -5.021722e-001 5.868810e-001
      vertex 2.899493e-003 -5.000020e-001 5.991664e-001
      vertex -8.028317e-002 -5.012730e-001 7.396039e-001
    endloop 
  endfacet
  facet normal -1.985392E-002 9.998003E-001 -2.298348E-003
    outer loop 
      vertex 1.071043e-001 5.019871e-001 8.612809e-001
      vertex 9.490236e-002 5.020760e-001 1.005371e+000
      vertex 2.345567e-001 5.047457e-001 9.603009e-001
    endloop 
  endfacet
  facet normal -1.762374E-002 9.998313E-001 -5.169771E-003
    outer loop 
      vertex 1.071043e-001 5.019871e-001 8.612809e-001
      vertex 2.345567e-001 5.047457e-001 9.603009e-001
      vertex 2.474147e-001 5.043082e-001 8.318676e-001
    endloop 
  endfacet
  facet normal -1.740102E-002 9.998401E-001 -4.106636E-003
    outer loop 
      vertex 1.071043e-001 5.019871e-001 8.612809e-001
      vertex 2.474147e-001 5.043082e-001 8.318676e-001
      vertex 1.896705e-001 5.028046e-001 7.104547e-001
    endloop 
  endfacet
  facet normal -1.860237E-002 9.998245E-001 -2.192379E-003
    outer loop 
      vertex 1.071043e-001 5.019871e-001 8.612809e-001
      vertex -5.873361e-002 4.989938e-001 9.033437e-001
      vertex 9.490236e-002 5.020760e-001 1.005371e+000
    endloop 
  endfacet
  facet normal -6.916947E-002 9.976033E-001 1.813055E-003
    outer loop 
      vertex -1.274127e-001 4.921253e-001 3.411732e+000
      vertex -6.793144e-002 4.964921e-001 3.278221e+000
      vertex -2.376344e-001 4.846906e-001 3.297505e+000
    endloop 
  endfacet
  facet normal -6.910138E-002 9.976068E-001 2.414367E-003
    outer loop 
      vertex -2.376344e-001 4.846906e-001 3.297505e+000
      vertex -6.793144e-002 4.964921e-001 3.278221e+000
      vertex -1.410771e-001 4.917685e-001 3.136526e+000
    endloop 
  endfacet
  facet normal -7.163695E-002 9.974306E-001 7.081070E-004
    outer loop 
      vertex 2.474887e-002 5.030560e-001 3.408651e+000
      vertex -6.793144e-002 4.964921e-001 3.278221e+000
      vertex -1.274127e-001 4.921253e-001 3.411732e+000
    endloop 
  endfacet
  facet normal -6.800677E-002 9.976724E-001 -4.983738E-003
    outer loop 
      vertex 2.131709e-001 5.160506e-001 3.307845e+000
      vertex 3.296122e-001 5.236700e-001 3.244195e+000
      vertex 1.830848e-001 5.133098e-001 3.169710e+000
    endloop 
  endfacet
  facet normal -9.999135E-001 -1.204779E-002 5.270869E-003
    outer loop 
      vertex -4.955146e-001 -3.753786e-001 5.956991e-001
      vertex -4.964569e-001 -2.537675e-001 6.949230e-001
      vertex -4.972492e-001 -2.524324e-001 5.476665e-001
    endloop 
  endfacet
  facet normal -9.999241E-001 -9.492909E-003 7.848098E-003
    outer loop 
      vertex -4.951946e-001 -5.047492e-001 4.799882e-001
      vertex -4.955146e-001 -3.753786e-001 5.956991e-001
      vertex -4.968798e-001 -3.676211e-001 4.311408e-001
    endloop 
  endfacet
  facet normal -9.999084E-001 -1.106995E-002 7.773623E-003
    outer loop 
      vertex -4.955146e-001 -3.753786e-001 5.956991e-001
      vertex -4.972492e-001 -2.524324e-001 5.476665e-001
      vertex -4.968798e-001 -3.676211e-001 4.311408e-001
    endloop 
  endfacet
  facet normal -9.998702E-001 -1.204199E-002 1.069825E-002
    outer loop 
      vertex -4.951946e-001 -5.047492e-001 4.799882e-001
      vertex -4.934620e-001 -5.064555e-001 6.399972e-001
      vertex -4.955146e-001 -3.753786e-001 5.956991e-001
    endloop 
  endfacet
  facet normal -3.535955E-002 9.993747E-001 -1.454318E-004
    outer loop 
      vertex -1.404515e-001 4.953734e-001 1.679307e+000
      vertex 4.204942e-002 5.018380e-001 1.730253e+000
      vertex -2.363015e-002 4.994881e-001 1.550764e+000
    endloop 
  endfacet
  facet normal -3.205016E-002 9.994822E-001 2.865619E-003
    outer loop 
      vertex -2.196421e-001 4.933022e-001 1.516032e+000
      vertex -1.404515e-001 4.953734e-001 1.679307e+000
      vertex -2.363015e-002 4.994881e-001 1.550764e+000
    endloop 
  endfacet
  facet normal -3.288020E-002 9.994555E-001 -2.783484E-003
    outer loop 
      vertex -2.363015e-002 4.994881e-001 1.550764e+000
      vertex 2.100577e-001 5.073425e-001 1.610574e+000
      vertex 9.353232e-002 5.029619e-001 1.414101e+000
    endloop 
  endfacet
  facet normal -3.336824E-002 9.994428E-001 -8.749939E-004
    outer loop 
      vertex 2.100577e-001 5.073425e-001 1.610574e+000
      vertex -2.363015e-002 4.994881e-001 1.550764e+000
      vertex 4.204942e-002 5.018380e-001 1.730253e+000
    endloop 
  endfacet
  facet normal -2.893450E-002 9.995811E-001 6.024044E-004
    outer loop 
      vertex -2.363015e-002 4.994881e-001 1.550764e+000
      vertex 9.353232e-002 5.029619e-001 1.414101e+000
      vertex -1.362475e-001 4.963458e-001 1.355486e+000
    endloop 
  endfacet
  facet normal -3.195856E-002 9.994864E-001 2.347918E-003
    outer loop 
      vertex -2.196421e-001 4.933022e-001 1.516032e+000
      vertex -2.363015e-002 4.994881e-001 1.550764e+000
      vertex -1.362475e-001 4.963458e-001 1.355486e+000
    endloop 
  endfacet
  facet normal -6.921904E-002 9.975720E-001 7.668113E-003
    outer loop 
      vertex -2.376344e-001 4.846906e-001 3.297505e+000
      vertex -3.954254e-001 4.740728e-001 3.254461e+000
      vertex -3.936260e-001 4.730313e-001 3.406189e+000
    endloop 
  endfacet
  facet normal -7.147773E-002 9.974324E-001 4.411283E-003
    outer loop 
      vertex -2.376344e-001 4.846906e-001 3.297505e+000
      vertex -3.936260e-001 4.730313e-001 3.406189e+000
      vertex -2.599867e-001 4.824026e-001 3.452670e+000
    endloop 
  endfacet
  facet normal -7.066038E-002 9.974708E-001 7.684513E-003
    outer loop 
      vertex -3.954254e-001 4.740728e-001 3.254461e+000
      vertex -5.340703e-001 4.634382e-001 3.360002e+000
      vertex -3.936260e-001 4.730313e-001 3.406189e+000
    endloop 
  endfacet
  facet normal -7.436631E-002 9.972030E-001 7.469719E-003
    outer loop 
      vertex -3.552516e-001 4.745536e-001 3.585015e+000
      vertex -3.936260e-001 4.730313e-001 3.406189e+000
      vertex -5.356759e-001 4.615855e-001 3.519995e+000
    endloop 
  endfacet
  facet normal -7.238770E-002 9.973517E-001 7.043863E-003
    outer loop 
      vertex -2.599867e-001 4.824026e-001 3.452670e+000
      vertex -3.936260e-001 4.730313e-001 3.406189e+000
      vertex -3.552516e-001 4.745536e-001 3.585015e+000
    endloop 
  endfacet
  facet normal -7.168771E-002 9.973683E-001 1.082969E-002
    outer loop 
      vertex -5.340703e-001 4.634382e-001 3.360002e+000
      vertex -5.356759e-001 4.615855e-001 3.519995e+000
      vertex -3.936260e-001 4.730313e-001 3.406189e+000
    endloop 
  endfacet
  facet normal 9.972163E-001 7.421511E-002 7.193249E-003
    outer loop 
      vertex 4.757109e-001 3.410572e-001 3.571530e+000
      vertex 4.735641e-001 3.868715e-001 3.396462e+000
      vertex 4.616033e-001 5.356150e-001 3.519988e+000
    endloop 
  endfacet
  facet normal 9.974186E-001 7.151360E-002 6.483796E-003
    outer loop 
      vertex 4.757109e-001 3.410572e-001 3.571530e+000
      vertex 4.854867e-001 2.204206e-001 3.398264e+000
      vertex 4.735641e-001 3.868715e-001 3.396462e+000
    endloop 
  endfacet
  facet normal 9.973909E-001 7.140982E-002 1.058817E-002
    outer loop 
      vertex 4.634138e-001 5.340469e-001 3.360012e+000
      vertex 4.616033e-001 5.356150e-001 3.519988e+000
      vertex 4.735641e-001 3.868715e-001 3.396462e+000
    endloop 
  endfacet
  facet normal 9.974275E-001 7.149948E-002 5.120374E-003
    outer loop 
      vertex 4.854867e-001 2.204206e-001 3.398264e+000
      vertex 4.822761e-001 2.763371e-001 3.242880e+000
      vertex 4.735641e-001 3.868715e-001 3.396462e+000
    endloop 
  endfacet
  facet normal 9.985193E-001 5.424905E-002 -4.025503E-003
    outer loop 
      vertex 5.170528e-001 -3.005678e-001 2.586974e+000
      vertex 5.088860e-001 -1.627367e-001 2.418689e+000
      vertex 5.066476e-001 -1.092988e-001 2.583593e+000
    endloop 
  endfacet
  facet normal 9.986920E-001 5.065146E-002 -6.980439E-003
    outer loop 
      vertex 5.170528e-001 -3.005678e-001 2.586974e+000
      vertex 5.173321e-001 -3.317945e-001 2.400356e+000
      vertex 5.088860e-001 -1.627367e-001 2.418689e+000
    endloop 
  endfacet
  facet normal 9.986725E-001 5.141537E-002 -3.105152E-003
    outer loop 
      vertex 5.088860e-001 -1.627367e-001 2.418689e+000
      vertex 4.993590e-001 2.495401e-002 2.462425e+000
      vertex 5.066476e-001 -1.092988e-001 2.583593e+000
    endloop 
  endfacet
  facet normal 9.988657E-001 4.743752E-002 -4.141278E-003
    outer loop 
      vertex 5.088860e-001 -1.627367e-001 2.418689e+000
      vertex 5.119194e-001 -2.416809e-001 2.246033e+000
      vertex 5.026473e-001 -4.389865e-002 2.275198e+000
    endloop 
  endfacet
  facet normal 9.986992E-001 5.097399E-002 -1.205184E-003
    outer loop 
      vertex 4.993590e-001 2.495401e-002 2.462425e+000
      vertex 5.088860e-001 -1.627367e-001 2.418689e+000
      vertex 5.026473e-001 -4.389865e-002 2.275198e+000
    endloop 
  endfacet
  facet normal 9.987088E-001 5.049638E-002 -5.542647E-003
    outer loop 
      vertex 5.088860e-001 -1.627367e-001 2.418689e+000
      vertex 5.173321e-001 -3.317945e-001 2.400356e+000
      vertex 5.119194e-001 -2.416809e-001 2.246033e+000
    endloop 
  endfacet
  facet normal 5.542331E-002 -9.984044E-001 -1.081819E-002
    outer loop 
      vertex -4.706507e-001 -5.277439e-001 2.720007e+000
      vertex -4.724637e-001 -5.261106e-001 2.559978e+000
      vertex -3.172150e-001 -5.183264e-001 2.636944e+000
    endloop 
  endfacet
  facet normal 5.347111E-002 -9.985458E-001 -6.866091E-003
    outer loop 
      vertex -4.724637e-001 -5.261106e-001 2.559978e+000
      vertex -2.843611e-001 -5.154040e-001 2.467789e+000
      vertex -3.172150e-001 -5.183264e-001 2.636944e+000
    endloop 
  endfacet
  facet normal -5.474227E-002 9.984458E-001 -1.044822E-002
    outer loop 
      vertex 3.426029e-001 5.195257e-001 2.610327e+000
      vertex 4.706455e-001 5.276937e-001 2.720006e+000
      vertex 4.724040e-001 5.261158e-001 2.560005e+000
    endloop 
  endfacet
  facet normal -9.984322E-001 -5.496772E-002 -1.057153E-002
    outer loop 
      vertex -5.261338e-001 4.724249e-001 2.560002e+000
      vertex -5.196763e-001 3.435495e-001 2.620220e+000
      vertex -5.277296e-001 4.706398e-001 2.719999e+000
    endloop 
  endfacet
  facet normal 9.985152E-001 5.422913E-002 -5.139976E-003
    outer loop 
      vertex 5.170528e-001 -3.005678e-001 2.586974e+000
      vertex 5.066476e-001 -1.092988e-001 2.583593e+000
      vertex 5.129813e-001 -2.144289e-001 2.704836e+000
    endloop 
  endfacet
  facet normal 9.984762E-001 5.417689E-002 -1.049443E-002
    outer loop 
      vertex 5.276809e-001 -4.706723e-001 2.720014e+000
      vertex 5.260946e-001 -4.724321e-001 2.560001e+000
      vertex 5.170528e-001 -3.005678e-001 2.586974e+000
    endloop 
  endfacet
  facet normal 9.985285E-001 5.370847E-002 -7.492211E-003
    outer loop 
      vertex 5.173321e-001 -3.317945e-001 2.400356e+000
      vertex 5.170528e-001 -3.005678e-001 2.586974e+000
      vertex 5.260946e-001 -4.724321e-001 2.560001e+000
    endloop 
  endfacet
  facet normal 9.999309E-001 9.467400E-003 6.963838E-003
    outer loop 
      vertex 4.951617e-001 5.047840e-001 4.800115e-001
      vertex 4.959136e-001 3.453124e-001 5.888568e-001
      vertex 4.974957e-001 2.922659e-001 4.337951e-001
    endloop 
  endfacet
  facet normal 9.999201E-001 1.084545E-002 6.492298E-003
    outer loop 
      vertex 4.982889e-001 1.626332e-001 5.281884e-001
      vertex 4.974957e-001 2.922659e-001 4.337951e-001
      vertex 4.959136e-001 3.453124e-001 5.888568e-001
    endloop 
  endfacet
  facet normal 9.998879E-001 1.293161E-002 7.546749E-003
    outer loop 
      vertex 4.934435e-001 5.064581e-001 6.400027e-001
      vertex 4.945144e-001 3.636191e-001 7.428696e-001
      vertex 4.959136e-001 3.453124e-001 5.888568e-001
    endloop 
  endfacet
  facet normal 9.998721E-001 1.195806E-002 1.061336E-002
    outer loop 
      vertex 4.959136e-001 3.453124e-001 5.888568e-001
      vertex 4.951617e-001 5.047840e-001 4.800115e-001
      vertex 4.934435e-001 5.064581e-001 6.400027e-001
    endloop 
  endfacet
  facet normal 9.986016E-001 5.250553E-002 6.158646E-003
    outer loop 
      vertex 4.846317e-001 3.230070e-001 2.356206e+000
      vertex 4.797662e-001 4.000041e-001 2.488676e+000
      vertex 4.889100e-001 2.227259e-001 2.517432e+000
    endloop 
  endfacet
  facet normal 9.985746E-001 5.231750E-002 1.056935E-002
    outer loop 
      vertex 4.724040e-001 5.261158e-001 2.560005e+000
      vertex 4.797662e-001 4.000041e-001 2.488676e+000
      vertex 4.741808e-001 5.245230e-001 2.400024e+000
    endloop 
  endfacet
  facet normal 9.987130E-001 5.015790E-002 7.527280E-003
    outer loop 
      vertex 4.741808e-001 5.245230e-001 2.400024e+000
      vertex 4.797662e-001 4.000041e-001 2.488676e+000
      vertex 4.846317e-001 3.230070e-001 2.356206e+000
    endloop 
  endfacet
  facet normal 9.984336E-001 5.578304E-002 4.298314E-003
    outer loop 
      vertex 4.862107e-001 2.578211e-001 2.688981e+000
      vertex 4.966798e-001 7.323454e-002 2.652702e+000
      vertex 4.889100e-001 2.227259e-001 2.517432e+000
    endloop 
  endfacet
  facet normal 9.986176E-001 5.255895E-002 7.246915E-004
    outer loop 
      vertex 4.966798e-001 7.323454e-002 2.652702e+000
      vertex 4.993590e-001 2.495401e-002 2.462425e+000
      vertex 4.889100e-001 2.227259e-001 2.517432e+000
    endloop 
  endfacet
  facet normal 9.987877E-001 4.906163E-002 4.011633E-003
    outer loop 
      vertex 4.935625e-001 1.440427e-001 2.321377e+000
      vertex 4.846317e-001 3.230070e-001 2.356206e+000
      vertex 4.889100e-001 2.227259e-001 2.517432e+000
    endloop 
  endfacet
  facet normal 9.986445E-001 5.197198E-002 2.840220E-003
    outer loop 
      vertex 4.935625e-001 1.440427e-001 2.321377e+000
      vertex 4.889100e-001 2.227259e-001 2.517432e+000
      vertex 4.993590e-001 2.495401e-002 2.462425e+000
    endloop 
  endfacet
  facet normal -8.221744E-003 9.999415E-001 -7.036014E-003
    outer loop 
      vertex 3.705802e-001 5.029300e-001 3.993716e-001
      vertex 2.232916e-001 5.018916e-001 4.239106e-001
      vertex 3.211479e-001 5.036896e-001 5.650956e-001
    endloop 
  endfacet
  facet normal -1.464415E-002 9.998672E-001 -7.157606E-003
    outer loop 
      vertex 1.896705e-001 5.028046e-001 7.104547e-001
      vertex 3.513035e-001 5.053592e-001 7.366278e-001
      vertex 3.211479e-001 5.036896e-001 5.650956e-001
    endloop 
  endfacet
  facet normal -1.281453E-002 9.998900E-001 -7.479478E-003
    outer loop 
      vertex 4.934435e-001 5.064581e-001 6.400027e-001
      vertex 3.211479e-001 5.036896e-001 5.650956e-001
      vertex 3.513035e-001 5.053592e-001 7.366278e-001
    endloop 
  endfacet
  facet normal -9.986221E-003 9.999215E-001 -7.562233E-003
    outer loop 
      vertex 4.951617e-001 5.047840e-001 4.800115e-001
      vertex 3.705802e-001 5.029300e-001 3.993716e-001
      vertex 3.211479e-001 5.036896e-001 5.650956e-001
    endloop 
  endfacet
  facet normal -1.146407E-002 9.998783E-001 -1.058528E-002
    outer loop 
      vertex 4.934435e-001 5.064581e-001 6.400027e-001
      vertex 4.951617e-001 5.047840e-001 4.800115e-001
      vertex 3.211479e-001 5.036896e-001 5.650956e-001
    endloop 
  endfacet
  facet normal -9.995004E-001 -2.976393E-002 -1.063186E-002
    outer loop 
      vertex -5.147636e-001 4.847736e-001 1.440014e+000
      vertex -5.131139e-001 4.865291e-001 1.280013e+000
      vertex -5.117357e-001 3.851103e-001 1.434373e+000
    endloop 
  endfacet
  facet normal -9.995001E-001 -2.976226E-002 -1.066126E-002
    outer loop 
      vertex -5.164175e-001 4.830071e-001 1.600000e+000
      vertex -5.147636e-001 4.847736e-001 1.440014e+000
      vertex -5.117357e-001 3.851103e-001 1.434373e+000
    endloop 
  endfacet
  facet normal -3.004819E-002 9.995179E-001 -7.817590E-003
    outer loop 
      vertex 3.560463e-001 5.095351e-001 1.265137e+000
      vertex 3.037439e-001 5.093763e-001 1.445868e+000
      vertex 4.847527e-001 5.147721e-001 1.440000e+000
    endloop 
  endfacet
  facet normal -2.647130E-002 9.996266E-001 -6.782364E-003
    outer loop 
      vertex 3.560463e-001 5.095351e-001 1.265137e+000
      vertex 1.831623e-001 5.050184e-001 1.274185e+000
      vertex 3.037439e-001 5.093763e-001 1.445868e+000
    endloop 
  endfacet
  facet normal -2.613083E-002 9.996032E-001 -1.051418E-002
    outer loop 
      vertex 3.560463e-001 5.095351e-001 1.265137e+000
      vertex 4.865236e-001 5.131026e-001 1.280027e+000
      vertex 4.882530e-001 5.114645e-001 1.119996e+000
    endloop 
  endfacet
  facet normal -2.610720E-002 9.996017E-001 -1.072083E-002
    outer loop 
      vertex 4.865236e-001 5.131026e-001 1.280027e+000
      vertex 3.560463e-001 5.095351e-001 1.265137e+000
      vertex 4.847527e-001 5.147721e-001 1.440000e+000
    endloop 
  endfacet
  facet normal -2.637815E-002 9.996396E-001 -4.996250E-003
    outer loop 
      vertex 3.560463e-001 5.095351e-001 1.265137e+000
      vertex 2.276027e-001 5.054079e-001 1.117504e+000
      vertex 1.831623e-001 5.050184e-001 1.274185e+000
    endloop 
  endfacet
  facet normal -9.995879E-001 -2.838597E-002 -4.275091E-003
    outer loop 
      vertex -5.044079e-001 1.731633e-001 1.183560e+000
      vertex -5.018128e-001 5.730434e-002 1.346076e+000
      vertex -5.068699e-001 2.227082e-001 1.430253e+000
    endloop 
  endfacet
  facet normal -2.980382E-002 9.995452E-001 -4.610044E-003
    outer loop 
      vertex 2.100577e-001 5.073425e-001 1.610574e+000
      vertex 3.037439e-001 5.093763e-001 1.445868e+000
      vertex 9.353232e-002 5.029619e-001 1.414101e+000
    endloop 
  endfacet
  facet normal -3.334897E-002 9.994218E-001 -6.628081E-003
    outer loop 
      vertex 3.037439e-001 5.093763e-001 1.445868e+000
      vertex 2.100577e-001 5.073425e-001 1.610574e+000
      vertex 4.830392e-001 5.163811e-001 1.599975e+000
    endloop 
  endfacet
  facet normal -2.983262E-002 9.995451E-001 -4.419472E-003
    outer loop 
      vertex 1.831623e-001 5.050184e-001 1.274185e+000
      vertex 9.353232e-002 5.029619e-001 1.414101e+000
      vertex 3.037439e-001 5.093763e-001 1.445868e+000
    endloop 
  endfacet
  facet normal -3.013037E-002 9.994921E-001 -1.037595E-002
    outer loop 
      vertex 3.037439e-001 5.093763e-001 1.445868e+000
      vertex 4.830392e-001 5.163811e-001 1.599975e+000
      vertex 4.847527e-001 5.147721e-001 1.440000e+000
    endloop 
  endfacet
  facet normal 9.995990E-001 2.627944E-002 -1.055002E-002
    outer loop 
      vertex 5.114539e-001 -4.882652e-001 1.119995e+000
      vertex 5.102208e-001 -3.781534e-001 1.277437e+000
      vertex 5.130973e-001 -4.865340e-001 1.280014e+000
    endloop 
  endfacet
  facet normal 9.997044E-001 2.289281E-002 -8.180637E-003
    outer loop 
      vertex 5.114539e-001 -4.882652e-001 1.119995e+000
      vertex 5.070851e-001 -3.076888e-001 1.091441e+000
      vertex 5.102208e-001 -3.781534e-001 1.277437e+000
    endloop 
  endfacet
  facet normal 9.995981E-001 2.627739E-002 -1.063535E-002
    outer loop 
      vertex 5.147533e-001 -4.847833e-001 1.439989e+000
      vertex 5.130973e-001 -4.865340e-001 1.280014e+000
      vertex 5.102208e-001 -3.781534e-001 1.277437e+000
    endloop 
  endfacet
  facet normal 9.996245E-001 2.654440E-002 -6.795879E-003
    outer loop 
      vertex 5.102208e-001 -3.781534e-001 1.277437e+000
      vertex 5.070851e-001 -3.076888e-001 1.091441e+000
      vertex 5.065107e-001 -2.391320e-001 1.274730e+000
    endloop 
  endfacet
  facet normal 2.641487E-002 -9.995945E-001 -1.062805E-002
    outer loop 
      vertex -4.865312e-001 -5.131073e-001 1.280025e+000
      vertex -3.732382e-001 -5.101026e-001 1.279000e+000
      vertex -4.847851e-001 -5.147619e-001 1.439987e+000
    endloop 
  endfacet
  facet normal 2.641477E-002 -9.995944E-001 -1.063931E-002
    outer loop 
      vertex -4.882719e-001 -5.114499e-001 1.119983e+000
      vertex -3.732382e-001 -5.101026e-001 1.279000e+000
      vertex -4.865312e-001 -5.131073e-001 1.280025e+000
    endloop 
  endfacet
  facet normal 2.330218E-002 -9.996933E-001 -8.386813E-003
    outer loop 
      vertex -2.808313e-001 -5.067744e-001 1.139038e+000
      vertex -3.732382e-001 -5.101026e-001 1.279000e+000
      vertex -4.882719e-001 -5.114499e-001 1.119983e+000
    endloop 
  endfacet
  facet normal 2.667671E-002 -9.996251E-001 -6.157244E-003
    outer loop 
      vertex -2.808313e-001 -5.067744e-001 1.139038e+000
      vertex -2.141213e-001 -5.059352e-001 1.291814e+000
      vertex -3.732382e-001 -5.101026e-001 1.279000e+000
    endloop 
  endfacet
  facet normal 9.999245E-001 9.213558E-003 8.130752E-003
    outer loop 
      vertex 4.974957e-001 2.922659e-001 4.337951e-001
      vertex 4.978690e-001 3.622593e-001 3.085749e-001
      vertex 4.951617e-001 5.047840e-001 4.800115e-001
    endloop 
  endfacet
  facet normal 9.999670E-001 5.439986E-003 6.021592E-003
    outer loop 
      vertex 4.987784e-001 2.229351e-001 2.834211e-001
      vertex 4.978690e-001 3.622593e-001 3.085749e-001
      vertex 4.974957e-001 2.922659e-001 4.337951e-001
    endloop 
  endfacet
  facet normal 9.999611E-001 8.301462E-003 2.998232E-003
    outer loop 
      vertex 4.991854e-001 1.180682e-001 3.525669e-001
      vertex 4.974957e-001 2.922659e-001 4.337951e-001
      vertex 4.982889e-001 1.626332e-001 5.281884e-001
    endloop 
  endfacet
  facet normal 9.999601E-001 7.289267E-003 5.168912E-003
    outer loop 
      vertex 4.987784e-001 2.229351e-001 2.834211e-001
      vertex 4.974957e-001 2.922659e-001 4.337951e-001
      vertex 4.991854e-001 1.180682e-001 3.525669e-001
    endloop 
  endfacet
  facet normal 2.980781E-002 -9.995233E-001 8.040629E-003
    outer loop 
      vertex 4.084089e-001 -4.871393e-001 1.541341e+000
      vertex 3.548672e-001 -4.898677e-001 1.400674e+000
      vertex 5.147533e-001 -4.847833e-001 1.439989e+000
    endloop 
  endfacet
  facet normal 3.254402E-002 -9.994458E-001 6.997655E-003
    outer loop 
      vertex 4.084089e-001 -4.871393e-001 1.541341e+000
      vertex 2.866707e-001 -4.908077e-001 1.583576e+000
      vertex 3.548672e-001 -4.898677e-001 1.400674e+000
    endloop 
  endfacet
  facet normal 2.992394E-002 -9.995340E-001 6.020282E-003
    outer loop 
      vertex 2.866707e-001 -4.908077e-001 1.583576e+000
      vertex 1.843655e-001 -4.946601e-001 1.452471e+000
      vertex 3.548672e-001 -4.898677e-001 1.400674e+000
    endloop 
  endfacet
  facet normal 2.943002E-002 -9.995571E-001 4.392290E-003
    outer loop 
      vertex 2.390632e-001 -4.937670e-001 1.289237e+000
      vertex 3.548672e-001 -4.898677e-001 1.400674e+000
      vertex 1.843655e-001 -4.946601e-001 1.452471e+000
    endloop 
  endfacet
  facet normal 2.916936E-002 -9.995179E-001 1.063638E-002
    outer loop 
      vertex 5.130973e-001 -4.865340e-001 1.280014e+000
      vertex 5.147533e-001 -4.847833e-001 1.439989e+000
      vertex 3.548672e-001 -4.898677e-001 1.400674e+000
    endloop 
  endfacet
  facet normal 2.747312E-002 -9.996226E-001 4.698170E-005
    outer loop 
      vertex 1.740580e-002 -4.997006e-001 1.488238e+000
      vertex -6.354511e-002 -5.019333e-001 1.320426e+000
      vertex 8.957419e-002 -4.977250e-001 1.321983e+000
    endloop 
  endfacet
  facet normal 2.747286E-002 -9.996226E-001 7.246137E-005
    outer loop 
      vertex -6.354511e-002 -5.019333e-001 1.320426e+000
      vertex 1.326270e-002 -4.998308e-001 1.204093e+000
      vertex 8.957419e-002 -4.977250e-001 1.321983e+000
    endloop 
  endfacet
  facet normal 3.040797E-002 -9.995366E-001 -1.369913E-003
    outer loop 
      vertex 1.740580e-002 -4.997006e-001 1.488238e+000
      vertex -1.455998e-001 -5.045968e-001 1.442436e+000
      vertex -6.354511e-002 -5.019333e-001 1.320426e+000
    endloop 
  endfacet
  facet normal 2.705745E-002 -9.996306E-001 -2.578374E-003
    outer loop 
      vertex -6.354511e-002 -5.019333e-001 1.320426e+000
      vertex -2.141213e-001 -5.059352e-001 1.291814e+000
      vertex -1.161895e-001 -5.029624e-001 1.166970e+000
    endloop 
  endfacet
  facet normal 2.469040E-002 -9.996936E-001 -1.765917E-003
    outer loop 
      vertex -1.161895e-001 -5.029624e-001 1.166970e+000
      vertex 1.326270e-002 -4.998308e-001 1.204093e+000
      vertex -6.354511e-002 -5.019333e-001 1.320426e+000
    endloop 
  endfacet
  facet normal 2.723363E-002 -9.996229E-001 -3.506632E-003
    outer loop 
      vertex -6.354511e-002 -5.019333e-001 1.320426e+000
      vertex -1.455998e-001 -5.045968e-001 1.442436e+000
      vertex -2.141213e-001 -5.059352e-001 1.291814e+000
    endloop 
  endfacet
  facet normal -3.340008E-002 9.994104E-001 -7.954187E-003
    outer loop 
      vertex 4.830392e-001 5.163811e-001 1.599975e+000
      vertex 2.100577e-001 5.073425e-001 1.610574e+000
      vertex 3.503104e-001 5.132552e-001 1.764554e+000
    endloop 
  endfacet
  facet normal -3.690314E-002 9.993075E-001 -4.759476E-003
    outer loop 
      vertex 3.503104e-001 5.132552e-001 1.764554e+000
      vertex 2.100577e-001 5.073425e-001 1.610574e+000
      vertex 1.933973e-001 5.075877e-001 1.791237e+000
    endloop 
  endfacet
  facet normal -3.687806E-002 9.992618E-001 -1.076191E-002
    outer loop 
      vertex 4.812589e-001 5.180391e-001 1.760020e+000
      vertex 4.830392e-001 5.163811e-001 1.599975e+000
      vertex 3.503104e-001 5.132552e-001 1.764554e+000
    endloop 
  endfacet
  facet normal -3.686782E-002 9.992654E-001 -1.046242E-002
    outer loop 
      vertex 3.503104e-001 5.132552e-001 1.764554e+000
      vertex 4.795197e-001 5.196499e-001 1.919998e+000
      vertex 4.812589e-001 5.180391e-001 1.760020e+000
    endloop 
  endfacet
  facet normal -9.971697E-001 -7.518148E-002 -5.962297E-004
    outer loop 
      vertex -5.075536e-001 8.114150e-002 3.575741e+000
      vertex -4.950643e-001 -8.453198e-002 3.578435e+000
      vertex -5.006852e-001 -1.105844e-002 3.714621e+000
    endloop 
  endfacet
  facet normal -9.971684E-001 -7.519153E-002 -1.220577E-003
    outer loop 
      vertex -4.950643e-001 -8.453198e-002 3.578435e+000
      vertex -5.075536e-001 8.114150e-002 3.575741e+000
      vertex -5.030853e-001 2.390305e-002 3.451404e+000
    endloop 
  endfacet
  facet normal -9.973652E-001 -7.253720E-002 1.057607E-003
    outer loop 
      vertex -4.921363e-001 -1.268246e-001 3.438928e+000
      vertex -4.950643e-001 -8.453198e-002 3.578435e+000
      vertex -5.030853e-001 2.390305e-002 3.451404e+000
    endloop 
  endfacet
  facet normal -9.971876E-001 -7.492489E-002 1.785182E-003
    outer loop 
      vertex -4.822862e-001 -2.550042e-001 3.561329e+000
      vertex -4.950643e-001 -8.453198e-002 3.578435e+000
      vertex -4.921363e-001 -1.268246e-001 3.438928e+000
    endloop 
  endfacet
  facet normal 9.992897E-001 3.679381E-002 8.151505E-003
    outer loop 
      vertex 4.862720e-001 3.966423e-001 1.693419e+000
      vertex 4.812589e-001 5.180391e-001 1.760020e+000
      vertex 4.847630e-001 4.027025e-001 1.851058e+000
    endloop 
  endfacet
  facet normal 9.992604E-001 3.758637E-002 8.120756E-003
    outer loop 
      vertex 4.905606e-001 2.608695e-001 1.794127e+000
      vertex 4.862720e-001 3.966423e-001 1.693419e+000
      vertex 4.847630e-001 4.027025e-001 1.851058e+000
    endloop 
  endfacet
  facet normal 9.991989E-001 3.862447E-002 1.047429E-002
    outer loop 
      vertex 4.847630e-001 4.027025e-001 1.851058e+000
      vertex 4.812589e-001 5.180391e-001 1.760020e+000
      vertex 4.795197e-001 5.196499e-001 1.919998e+000
    endloop 
  endfacet
  facet normal 9.991544E-001 4.044531E-002 7.382109E-003
    outer loop 
      vertex 4.795197e-001 5.196499e-001 1.919998e+000
      vertex 4.861440e-001 3.392756e-001 2.011646e+000
      vertex 4.847630e-001 4.027025e-001 1.851058e+000
    endloop 
  endfacet
  facet normal 9.992477E-001 3.823333E-002 6.507653E-003
    outer loop 
      vertex 4.905606e-001 2.608695e-001 1.794127e+000
      vertex 4.847630e-001 4.027025e-001 1.851058e+000
      vertex 4.861440e-001 3.392756e-001 2.011646e+000
    endloop 
  endfacet
  facet normal 3.882017E-002 -9.991899E-001 1.061359E-002
    outer loop 
      vertex 5.180293e-001 -4.812754e-001 1.760011e+000
      vertex 5.196694e-001 -4.795120e-001 1.920026e+000
      vertex 4.038906e-001 -4.847400e-001 1.851317e+000
    endloop 
  endfacet
  facet normal 4.060179E-002 -9.991465E-001 7.608166E-003
    outer loop 
      vertex 5.196694e-001 -4.795120e-001 1.920026e+000
      vertex 3.420328e-001 -4.860469e-001 2.009807e+000
      vertex 4.038906e-001 -4.847400e-001 1.851317e+000
    endloop 
  endfacet
  facet normal 3.812312E-002 -9.992510E-001 6.639893E-003
    outer loop 
      vertex 3.420328e-001 -4.860469e-001 2.009807e+000
      vertex 2.649568e-001 -4.904349e-001 1.791977e+000
      vertex 4.038906e-001 -4.847400e-001 1.851317e+000
    endloop 
  endfacet
  facet normal -3.691636E-002 9.992883E-001 7.760631E-003
    outer loop 
      vertex -5.180545e-001 4.812574e-001 1.760004e+000
      vertex -3.786201e-001 4.855861e-001 1.865889e+000
      vertex -3.955861e-001 4.862626e-001 1.698086e+000
    endloop 
  endfacet
  facet normal -3.728560E-002 9.992742E-001 7.797906E-003
    outer loop 
      vertex -3.786201e-001 4.855861e-001 1.865889e+000
      vertex -2.536221e-001 4.908738e-001 1.785965e+000
      vertex -3.955861e-001 4.862626e-001 1.698086e+000
    endloop 
  endfacet
  facet normal -3.896082E-002 9.991860E-001 1.045704E-002
    outer loop 
      vertex -5.180545e-001 4.812574e-001 1.760004e+000
      vertex -5.196766e-001 4.795199e-001 1.919976e+000
      vertex -3.786201e-001 4.855861e-001 1.865889e+000
    endloop 
  endfacet
  facet normal -3.938566E-002 9.992139E-001 4.509522E-003
    outer loop 
      vertex -2.031245e-001 4.921291e-001 1.948871e+000
      vertex -2.536221e-001 4.908738e-001 1.785965e+000
      vertex -3.786201e-001 4.855861e-001 1.865889e+000
    endloop 
  endfacet
  facet normal -9.992927E-001 -3.679445E-002 7.758590E-003
    outer loop 
      vertex -4.865125e-001 -3.887183e-001 1.700586e+000
      vertex -4.812893e-001 -5.180438e-001 1.760008e+000
      vertex -4.852516e-001 -3.885056e-001 1.863994e+000
    endloop 
  endfacet
  facet normal -9.992730E-001 -3.732687E-002 7.759131E-003
    outer loop 
      vertex -4.911379e-001 -2.468103e-001 1.787576e+000
      vertex -4.865125e-001 -3.887183e-001 1.700586e+000
      vertex -4.852516e-001 -3.885056e-001 1.863994e+000
    endloop 
  endfacet
  facet normal -9.991763E-001 -3.914735E-002 1.069413E-002
    outer loop 
      vertex -4.795128e-001 -5.196795e-001 1.920007e+000
      vertex -4.852516e-001 -3.885056e-001 1.863994e+000
      vertex -4.812893e-001 -5.180438e-001 1.760008e+000
    endloop 
  endfacet
  facet normal -9.992312E-001 -3.890863E-002 4.822990E-003
    outer loop 
      vertex -4.901749e-001 -2.504824e-001 1.957461e+000
      vertex -4.911379e-001 -2.468103e-001 1.787576e+000
      vertex -4.852516e-001 -3.885056e-001 1.863994e+000
    endloop 
  endfacet
  facet normal -9.977310E-001 -6.723604E-002 -3.494418E-003
    outer loop 
      vertex -5.116352e-001 1.582422e-001 3.158735e+000
      vertex -5.017571e-001 8.882910e-003 3.212128e+000
      vertex -5.096164e-001 1.202618e-001 3.313102e+000
    endloop 
  endfacet
  facet normal -9.975705E-001 -6.965910E-002 -8.091733E-004
    outer loop 
      vertex -5.096164e-001 1.202618e-001 3.313102e+000
      vertex -5.017571e-001 8.882910e-003 3.212128e+000
      vertex -4.998763e-001 -1.951833e-002 3.338441e+000
    endloop 
  endfacet
  facet normal -9.975852E-001 -6.927294E-002 -5.002021E-003
    outer loop 
      vertex -5.096164e-001 1.202618e-001 3.313102e+000
      vertex -5.149556e-001 1.878787e-001 3.441508e+000
      vertex -5.215866e-001 2.948803e-001 3.282098e+000
    endloop 
  endfacet
  facet normal -9.976028E-001 -6.908765E-002 -3.951665E-003
    outer loop 
      vertex -5.116352e-001 1.582422e-001 3.158735e+000
      vertex -5.096164e-001 1.202618e-001 3.313102e+000
      vertex -5.215866e-001 2.948803e-001 3.282098e+000
    endloop 
  endfacet
  facet normal 6.718346E-002 -9.977340E-001 -3.627188E-003
    outer loop 
      vertex -1.724685e-001 -5.126215e-001 3.170022e+000
      vertex -1.379395e-002 -5.020778e-001 3.208738e+000
      vertex -1.276514e-001 -5.101346e-001 3.316063e+000
    endloop 
  endfacet
  facet normal 6.968598E-002 -9.975685E-001 -9.599085E-004
    outer loop 
      vertex -1.276514e-001 -5.101346e-001 3.316063e+000
      vertex -1.379395e-002 -5.020778e-001 3.208738e+000
      vertex -6.739683e-004 -5.012900e-001 3.342563e+000
    endloop 
  endfacet
  facet normal 6.937066E-002 -9.975750E-001 -5.650159E-003
    outer loop 
      vertex -1.276514e-001 -5.101346e-001 3.316063e+000
      vertex -2.211915e-001 -5.173146e-001 3.435285e+000
      vertex -3.017799e-001 -5.220611e-001 3.283876e+000
    endloop 
  endfacet
  facet normal 6.910805E-002 -9.976002E-001 -4.220085E-003
    outer loop 
      vertex -1.276514e-001 -5.101346e-001 3.316063e+000
      vertex -3.017799e-001 -5.220611e-001 3.283876e+000
      vertex -1.724685e-001 -5.126215e-001 3.170022e+000
    endloop 
  endfacet
  facet normal 3.046389E-002 -9.995350E-001 1.346272E-003
    outer loop 
      vertex 1.843655e-001 -4.946601e-001 1.452471e+000
      vertex 1.740580e-002 -4.997006e-001 1.488238e+000
      vertex 8.957419e-002 -4.977250e-001 1.321983e+000
    endloop 
  endfacet
  facet normal 2.727031E-002 -9.996214E-001 3.668248E-003
    outer loop 
      vertex 8.957419e-002 -4.977250e-001 1.321983e+000
      vertex 2.390632e-001 -4.937670e-001 1.289237e+000
      vertex 1.843655e-001 -4.946601e-001 1.452471e+000
    endloop 
  endfacet
  facet normal -9.985652E-001 -5.348090E-002 2.693246E-003
    outer loop 
      vertex -4.967607e-001 -7.441161e-002 2.545012e+000
      vertex -4.878536e-001 -2.402851e-001 2.553618e+000
      vertex -4.920155e-001 -1.557287e-001 2.689632e+000
    endloop 
  endfacet
  facet normal -9.984237E-001 -5.611313E-002 1.208553E-003
    outer loop 
      vertex -4.920155e-001 -1.557287e-001 2.689632e+000
      vertex -5.024602e-001 2.970245e-002 2.670430e+000
      vertex -4.967607e-001 -7.441161e-002 2.545012e+000
    endloop 
  endfacet
  facet normal -9.985831E-001 -5.320108E-002 -1.216078E-003
    outer loop 
      vertex -4.967607e-001 -7.441161e-002 2.545012e+000
      vertex -5.024602e-001 2.970245e-002 2.670430e+000
      vertex -5.050113e-001 8.084985e-002 2.527600e+000
    endloop 
  endfacet
  facet normal -9.985890E-001 -5.310218E-002 -3.313068E-004
    outer loop 
      vertex -4.967607e-001 -7.441161e-002 2.545012e+000
      vertex -5.050113e-001 8.084985e-002 2.527600e+000
      vertex -5.002853e-001 -7.128455e-003 2.384274e+000
    endloop 
  endfacet
  facet normal -9.987623E-001 -4.969281E-002 -2.101162E-003
    outer loop 
      vertex -5.041942e-001 7.945865e-002 2.194540e+000
      vertex -5.002853e-001 -7.128455e-003 2.384274e+000
      vertex -5.078160e-001 1.452459e-001 2.360248e+000
    endloop 
  endfacet
  facet normal -9.987593E-001 -4.973990E-002 -2.400795E-003
    outer loop 
      vertex -5.002853e-001 -7.128455e-003 2.384274e+000
      vertex -5.050113e-001 8.084985e-002 2.527600e+000
      vertex -5.078160e-001 1.452459e-001 2.360248e+000
    endloop 
  endfacet
  facet normal 5.211978E-002 -9.986398E-001 -1.504136E-003
    outer loop 
      vertex -8.699620e-002 -5.051797e-001 2.467284e+000
      vertex 7.392943e-002 -4.968196e-001 2.493028e+000
      vertex -3.555193e-002 -5.027231e-001 2.618866e+000
    endloop 
  endfacet
  facet normal 5.514404E-002 -9.984778E-001 1.134616E-003
    outer loop 
      vertex 7.392943e-002 -4.968196e-001 2.493028e+000
      vertex 1.253852e-001 -4.937938e-001 2.654945e+000
      vertex -3.555193e-002 -5.027231e-001 2.618866e+000
    endloop 
  endfacet
  facet normal 5.553063E-002 -9.984568E-001 -5.950398E-004
    outer loop 
      vertex -3.555193e-002 -5.027231e-001 2.618866e+000
      vertex 1.253852e-001 -4.937938e-001 2.654945e+000
      vertex 5.583579e-003 -5.005364e-001 2.788502e+000
    endloop 
  endfacet
  facet normal 5.713104E-002 -9.983662E-001 -9.843019E-004
    outer loop 
      vertex 5.583579e-003 -5.005364e-001 2.788502e+000
      vertex -1.683642e-001 -5.104147e-001 2.711615e+000
      vertex -3.555193e-002 -5.027231e-001 2.618866e+000
    endloop 
  endfacet
  facet normal 5.440814E-002 -9.985161E-001 -2.282769E-003
    outer loop 
      vertex -3.555193e-002 -5.027231e-001 2.618866e+000
      vertex -1.740161e-001 -5.101820e-001 2.581290e+000
      vertex -8.699620e-002 -5.051797e-001 2.467284e+000
    endloop 
  endfacet
  facet normal 5.491696E-002 -9.984822E-001 -4.164397E-003
    outer loop 
      vertex -1.683642e-001 -5.104147e-001 2.711615e+000
      vertex -1.740161e-001 -5.101820e-001 2.581290e+000
      vertex -3.555193e-002 -5.027231e-001 2.618866e+000
    endloop 
  endfacet
  facet normal 4.920792E-002 -9.987793E-001 4.305110E-003
    outer loop 
      vertex 3.442762e-001 -4.836118e-001 2.355532e+000
      vertex 2.315609e-001 -4.884787e-001 2.514748e+000
      vertex 1.736672e-001 -4.920553e-001 2.346725e+000
    endloop 
  endfacet
  facet normal 4.552412E-002 -9.989582E-001 3.190143E-003
    outer loop 
      vertex 2.521546e-001 -4.890101e-001 2.180263e+000
      vertex 1.736672e-001 -4.920553e-001 2.346725e+000
      vertex 1.040383e-001 -4.957863e-001 2.172031e+000
    endloop 
  endfacet
  facet normal 4.892920E-002 -9.988006E-001 1.829593E-003
    outer loop 
      vertex 1.040383e-001 -4.957863e-001 2.172031e+000
      vertex 1.736672e-001 -4.920553e-001 2.346725e+000
      vertex 1.170664e-002 -5.000244e-001 2.327606e+000
    endloop 
  endfacet
  facet normal 4.917635E-002 -9.987780E-001 4.915473E-003
    outer loop 
      vertex 3.442762e-001 -4.836118e-001 2.355532e+000
      vertex 1.736672e-001 -4.920553e-001 2.346725e+000
      vertex 2.521546e-001 -4.890101e-001 2.180263e+000
    endloop 
  endfacet
  facet normal 5.586639E-002 -9.984283E-001 4.457361E-003
    outer loop 
      vertex 2.784860e-001 -4.851390e-001 2.674690e+000
      vertex 1.253852e-001 -4.937938e-001 2.654945e+000
      vertex 2.315609e-001 -4.884787e-001 2.514748e+000
    endloop 
  endfacet
  facet normal -5.230607E-002 9.985749E-001 1.059043E-002
    outer loop 
      vertex -5.245230e-001 4.742061e-001 2.400005e+000
      vertex -5.261338e-001 4.724249e-001 2.560002e+000
      vertex -3.784295e-001 4.808608e-001 2.494088e+000
    endloop 
  endfacet
  facet normal -5.019562E-002 9.987127E-001 7.303554E-003
    outer loop 
      vertex -3.467821e-001 4.835131e-001 2.348910e+000
      vertex -5.245230e-001 4.742061e-001 2.400005e+000
      vertex -3.784295e-001 4.808608e-001 2.494088e+000
    endloop 
  endfacet
  facet normal -5.647279E-002 9.983910E-001 5.138001E-003
    outer loop 
      vertex -2.864440e-001 4.844069e-001 2.726192e+000
      vertex -1.551968e-001 4.920251e-001 2.688421e+000
      vertex -2.651624e-001 4.863268e-001 2.587038e+000
    endloop 
  endfacet
  facet normal -9.996131E-001 -2.777939E-002 1.397473E-003
    outer loop 
      vertex -4.983165e-001 -6.398825e-002 1.435925e+000
      vertex -5.018128e-001 5.730434e-002 1.346076e+000
      vertex -4.968522e-001 -1.237508e-001 1.295367e+000
    endloop 
  endfacet
  facet normal -9.995594E-001 -2.960168E-002 2.172829E-003
    outer loop 
      vertex -4.983165e-001 -6.398825e-002 1.435925e+000
      vertex -4.968522e-001 -1.237508e-001 1.295367e+000
      vertex -4.940081e-001 -2.113001e-001 1.410965e+000
    endloop 
  endfacet
  facet normal 7.027528E-002 -9.974970E-001 -7.808289E-003
    outer loop 
      vertex -3.522191e-001 -5.267515e-001 3.429104e+000
      vertex -4.634745e-001 -5.340486e-001 3.359996e+000
      vertex -3.017799e-001 -5.220611e-001 3.283876e+000
    endloop 
  endfacet
  facet normal 7.216929E-002 -9.973668E-001 -7.146273E-003
    outer loop 
      vertex -2.211915e-001 -5.173146e-001 3.435285e+000
      vertex -3.522191e-001 -5.267515e-001 3.429104e+000
      vertex -3.017799e-001 -5.220611e-001 3.283876e+000
    endloop 
  endfacet
  facet normal 7.416231E-002 -9.972126E-001 -8.184298E-003
    outer loop 
      vertex -4.616397e-001 -5.356351e-001 3.520004e+000
      vertex -3.522191e-001 -5.267515e-001 3.429104e+000
      vertex -3.226420e-001 -5.256603e-001 3.564163e+000
    endloop 
  endfacet
  facet normal 7.219744E-002 -9.973603E-001 -7.752808E-003
    outer loop 
      vertex -2.211915e-001 -5.173146e-001 3.435285e+000
      vertex -3.226420e-001 -5.256603e-001 3.564163e+000
      vertex -3.522191e-001 -5.267515e-001 3.429104e+000
    endloop 
  endfacet
  facet normal 7.207057E-002 -9.973419E-001 -1.071488E-002
    outer loop 
      vertex -3.522191e-001 -5.267515e-001 3.429104e+000
      vertex -4.616397e-001 -5.356351e-001 3.520004e+000
      vertex -4.634745e-001 -5.340486e-001 3.359996e+000
    endloop 
  endfacet
  facet normal 9.584635E-003 -9.999224E-001 -7.958792E-003
    outer loop 
      vertex -3.521261e-001 -5.044782e-001 6.182325e-001
      vertex -4.951946e-001 -5.047492e-001 4.799882e-001
      vertex -3.012226e-001 -5.029436e-001 4.867339e-001
    endloop 
  endfacet
  facet normal 1.213100E-002 -9.999021E-001 -6.972849E-003
    outer loop 
      vertex -1.800752e-001 -5.021722e-001 5.868810e-001
      vertex -3.521261e-001 -5.044782e-001 6.182325e-001
      vertex -3.012226e-001 -5.029436e-001 4.867339e-001
    endloop 
  endfacet
  facet normal 1.475910E-002 -9.998618E-001 -7.651916E-003
    outer loop 
      vertex -3.521261e-001 -5.044782e-001 6.182325e-001
      vertex -2.365411e-001 -5.035202e-001 7.159908e-001
      vertex -3.611602e-001 -5.060122e-001 8.012505e-001
    endloop 
  endfacet
  facet normal 1.279496E-002 -9.998881E-001 -7.749090E-003
    outer loop 
      vertex -3.611602e-001 -5.060122e-001 8.012505e-001
      vertex -4.934620e-001 -5.064555e-001 6.399972e-001
      vertex -3.521261e-001 -5.044782e-001 6.182325e-001
    endloop 
  endfacet
  facet normal 1.249520E-002 -9.999095E-001 -4.974722E-003
    outer loop 
      vertex -3.521261e-001 -5.044782e-001 6.182325e-001
      vertex -1.800752e-001 -5.021722e-001 5.868810e-001
      vertex -2.365411e-001 -5.035202e-001 7.159908e-001
    endloop 
  endfacet
  facet normal 1.232553E-002 -9.998658E-001 -1.079544E-002
    outer loop 
      vertex -3.521261e-001 -5.044782e-001 6.182325e-001
      vertex -4.934620e-001 -5.064555e-001 6.399972e-001
      vertex -4.951946e-001 -5.047492e-001 4.799882e-001
    endloop 
  endfacet
  facet normal 9.995383E-001 3.024791E-002 2.879847E-003
    outer loop 
      vertex 4.948982e-001 1.591493e-001 1.615791e+000
      vertex 4.974803e-001 9.162913e-002 1.428789e+000
      vertex 4.924850e-001 2.528343e-001 1.469379e+000
    endloop 
  endfacet
  facet normal 9.994192E-001 3.369632E-002 5.088354E-003
    outer loop 
      vertex 4.924850e-001 2.528343e-001 1.469379e+000
      vertex 4.903807e-001 2.927334e-001 1.618465e+000
      vertex 4.948982e-001 1.591493e-001 1.615791e+000
    endloop 
  endfacet
  facet normal 9.994394E-001 3.343328E-002 1.728348E-003
    outer loop 
      vertex 4.974803e-001 9.162913e-002 1.428789e+000
      vertex 4.948982e-001 1.591493e-001 1.615791e+000
      vertex 5.006954e-001 -1.306055e-002 1.594738e+000
    endloop 
  endfacet
  facet normal 9.992971E-001 3.736705E-002 2.992138E-003
    outer loop 
      vertex 4.905606e-001 2.608695e-001 1.794127e+000
      vertex 4.971887e-001 8.455359e-002 1.782419e+000
      vertex 4.948982e-001 1.591493e-001 1.615791e+000
    endloop 
  endfacet
  facet normal 9.994382E-001 3.349110E-002 1.255026E-003
    outer loop 
      vertex 5.006954e-001 -1.306055e-002 1.594738e+000
      vertex 4.948982e-001 1.591493e-001 1.615791e+000
      vertex 4.971887e-001 8.455359e-002 1.782419e+000
    endloop 
  endfacet
  facet normal 9.994192E-001 3.369632E-002 5.088828E-003
    outer loop 
      vertex 4.905606e-001 2.608695e-001 1.794127e+000
      vertex 4.948982e-001 1.591493e-001 1.615791e+000
      vertex 4.903807e-001 2.927334e-001 1.618465e+000
    endloop 
  endfacet
  facet normal 9.995442E-001 2.986687E-002 4.393903E-003
    outer loop 
      vertex 4.974803e-001 9.162913e-002 1.428789e+000
      vertex 4.943809e-001 2.154760e-001 1.292020e+000
      vertex 4.924850e-001 2.528343e-001 1.469379e+000
    endloop 
  endfacet
  facet normal -9.971960E-001 -7.445721E-002 -7.512121E-003
    outer loop 
      vertex -5.226871e-001 2.795301e-001 3.600260e+000
      vertex -5.356759e-001 4.615855e-001 3.519995e+000
      vertex -5.258664e-001 3.383354e-001 3.439434e+000
    endloop 
  endfacet
  facet normal -9.973514E-001 -7.241870E-002 -6.763676E-003
    outer loop 
      vertex -5.226871e-001 2.795301e-001 3.600260e+000
      vertex -5.258664e-001 3.383354e-001 3.439434e+000
      vertex -5.149556e-001 1.878787e-001 3.441508e+000
    endloop 
  endfacet
  facet normal -9.969603E-001 -7.761277E-002 -6.801903E-003
    outer loop 
      vertex -5.372611e-001 4.597484e-001 3.680000e+000
      vertex -5.226871e-001 2.795301e-001 3.600260e+000
      vertex -5.227717e-001 2.620781e-001 3.811782e+000
    endloop 
  endfacet
  facet normal -9.969247E-001 -7.806619E-002 -6.839299E-003
    outer loop 
      vertex -5.124791e-001 1.398744e-001 3.706368e+000
      vertex -5.227717e-001 2.620781e-001 3.811782e+000
      vertex -5.226871e-001 2.795301e-001 3.600260e+000
    endloop 
  endfacet
  facet normal -9.971374E-001 -7.544536E-002 -5.005878E-003
    outer loop 
      vertex -5.075536e-001 8.114150e-002 3.575741e+000
      vertex -5.226871e-001 2.795301e-001 3.600260e+000
      vertex -5.149556e-001 1.878787e-001 3.441508e+000
    endloop 
  endfacet
  facet normal -9.971303E-001 -7.561878E-002 -3.598347E-003
    outer loop 
      vertex -5.075536e-001 8.114150e-002 3.575741e+000
      vertex -5.124791e-001 1.398744e-001 3.706368e+000
      vertex -5.226871e-001 2.795301e-001 3.600260e+000
    endloop 
  endfacet
  facet normal -9.970595E-001 -7.587443E-002 -1.074875E-002
    outer loop 
      vertex -5.356759e-001 4.615855e-001 3.519995e+000
      vertex -5.226871e-001 2.795301e-001 3.600260e+000
      vertex -5.372611e-001 4.597484e-001 3.680000e+000
    endloop 
  endfacet
  facet normal -1.633545E-003 9.999818E-001 -5.819671E-003
    outer loop 
      vertex 3.764341e-001 5.008422e-001 1.341481e-001
      vertex 2.265432e-001 5.006372e-001 1.409899e-001
      vertex 2.872883e-001 5.015174e-001 2.751891e-001
    endloop 
  endfacet
  facet normal -1.630559E-003 9.999821E-001 -5.754240E-003
    outer loop 
      vertex 3.764341e-001 5.008422e-001 1.341481e-001
      vertex 3.333333e-001 5.000000e-001 0.000000e+000
      vertex 2.265432e-001 5.006372e-001 1.409899e-001
    endloop 
  endfacet
  facet normal 0.000000E+000 9.999803E-001 -6.278114E-003
    outer loop 
      vertex 5.000000e-001 5.000000e-001 0.000000e+000
      vertex 3.333333e-001 5.000000e-001 0.000000e+000
      vertex 3.764341e-001 5.008422e-001 1.341481e-001
    endloop 
  endfacet
  facet normal -4.708216E-003 9.999588E-001 -7.762923E-003
    outer loop 
      vertex 3.764341e-001 5.008422e-001 1.341481e-001
      vertex 2.872883e-001 5.015174e-001 2.751891e-001
      vertex 4.050800e-001 5.019720e-001 2.622994e-001
    endloop 
  endfacet
  facet normal -1.298864E-003 9.999629E-001 -8.525058E-003
    outer loop 
      vertex 3.764341e-001 5.008422e-001 1.341481e-001
      vertex 4.050800e-001 5.019720e-001 2.622994e-001
      vertex 4.987838e-001 5.012213e-001 1.599726e-001
    endloop 
  endfacet
  facet normal -1.484539E-003 9.999697E-001 -7.645481E-003
    outer loop 
      vertex 4.987838e-001 5.012213e-001 1.599726e-001
      vertex 5.000000e-001 5.000000e-001 0.000000e+000
      vertex 3.764341e-001 5.008422e-001 1.341481e-001
    endloop 
  endfacet
  facet normal -9.974953E-001 -7.031113E-002 -7.714037E-003
    outer loop 
      vertex -5.340703e-001 4.634382e-001 3.360002e+000
      vertex -5.215866e-001 2.948803e-001 3.282098e+000
      vertex -5.258664e-001 3.383354e-001 3.439434e+000
    endloop 
  endfacet
  facet normal -9.973485E-001 -7.242350E-002 -7.126625E-003
    outer loop 
      vertex -5.215866e-001 2.948803e-001 3.282098e+000
      vertex -5.149556e-001 1.878787e-001 3.441508e+000
      vertex -5.258664e-001 3.383354e-001 3.439434e+000
    endloop 
  endfacet
  facet normal -9.973248E-001 -7.228842E-002 -1.084581E-002
    outer loop 
      vertex -5.340703e-001 4.634382e-001 3.360002e+000
      vertex -5.258664e-001 3.383354e-001 3.439434e+000
      vertex -5.356759e-001 4.615855e-001 3.519995e+000
    endloop 
  endfacet
  facet normal 7.838605E-003 -9.999466E-001 -6.742516E-003
    outer loop 
      vertex -3.012226e-001 -5.029436e-001 4.867339e-001
      vertex -3.339365e-001 -5.022157e-001 3.407522e-001
      vertex -1.397489e-001 -5.011479e-001 4.081365e-001
    endloop 
  endfacet
  facet normal 9.555778E-003 -9.999290E-001 -7.127239E-003
    outer loop 
      vertex -3.339365e-001 -5.022157e-001 3.407522e-001
      vertex -3.012226e-001 -5.029436e-001 4.867339e-001
      vertex -4.951946e-001 -5.047492e-001 4.799882e-001
    endloop 
  endfacet
  facet normal 9.358944E-003 -9.999497E-001 -3.619143E-003
    outer loop 
      vertex -1.397489e-001 -5.011479e-001 4.081365e-001
      vertex -1.800752e-001 -5.021722e-001 5.868810e-001
      vertex -3.012226e-001 -5.029436e-001 4.867339e-001
    endloop 
  endfacet
  facet normal 9.974496E-001 7.134982E-002 -1.840345E-003
    outer loop 
      vertex 5.053293e-001 -5.957992e-002 3.302400e+000
      vertex 5.045462e-001 -4.374001e-002 3.492118e+000
      vertex 5.150640e-001 -1.933845e-001 3.390966e+000
    endloop 
  endfacet
  facet normal 9.974686E-001 7.108464E-002 -1.818129E-003
    outer loop 
      vertex 5.053293e-001 -5.957992e-002 3.302400e+000
      vertex 4.965431e-001 6.601055e-002 3.392412e+000
      vertex 5.045462e-001 -4.374001e-002 3.492118e+000
    endloop 
  endfacet
  facet normal 9.975781E-001 6.938768E-002 -4.818865E-003
    outer loop 
      vertex 5.141017e-001 -1.924926e-001 3.204594e+000
      vertex 5.053293e-001 -5.957992e-002 3.302400e+000
      vertex 5.150640e-001 -1.933845e-001 3.390966e+000
    endloop 
  endfacet
  facet normal -9.999801E-001 -1.848820E-003 -6.031381E-003
    outer loop 
      vertex -5.004513e-001 2.271558e-001 1.073752e-001
      vertex -5.010390e-001 3.618420e-001 1.635281e-001
      vertex -5.000000e-001 3.333333e-001 0.000000e+000
    endloop 
  endfacet
  facet normal -9.999328E-001 -1.578148E-003 -1.148703E-002
    outer loop 
      vertex -5.010390e-001 3.618420e-001 1.635281e-001
      vertex -5.030500e-001 4.969266e-001 3.200197e-001
      vertex -5.012153e-001 4.987934e-001 1.600554e-001
    endloop 
  endfacet
  facet normal -9.999700E-001 -1.479729E-003 -7.603792E-003
    outer loop 
      vertex -5.010390e-001 3.618420e-001 1.635281e-001
      vertex -5.012153e-001 4.987934e-001 1.600554e-001
      vertex -5.000000e-001 5.000000e-001 0.000000e+000
    endloop 
  endfacet
  facet normal -9.999799E-001 0.000000E+000 -6.353694E-003
    outer loop 
      vertex -5.010390e-001 3.618420e-001 1.635281e-001
      vertex -5.000000e-001 5.000000e-001 0.000000e+000
      vertex -5.000000e-001 3.333333e-001 0.000000e+000
    endloop 
  endfacet
  facet normal 9.999512E-001 6.144944E-003 -7.735772E-003
    outer loop 
      vertex 5.030437e-001 -4.969325e-001 3.199976e-001
      vertex 5.015548e-001 -3.708120e-001 2.277265e-001
      vertex 5.021449e-001 -3.069720e-001 3.547145e-001
    endloop 
  endfacet
  facet normal 9.999732E-001 1.051570E-003 -7.255343E-003
    outer loop 
      vertex 5.015548e-001 -3.708120e-001 2.277265e-001
      vertex 5.011980e-001 -4.987704e-001 1.600052e-001
      vertex 5.006128e-001 -3.359441e-001 1.029494e-001
    endloop 
  endfacet
  facet normal 9.999274E-001 3.337009E-003 -1.157341E-002
    outer loop 
      vertex 5.030437e-001 -4.969325e-001 3.199976e-001
      vertex 5.011980e-001 -4.987704e-001 1.600052e-001
      vertex 5.015548e-001 -3.708120e-001 2.277265e-001
    endloop 
  endfacet
  facet normal 7.751757E-002 -9.969569E-001 8.235191E-003
    outer loop 
      vertex 5.371966e-001 -4.597613e-001 3.679995e+000
      vertex 4.124254e-001 -4.682041e-001 3.832366e+000
      vertex 4.157275e-001 -4.695734e-001 3.635511e+000
    endloop 
  endfacet
  facet normal 7.857861E-002 -9.968738E-001 8.252411E-003
    outer loop 
      vertex 4.157275e-001 -4.695734e-001 3.635511e+000
      vertex 4.124254e-001 -4.682041e-001 3.832366e+000
      vertex 3.125091e-001 -4.769846e-001 3.723087e+000
    endloop 
  endfacet
  facet normal 8.147589E-002 -9.966554E-001 6.305727E-003
    outer loop 
      vertex 2.605812e-001 -4.804409e-001 3.860240e+000
      vertex 4.124254e-001 -4.682041e-001 3.832366e+000
      vertex 3.742588e-001 -4.702636e-001 4.000000e+000
    endloop 
  endfacet
  facet normal 8.136377E-002 -9.966683E-001 5.689344E-003
    outer loop 
      vertex 3.125091e-001 -4.769846e-001 3.723087e+000
      vertex 4.124254e-001 -4.682041e-001 3.832366e+000
      vertex 2.605812e-001 -4.804409e-001 3.860240e+000
    endloop 
  endfacet
  facet normal 8.765355E-002 -9.961212E-001 7.718806E-003
    outer loop 
      vertex 3.742588e-001 -4.702636e-001 4.000000e+000
      vertex 4.124254e-001 -4.682041e-001 3.832366e+000
      vertex 5.406711e-001 -4.556202e-001 4.000000e+000
    endloop 
  endfacet
  facet normal 8.211298E-002 -9.965506E-001 1.202074E-002
    outer loop 
      vertex 5.389852e-001 -4.576846e-001 3.839935e+000
      vertex 4.124254e-001 -4.682041e-001 3.832366e+000
      vertex 5.371966e-001 -4.597613e-001 3.679995e+000
    endloop 
  endfacet
  facet normal 8.211494E-002 -9.965507E-001 1.198826E-002
    outer loop 
      vertex 4.124254e-001 -4.682041e-001 3.832366e+000
      vertex 5.389852e-001 -4.576846e-001 3.839935e+000
      vertex 5.406711e-001 -4.556202e-001 4.000000e+000
    endloop 
  endfacet
  facet normal -9.967837E-001 -7.925241E-002 1.187922E-002
    outer loop 
      vertex -4.577311e-001 -5.389785e-001 3.840004e+000
      vertex -4.672093e-001 -4.343946e-001 3.742424e+000
      vertex -4.597755e-001 -5.372512e-001 3.679981e+000
    endloop 
  endfacet
  facet normal 1.973086E-003 -9.999932E-001 3.103446E-003
    outer loop 
      vertex 1.666667e-001 -5.000000e-001 0.000000e+000
      vertex 3.285408e-001 -4.993464e-001 1.076767e-001
      vertex 1.371970e-001 -4.995969e-001 1.486154e-001
    endloop 
  endfacet
  facet normal 0.000000E+000 -9.999816E-001 6.069583E-003
    outer loop 
      vertex 3.333333e-001 -5.000000e-001 0.000000e+000
      vertex 3.285408e-001 -4.993464e-001 1.076767e-001
      vertex 1.666667e-001 -5.000000e-001 0.000000e+000
    endloop 
  endfacet
  facet normal 0.000000E+000 -9.999816E-001 6.069583E-003
    outer loop 
      vertex 3.333333e-001 -5.000000e-001 0.000000e+000
      vertex 5.000000e-001 -5.000000e-001 0.000000e+000
      vertex 3.285408e-001 -4.993464e-001 1.076767e-001
    endloop 
  endfacet
  facet normal 1.009303E-003 -9.999700E-001 7.676677E-003
    outer loop 
      vertex 5.000000e-001 -5.000000e-001 0.000000e+000
      vertex 5.011980e-001 -4.987704e-001 1.600052e-001
      vertex 3.285408e-001 -4.993464e-001 1.076767e-001
    endloop 
  endfacet
  facet normal -1.676099E-003 9.999939E-001 3.059885E-003
    outer loop 
      vertex -3.322501e-001 4.994065e-001 1.032541e-001
      vertex -1.438115e-001 4.995351e-001 1.644477e-001
      vertex -1.666667e-001 5.000000e-001 0.000000e+000
    endloop 
  endfacet
  facet normal 0.000000E+000 9.999834E-001 5.747702E-003
    outer loop 
      vertex -3.333333e-001 5.000000e-001 0.000000e+000
      vertex -3.322501e-001 4.994065e-001 1.032541e-001
      vertex -1.666667e-001 5.000000e-001 0.000000e+000
    endloop 
  endfacet
  facet normal 0.000000E+000 9.999834E-001 5.747702E-003
    outer loop 
      vertex -5.000000e-001 5.000000e-001 0.000000e+000
      vertex -3.322501e-001 4.994065e-001 1.032541e-001
      vertex -3.333333e-001 5.000000e-001 0.000000e+000
    endloop 
  endfacet
  facet normal -1.097172E-003 9.999711E-001 7.530131E-003
    outer loop 
      vertex -3.322501e-001 4.994065e-001 1.032541e-001
      vertex -5.000000e-001 5.000000e-001 0.000000e+000
      vertex -5.012153e-001 4.987934e-001 1.600554e-001
    endloop 
  endfacet
  facet normal -8.166950E-002 9.966547E-001 -3.082284E-003
    outer loop 
      vertex 1.243396e-001 5.122539e-001 4.000000e+000
      vertex 2.801823e-001 5.246434e-001 3.876857e+000
      vertex 7.040967e-002 5.073542e-001 3.844642e+000
    endloop 
  endfacet
  facet normal -8.135634E-002 9.966719E-001 -5.130723E-003
    outer loop 
      vertex 1.824724e-001 5.158278e-001 3.713748e+000
      vertex 7.040967e-002 5.073542e-001 3.844642e+000
      vertex 2.801823e-001 5.246434e-001 3.876857e+000
    endloop 
  endfacet
  facet normal -8.412100E-002 9.964362E-001 -6.206743E-003
    outer loop 
      vertex 2.900329e-001 5.262420e-001 4.000000e+000
      vertex 2.801823e-001 5.246434e-001 3.876857e+000
      vertex 1.243396e-001 5.122539e-001 4.000000e+000
    endloop 
  endfacet
  facet normal -8.729447E-002 9.961647E-001 -5.949365E-003
    outer loop 
      vertex 4.555563e-001 5.407469e-001 4.000000e+000
      vertex 2.801823e-001 5.246434e-001 3.876857e+000
      vertex 2.900329e-001 5.262420e-001 4.000000e+000
    endloop 
  endfacet
  facet normal -8.286685E-002 9.964848E-001 -1.229679E-002
    outer loop 
      vertex 4.577073e-001 5.389511e-001 3.839978e+000
      vertex 2.801823e-001 5.246434e-001 3.876857e+000
      vertex 4.555563e-001 5.407469e-001 4.000000e+000
    endloop 
  endfacet
  facet normal -9.999623E-001 -4.404427E-003 -7.491104E-003
    outer loop 
      vertex -5.009412e-001 1.968387e-001 2.474780e-001
      vertex -5.023835e-001 3.439669e-001 3.535109e-001
      vertex -5.010390e-001 3.618420e-001 1.635281e-001
    endloop 
  endfacet
  facet normal -9.999679E-001 -6.977736E-003 -3.920530E-003
    outer loop 
      vertex -5.023835e-001 3.439669e-001 3.535109e-001
      vertex -5.009412e-001 1.968387e-001 2.474780e-001
      vertex -5.013292e-001 1.606176e-001 4.109137e-001
    endloop 
  endfacet
  facet normal -9.999881E-001 -2.665360E-003 -4.072945E-003
    outer loop 
      vertex -5.010390e-001 3.618420e-001 1.635281e-001
      vertex -5.004513e-001 2.271558e-001 1.073752e-001
      vertex -5.009412e-001 1.968387e-001 2.474780e-001
    endloop 
  endfacet
  facet normal -9.999892E-001 -2.375997E-003 -4.010332E-003
    outer loop 
      vertex -5.004513e-001 2.271558e-001 1.073752e-001
      vertex -5.001916e-001 6.729785e-002 1.373148e-001
      vertex -5.009412e-001 1.968387e-001 2.474780e-001
    endloop 
  endfacet
  facet normal 7.981087E-003 -9.999517E-001 5.750253E-003
    outer loop 
      vertex 1.979295e-001 -4.984111e-001 4.037273e-001
      vertex 3.657343e-001 -4.970345e-001 4.102031e-001
      vertex 2.825953e-001 -4.969733e-001 5.362412e-001
    endloop 
  endfacet
  facet normal 8.222237E-003 -9.999634E-001 2.362244E-003
    outer loop 
      vertex 1.979295e-001 -4.984111e-001 4.037273e-001
      vertex 2.917682e-002 -4.997707e-001 4.155644e-001
      vertex 1.199470e-001 -4.993130e-001 2.933600e-001
    endloop 
  endfacet
  facet normal 0.000000E+000 0.000000E+000 1.000000E+000
    outer loop 
      vertex -4.022925e-001 3.463674e-001 4.000000e+000
      vertex -5.263241e-001 2.900500e-001 4.000000e+000
      vertex -4.138765e-001 2.194130e-001 4.000000e+000
    endloop 
  endfacet
  facet normal 0.000000E+000 0.000000E+000 1.000000E+000
    outer loop 
      vertex -2.966954e-001 2.392899e-001 4.000000e+000
      vertex -4.022925e-001 3.463674e-001 4.000000e+000
      vertex -4.138765e-001 2.194130e-001 4.000000e+000
    endloop 
  endfacet
  facet normal 0.000000E+000 0.000000E+000 1.000000E+000
    outer loop 
      vertex -5.407757e-001 4.557017e-001 4.000000e+000
      vertex -4.022925e-001 3.463674e-001 4.000000e+000
      vertex -3.742637e-001 4.702332e-001 4.000000e+000
    endloop 
  endfacet
  facet normal 0.000000E+000 0.000000E+000 1.000000E+000
    outer loop 
      vertex -5.263241e-001 2.900500e-001 4.000000e+000
      vertex -4.022925e-001 3.463674e-001 4.000000e+000
      vertex -5.407757e-001 4.557017e-001 4.000000e+000
    endloop 
  endfacet
  facet normal 9.978303E-001 6.565254E-002 -4.958906E-003
    outer loop 
      vertex 5.231215e-001 -3.358379e-001 3.121761e+000
      vertex 5.140682e-001 -2.058191e-001 3.021420e+000
      vertex 5.141017e-001 -1.924926e-001 3.204594e+000
    endloop 
  endfacet
  facet normal 9.981107E-001 6.122800E-002 -5.115138E-003
    outer loop 
      vertex 5.140682e-001 -2.058191e-001 3.021420e+000
      vertex 5.138286e-001 -2.162196e-001 2.850171e+000
      vertex 5.064904e-001 -9.081496e-002 2.919373e+000
    endloop 
  endfacet
  facet normal -9.966809E-001 -8.135633E-002 2.889661E-003
    outer loop 
      vertex -4.843339e-001 -2.078224e-001 4.000000e+000
      vertex -4.932618e-001 -1.036003e-001 3.854940e+000
      vertex -4.809618e-001 -2.541422e-001 3.858971e+000
    endloop 
  endfacet
  facet normal -9.964203E-001 -8.444747E-002 3.911152E-003
    outer loop 
      vertex -4.843339e-001 -2.078224e-001 4.000000e+000
      vertex -4.809618e-001 -2.541422e-001 3.858971e+000
      vertex -4.702289e-001 -3.742506e-001 4.000000e+000
    endloop 
  endfacet
  facet normal 9.969747E-001 7.727753E-002 -8.349743E-003
    outer loop 
      vertex 5.266635e-001 -3.302366e-001 3.621085e+000
      vertex 5.287691e-001 -3.428768e-001 3.755518e+000
      vertex 5.371966e-001 -4.597613e-001 3.679995e+000
    endloop 
  endfacet
  facet normal 9.967415E-001 7.973682E-002 -1.218191E-002
    outer loop 
      vertex 5.287691e-001 -3.428768e-001 3.755518e+000
      vertex 5.389852e-001 -4.576846e-001 3.839935e+000
      vertex 5.371966e-001 -4.597613e-001 3.679995e+000
    endloop 
  endfacet
  facet normal 0.000000E+000 0.000000E+000 1.000000E+000
    outer loop 
      vertex 3.709327e-001 -4.636928e-002 4.000000e+000
      vertex 3.619536e-001 1.334361e-001 4.000000e+000
      vertex 2.327648e-001 6.509513e-002 4.000000e+000
    endloop 
  endfacet
  facet normal 0.000000E+000 0.000000E+000 1.000000E+000
    outer loop 
      vertex 4.982477e-001 4.158697e-002 4.000000e+000
      vertex 3.619536e-001 1.334361e-001 4.000000e+000
      vertex 3.709327e-001 -4.636928e-002 4.000000e+000
    endloop 
  endfacet
  facet normal 0.000000E+000 0.000000E+000 1.000000E+000
    outer loop 
      vertex 4.982477e-001 4.158697e-002 4.000000e+000
      vertex 4.842613e-001 2.077977e-001 4.000000e+000
      vertex 3.619536e-001 1.334361e-001 4.000000e+000
    endloop 
  endfacet
  facet normal 0.000000E+000 0.000000E+000 1.000000E+000
    outer loop 
      vertex 2.146240e-001 2.296285e-001 4.000000e+000
      vertex 2.327648e-001 6.509513e-002 4.000000e+000
      vertex 3.619536e-001 1.334361e-001 4.000000e+000
    endloop 
  endfacet
  facet normal 0.000000E+000 0.000000E+000 1.000000E+000
    outer loop 
      vertex 2.900329e-001 5.262420e-001 4.000000e+000
      vertex 1.243396e-001 5.122539e-001 4.000000e+000
      vertex 2.215450e-001 3.903072e-001 4.000000e+000
    endloop 
  endfacet
  facet normal 0.000000E+000 0.000000E+000 -1.000000E+000
    outer loop 
      vertex -3.333333e-001 5.000000e-001 0.000000e+000
      vertex -1.666667e-001 5.000000e-001 0.000000e+000
      vertex -2.453599e-001 3.902999e-001 0.000000e+000
    endloop 
  endfacet
  facet normal 0.000000E+000 0.000000E+000 1.000000E+000
    outer loop 
      vertex -1.338388e-001 -7.179065e-002 4.000000e+000
      vertex -2.681608e-001 4.591942e-003 4.000000e+000
      vertex -3.037811e-001 -1.361899e-001 4.000000e+000
    endloop 
  endfacet
  facet normal 0.000000E+000 0.000000E+000 1.000000E+000
    outer loop 
      vertex -2.973873e-001 -2.829431e-001 4.000000e+000
      vertex -3.037811e-001 -1.361899e-001 4.000000e+000
      vertex -4.843339e-001 -2.078224e-001 4.000000e+000
    endloop 
  endfacet
  facet normal 0.000000E+000 0.000000E+000 1.000000E+000
    outer loop 
      vertex -4.982999e-001 -4.160817e-002 4.000000e+000
      vertex -4.843339e-001 -2.078224e-001 4.000000e+000
      vertex -3.037811e-001 -1.361899e-001 4.000000e+000
    endloop 
  endfacet
  facet normal 0.000000E+000 0.000000E+000 1.000000E+000
    outer loop 
      vertex -4.982999e-001 -4.160817e-002 4.000000e+000
      vertex -3.037811e-001 -1.361899e-001 4.000000e+000
      vertex -2.681608e-001 4.591942e-003 4.000000e+000
    endloop 
  endfacet
  facet normal 0.000000E+000 0.000000E+000 1.000000E+000
    outer loop 
      vertex -9.821814e-002 3.671476e-001 4.000000e+000
      vertex -4.162364e-002 4.982507e-001 4.000000e+000
      vertex -2.078326e-001 4.842584e-001 4.000000e+000
    endloop 
  endfacet
  facet normal 0.000000E+000 0.000000E+000 -1.000000E+000
    outer loop 
      vertex 3.739951e-001 3.607144e-001 0.000000e+000
      vertex 2.542583e-001 3.949247e-001 0.000000e+000
      vertex 3.333333e-001 5.000000e-001 0.000000e+000
    endloop 
  endfacet
  facet normal 0.000000E+000 0.000000E+000 -1.000000E+000
    outer loop 
      vertex 2.514211e-001 2.763562e-001 0.000000e+000
      vertex 2.542583e-001 3.949247e-001 0.000000e+000
      vertex 3.739951e-001 3.607144e-001 0.000000e+000
    endloop 
  endfacet
  facet normal 0.000000E+000 0.000000E+000 -1.000000E+000
    outer loop 
      vertex 5.000000e-001 3.333333e-001 0.000000e+000
      vertex 3.775123e-001 2.188884e-001 0.000000e+000
      vertex 3.739951e-001 3.607144e-001 0.000000e+000
    endloop 
  endfacet
  facet normal 0.000000E+000 0.000000E+000 -1.000000E+000
    outer loop 
      vertex 3.775123e-001 2.188884e-001 0.000000e+000
      vertex 2.514211e-001 2.763562e-001 0.000000e+000
      vertex 3.739951e-001 3.607144e-001 0.000000e+000
    endloop 
  endfacet
  facet normal 0.000000E+000 0.000000E+000 -1.000000E+000
    outer loop 
      vertex 3.739951e-001 3.607144e-001 0.000000e+000
      vertex 3.333333e-001 5.000000e-001 0.000000e+000
      vertex 5.000000e-001 5.000000e-001 0.000000e+000
    endloop 
  endfacet
  facet normal 0.000000E+000 0.000000E+000 -1.000000E+000
    outer loop 
      vertex 5.000000e-001 3.333333e-001 0.000000e+000
      vertex 3.739951e-001 3.607144e-001 0.000000e+000
      vertex 5.000000e-001 5.000000e-001 0.000000e+000
    endloop 
  endfacet
  facet normal 0.000000E+000 0.000000E+000 -1.000000E+000
    outer loop 
      vertex -3.766828e-001 6.072977e-002 0.000000e+000
      vertex -2.533354e-001 -3.212956e-002 0.000000e+000
      vertex -3.789835e-001 -8.326499e-002 0.000000e+000
    endloop 
  endfacet
  facet normal 0.000000E+000 0.000000E+000 -1.000000E+000
    outer loop 
      vertex -3.766828e-001 6.072977e-002 0.000000e+000
      vertex -3.789835e-001 -8.326499e-002 0.000000e+000
      vertex -5.000000e-001 0.000000e+000 0.000000e+000
    endloop 
  endfacet
  facet normal 0.000000E+000 0.000000E+000 -1.000000E+000
    outer loop 
      vertex -3.766828e-001 6.072977e-002 0.000000e+000
      vertex -5.000000e-001 0.000000e+000 0.000000e+000
      vertex -5.000000e-001 1.666667e-001 0.000000e+000
    endloop 
  endfacet
  facet normal 0.000000E+000 0.000000E+000 -1.000000E+000
    outer loop 
      vertex -1.666667e-001 -5.000000e-001 0.000000e+000
      vertex -6.641074e-002 -3.674450e-001 0.000000e+000
      vertex 0.000000e+000 -5.000000e-001 0.000000e+000
    endloop 
  endfacet
  facet normal 0.000000E+000 0.000000E+000 -1.000000E+000
    outer loop 
      vertex 1.666667e-001 5.000000e-001 0.000000e+000
      vertex 1.274870e-001 3.588903e-001 0.000000e+000
      vertex 0.000000e+000 5.000000e-001 0.000000e+000
    endloop 
  endfacet
  facet normal 0.000000E+000 0.000000E+000 -1.000000E+000
    outer loop 
      vertex 5.137601e-003 2.877174e-001 0.000000e+000
      vertex 0.000000e+000 5.000000e-001 0.000000e+000
      vertex 1.274870e-001 3.588903e-001 0.000000e+000
    endloop 
  endfacet
  facet normal 0.000000E+000 0.000000E+000 -1.000000E+000
    outer loop 
      vertex 5.000000e-001 0.000000e+000 0.000000e+000
      vertex 3.779213e-001 8.281100e-002 0.000000e+000
      vertex 5.000000e-001 1.666667e-001 0.000000e+000
    endloop 
  endfacet
  facet normal 0.000000E+000 0.000000E+000 -1.000000E+000
    outer loop 
      vertex -3.789835e-001 -8.326499e-002 0.000000e+000
      vertex -5.000000e-001 -1.666667e-001 0.000000e+000
      vertex -5.000000e-001 0.000000e+000 0.000000e+000
    endloop 
  endfacet
  facet normal 0.000000E+000 0.000000E+000 1.000000E+000
    outer loop 
      vertex 1.658511e-002 -2.859090e-001 4.000000e+000
      vertex 1.754690e-001 -3.085149e-001 4.000000e+000
      vertex 1.116484e-001 -1.613109e-001 4.000000e+000
    endloop 
  endfacet
  facet normal 0.000000E+000 0.000000E+000 1.000000E+000
    outer loop 
      vertex 1.754690e-001 -3.085149e-001 4.000000e+000
      vertex 4.157988e-002 -4.982960e-001 4.000000e+000
      vertex 2.077820e-001 -4.842731e-001 4.000000e+000
    endloop 
  endfacet
  facet normal 0.000000E+000 0.000000E+000 1.000000E+000
    outer loop 
      vertex 4.157988e-002 -4.982960e-001 4.000000e+000
      vertex 1.754690e-001 -3.085149e-001 4.000000e+000
      vertex 1.658511e-002 -2.859090e-001 4.000000e+000
    endloop 
  endfacet
  facet normal 0.000000E+000 0.000000E+000 -1.000000E+000
    outer loop 
      vertex 2.567876e-001 -3.806878e-001 0.000000e+000
      vertex 3.333333e-001 -5.000000e-001 0.000000e+000
      vertex 1.666667e-001 -5.000000e-001 0.000000e+000
    endloop 
  endfacet
  facet normal 0.000000E+000 0.000000E+000 1.000000E+000
    outer loop 
      vertex -5.263241e-001 2.900500e-001 4.000000e+000
      vertex -5.122391e-001 1.243592e-001 4.000000e+000
      vertex -4.138765e-001 2.194130e-001 4.000000e+000
    endloop 
  endfacet
  facet normal 0.000000E+000 0.000000E+000 1.000000E+000
    outer loop 
      vertex 5.122241e-001 -1.243689e-001 4.000000e+000
      vertex 3.709327e-001 -4.636928e-002 4.000000e+000
      vertex 3.484136e-001 -2.135732e-001 4.000000e+000
    endloop 
  endfacet
  facet normal 0.000000E+000 0.000000E+000 1.000000E+000
    outer loop 
      vertex 5.122241e-001 -1.243689e-001 4.000000e+000
      vertex 4.982477e-001 4.158697e-002 4.000000e+000
      vertex 3.709327e-001 -4.636928e-002 4.000000e+000
    endloop 
  endfacet
  facet normal 0.000000E+000 0.000000E+000 -1.000000E+000
    outer loop 
      vertex 2.463146e-001 -1.167427e-001 0.000000e+000
      vertex 2.407040e-001 -2.523085e-001 0.000000e+000
      vertex 1.197696e-001 -1.840909e-001 0.000000e+000
    endloop 
  endfacet
  facet normal 0.000000E+000 0.000000E+000 1.000000E+000
    outer loop 
      vertex 2.215450e-001 3.903072e-001 4.000000e+000
      vertex 3.481611e-001 2.971711e-001 4.000000e+000
      vertex 3.557064e-001 4.251353e-001 4.000000e+000
    endloop 
  endfacet
  facet normal 0.000000E+000 0.000000E+000 1.000000E+000
    outer loop 
      vertex 3.557064e-001 4.251353e-001 4.000000e+000
      vertex 3.481611e-001 2.971711e-001 4.000000e+000
      vertex 4.701154e-001 3.742833e-001 4.000000e+000
    endloop 
  endfacet
  facet normal 0.000000E+000 0.000000E+000 1.000000E+000
    outer loop 
      vertex 3.557064e-001 4.251353e-001 4.000000e+000
      vertex 2.900329e-001 5.262420e-001 4.000000e+000
      vertex 2.215450e-001 3.903072e-001 4.000000e+000
    endloop 
  endfacet
  facet normal 0.000000E+000 0.000000E+000 1.000000E+000
    outer loop 
      vertex 4.555563e-001 5.407469e-001 4.000000e+000
      vertex 2.900329e-001 5.262420e-001 4.000000e+000
      vertex 3.557064e-001 4.251353e-001 4.000000e+000
    endloop 
  endfacet
  facet normal 0.000000E+000 0.000000E+000 1.000000E+000
    outer loop 
      vertex 3.557064e-001 4.251353e-001 4.000000e+000
      vertex 4.701154e-001 3.742833e-001 4.000000e+000
      vertex 4.555563e-001 5.407469e-001 4.000000e+000
    endloop 
  endfacet
  facet normal 0.000000E+000 0.000000E+000 1.000000E+000
    outer loop 
      vertex -1.243818e-001 -5.122393e-001 4.000000e+000
      vertex 4.157988e-002 -4.982960e-001 4.000000e+000
      vertex -1.105071e-001 -3.639729e-001 4.000000e+000
    endloop 
  endfacet
  facet normal 0.000000E+000 0.000000E+000 1.000000E+000
    outer loop 
      vertex 4.157988e-002 -4.982960e-001 4.000000e+000
      vertex 1.658511e-002 -2.859090e-001 4.000000e+000
      vertex -1.105071e-001 -3.639729e-001 4.000000e+000
    endloop 
  endfacet
  facet normal 5.854909E-002 -9.982757E-001 -4.204139E-003
    outer loop 
      vertex 5.583579e-003 -5.005364e-001 2.788502e+000
      vertex -1.708174e-001 -5.111529e-001 2.852737e+000
      vertex -1.683642e-001 -5.104147e-001 2.711615e+000
    endloop 
  endfacet
  facet normal -9.984239E-001 -5.598655E-002 -3.913254E-003
    outer loop 
      vertex -5.115668e-001 1.931233e-001 2.655812e+000
      vertex -5.024602e-001 2.970245e-002 2.670430e+000
      vertex -5.098003e-001 1.516507e-001 2.798467e+000
    endloop 
  endfacet
  facet normal -9.982669E-001 -5.883589E-002 -1.190413E-003
    outer loop 
      vertex -4.990283e-001 -3.140383e-002 2.812603e+000
      vertex -5.098003e-001 1.516507e-001 2.798467e+000
      vertex -5.024602e-001 2.970245e-002 2.670430e+000
    endloop 
  endfacet
  facet normal -2.222261E-002 9.997504E-001 -2.274641E-003
    outer loop 
      vertex -4.203975e-002 4.991832e-001 1.071804e+000
      vertex 9.913917e-002 5.024703e-001 1.137248e+000
      vertex 9.490236e-002 5.020760e-001 1.005371e+000
    endloop 
  endfacet
  facet normal -2.329760E-002 9.997286E-001 4.545133E-005
    outer loop 
      vertex 9.913917e-002 5.024703e-001 1.137248e+000
      vertex -4.203975e-002 4.991832e-001 1.071804e+000
      vertex 3.020093e-004 5.001624e-001 1.237083e+000
    endloop 
  endfacet
  facet normal -2.320629E-002 9.997282E-001 -2.242970E-003
    outer loop 
      vertex 9.913917e-002 5.024703e-001 1.137248e+000
      vertex 2.276027e-001 5.054079e-001 1.117504e+000
      vertex 9.490236e-002 5.020760e-001 1.005371e+000
    endloop 
  endfacet
  facet normal -2.350383E-002 9.997150E-001 -4.180803E-003
    outer loop 
      vertex 2.276027e-001 5.054079e-001 1.117504e+000
      vertex 9.913917e-002 5.024703e-001 1.137248e+000
      vertex 1.831623e-001 5.050184e-001 1.274185e+000
    endloop 
  endfacet
  facet normal -2.601031E-002 9.996582E-001 -2.641795E-003
    outer loop 
      vertex 9.913917e-002 5.024703e-001 1.137248e+000
      vertex 3.020093e-004 5.001624e-001 1.237083e+000
      vertex 1.831623e-001 5.050184e-001 1.274185e+000
    endloop 
  endfacet
  facet normal -9.996976E-001 -2.454118E-002 -1.532360E-003
    outer loop 
      vertex -5.018128e-001 5.730434e-002 1.346076e+000
      vertex -5.044079e-001 1.731633e-001 1.183560e+000
      vertex -4.998681e-001 -1.145432e-002 1.178567e+000
    endloop 
  endfacet
  facet normal -9.996977E-001 -2.454441E-002 -1.412973E-003
    outer loop 
      vertex -4.998681e-001 -1.145432e-002 1.178567e+000
      vertex -5.044079e-001 1.731633e-001 1.183560e+000
      vertex -5.013070e-001 5.573567e-002 1.029458e+000
    endloop 
  endfacet
  facet normal 9.997567E-001 2.186092E-002 -2.952616E-003
    outer loop 
      vertex 5.030705e-001 -1.199379e-001 1.176435e+000
      vertex 5.029963e-001 -1.424257e-001 9.848101e-001
      vertex 4.997541e-001 1.630647e-002 1.062221e+000
    endloop 
  endfacet
  facet normal 9.996982E-001 2.456632E-002 2.763322E-004
    outer loop 
      vertex 4.990543e-001 4.269144e-002 1.247998e+000
      vertex 5.030705e-001 -1.199379e-001 1.176435e+000
      vertex 4.997541e-001 1.630647e-002 1.062221e+000
    endloop 
  endfacet
  facet normal 9.997362E-001 2.276147E-002 -3.058291E-003
    outer loop 
      vertex 5.070851e-001 -3.076888e-001 1.091441e+000
      vertex 5.029963e-001 -1.424257e-001 9.848101e-001
      vertex 5.030705e-001 -1.199379e-001 1.176435e+000
    endloop 
  endfacet
  facet normal 9.996942E-001 2.402603E-002 -5.853694E-003
    outer loop 
      vertex 5.070851e-001 -3.076888e-001 1.091441e+000
      vertex 5.030705e-001 -1.199379e-001 1.176435e+000
      vertex 5.065107e-001 -2.391320e-001 1.274730e+000
    endloop 
  endfacet
  facet normal 2.195135E-002 -9.997548E-001 -2.902107E-003
    outer loop 
      vertex 1.837932e-002 -4.997155e-001 1.066305e+000
      vertex -1.161895e-001 -5.029624e-001 1.166970e+000
      vertex -1.488762e-001 -5.032444e-001 1.016873e+000
    endloop 
  endfacet
  facet normal 2.416682E-002 -9.997080E-001 6.104021E-005
    outer loop 
      vertex -1.161895e-001 -5.029624e-001 1.166970e+000
      vertex 1.837932e-002 -4.997155e-001 1.066305e+000
      vertex 1.326270e-002 -4.998308e-001 1.204093e+000
    endloop 
  endfacet
  facet normal 2.370386E-002 -9.997137E-001 -3.283829E-003
    outer loop 
      vertex -1.488762e-001 -5.032444e-001 1.016873e+000
      vertex -1.161895e-001 -5.029624e-001 1.166970e+000
      vertex -2.808313e-001 -5.067744e-001 1.139038e+000
    endloop 
  endfacet
  facet normal 2.399208E-002 -9.996997E-001 -4.984590E-003
    outer loop 
      vertex -1.161895e-001 -5.029624e-001 1.166970e+000
      vertex -2.141213e-001 -5.059352e-001 1.291814e+000
      vertex -2.808313e-001 -5.067744e-001 1.139038e+000
    endloop 
  endfacet
  facet normal -1.620594E-002 9.998381E-001 -7.815171E-003
    outer loop 
      vertex 3.669719e-001 5.068257e-001 8.917561e-001
      vertex 4.917127e-001 5.081304e-001 8.000030e-001
      vertex 3.513035e-001 5.053592e-001 7.366278e-001
    endloop 
  endfacet
  facet normal -1.718830E-002 9.998226E-001 -7.715803E-003
    outer loop 
      vertex 3.669719e-001 5.068257e-001 8.917561e-001
      vertex 3.513035e-001 5.053592e-001 7.366278e-001
      vertex 2.474147e-001 5.043082e-001 8.318676e-001
    endloop 
  endfacet
  facet normal -1.842345E-002 9.998165E-001 -5.249783E-003
    outer loop 
      vertex 2.345567e-001 5.047457e-001 9.603009e-001
      vertex 3.669719e-001 5.068257e-001 8.917561e-001
      vertex 2.474147e-001 5.043082e-001 8.318676e-001
    endloop 
  endfacet
  facet normal -1.825133E-002 9.997773E-001 -1.059679E-002
    outer loop 
      vertex 4.917127e-001 5.081304e-001 8.000030e-001
      vertex 3.669719e-001 5.068257e-001 8.917561e-001
      vertex 4.899883e-001 5.097948e-001 9.599988e-001
    endloop 
  endfacet
  facet normal -1.494943E-002 9.998744E-001 -5.273038E-003
    outer loop 
      vertex 1.896705e-001 5.028046e-001 7.104547e-001
      vertex 2.474147e-001 5.043082e-001 8.318676e-001
      vertex 3.513035e-001 5.053592e-001 7.366278e-001
    endloop 
  endfacet
  facet normal -1.494348E-002 9.998320E-001 -1.061192E-002
    outer loop 
      vertex 4.917127e-001 5.081304e-001 8.000030e-001
      vertex 4.934435e-001 5.064581e-001 6.400027e-001
      vertex 3.513035e-001 5.053592e-001 7.366278e-001
    endloop 
  endfacet
  facet normal -6.718227E-002 9.977113E-001 -7.656131E-003
    outer loop 
      vertex 3.245367e-001 5.218397e-001 3.050227e+000
      vertex 3.296122e-001 5.236700e-001 3.244195e+000
      vertex 4.652317e-001 5.324630e-001 3.200009e+000
    endloop 
  endfacet
  facet normal -6.664629E-002 9.977471E-001 -7.670494E-003
    outer loop 
      vertex 3.245367e-001 5.218397e-001 3.050227e+000
      vertex 1.830848e-001 5.133098e-001 3.169710e+000
      vertex 3.296122e-001 5.236700e-001 3.244195e+000
    endloop 
  endfacet
  facet normal -6.399271E-002 9.978951E-001 -1.050177E-002
    outer loop 
      vertex 3.245367e-001 5.218397e-001 3.050227e+000
      vertex 4.670652e-001 5.308723e-001 3.040015e+000
      vertex 4.688395e-001 5.293021e-001 2.879997e+000
    endloop 
  endfacet
  facet normal -6.041426E-002 9.981456E-001 -7.457356E-003
    outer loop 
      vertex 4.688395e-001 5.293021e-001 2.879997e+000
      vertex 2.547017e-001 5.163099e-001 2.875823e+000
      vertex 3.245367e-001 5.218397e-001 3.050227e+000
    endloop 
  endfacet
  facet normal -6.400353E-002 9.978928E-001 -1.065488E-002
    outer loop 
      vertex 4.670652e-001 5.308723e-001 3.040015e+000
      vertex 3.245367e-001 5.218397e-001 3.050227e+000
      vertex 4.652317e-001 5.324630e-001 3.200009e+000
    endloop 
  endfacet
  facet normal 9.977229E-001 6.702072E-002 7.567951E-003
    outer loop 
      vertex 4.652317e-001 5.324630e-001 3.200009e+000
      vertex 4.724906e-001 4.180623e-001 3.256148e+000
      vertex 4.770154e-001 3.682571e-001 3.100684e+000
    endloop 
  endfacet
  facet normal 9.976451E-001 6.821018E-002 7.184626E-003
    outer loop 
      vertex 4.724906e-001 4.180623e-001 3.256148e+000
      vertex 4.822761e-001 2.763371e-001 3.242880e+000
      vertex 4.770154e-001 3.682571e-001 3.100684e+000
    endloop 
  endfacet
  facet normal 9.974576E-001 7.079992E-002 8.107005E-003
    outer loop 
      vertex 4.724906e-001 4.180623e-001 3.256148e+000
      vertex 4.634138e-001 5.340469e-001 3.360012e+000
      vertex 4.735641e-001 3.868715e-001 3.396462e+000
    endloop 
  endfacet
  facet normal 9.976448E-001 6.817849E-002 7.522848E-003
    outer loop 
      vertex 4.724906e-001 4.180623e-001 3.256148e+000
      vertex 4.735641e-001 3.868715e-001 3.396462e+000
      vertex 4.822761e-001 2.763371e-001 3.242880e+000
    endloop 
  endfacet
  facet normal 9.975923E-001 6.852781E-002 1.065603E-002
    outer loop 
      vertex 4.724906e-001 4.180623e-001 3.256148e+000
      vertex 4.652317e-001 5.324630e-001 3.200009e+000
      vertex 4.634138e-001 5.340469e-001 3.360012e+000
    endloop 
  endfacet
  facet normal 0.000000E+000 0.000000E+000 -1.000000E+000
    outer loop 
      vertex -3.700074e-001 -3.688355e-001 0.000000e+000
      vertex -2.201840e-001 -3.768720e-001 0.000000e+000
      vertex -3.333333e-001 -5.000000e-001 0.000000e+000
    endloop 
  endfacet
  facet normal 0.000000E+000 0.000000E+000 -1.000000E+000
    outer loop 
      vertex -2.751296e-001 -2.709708e-001 0.000000e+000
      vertex -2.201840e-001 -3.768720e-001 0.000000e+000
      vertex -3.700074e-001 -3.688355e-001 0.000000e+000
    endloop 
  endfacet
  facet normal 0.000000E+000 0.000000E+000 -1.000000E+000
    outer loop 
      vertex -3.700074e-001 -3.688355e-001 0.000000e+000
      vertex -5.000000e-001 -3.333333e-001 0.000000e+000
      vertex -3.818465e-001 -2.199804e-001 0.000000e+000
    endloop 
  endfacet
  facet normal 0.000000E+000 0.000000E+000 -1.000000E+000
    outer loop 
      vertex -2.751296e-001 -2.709708e-001 0.000000e+000
      vertex -3.700074e-001 -3.688355e-001 0.000000e+000
      vertex -3.818465e-001 -2.199804e-001 0.000000e+000
    endloop 
  endfacet
  facet normal 0.000000E+000 0.000000E+000 -1.000000E+000
    outer loop 
      vertex -5.000000e-001 -5.000000e-001 0.000000e+000
      vertex -5.000000e-001 -3.333333e-001 0.000000e+000
      vertex -3.700074e-001 -3.688355e-001 0.000000e+000
    endloop 
  endfacet
  facet normal 0.000000E+000 0.000000E+000 -1.000000E+000
    outer loop 
      vertex -5.000000e-001 -5.000000e-001 0.000000e+000
      vertex -3.700074e-001 -3.688355e-001 0.000000e+000
      vertex -3.333333e-001 -5.000000e-001 0.000000e+000
    endloop 
  endfacet
  facet normal -9.977134E-001 -6.722233E-002 -7.007759E-003
    outer loop 
      vertex -5.205691e-001 2.995313e-001 3.092617e+000
      vertex -5.215866e-001 2.948803e-001 3.282098e+000
      vertex -5.324891e-001 4.652548e-001 3.199992e+000
    endloop 
  endfacet
  facet normal -9.977713E-001 -6.635959E-002 -6.986893E-003
    outer loop 
      vertex -5.116352e-001 1.582422e-001 3.158735e+000
      vertex -5.215866e-001 2.948803e-001 3.282098e+000
      vertex -5.205691e-001 2.995313e-001 3.092617e+000
    endloop 
  endfacet
  facet normal -9.978352E-001 -6.490495E-002 -1.059794E-002
    outer loop 
      vertex -5.309069e-001 4.670558e-001 3.039992e+000
      vertex -5.205691e-001 2.995313e-001 3.092617e+000
      vertex -5.324891e-001 4.652548e-001 3.199992e+000
    endloop 
  endfacet
  facet normal -9.979368E-001 -6.381090E-002 -7.095227E-003
    outer loop 
      vertex -5.205691e-001 2.995313e-001 3.092617e+000
      vertex -5.309069e-001 4.670558e-001 3.039992e+000
      vertex -5.195529e-001 3.024182e-001 2.923727e+000
    endloop 
  endfacet
  facet normal -9.977174E-001 -6.749695E-002 2.046290E-003
    outer loop 
      vertex -4.928248e-001 -1.259671e-001 3.119248e+000
      vertex -4.919659e-001 -1.336141e-001 3.285777e+000
      vertex -5.017571e-001 8.882910e-003 3.212128e+000
    endloop 
  endfacet
  facet normal -9.976252E-001 -6.887487E-002 -6.320275E-004
    outer loop 
      vertex -4.919659e-001 -1.336141e-001 3.285777e+000
      vertex -4.998763e-001 -1.951833e-002 3.338441e+000
      vertex -5.017571e-001 8.882910e-003 3.212128e+000
    endloop 
  endfacet
  facet normal -9.977341E-001 -6.724898E-002 2.057764E-003
    outer loop 
      vertex -4.838910e-001 -2.558775e-001 3.205345e+000
      vertex -4.919659e-001 -1.336141e-001 3.285777e+000
      vertex -4.928248e-001 -1.259671e-001 3.119248e+000
    endloop 
  endfacet
  facet normal -9.976006E-001 -6.906311E-002 4.828834E-003
    outer loop 
      vertex -4.838910e-001 -2.558775e-001 3.205345e+000
      vertex -4.825081e-001 -2.636149e-001 3.380396e+000
      vertex -4.919659e-001 -1.336141e-001 3.285777e+000
    endloop 
  endfacet
  facet normal 6.746087E-002 -9.977202E-001 1.871314E-003
    outer loop 
      vertex -1.379395e-002 -5.020778e-001 3.208738e+000
      vertex 1.174358e-001 -4.933797e-001 3.115419e+000
      vertex 1.261528e-001 -4.924678e-001 3.287377e+000
    endloop 
  endfacet
  facet normal 6.900705E-002 -9.976158E-001 -8.930689E-004
    outer loop 
      vertex 1.261528e-001 -4.924678e-001 3.287377e+000
      vertex -6.739683e-004 -5.012900e-001 3.342563e+000
      vertex -1.379395e-002 -5.020778e-001 3.208738e+000
    endloop 
  endfacet
  facet normal 6.688612E-002 -9.977588E-001 1.900654E-003
    outer loop 
      vertex 2.635249e-001 -4.834444e-001 3.189984e+000
      vertex 1.261528e-001 -4.924678e-001 3.287377e+000
      vertex 1.174358e-001 -4.933797e-001 3.115419e+000
    endloop 
  endfacet
  facet normal 6.891467E-002 -9.976111E-001 4.775594E-003
    outer loop 
      vertex 2.635249e-001 -4.834444e-001 3.189984e+000
      vertex 2.514665e-001 -4.832574e-001 3.403041e+000
      vertex 1.261528e-001 -4.924678e-001 3.287377e+000
    endloop 
  endfacet
  facet normal -9.993140E-001 -3.547554E-002 1.063087E-002
    outer loop 
      vertex -4.865125e-001 -3.887183e-001 1.700586e+000
      vertex -4.830498e-001 -5.164031e-001 1.599998e+000
      vertex -4.812893e-001 -5.180438e-001 1.760008e+000
    endloop 
  endfacet
  facet normal 3.669180E-002 -9.992701E-001 -1.062333E-002
    outer loop 
      vertex -4.795128e-001 -5.196795e-001 1.920007e+000
      vertex -4.812893e-001 -5.180438e-001 1.760008e+000
      vertex -3.740383e-001 -5.141162e-001 1.760998e+000
    endloop 
  endfacet
  facet normal 3.669203E-002 -9.992699E-001 -1.064944E-002
    outer loop 
      vertex -3.740383e-001 -5.141162e-001 1.760998e+000
      vertex -4.812893e-001 -5.180438e-001 1.760008e+000
      vertex -4.830498e-001 -5.164031e-001 1.599998e+000
    endloop 
  endfacet
  facet normal 9.993165E-001 3.536947E-002 1.074973E-002
    outer loop 
      vertex 4.812589e-001 5.180391e-001 1.760020e+000
      vertex 4.862720e-001 3.966423e-001 1.693419e+000
      vertex 4.830392e-001 5.163811e-001 1.599975e+000
    endloop 
  endfacet
  facet normal 9.993515E-001 3.559600E-002 5.433488E-003
    outer loop 
      vertex 4.903807e-001 2.927334e-001 1.618465e+000
      vertex 4.862720e-001 3.966423e-001 1.693419e+000
      vertex 4.905606e-001 2.608695e-001 1.794127e+000
    endloop 
  endfacet
  facet normal -3.549975E-002 9.993138E-001 1.056461E-002
    outer loop 
      vertex -3.955861e-001 4.862626e-001 1.698086e+000
      vertex -5.164175e-001 4.830071e-001 1.600000e+000
      vertex -5.180545e-001 4.812574e-001 1.760004e+000
    endloop 
  endfacet
  facet normal 3.218343E-002 -9.994264E-001 1.053551E-002
    outer loop 
      vertex 4.084089e-001 -4.871393e-001 1.541341e+000
      vertex 5.147533e-001 -4.847833e-001 1.439989e+000
      vertex 5.163828e-001 -4.830439e-001 1.600014e+000
    endloop 
  endfacet
  facet normal 9.992697E-001 3.669661E-002 -1.064685E-002
    outer loop 
      vertex 5.180293e-001 -4.812754e-001 1.760011e+000
      vertex 5.133975e-001 -3.553886e-001 1.759183e+000
      vertex 5.196694e-001 -4.795120e-001 1.920026e+000
    endloop 
  endfacet
  facet normal 9.993190E-001 3.657717E-002 -4.873152E-003
    outer loop 
      vertex 5.091892e-001 -2.349471e-001 1.800227e+000
      vertex 5.133975e-001 -3.553886e-001 1.759183e+000
      vertex 5.070856e-001 -2.023001e-001 1.613887e+000
    endloop 
  endfacet
  facet normal -3.607768E-002 9.993380E-001 -4.683395E-003
    outer loop 
      vertex 2.100577e-001 5.073425e-001 1.610574e+000
      vertex 4.204942e-002 5.018380e-001 1.730253e+000
      vertex 1.933973e-001 5.075877e-001 1.791237e+000
    endloop 
  endfacet
  facet normal 9.999782E-001 6.586579E-003 -4.423833E-004
    outer loop 
      vertex 4.991854e-001 1.180682e-001 3.525669e-001
      vertex 4.999842e-001 3.189174e-003 4.477657e-001
      vertex 5.001872e-001 -4.268096e-002 2.235085e-001
    endloop 
  endfacet
  facet normal 9.999680E-001 7.966031E-003 -7.245495E-004
    outer loop 
      vertex 5.010813e-001 -1.403051e-001 3.841924e-001
      vertex 5.001872e-001 -4.268096e-002 2.235085e-001
      vertex 4.999842e-001 3.189174e-003 4.477657e-001
    endloop 
  endfacet
  facet normal 9.999534E-001 9.240173E-003 2.759991E-003
    outer loop 
      vertex 4.999842e-001 3.189174e-003 4.477657e-001
      vertex 4.991854e-001 1.180682e-001 3.525669e-001
      vertex 4.982889e-001 1.626332e-001 5.281884e-001
    endloop 
  endfacet
  facet normal 9.999447E-001 1.051583E-002 2.307278E-004
    outer loop 
      vertex 4.997096e-001 2.522445e-002 6.338025e-001
      vertex 4.999842e-001 3.189174e-003 4.477657e-001
      vertex 4.982889e-001 1.626332e-001 5.281884e-001
    endloop 
  endfacet
  facet normal 9.999568E-001 8.870439E-003 -2.766122E-003
    outer loop 
      vertex 5.014344e-001 -1.197739e-001 5.776775e-001
      vertex 5.010813e-001 -1.403051e-001 3.841924e-001
      vertex 4.999842e-001 3.189174e-003 4.477657e-001
    endloop 
  endfacet
  facet normal 9.999296E-001 1.186719E-002 7.064230E-005
    outer loop 
      vertex 4.997096e-001 2.522445e-002 6.338025e-001
      vertex 5.014344e-001 -1.197739e-001 5.776775e-001
      vertex 4.999842e-001 3.189174e-003 4.477657e-001
    endloop 
  endfacet
  facet normal -9.985448E-001 -5.360520E-002 5.896967E-003
    outer loop 
      vertex -4.855444e-001 -3.036282e-001 2.368836e+000
      vertex -4.795319e-001 -3.961378e-001 2.546010e+000
      vertex -4.878536e-001 -2.402851e-001 2.553618e+000
    endloop 
  endfacet
  facet normal -9.985365E-001 -5.364986E-002 6.820781E-003
    outer loop 
      vertex -4.808496e-001 -3.503708e-001 2.713089e+000
      vertex -4.878536e-001 -2.402851e-001 2.553618e+000
      vertex -4.795319e-001 -3.961378e-001 2.546010e+000
    endloop 
  endfacet
  facet normal -9.985288E-001 -5.314434E-002 1.077026E-002
    outer loop 
      vertex -4.706507e-001 -5.277439e-001 2.720007e+000
      vertex -4.795319e-001 -3.961378e-001 2.546010e+000
      vertex -4.724637e-001 -5.261106e-001 2.559978e+000
    endloop 
  endfacet
  facet normal -9.983382E-001 -5.710113E-002 7.767733E-003
    outer loop 
      vertex -4.808496e-001 -3.503708e-001 2.713089e+000
      vertex -4.795319e-001 -3.961378e-001 2.546010e+000
      vertex -4.706507e-001 -5.277439e-001 2.720007e+000
    endloop 
  endfacet
  facet normal -9.985306E-001 -5.318560E-002 1.038723E-002
    outer loop 
      vertex -4.724637e-001 -5.261106e-001 2.559978e+000
      vertex -4.795319e-001 -3.961378e-001 2.546010e+000
      vertex -4.742117e-001 -5.245348e-001 2.400016e+000
    endloop 
  endfacet
  facet normal -9.987121E-001 -5.014704E-002 7.708294E-003
    outer loop 
      vertex -4.855444e-001 -3.036282e-001 2.368836e+000
      vertex -4.742117e-001 -5.245348e-001 2.400016e+000
      vertex -4.795319e-001 -3.961378e-001 2.546010e+000
    endloop 
  endfacet
  facet normal -7.180051E-002 9.974095E-001 4.364446E-003
    outer loop 
      vertex -2.599867e-001 4.824026e-001 3.452670e+000
      vertex -1.274127e-001 4.921253e-001 3.411732e+000
      vertex -2.376344e-001 4.846906e-001 3.297505e+000
    endloop 
  endfacet
  facet normal -6.851487E-002 9.976372E-001 5.070707E-003
    outer loop 
      vertex -2.376344e-001 4.846906e-001 3.297505e+000
      vertex -2.822459e-001 4.823252e-001 3.160114e+000
      vertex -3.954254e-001 4.740728e-001 3.254461e+000
    endloop 
  endfacet
  facet normal -6.603494E-002 9.978082E-001 4.262520E-003
    outer loop 
      vertex -2.376344e-001 4.846906e-001 3.297505e+000
      vertex -1.410771e-001 4.917685e-001 3.136526e+000
      vertex -2.822459e-001 4.823252e-001 3.160114e+000
    endloop 
  endfacet
  facet normal -6.266540E-002 9.980292E-001 3.286251E-003
    outer loop 
      vertex -1.769748e-001 4.903171e-001 2.841803e+000
      vertex -2.500424e-001 4.852104e-001 2.999372e+000
      vertex -5.615369e-002 4.974546e-001 2.978115e+000
    endloop 
  endfacet
  facet normal -5.983917E-002 9.981974E-001 4.602284E-003
    outer loop 
      vertex -3.074480e-001 4.824346e-001 2.855047e+000
      vertex -2.500424e-001 4.852104e-001 2.999372e+000
      vertex -1.769748e-001 4.903171e-001 2.841803e+000
    endloop 
  endfacet
  facet normal -5.708296E-002 9.983649E-001 3.012446E-003
    outer loop 
      vertex -2.864440e-001 4.844069e-001 2.726192e+000
      vertex -1.769748e-001 4.903171e-001 2.841803e+000
      vertex -1.551968e-001 4.920251e-001 2.688421e+000
    endloop 
  endfacet
  facet normal -5.859483E-002 9.982780E-001 2.796815E-003
    outer loop 
      vertex -3.728228e-002 4.986581e-001 2.791270e+000
      vertex -1.551968e-001 4.920251e-001 2.688421e+000
      vertex -1.769748e-001 4.903171e-001 2.841803e+000
    endloop 
  endfacet
  facet normal -5.944985E-002 9.982312E-001 4.255196E-004
    outer loop 
      vertex -3.728228e-002 4.986581e-001 2.791270e+000
      vertex -1.769748e-001 4.903171e-001 2.841803e+000
      vertex -5.615369e-002 4.974546e-001 2.978115e+000
    endloop 
  endfacet
  facet normal -5.974398E-002 9.981984E-001 5.540598E-003
    outer loop 
      vertex -2.864440e-001 4.844069e-001 2.726192e+000
      vertex -3.074480e-001 4.824346e-001 2.855047e+000
      vertex -1.769748e-001 4.903171e-001 2.841803e+000
    endloop 
  endfacet
  facet normal 6.213225E-002 -9.980621E-001 3.424446E-003
    outer loop 
      vertex 8.304250e-002 -4.958121e-001 2.950169e+000
      vertex 1.833460e-001 -4.900234e-001 2.817422e+000
      vertex 2.398393e-001 -4.859192e-001 2.988599e+000
    endloop 
  endfacet
  facet normal 5.943358E-002 -9.982229E-001 4.318941E-003
    outer loop 
      vertex 1.833460e-001 -4.900234e-001 2.817422e+000
      vertex 3.666139e-001 -4.790329e-001 2.835631e+000
      vertex 2.398393e-001 -4.859192e-001 2.988599e+000
    endloop 
  endfacet
  facet normal 5.603066E-002 -9.984240E-001 3.181670E-003
    outer loop 
      vertex 2.784860e-001 -4.851390e-001 2.674690e+000
      vertex 1.833460e-001 -4.900234e-001 2.817422e+000
      vertex 1.253852e-001 -4.937938e-001 2.654945e+000
    endloop 
  endfacet
  facet normal 5.867516E-002 -9.982746E-001 2.234829E-003
    outer loop 
      vertex 1.253852e-001 -4.937938e-001 2.654945e+000
      vertex 1.833460e-001 -4.900234e-001 2.817422e+000
      vertex 5.583579e-003 -5.005364e-001 2.788502e+000
    endloop 
  endfacet
  facet normal 5.888201E-002 -9.982644E-001 9.597354E-004
    outer loop 
      vertex 8.304250e-002 -4.958121e-001 2.950169e+000
      vertex 5.583579e-003 -5.005364e-001 2.788502e+000
      vertex 1.833460e-001 -4.900234e-001 2.817422e+000
    endloop 
  endfacet
  facet normal 5.932761E-002 -9.982240E-001 5.386136E-003
    outer loop 
      vertex 2.784860e-001 -4.851390e-001 2.674690e+000
      vertex 3.666139e-001 -4.790329e-001 2.835631e+000
      vertex 1.833460e-001 -4.900234e-001 2.817422e+000
    endloop 
  endfacet
  facet normal 9.980671E-001 6.208693E-002 2.666102E-003
    outer loop 
      vertex 4.967094e-001 6.812325e-002 2.955629e+000
      vertex 4.916942e-001 1.549478e-001 2.811159e+000
      vertex 4.859321e-001 2.413173e-001 2.956884e+000
    endloop 
  endfacet
  facet normal 9.982383E-001 5.916975E-002 4.401850E-003
    outer loop 
      vertex 4.916942e-001 1.549478e-001 2.811159e+000
      vertex 4.833006e-001 2.948093e-001 2.834624e+000
      vertex 4.859321e-001 2.413173e-001 2.956884e+000
    endloop 
  endfacet
  facet normal 9.984197E-001 5.614319E-002 2.461901E-003
    outer loop 
      vertex 4.916942e-001 1.549478e-001 2.811159e+000
      vertex 4.966798e-001 7.323454e-002 2.652702e+000
      vertex 4.862107e-001 2.578211e-001 2.688981e+000
    endloop 
  endfacet
  facet normal 9.982565E-001 5.901665E-002 9.749799E-004
    outer loop 
      vertex 4.996572e-001 2.020347e-002 2.814250e+000
      vertex 4.966798e-001 7.323454e-002 2.652702e+000
      vertex 4.916942e-001 1.549478e-001 2.811159e+000
    endloop 
  endfacet
  facet normal 9.982569E-001 5.901294E-002 8.120821E-004
    outer loop 
      vertex 4.916942e-001 1.549478e-001 2.811159e+000
      vertex 4.967094e-001 6.812325e-002 2.955629e+000
      vertex 4.996572e-001 2.020347e-002 2.814250e+000
    endloop 
  endfacet
  facet normal 9.982410E-001 5.907927E-002 4.942084E-003
    outer loop 
      vertex 4.833006e-001 2.948093e-001 2.834624e+000
      vertex 4.916942e-001 1.549478e-001 2.811159e+000
      vertex 4.862107e-001 2.578211e-001 2.688981e+000
    endloop 
  endfacet
  facet normal -9.980451E-001 -6.231343E-002 4.800007E-003
    outer loop 
      vertex -4.952930e-001 -9.137908e-002 2.960287e+000
      vertex -4.860285e-001 -2.484284e-001 2.847809e+000
      vertex -4.818973e-001 -3.016233e-001 3.016213e+000
    endloop 
  endfacet
  facet normal -9.981669E-001 -6.027562E-002 5.446688E-003
    outer loop 
      vertex -4.818973e-001 -3.016233e-001 3.016213e+000
      vertex -4.860285e-001 -2.484284e-001 2.847809e+000
      vertex -4.688920e-001 -5.292984e-001 2.880028e+000
    endloop 
  endfacet
  facet normal -9.983795E-001 -5.672545E-002 4.544406E-003
    outer loop 
      vertex -4.808496e-001 -3.503708e-001 2.713089e+000
      vertex -4.860285e-001 -2.484284e-001 2.847809e+000
      vertex -4.920155e-001 -1.557287e-001 2.689632e+000
    endloop 
  endfacet
  facet normal -9.982355E-001 -5.930319E-002 3.028266E-003
    outer loop 
      vertex -4.860285e-001 -2.484284e-001 2.847809e+000
      vertex -4.990283e-001 -3.140383e-002 2.812603e+000
      vertex -4.920155e-001 -1.557287e-001 2.689632e+000
    endloop 
  endfacet
  facet normal -9.982203E-001 -5.962594E-002 1.033130E-003
    outer loop 
      vertex -4.990283e-001 -3.140383e-002 2.812603e+000
      vertex -4.860285e-001 -2.484284e-001 2.847809e+000
      vertex -4.952930e-001 -9.137908e-002 2.960287e+000
    endloop 
  endfacet
  facet normal -9.981679E-001 -6.008650E-002 7.095844E-003
    outer loop 
      vertex -4.860285e-001 -2.484284e-001 2.847809e+000
      vertex -4.808496e-001 -3.503708e-001 2.713089e+000
      vertex -4.688920e-001 -5.292984e-001 2.880028e+000
    endloop 
  endfacet
  facet normal -2.068687E-002 9.997855E-001 9.259787E-004
    outer loop 
      vertex -5.873361e-002 4.989938e-001 9.033437e-001
      vertex -2.006670e-001 4.959714e-001 9.957519e-001
      vertex -4.203975e-002 4.991832e-001 1.071804e+000
    endloop 
  endfacet
  facet normal -1.853511E-002 9.998193E-001 4.232051E-003
    outer loop 
      vertex -2.227792e-001 4.962326e-001 8.372156e-001
      vertex -2.006670e-001 4.959714e-001 9.957519e-001
      vertex -5.873361e-002 4.989938e-001 9.033437e-001
    endloop 
  endfacet
  facet normal -9.997450E-001 -2.157198E-002 6.678021E-003
    outer loop 
      vertex -4.955198e-001 -2.143705e-001 1.037273e+000
      vertex -4.937846e-001 -3.195258e-001 9.573624e-001
      vertex -4.922522e-001 -3.489513e-001 1.091716e+000
    endloop 
  endfacet
  facet normal 2.011238E-002 -9.997821E-001 5.587203E-003
    outer loop 
      vertex 2.740661e-001 -4.937751e-001 1.119699e+000
      vertex 1.621243e-001 -4.968210e-001 9.776233e-001
      vertex 3.039412e-001 -4.939821e-001 9.751099e-001
    endloop 
  endfacet
  facet normal 2.010404E-002 -9.997848E-001 5.113965E-003
    outer loop 
      vertex 3.039412e-001 -4.939821e-001 9.751099e-001
      vertex 1.621243e-001 -4.968210e-001 9.776233e-001
      vertex 2.509278e-001 -4.957910e-001 8.298900e-001
    endloop 
  endfacet
  facet normal 2.002763E-002 -9.997994E-001 -1.699195E-004
    outer loop 
      vertex 1.837932e-002 -4.997155e-001 1.066305e+000
      vertex -2.006041e-002 -5.004585e-001 9.075577e-001
      vertex 1.621243e-001 -4.968210e-001 9.776233e-001
    endloop 
  endfacet
  facet normal 1.993300E-002 -9.997711E-001 -7.764131E-003
    outer loop 
      vertex -3.611602e-001 -5.060122e-001 8.012505e-001
      vertex -3.244705e-001 -5.066950e-001 9.833638e-001
      vertex -4.899827e-001 -5.098135e-001 9.600059e-001
    endloop 
  endfacet
  facet normal 1.757018E-002 -9.998190E-001 -7.288282E-003
    outer loop 
      vertex -1.923965e-001 -5.034805e-001 8.607928e-001
      vertex -3.244705e-001 -5.066950e-001 9.833638e-001
      vertex -3.611602e-001 -5.060122e-001 8.012505e-001
    endloop 
  endfacet
  facet normal 2.085939E-002 -9.997622E-001 -6.357655E-003
    outer loop 
      vertex -1.488762e-001 -5.032444e-001 1.016873e+000
      vertex -2.808313e-001 -5.067744e-001 1.139038e+000
      vertex -3.244705e-001 -5.066950e-001 9.833638e-001
    endloop 
  endfacet
  facet normal 2.044587E-002 -9.997822E-001 -4.188669E-003
    outer loop 
      vertex -1.923965e-001 -5.034805e-001 8.607928e-001
      vertex -1.488762e-001 -5.032444e-001 1.016873e+000
      vertex -3.244705e-001 -5.066950e-001 9.833638e-001
    endloop 
  endfacet
  facet normal 2.031051E-002 -9.997392E-001 -1.044338E-002
    outer loop 
      vertex -4.882719e-001 -5.114499e-001 1.119983e+000
      vertex -4.899827e-001 -5.098135e-001 9.600059e-001
      vertex -3.244705e-001 -5.066950e-001 9.833638e-001
    endloop 
  endfacet
  facet normal 2.317574E-002 -9.997069E-001 -7.006956E-003
    outer loop 
      vertex -3.244705e-001 -5.066950e-001 9.833638e-001
      vertex -2.808313e-001 -5.067744e-001 1.139038e+000
      vertex -4.882719e-001 -5.114499e-001 1.119983e+000
    endloop 
  endfacet
  facet normal -9.999647E-001 -8.053264E-003 2.402838E-003
    outer loop 
      vertex -4.996459e-001 -4.583207e-002 4.076456e-001
      vertex -4.982143e-001 -2.234133e-001 4.082263e-001
      vertex -4.987848e-001 -1.183953e-001 5.227790e-001
    endloop 
  endfacet
  facet normal -9.999329E-001 -1.057971E-002 4.719156E-003
    outer loop 
      vertex -4.972492e-001 -2.524324e-001 5.476665e-001
      vertex -4.987848e-001 -1.183953e-001 5.227790e-001
      vertex -4.982143e-001 -2.234133e-001 4.082263e-001
    endloop 
  endfacet
  facet normal -9.999362E-001 -1.091939E-002 2.889953E-003
    outer loop 
      vertex -4.972492e-001 -2.524324e-001 5.476665e-001
      vertex -4.981250e-001 -1.471356e-001 6.424989e-001
      vertex -4.987848e-001 -1.183953e-001 5.227790e-001
    endloop 
  endfacet
  facet normal -9.999128E-001 -1.298991E-002 2.392770E-003
    outer loop 
      vertex -4.981250e-001 -1.471356e-001 6.424989e-001
      vertex -4.996194e-001 -3.266959e-002 6.394172e-001
      vertex -4.987848e-001 -1.183953e-001 5.227790e-001
    endloop 
  endfacet
  facet normal -9.999451E-001 -1.043312E-002 9.027829E-004
    outer loop 
      vertex -5.005233e-001 4.775816e-002 5.173243e-001
      vertex -4.996459e-001 -4.583207e-002 4.076456e-001
      vertex -4.987848e-001 -1.183953e-001 5.227790e-001
    endloop 
  endfacet
  facet normal -9.999453E-001 -1.044560E-002 5.225411E-004
    outer loop 
      vertex -5.005233e-001 4.775816e-002 5.173243e-001
      vertex -4.987848e-001 -1.183953e-001 5.227790e-001
      vertex -4.996194e-001 -3.266959e-002 6.394172e-001
    endloop 
  endfacet
  facet normal 6.527857E-002 -9.978664E-001 -1.211153E-003
    outer loop 
      vertex 1.174358e-001 -4.933797e-001 3.115419e+000
      vertex -1.379395e-002 -5.020778e-001 3.208738e+000
      vertex -3.750809e-002 -5.034545e-001 3.064896e+000
    endloop 
  endfacet
  facet normal 6.665215E-002 -9.977753E-001 -1.438476E-003
    outer loop 
      vertex -1.379395e-002 -5.020778e-001 3.208738e+000
      vertex -1.724685e-001 -5.126215e-001 3.170022e+000
      vertex -3.750809e-002 -5.034545e-001 3.064896e+000
    endloop 
  endfacet
  facet normal -9.978572E-001 -6.542356E-002 -9.774254E-004
    outer loop 
      vertex -4.928248e-001 -1.259671e-001 3.119248e+000
      vertex -5.017571e-001 8.882910e-003 3.212128e+000
      vertex -5.026248e-001 2.411019e-002 3.078699e+000
    endloop 
  endfacet
  facet normal -9.977939E-001 -6.637956E-002 -1.086938E-003
    outer loop 
      vertex -5.116352e-001 1.582422e-001 3.158735e+000
      vertex -5.026248e-001 2.411019e-002 3.078699e+000
      vertex -5.017571e-001 8.882910e-003 3.212128e+000
    endloop 
  endfacet
  facet normal -4.823256E-002 9.988348E-001 -1.602514E-003
    outer loop 
      vertex 7.278173e-002 5.042158e-001 2.365520e+000
      vertex 4.192182e-002 5.024503e-001 2.193928e+000
      vertex -1.341628e-001 4.941115e-001 2.296235e+000
    endloop 
  endfacet
  facet normal -4.814815E-002 9.988389E-001 -1.617738E-003
    outer loop 
      vertex 4.192182e-002 5.024503e-001 2.193928e+000
      vertex 7.278173e-002 5.042158e-001 2.365520e+000
      vertex 2.082992e-001 5.106478e-001 2.303505e+000
    endloop 
  endfacet
  facet normal -4.583168E-002 9.989460E-001 2.538792E-003
    outer loop 
      vertex 4.192182e-002 5.024503e-001 2.193928e+000
      vertex -1.579484e-001 4.934722e-001 2.118387e+000
      vertex -1.341628e-001 4.941115e-001 2.296235e+000
    endloop 
  endfacet
  facet normal -4.606566E-002 9.989269E-001 -4.786278E-003
    outer loop 
      vertex 1.980959e-001 5.092123e-001 2.102092e+000
      vertex 4.192182e-002 5.024503e-001 2.193928e+000
      vertex 2.082992e-001 5.106478e-001 2.303505e+000
    endloop 
  endfacet
  facet normal 7.936089E-003 -9.999086E-001 1.095005E-002
    outer loop 
      vertex 3.657343e-001 -4.970345e-001 4.102031e-001
      vertex 5.030437e-001 -4.969325e-001 3.199976e-001
      vertex 5.047691e-001 -4.951665e-001 4.800097e-001
    endloop 
  endfacet
  facet normal -7.955374E-003 9.999107E-001 1.074375E-002
    outer loop 
      vertex -3.565913e-001 4.970832e-001 4.138888e-001
      vertex -5.030500e-001 4.969266e-001 3.200197e-001
      vertex -5.047466e-001 4.951941e-001 4.800053e-001
    endloop 
  endfacet
  facet normal 9.999593E-001 7.313096E-003 -5.268657E-003
    outer loop 
      vertex 5.021449e-001 -3.069720e-001 3.547145e-001
      vertex 5.010813e-001 -1.403051e-001 3.841924e-001
      vertex 5.023885e-001 -2.365861e-001 4.986588e-001
    endloop 
  endfacet
  facet normal -9.999663E-001 -8.136671E-003 -1.056971E-003
    outer loop 
      vertex -5.013292e-001 1.606176e-001 4.109137e-001
      vertex -4.996459e-001 -4.583207e-002 4.076456e-001
      vertex -5.005233e-001 4.775816e-002 5.173243e-001
    endloop 
  endfacet
  facet normal -9.999362E-001 -1.066446E-002 -3.738180E-003
    outer loop 
      vertex -5.005233e-001 4.775816e-002 5.173243e-001
      vertex -5.023506e-001 1.975557e-001 5.787482e-001
      vertex -5.013292e-001 1.606176e-001 4.109137e-001
    endloop 
  endfacet
  facet normal -7.527212E-002 9.971032E-001 -1.092612E-002
    outer loop 
      vertex 4.597297e-001 5.372269e-001 3.679994e+000
      vertex 4.616033e-001 5.356150e-001 3.519988e+000
      vertex 3.029269e-001 5.242606e-001 3.576948e+000
    endloop 
  endfacet
  facet normal 9.972335E-001 7.390893E-002 -7.928851E-003
    outer loop 
      vertex 5.355988e-001 -4.616409e-001 3.520011e+000
      vertex 5.253497e-001 -3.286690e-001 3.470456e+000
      vertex 5.266635e-001 -3.302366e-001 3.621085e+000
    endloop 
  endfacet
  facet normal 9.970378E-001 7.614440E-002 -1.085245E-002
    outer loop 
      vertex 5.355988e-001 -4.616409e-001 3.520011e+000
      vertex 5.266635e-001 -3.302366e-001 3.621085e+000
      vertex 5.371966e-001 -4.597613e-001 3.679995e+000
    endloop 
  endfacet
  facet normal -1.053760E-002 9.999157E-001 7.581485E-003
    outer loop 
      vertex -3.565913e-001 4.970832e-001 4.138888e-001
      vertex -3.709287e-001 4.956652e-001 5.809870e-001
      vertex -2.216030e-001 4.977062e-001 5.193453e-001
    endloop 
  endfacet
  facet normal -1.169592E-002 9.999202E-001 4.775610E-003
    outer loop 
      vertex -2.380351e-001 4.967574e-001 6.777591e-001
      vertex -2.216030e-001 4.977062e-001 5.193453e-001
      vertex -3.709287e-001 4.956652e-001 5.809870e-001
    endloop 
  endfacet
  facet normal -8.018253E-003 9.999583E-001 4.356379E-003
    outer loop 
      vertex -3.565913e-001 4.970832e-001 4.138888e-001
      vertex -2.216030e-001 4.977062e-001 5.193453e-001
      vertex -1.913089e-001 4.986877e-001 3.498093e-001
    endloop 
  endfacet
  facet normal -1.257324E-002 9.999100E-001 4.684545E-003
    outer loop 
      vertex -2.216030e-001 4.977062e-001 5.193453e-001
      vertex -2.380351e-001 4.967574e-001 6.777591e-001
      vertex -8.209358e-002 4.990059e-001 6.163588e-001
    endloop 
  endfacet
  facet normal -9.416156E-003 9.999472E-001 4.106526E-003
    outer loop 
      vertex -1.913089e-001 4.986877e-001 3.498093e-001
      vertex -2.216030e-001 4.977062e-001 5.193453e-001
      vertex -6.113053e-002 4.994448e-001 4.639645e-001
    endloop 
  endfacet
  facet normal -1.033007E-002 9.999455E-001 1.458294E-003
    outer loop 
      vertex -2.216030e-001 4.977062e-001 5.193453e-001
      vertex -8.209358e-002 4.990059e-001 6.163588e-001
      vertex -6.113053e-002 4.994448e-001 4.639645e-001
    endloop 
  endfacet
  facet normal -1.533693E-002 9.998711E-001 4.758413E-003
    outer loop 
      vertex -3.665501e-001 4.944777e-001 7.425788e-001
      vertex -2.227792e-001 4.962326e-001 8.372156e-001
      vertex -2.380351e-001 4.967574e-001 6.777591e-001
    endloop 
  endfacet
  facet normal -7.421461E-002 9.972401E-001 2.129976E-003
    outer loop 
      vertex -3.978721e-002 4.984154e-001 3.519904e+000
      vertex -1.274127e-001 4.921253e-001 3.411732e+000
      vertex -1.773092e-001 4.880856e-001 3.564581e+000
    endloop 
  endfacet
  facet normal -7.165040E-002 9.974298E-001 4.176044E-005
    outer loop 
      vertex -3.978721e-002 4.984154e-001 3.519904e+000
      vertex 2.474887e-002 5.030560e-001 3.408651e+000
      vertex -1.274127e-001 4.921253e-001 3.411732e+000
    endloop 
  endfacet
  facet normal -7.229351E-002 9.973796E-001 2.760799E-003
    outer loop 
      vertex -1.274127e-001 4.921253e-001 3.411732e+000
      vertex -2.599867e-001 4.824026e-001 3.452670e+000
      vertex -1.773092e-001 4.880856e-001 3.564581e+000
    endloop 
  endfacet
  facet normal 7.652764E-002 -9.970073E-001 1.094945E-002
    outer loop 
      vertex 5.355988e-001 -4.616409e-001 3.520011e+000
      vertex 5.371966e-001 -4.597613e-001 3.679995e+000
      vertex 4.157275e-001 -4.695734e-001 3.635511e+000
    endloop 
  endfacet
  facet normal -6.841276E-002 9.976003E-001 1.065015E-002
    outer loop 
      vertex -5.324891e-001 4.652548e-001 3.199992e+000
      vertex -5.340703e-001 4.634382e-001 3.360002e+000
      vertex -3.954254e-001 4.740728e-001 3.254461e+000
    endloop 
  endfacet
  facet normal 6.875452E-002 -9.975780E-001 1.052989E-002
    outer loop 
      vertex 4.005075e-001 -4.735737e-001 3.274973e+000
      vertex 5.324540e-001 -4.652711e-001 3.200002e+000
      vertex 5.340162e-001 -4.634745e-001 3.360005e+000
    endloop 
  endfacet
  facet normal 6.892253E-002 -9.976106E-001 4.776038E-003
    outer loop 
      vertex 4.005075e-001 -4.735737e-001 3.274973e+000
      vertex 2.514665e-001 -4.832574e-001 3.403041e+000
      vertex 2.635249e-001 -4.834444e-001 3.189984e+000
    endloop 
  endfacet
  facet normal -9.978617E-001 -6.514943E-002 5.238958E-003
    outer loop 
      vertex -4.818973e-001 -3.016233e-001 3.016213e+000
      vertex -4.838910e-001 -2.558775e-001 3.205345e+000
      vertex -4.928248e-001 -1.259671e-001 3.119248e+000
    endloop 
  endfacet
  facet normal 9.998282E-001 1.517108E-002 1.065705E-002
    outer loop 
      vertex 4.917127e-001 5.081304e-001 8.000030e-001
      vertex 4.945144e-001 3.636191e-001 7.428696e-001
      vertex 4.934435e-001 5.064581e-001 6.400027e-001
    endloop 
  endfacet
  facet normal -1.532110E-002 9.998254E-001 1.070583E-002
    outer loop 
      vertex -5.081676e-001 4.916927e-001 7.999975e-001
      vertex -3.665501e-001 4.944777e-001 7.425788e-001
      vertex -5.064757e-001 4.934319e-001 6.399961e-001
    endloop 
  endfacet
  facet normal 1.445831E-002 -9.998395E-001 1.057787E-002
    outer loop 
      vertex 5.081447e-001 -4.917082e-001 7.999943e-001
      vertex 3.605084e-001 -4.948835e-001 7.016535e-001
      vertex 5.064687e-001 -4.934252e-001 6.399912e-001
    endloop 
  endfacet
  facet normal 5.369984E-002 -9.985232E-001 8.230426E-003
    outer loop 
      vertex 5.260946e-001 -4.724321e-001 2.560001e+000
      vertex 4.139307e-001 -4.776170e-001 2.662784e+000
      vertex 3.843980e-001 -4.803379e-001 2.525360e+000
    endloop 
  endfacet
  facet normal 5.612438E-002 -9.983940E-001 7.706834E-003
    outer loop 
      vertex 2.784860e-001 -4.851390e-001 2.674690e+000
      vertex 3.843980e-001 -4.803379e-001 2.525360e+000
      vertex 4.139307e-001 -4.776170e-001 2.662784e+000
    endloop 
  endfacet
  facet normal 5.271741E-002 -9.985863E-001 6.795516E-003
    outer loop 
      vertex 3.442762e-001 -4.836118e-001 2.355532e+000
      vertex 3.843980e-001 -4.803379e-001 2.525360e+000
      vertex 2.315609e-001 -4.884787e-001 2.514748e+000
    endloop 
  endfacet
  facet normal 5.281759E-002 -9.985898E-001 5.355212E-003
    outer loop 
      vertex 3.843980e-001 -4.803379e-001 2.525360e+000
      vertex 2.784860e-001 -4.851390e-001 2.674690e+000
      vertex 2.315609e-001 -4.884787e-001 2.514748e+000
    endloop 
  endfacet
  facet normal 5.310052E-002 -9.985321E-001 1.068391E-002
    outer loop 
      vertex 5.244788e-001 -4.742297e-001 2.400024e+000
      vertex 5.260946e-001 -4.724321e-001 2.560001e+000
      vertex 3.843980e-001 -4.803379e-001 2.525360e+000
    endloop 
  endfacet
  facet normal 5.017000E-002 -9.987133E-001 7.399789E-003
    outer loop 
      vertex 5.244788e-001 -4.742297e-001 2.400024e+000
      vertex 3.843980e-001 -4.803379e-001 2.525360e+000
      vertex 3.442762e-001 -4.836118e-001 2.355532e+000
    endloop 
  endfacet
  facet normal 9.988474E-001 4.798114E-002 1.228730E-003
    outer loop 
      vertex 4.973608e-001 6.983523e-002 2.131449e+000
      vertex 4.935625e-001 1.440427e-001 2.321377e+000
      vertex 5.026473e-001 -4.389865e-002 2.275198e+000
    endloop 
  endfacet
  facet normal 9.989794E-001 4.510556E-002 2.354891E-003
    outer loop 
      vertex 4.895909e-001 2.399226e-001 2.169707e+000
      vertex 4.935625e-001 1.440427e-001 2.321377e+000
      vertex 4.973608e-001 6.983523e-002 2.131449e+000
    endloop 
  endfacet
  facet normal -2.076738E-002 9.997712E-001 -5.130510E-003
    outer loop 
      vertex 2.276027e-001 5.054079e-001 1.117504e+000
      vertex 2.345567e-001 5.047457e-001 9.603009e-001
      vertex 9.490236e-002 5.020760e-001 1.005371e+000
    endloop 
  endfacet
  facet normal -9.998390E-001 -1.640822E-002 -7.256260E-003
    outer loop 
      vertex -5.081676e-001 4.916927e-001 7.999975e-001
      vertex -5.047423e-001 3.256495e-001 7.034830e-001
      vertex -5.063912e-001 3.460900e-001 8.844723e-001
    endloop 
  endfacet
  facet normal -9.998268E-001 -1.717692E-002 -7.169333E-003
    outer loop 
      vertex -5.063912e-001 3.460900e-001 8.844723e-001
      vertex -5.047423e-001 3.256495e-001 7.034830e-001
      vertex -5.039093e-001 2.246312e-001 8.293542e-001
    endloop 
  endfacet
  facet normal -9.997777E-001 -1.828663E-002 -1.049523E-002
    outer loop 
      vertex -5.081676e-001 4.916927e-001 7.999975e-001
      vertex -5.063912e-001 3.460900e-001 8.844723e-001
      vertex -5.098160e-001 4.899812e-001 9.600033e-001
    endloop 
  endfacet
  facet normal -9.997746E-001 -1.987088E-002 -7.476998E-003
    outer loop 
      vertex -5.063912e-001 3.460900e-001 8.844723e-001
      vertex -5.076131e-001 3.399830e-001 1.064086e+000
      vertex -5.098160e-001 4.899812e-001 9.600033e-001
    endloop 
  endfacet
  facet normal 9.998438E-001 1.642459E-002 -6.527214E-003
    outer loop 
      vertex 5.041488e-001 -2.984261e-001 6.742514e-001
      vertex 5.055250e-001 -3.006444e-001 8.794786e-001
      vertex 5.081447e-001 -4.917082e-001 7.999943e-001
    endloop 
  endfacet
  facet normal 9.997691E-001 2.042549E-002 -6.679981E-003
    outer loop 
      vertex 5.055250e-001 -3.006444e-001 8.794786e-001
      vertex 5.029963e-001 -1.424257e-001 9.848101e-001
      vertex 5.070851e-001 -3.076888e-001 1.091441e+000
    endloop 
  endfacet
  facet normal 9.997809E-001 1.808956E-002 -1.053152E-002
    outer loop 
      vertex 5.097991e-001 -4.899957e-001 9.599906e-001
      vertex 5.081447e-001 -4.917082e-001 7.999943e-001
      vertex 5.055250e-001 -3.006444e-001 8.794786e-001
    endloop 
  endfacet
  facet normal 9.997832E-001 1.971722E-002 -6.703624E-003
    outer loop 
      vertex 5.097991e-001 -4.899957e-001 9.599906e-001
      vertex 5.055250e-001 -3.006444e-001 8.794786e-001
      vertex 5.070851e-001 -3.076888e-001 1.091441e+000
    endloop 
  endfacet
  facet normal 6.729934E-002 -9.977058E-001 -7.343462E-003
    outer loop 
      vertex -3.017799e-001 -5.220611e-001 3.283876e+000
      vertex -4.652821e-001 -5.324726e-001 3.199987e+000
      vertex -3.208011e-001 -5.220582e-001 3.109167e+000
    endloop 
  endfacet
  facet normal 6.645122E-002 -9.977633E-001 -7.251126E-003
    outer loop 
      vertex -1.724685e-001 -5.126215e-001 3.170022e+000
      vertex -3.017799e-001 -5.220611e-001 3.283876e+000
      vertex -3.208011e-001 -5.220582e-001 3.109167e+000
    endloop 
  endfacet
  facet normal 6.527397E-002 -9.978113E-001 -1.057761E-002
    outer loop 
      vertex -4.652821e-001 -5.324726e-001 3.199987e+000
      vertex -4.670765e-001 -5.308942e-001 3.040021e+000
      vertex -3.208011e-001 -5.220582e-001 3.109167e+000
    endloop 
  endfacet
  facet normal 9.977961E-001 6.549078E-002 -1.067584E-002
    outer loop 
      vertex 5.231215e-001 -3.358379e-001 3.121761e+000
      vertex 5.324540e-001 -4.652711e-001 3.200002e+000
      vertex 5.308608e-001 -4.670806e-001 3.039994e+000
    endloop 
  endfacet
  facet normal 1.669861E-002 -9.998490E-001 -4.816663E-003
    outer loop 
      vertex -1.923965e-001 -5.034805e-001 8.607928e-001
      vertex -3.611602e-001 -5.060122e-001 8.012505e-001
      vertex -2.365411e-001 -5.035202e-001 7.159908e-001
    endloop 
  endfacet
  facet normal 1.649684E-002 -9.998082E-001 -1.055330E-002
    outer loop 
      vertex -4.899827e-001 -5.098135e-001 9.600059e-001
      vertex -4.917069e-001 -5.081530e-001 7.999942e-001
      vertex -3.611602e-001 -5.060122e-001 8.012505e-001
    endloop 
  endfacet
  facet normal 1.649906E-002 -9.998057E-001 -1.078838E-002
    outer loop 
      vertex -4.917069e-001 -5.081530e-001 7.999942e-001
      vertex -4.934620e-001 -5.064555e-001 6.399972e-001
      vertex -3.611602e-001 -5.060122e-001 8.012505e-001
    endloop 
  endfacet
  facet normal -5.125455E-003 9.999778E-001 -4.239036E-003
    outer loop 
      vertex 2.265432e-001 5.006372e-001 1.409899e-001
      vertex 1.441017e-001 5.008102e-001 2.814884e-001
      vertex 2.872883e-001 5.015174e-001 2.751891e-001
    endloop 
  endfacet
  facet normal 7.814430E-002 -9.969301E-001 -4.875282E-003
    outer loop 
      vertex -1.040618e-001 -5.096935e-001 3.714660e+000
      vertex -1.913869e-001 -5.172256e-001 3.855160e+000
      vertex -2.682807e-001 -5.225322e-001 3.707796e+000
    endloop 
  endfacet
  facet normal 8.412439E-002 -9.964446E-001 -4.613775E-003
    outer loop 
      vertex -1.243818e-001 -5.122393e-001 4.000000e+000
      vertex -2.900374e-001 -5.262247e-001 4.000000e+000
      vertex -1.913869e-001 -5.172256e-001 3.855160e+000
    endloop 
  endfacet
  facet normal 9.999711E-001 5.598135E-003 5.145769E-003
    outer loop 
      vertex 4.992417e-001 2.627966e-001 1.500389e-001
      vertex 4.978690e-001 3.622593e-001 3.085749e-001
      vertex 4.987784e-001 2.229351e-001 2.834211e-001
    endloop 
  endfacet
  facet normal 9.999872E-001 0.000000E+000 5.054290E-003
    outer loop 
      vertex 5.000000e-001 3.333333e-001 0.000000e+000
      vertex 4.992417e-001 2.627966e-001 1.500389e-001
      vertex 5.000000e-001 1.666667e-001 0.000000e+000
    endloop 
  endfacet
  facet normal -3.466546E-002 9.993904E-001 4.135240E-003
    outer loop 
      vertex -1.404515e-001 4.953734e-001 1.679307e+000
      vertex -2.196421e-001 4.933022e-001 1.516032e+000
      vertex -2.878714e-001 4.904125e-001 1.642434e+000
    endloop 
  endfacet
  facet normal -3.491088E-002 9.993774E-001 5.118176E-003
    outer loop 
      vertex -2.536221e-001 4.908738e-001 1.785965e+000
      vertex -1.404515e-001 4.953734e-001 1.679307e+000
      vertex -2.878714e-001 4.904125e-001 1.642434e+000
    endloop 
  endfacet
  facet normal -3.431008E-002 9.993783E-001 8.115845E-003
    outer loop 
      vertex -2.878714e-001 4.904125e-001 1.642434e+000
      vertex -3.902796e-001 4.876702e-001 1.547178e+000
      vertex -3.955861e-001 4.862626e-001 1.698086e+000
    endloop 
  endfacet
  facet normal -3.196677E-002 9.994733E-001 5.593836E-003
    outer loop 
      vertex -2.196421e-001 4.933022e-001 1.516032e+000
      vertex -3.902796e-001 4.876702e-001 1.547178e+000
      vertex -2.878714e-001 4.904125e-001 1.642434e+000
    endloop 
  endfacet
  facet normal -3.575368E-002 9.993465E-001 5.319384E-003
    outer loop 
      vertex -2.536221e-001 4.908738e-001 1.785965e+000
      vertex -2.878714e-001 4.904125e-001 1.642434e+000
      vertex -3.955861e-001 4.862626e-001 1.698086e+000
    endloop 
  endfacet
  facet normal -9.997776E-001 -1.987728E-002 7.049555E-003
    outer loop 
      vertex -4.937846e-001 -3.195258e-001 9.573624e-001
      vertex -4.899827e-001 -5.098135e-001 9.600059e-001
      vertex -4.922522e-001 -3.489513e-001 1.091716e+000
    endloop 
  endfacet
  facet normal -9.997702E-001 -2.142490E-002 5.894720E-004
    outer loop 
      vertex -5.013070e-001 5.573567e-002 1.029458e+000
      vertex -4.994600e-001 -3.402508e-002 8.996623e-001
      vertex -4.981749e-001 -9.012423e-002 1.040232e+000
    endloop 
  endfacet
  facet normal -9.997694E-001 -2.147043E-002 -2.712009E-005
    outer loop 
      vertex -4.981749e-001 -9.012423e-002 1.040232e+000
      vertex -4.998681e-001 -1.145432e-002 1.178567e+000
      vertex -5.013070e-001 5.573567e-002 1.029458e+000
    endloop 
  endfacet
  facet normal 2.123039E-002 -9.997745E-001 -4.612760E-004
    outer loop 
      vertex 1.837932e-002 -4.997155e-001 1.066305e+000
      vertex -1.488762e-001 -5.032444e-001 1.016873e+000
      vertex -2.006041e-002 -5.004585e-001 9.075577e-001
    endloop 
  endfacet
  facet normal -2.067143E-002 9.997859E-001 9.244476E-004
    outer loop 
      vertex 9.490236e-002 5.020760e-001 1.005371e+000
      vertex -5.873361e-002 4.989938e-001 9.033437e-001
      vertex -4.203975e-002 4.991832e-001 1.071804e+000
    endloop 
  endfacet
  facet normal -9.980045E-001 -6.311892E-002 1.762158E-003
    outer loop 
      vertex -4.928248e-001 -1.259671e-001 3.119248e+000
      vertex -4.952930e-001 -9.137908e-002 2.960287e+000
      vertex -4.818973e-001 -3.016233e-001 3.016213e+000
    endloop 
  endfacet
  facet normal -9.979310E-001 -6.339938E-002 1.069157E-002
    outer loop 
      vertex -4.670765e-001 -5.308942e-001 3.040021e+000
      vertex -4.818973e-001 -3.016233e-001 3.016213e+000
      vertex -4.688920e-001 -5.292984e-001 2.880028e+000
    endloop 
  endfacet
  facet normal 6.256086E-002 -9.980398E-001 1.669956E-003
    outer loop 
      vertex 8.304250e-002 -4.958121e-001 2.950169e+000
      vertex 2.398393e-001 -4.859192e-001 2.988599e+000
      vertex 1.174358e-001 -4.933797e-001 3.115419e+000
    endloop 
  endfacet
  facet normal 6.553715E-002 -9.978397E-001 4.554363E-003
    outer loop 
      vertex 2.398393e-001 -4.859192e-001 2.988599e+000
      vertex 2.635249e-001 -4.834444e-001 3.189984e+000
      vertex 1.174358e-001 -4.933797e-001 3.115419e+000
    endloop 
  endfacet
  facet normal -6.278826E-002 9.980245E-001 2.163026E-003
    outer loop 
      vertex -2.500424e-001 4.852104e-001 2.999372e+000
      vertex -1.410771e-001 4.917685e-001 3.136526e+000
      vertex -5.615369e-002 4.974546e-001 2.978115e+000
    endloop 
  endfacet
  facet normal -6.596281E-002 9.978110E-001 4.695326E-003
    outer loop 
      vertex -2.822459e-001 4.823252e-001 3.160114e+000
      vertex -1.410771e-001 4.917685e-001 3.136526e+000
      vertex -2.500424e-001 4.852104e-001 2.999372e+000
    endloop 
  endfacet
  facet normal -9.994007E-001 -3.454731E-002 2.152288E-003
    outer loop 
      vertex -4.916615e-001 -2.509865e-001 1.649327e+000
      vertex -4.970393e-001 -9.309316e-002 1.686596e+000
      vertex -4.960977e-001 -1.287175e-001 1.551975e+000
    endloop 
  endfacet
  facet normal -9.994673E-001 -3.224578E-002 5.045934E-003
    outer loop 
      vertex -4.916615e-001 -2.509865e-001 1.649327e+000
      vertex -4.960977e-001 -1.287175e-001 1.551975e+000
      vertex -4.917976e-001 -2.666472e-001 1.522289e+000
    endloop 
  endfacet
  facet normal -9.993764E-001 -3.440684E-002 7.937180E-003
    outer loop 
      vertex -4.916615e-001 -2.509865e-001 1.649327e+000
      vertex -4.875517e-001 -3.904518e-001 1.562224e+000
      vertex -4.865125e-001 -3.887183e-001 1.700586e+000
    endloop 
  endfacet
  facet normal -9.994544E-001 -3.263323E-002 5.093683E-003
    outer loop 
      vertex -4.875517e-001 -3.904518e-001 1.562224e+000
      vertex -4.916615e-001 -2.509865e-001 1.649327e+000
      vertex -4.917976e-001 -2.666472e-001 1.522289e+000
    endloop 
  endfacet
  facet normal -9.993561E-001 -3.555172E-002 4.858867E-003
    outer loop 
      vertex -4.865125e-001 -3.887183e-001 1.700586e+000
      vertex -4.911379e-001 -2.468103e-001 1.787576e+000
      vertex -4.916615e-001 -2.509865e-001 1.649327e+000
    endloop 
  endfacet
  facet normal -9.993691E-001 -3.518247E-002 4.847763E-003
    outer loop 
      vertex -4.916615e-001 -2.509865e-001 1.649327e+000
      vertex -4.911379e-001 -2.468103e-001 1.787576e+000
      vertex -4.970393e-001 -9.309316e-002 1.686596e+000
    endloop 
  endfacet
  facet normal 9.980664E-001 6.208438E-002 3.011382E-003
    outer loop 
      vertex 4.967094e-001 6.812325e-002 2.955629e+000
      vertex 4.859321e-001 2.413173e-001 2.956884e+000
      vertex 4.895778e-001 1.760073e-001 3.095078e+000
    endloop 
  endfacet
  facet normal 9.967133E-001 8.100472E-002 -9.488644E-004
    outer loop 
      vertex 5.077940e-001 -7.572430e-002 3.860071e+000
      vertex 5.018146e-001 -4.146881e-003 3.689764e+000
      vertex 4.929347e-001 1.070236e-001 3.852744e+000
    endloop 
  endfacet
  facet normal 9.967105E-001 8.104466E-002 5.306354E-005
    outer loop 
      vertex 4.982477e-001 4.158697e-002 4.000000e+000
      vertex 5.077940e-001 -7.572430e-002 3.860071e+000
      vertex 4.929347e-001 1.070236e-001 3.852744e+000
    endloop 
  endfacet
  facet normal 9.966780E-001 8.138713E-002 3.007906E-003
    outer loop 
      vertex 4.787588e-001 2.799174e-001 3.871860e+000
      vertex 4.842613e-001 2.077977e-001 4.000000e+000
      vertex 4.929347e-001 1.070236e-001 3.852744e+000
    endloop 
  endfacet
  facet normal 9.966820E-001 8.130921E-002 3.715554E-003
    outer loop 
      vertex 4.787588e-001 2.799174e-001 3.871860e+000
      vertex 4.929347e-001 1.070236e-001 3.852744e+000
      vertex 4.853573e-001 2.062064e-001 3.714883e+000
    endloop 
  endfacet
  facet normal 9.964774E-001 8.385225E-002 1.309093E-003
    outer loop 
      vertex 4.982477e-001 4.158697e-002 4.000000e+000
      vertex 4.929347e-001 1.070236e-001 3.852744e+000
      vertex 4.842613e-001 2.077977e-001 4.000000e+000
    endloop 
  endfacet
  facet normal 9.969640E-001 7.785378E-002 1.214081E-003
    outer loop 
      vertex 4.853573e-001 2.062064e-001 3.714883e+000
      vertex 4.929347e-001 1.070236e-001 3.852744e+000
      vertex 5.018146e-001 -4.146881e-003 3.689764e+000
    endloop 
  endfacet
  facet normal -8.096429E-002 9.967169E-001 -4.182879E-004
    outer loop 
      vertex -1.099343e-001 4.927069e-001 3.849913e+000
      vertex 7.040967e-002 5.073542e-001 3.844642e+000
      vertex -1.974697e-002 4.999621e-001 3.681188e+000
    endloop 
  endfacet
  facet normal -8.095134E-002 9.967180E-001 2.802425E-005
    outer loop 
      vertex -1.099343e-001 4.927069e-001 3.849913e+000
      vertex -4.162364e-002 4.982507e-001 4.000000e+000
      vertex 7.040967e-002 5.073542e-001 3.844642e+000
    endloop 
  endfacet
  facet normal -8.114075E-002 9.966976E-001 3.178431E-003
    outer loop 
      vertex -1.099343e-001 4.927069e-001 3.849913e+000
      vertex -2.803642e-001 4.787621e-001 3.871927e+000
      vertex -2.078326e-001 4.842584e-001 4.000000e+000
    endloop 
  endfacet
  facet normal -8.106545E-002 9.967017E-001 3.763995E-003
    outer loop 
      vertex -1.099343e-001 4.927069e-001 3.849913e+000
      vertex -2.135307e-001 4.847769e-001 3.718608e+000
      vertex -2.803642e-001 4.787621e-001 3.871927e+000
    endloop 
  endfacet
  facet normal -8.388823E-002 9.964742E-001 1.373733E-003
    outer loop 
      vertex -2.078326e-001 4.842584e-001 4.000000e+000
      vertex -4.162364e-002 4.982507e-001 4.000000e+000
      vertex -1.099343e-001 4.927069e-001 3.849913e+000
    endloop 
  endfacet
  facet normal -7.788438E-002 9.969617E-001 1.238512E-003
    outer loop 
      vertex -1.099343e-001 4.927069e-001 3.849913e+000
      vertex -1.974697e-002 4.999621e-001 3.681188e+000
      vertex -2.135307e-001 4.847769e-001 3.718608e+000
    endloop 
  endfacet
  facet normal 4.270902E-003 -9.999878E-001 2.470534E-003
    outer loop 
      vertex 1.199470e-001 -4.993130e-001 2.933600e-001
      vertex -4.096280e-002 -5.001878e-001 2.174345e-001
      vertex 1.371970e-001 -4.995969e-001 1.486154e-001
    endloop 
  endfacet
  facet normal 3.217071E-003 -9.999948E-001 -2.577008E-004
    outer loop 
      vertex 0.000000e+000 -5.000000e-001 0.000000e+000
      vertex 1.371970e-001 -4.995969e-001 1.486154e-001
      vertex -4.096280e-002 -5.001878e-001 2.174345e-001
    endloop 
  endfacet
  facet normal 8.187261E-003 -9.999662E-001 -7.930268E-004
    outer loop 
      vertex 2.917682e-002 -4.997707e-001 4.155644e-001
      vertex -1.397489e-001 -5.011479e-001 4.081365e-001
      vertex -4.096280e-002 -5.001878e-001 2.174345e-001
    endloop 
  endfacet
  facet normal 5.334217E-003 -9.999858E-001 2.170152E-004
    outer loop 
      vertex 2.917682e-002 -4.997707e-001 4.155644e-001
      vertex -4.096280e-002 -5.001878e-001 2.174345e-001
      vertex 1.199470e-001 -4.993130e-001 2.933600e-001
    endloop 
  endfacet
  facet normal 3.825519E-003 -9.999880E-001 -3.052576E-003
    outer loop 
      vertex -4.096280e-002 -5.001878e-001 2.174345e-001
      vertex -1.397489e-001 -5.011479e-001 4.081365e-001
      vertex -2.215524e-001 -5.008023e-001 1.924090e-001
    endloop 
  endfacet
  facet normal 3.828955E-003 -9.999880E-001 -3.077371E-003
    outer loop 
      vertex -2.215524e-001 -5.008023e-001 1.924090e-001
      vertex -1.666667e-001 -5.000000e-001 0.000000e+000
      vertex -4.096280e-002 -5.001878e-001 2.174345e-001
    endloop 
  endfacet
  facet normal 0.000000E+000 -9.999996E-001 -8.637737E-004
    outer loop 
      vertex -4.096280e-002 -5.001878e-001 2.174345e-001
      vertex -1.666667e-001 -5.000000e-001 0.000000e+000
      vertex 0.000000e+000 -5.000000e-001 0.000000e+000
    endloop 
  endfacet
  facet normal 8.110572E-002 -9.967000E-001 3.311388E-003
    outer loop 
      vertex 1.182819e-001 -4.920420e-001 3.853740e+000
      vertex 2.605812e-001 -4.804409e-001 3.860240e+000
      vertex 2.077820e-001 -4.842731e-001 4.000000e+000
    endloop 
  endfacet
  facet normal 8.407369E-002 -9.964584E-001 1.482385E-003
    outer loop 
      vertex 4.157988e-002 -4.982960e-001 4.000000e+000
      vertex 1.182819e-001 -4.920420e-001 3.853740e+000
      vertex 2.077820e-001 -4.842731e-001 4.000000e+000
    endloop 
  endfacet
  facet normal -3.100340E-003 9.999951E-001 3.143715E-004
    outer loop 
      vertex 5.946979e-002 5.001706e-001 1.478091e-001
      vertex -1.438115e-001 4.995351e-001 1.644477e-001
      vertex -2.317194e-002 4.998668e-001 2.991776e-001
    endloop 
  endfacet
  facet normal -3.117859E-003 9.999951E-001 1.003371E-004
    outer loop 
      vertex 5.946979e-002 5.001706e-001 1.478091e-001
      vertex 0.000000e+000 5.000000e-001 0.000000e+000
      vertex -1.438115e-001 4.995351e-001 1.644477e-001
    endloop 
  endfacet
  facet normal -2.926398E-003 9.999903E-001 -3.276440E-003
    outer loop 
      vertex 1.666667e-001 5.000000e-001 0.000000e+000
      vertex 5.946979e-002 5.001706e-001 1.478091e-001
      vertex 2.265432e-001 5.006372e-001 1.409899e-001
    endloop 
  endfacet
  facet normal -2.912696E-003 9.999915E-001 -2.940654E-003
    outer loop 
      vertex 2.265432e-001 5.006372e-001 1.409899e-001
      vertex 5.946979e-002 5.001706e-001 1.478091e-001
      vertex 1.441017e-001 5.008102e-001 2.814884e-001
    endloop 
  endfacet
  facet normal 0.000000E+000 9.999993E-001 -1.154113E-003
    outer loop 
      vertex 5.946979e-002 5.001706e-001 1.478091e-001
      vertex 1.666667e-001 5.000000e-001 0.000000e+000
      vertex 0.000000e+000 5.000000e-001 0.000000e+000
    endloop 
  endfacet
  facet normal -5.760224E-003 9.999828E-001 -1.137853E-003
    outer loop 
      vertex 5.946979e-002 5.001706e-001 1.478091e-001
      vertex -2.317194e-002 4.998668e-001 2.991776e-001
      vertex 1.441017e-001 5.008102e-001 2.814884e-001
    endloop 
  endfacet
  facet normal -9.999932E-001 -2.181922E-003 -2.974065E-003
    outer loop 
      vertex -5.000000e-001 1.666667e-001 0.000000e+000
      vertex -5.001916e-001 6.729785e-002 1.373148e-001
      vertex -5.004513e-001 2.271558e-001 1.073752e-001
    endloop 
  endfacet
  facet normal -9.999990E-001 0.000000E+000 -1.395110E-003
    outer loop 
      vertex -5.000000e-001 1.666667e-001 0.000000e+000
      vertex -5.000000e-001 0.000000e+000 0.000000e+000
      vertex -5.001916e-001 6.729785e-002 1.373148e-001
    endloop 
  endfacet
  facet normal 9.999996E-001 0.000000E+000 -8.373664E-004
    outer loop 
      vertex 5.001872e-001 -4.268096e-002 2.235085e-001
      vertex 5.000000e-001 -1.666667e-001 0.000000e+000
      vertex 5.000000e-001 0.000000e+000 0.000000e+000
    endloop 
  endfacet
  facet normal -9.964879E-001 -8.372930E-002 1.172868E-003
    outer loop 
      vertex -4.932618e-001 -1.036003e-001 3.854940e+000
      vertex -4.843339e-001 -2.078224e-001 4.000000e+000
      vertex -4.982999e-001 -4.160817e-002 4.000000e+000
    endloop 
  endfacet
  facet normal 8.385552E-002 -9.964684E-001 4.356570E-003
    outer loop 
      vertex 2.077820e-001 -4.842731e-001 4.000000e+000
      vertex 2.605812e-001 -4.804409e-001 3.860240e+000
      vertex 3.742588e-001 -4.702636e-001 4.000000e+000
    endloop 
  endfacet
  facet normal 5.239974E-002 -9.986210E-001 3.201972E-003
    outer loop 
      vertex 7.392943e-002 -4.968196e-001 2.493028e+000
      vertex 1.736672e-001 -4.920553e-001 2.346725e+000
      vertex 2.315609e-001 -4.884787e-001 2.514748e+000
    endloop 
  endfacet
  facet normal 4.903819E-002 -9.987965E-001 9.046138E-004
    outer loop 
      vertex 1.736672e-001 -4.920553e-001 2.346725e+000
      vertex 7.392943e-002 -4.968196e-001 2.493028e+000
      vertex 1.170664e-002 -5.000244e-001 2.327606e+000
    endloop 
  endfacet
  facet normal 5.257128E-002 -9.986153E-001 1.954786E-003
    outer loop 
      vertex 7.392943e-002 -4.968196e-001 2.493028e+000
      vertex 2.315609e-001 -4.884787e-001 2.514748e+000
      vertex 1.253852e-001 -4.937938e-001 2.654945e+000
    endloop 
  endfacet
  facet normal 5.190822E-002 -9.986518E-001 -1.777394E-004
    outer loop 
      vertex 7.392943e-002 -4.968196e-001 2.493028e+000
      vertex -8.699620e-002 -5.051797e-001 2.467284e+000
      vertex 1.170664e-002 -5.000244e-001 2.327606e+000
    endloop 
  endfacet
  facet normal 0.000000E+000 9.999960E-001 2.826945E-003
    outer loop 
      vertex -1.666667e-001 5.000000e-001 0.000000e+000
      vertex -1.438115e-001 4.995351e-001 1.644477e-001
      vertex 0.000000e+000 5.000000e-001 0.000000e+000
    endloop 
  endfacet
  facet normal -6.106993E-003 9.999768E-001 3.006628E-003
    outer loop 
      vertex -1.438115e-001 4.995351e-001 1.644477e-001
      vertex -1.913089e-001 4.986877e-001 3.498093e-001
      vertex -2.317194e-002 4.998668e-001 2.991776e-001
    endloop 
  endfacet
  facet normal 0.000000E+000 -9.999963E-001 2.712202E-003
    outer loop 
      vertex 1.666667e-001 -5.000000e-001 0.000000e+000
      vertex 1.371970e-001 -4.995969e-001 1.486154e-001
      vertex 0.000000e+000 -5.000000e-001 0.000000e+000
    endloop 
  endfacet
  facet normal -9.999912E-001 0.000000E+000 -4.203228E-003
    outer loop 
      vertex -5.004513e-001 2.271558e-001 1.073752e-001
      vertex -5.000000e-001 3.333333e-001 0.000000e+000
      vertex -5.000000e-001 1.666667e-001 0.000000e+000
    endloop 
  endfacet
  facet normal 9.999715E-001 9.677823E-004 -7.494440E-003
    outer loop 
      vertex 5.006128e-001 -3.359441e-001 1.029494e-001
      vertex 5.011980e-001 -4.987704e-001 1.600052e-001
      vertex 5.000000e-001 -5.000000e-001 0.000000e+000
    endloop 
  endfacet
  facet normal 9.999823E-001 0.000000E+000 -5.952287E-003
    outer loop 
      vertex 5.000000e-001 -3.333333e-001 0.000000e+000
      vertex 5.000000e-001 -1.666667e-001 0.000000e+000
      vertex 5.006128e-001 -3.359441e-001 1.029494e-001
    endloop 
  endfacet
  facet normal 9.999823E-001 0.000000E+000 -5.952287E-003
    outer loop 
      vertex 5.006128e-001 -3.359441e-001 1.029494e-001
      vertex 5.000000e-001 -5.000000e-001 0.000000e+000
      vertex 5.000000e-001 -3.333333e-001 0.000000e+000
    endloop 
  endfacet
  facet normal -8.407610E-002 9.964568E-001 -2.240636E-003
    outer loop 
      vertex 1.243396e-001 5.122539e-001 4.000000e+000
      vertex 7.040967e-002 5.073542e-001 3.844642e+000
      vertex -4.162364e-002 4.982507e-001 4.000000e+000
    endloop 
  endfacet
  facet normal -7.787624E-002 9.969608E-001 -2.132598E-003
    outer loop 
      vertex 7.040967e-002 5.073542e-001 3.844642e+000
      vertex 1.824724e-001 5.158278e-001 3.713748e+000
      vertex -1.974697e-002 4.999621e-001 3.681188e+000
    endloop 
  endfacet
  facet normal 9.964696E-001 8.392020E-002 -2.374116E-003
    outer loop 
      vertex 5.077940e-001 -7.572430e-002 3.860071e+000
      vertex 4.982477e-001 4.158697e-002 4.000000e+000
      vertex 5.122241e-001 -1.243689e-001 4.000000e+000
    endloop 
  endfacet
  facet normal -5.161074E-002 9.986647E-001 -2.287527E-003
    outer loop 
      vertex 7.278173e-002 5.042158e-001 2.365520e+000
      vertex -5.090562e-002 4.980290e-001 2.455156e+000
      vertex 9.074537e-002 5.055754e-001 2.553806e+000
    endloop 
  endfacet
  facet normal -4.914374E-002 9.987910E-001 1.125391E-003
    outer loop 
      vertex 7.278173e-002 5.042158e-001 2.365520e+000
      vertex -1.341628e-001 4.941115e-001 2.296235e+000
      vertex -5.090562e-002 4.980290e-001 2.455156e+000
    endloop 
  endfacet
  facet normal -9.989331E-001 -4.615176E-002 1.611339E-003
    outer loop 
      vertex -5.041942e-001 7.945865e-002 2.194540e+000
      vertex -4.972647e-001 -7.263798e-002 2.134073e+000
      vertex -4.947406e-001 -1.221512e-001 2.280697e+000
    endloop 
  endfacet
  facet normal -9.988821E-001 -4.726047E-002 -9.886726E-004
    outer loop 
      vertex -5.041942e-001 7.945865e-002 2.194540e+000
      vertex -4.947406e-001 -1.221512e-001 2.280697e+000
      vertex -5.002853e-001 -7.128455e-003 2.384274e+000
    endloop 
  endfacet
  facet normal -9.989916E-001 -4.485020E-002 2.051868E-003
    outer loop 
      vertex -4.898794e-001 -2.365839e-001 2.146175e+000
      vertex -4.947406e-001 -1.221512e-001 2.280697e+000
      vertex -4.972647e-001 -7.263798e-002 2.134073e+000
    endloop 
  endfacet
  facet normal -9.988245E-001 -4.822214E-002 4.926290E-003
    outer loop 
      vertex -4.947406e-001 -1.221512e-001 2.280697e+000
      vertex -4.898794e-001 -2.365839e-001 2.146175e+000
      vertex -4.855444e-001 -3.036282e-001 2.368836e+000
    endloop 
  endfacet
  facet normal -9.983798E-001 -5.670623E-002 4.704029E-003
    outer loop 
      vertex -4.808496e-001 -3.503708e-001 2.713089e+000
      vertex -4.920155e-001 -1.557287e-001 2.689632e+000
      vertex -4.878536e-001 -2.402851e-001 2.553618e+000
    endloop 
  endfacet
  facet normal -9.994752E-001 -3.237614E-002 1.050469E-003
    outer loop 
      vertex -5.018928e-001 5.009793e-002 1.549407e+000
      vertex -4.983165e-001 -6.398825e-002 1.435925e+000
      vertex -4.960977e-001 -1.287175e-001 1.551975e+000
    endloop 
  endfacet
  facet normal -9.994748E-001 -3.236859E-002 1.575224E-003
    outer loop 
      vertex -4.970393e-001 -9.309316e-002 1.686596e+000
      vertex -5.018928e-001 5.009793e-002 1.549407e+000
      vertex -4.960977e-001 -1.287175e-001 1.551975e+000
    endloop 
  endfacet
  facet normal -9.995542E-001 -2.982258E-002 -1.450187E-003
    outer loop 
      vertex -5.018928e-001 5.009793e-002 1.549407e+000
      vertex -5.068699e-001 2.227082e-001 1.430253e+000
      vertex -5.018128e-001 5.730434e-002 1.346076e+000
    endloop 
  endfacet
  facet normal -9.995522E-001 -2.988882E-002 -1.452533E-003
    outer loop 
      vertex -4.983165e-001 -6.398825e-002 1.435925e+000
      vertex -5.018928e-001 5.009793e-002 1.549407e+000
      vertex -5.018128e-001 5.730434e-002 1.346076e+000
    endloop 
  endfacet
  facet normal -9.993808E-001 -3.516192E-002 -1.343636E-003
    outer loop 
      vertex -5.019594e-001 4.499504e-002 1.732466e+000
      vertex -5.018928e-001 5.009793e-002 1.549407e+000
      vertex -4.970393e-001 -9.309316e-002 1.686596e+000
    endloop 
  endfacet
  facet normal -9.978983E-001 -6.478441E-002 1.398118E-003
    outer loop 
      vertex -4.952930e-001 -9.137908e-002 2.960287e+000
      vertex -4.928248e-001 -1.259671e-001 3.119248e+000
      vertex -5.026248e-001 2.411019e-002 3.078699e+000
    endloop 
  endfacet
  facet normal 6.447287E-002 -9.979187E-001 1.270231E-003
    outer loop 
      vertex 8.304250e-002 -4.958121e-001 2.950169e+000
      vertex 1.174358e-001 -4.933797e-001 3.115419e+000
      vertex -3.750809e-002 -5.034545e-001 3.064896e+000
    endloop 
  endfacet
  facet normal 9.981117E-001 6.142542E-002 -8.643473E-006
    outer loop 
      vertex 4.967094e-001 6.812325e-002 2.955629e+000
      vertex 5.064904e-001 -9.081496e-002 2.919373e+000
      vertex 4.996572e-001 2.020347e-002 2.814250e+000
    endloop 
  endfacet
  facet normal -6.074741E-002 9.981531E-001 2.939604E-004
    outer loop 
      vertex 8.423294e-002 5.060252e-001 2.887329e+000
      vertex -3.728228e-002 4.986581e-001 2.791270e+000
      vertex -5.615369e-002 4.974546e-001 2.978115e+000
    endloop 
  endfacet
  facet normal 9.971834E-001 7.488897E-002 4.120423E-003
    outer loop 
      vertex 4.757109e-001 3.410572e-001 3.571530e+000
      vertex 4.912640e-001 1.350468e-001 3.551782e+000
      vertex 4.854867e-001 2.204206e-001 3.398264e+000
    endloop 
  endfacet
  facet normal 9.971809E-001 7.495694E-002 3.409446E-003
    outer loop 
      vertex 4.912640e-001 1.350468e-001 3.551782e+000
      vertex 4.757109e-001 3.410572e-001 3.571530e+000
      vertex 4.853573e-001 2.062064e-001 3.714883e+000
    endloop 
  endfacet
  facet normal 9.971092E-001 7.519409E-002 1.091791E-002
    outer loop 
      vertex 4.757109e-001 3.410572e-001 3.571530e+000
      vertex 4.616033e-001 5.356150e-001 3.519988e+000
      vertex 4.597297e-001 5.372269e-001 3.679994e+000
    endloop 
  endfacet
  facet normal -7.526034E-002 9.971516E-001 4.964203E-003
    outer loop 
      vertex -1.773092e-001 4.880856e-001 3.564581e+000
      vertex -2.599867e-001 4.824026e-001 3.452670e+000
      vertex -3.552516e-001 4.745536e-001 3.585015e+000
    endloop 
  endfacet
  facet normal -7.540658E-002 9.971461E-001 3.687038E-003
    outer loop 
      vertex -2.135307e-001 4.847769e-001 3.718608e+000
      vertex -1.773092e-001 4.880856e-001 3.564581e+000
      vertex -3.552516e-001 4.745536e-001 3.585015e+000
    endloop 
  endfacet
  facet normal -7.552195E-002 9.970867E-001 1.069974E-002
    outer loop 
      vertex -5.356759e-001 4.615855e-001 3.519995e+000
      vertex -5.372611e-001 4.597484e-001 3.680000e+000
      vertex -3.552516e-001 4.745536e-001 3.585015e+000
    endloop 
  endfacet
  facet normal 6.972343E-003 -9.999667E-001 -4.245812E-003
    outer loop 
      vertex -1.397489e-001 -5.011479e-001 4.081365e-001
      vertex -3.339365e-001 -5.022157e-001 3.407522e-001
      vertex -2.215524e-001 -5.008023e-001 1.924090e-001
    endloop 
  endfacet
  facet normal 6.187556E-003 -9.999201E-001 -1.102803E-002
    outer loop 
      vertex -3.339365e-001 -5.022157e-001 3.407522e-001
      vertex -4.951946e-001 -5.047492e-001 4.799882e-001
      vertex -4.969709e-001 -5.029960e-001 3.200212e-001
    endloop 
  endfacet
  facet normal -9.992483E-001 -3.874519E-002 -1.317585E-003
    outer loop 
      vertex -5.019594e-001 4.499504e-002 1.732466e+000
      vertex -5.008736e-001 1.189604e-002 1.882305e+000
      vertex -5.062456e-001 1.515095e-001 1.850928e+000
    endloop 
  endfacet
  facet normal 9.993101E-001 3.713356E-002 -6.418324E-004
    outer loop 
      vertex 5.036190e-001 -8.861717e-002 1.775229e+000
      vertex 5.006954e-001 -1.306055e-002 1.594738e+000
      vertex 4.971887e-001 8.455359e-002 1.782419e+000
    endloop 
  endfacet
  facet normal 9.993103E-001 3.713050E-002 -5.680665E-004
    outer loop 
      vertex 5.006626e-001 -6.320987e-003 1.953741e+000
      vertex 5.036190e-001 -8.861717e-002 1.775229e+000
      vertex 4.971887e-001 8.455359e-002 1.782419e+000
    endloop 
  endfacet
  facet normal 9.992942E-001 3.734459E-002 -4.067160E-003
    outer loop 
      vertex 5.091892e-001 -2.349471e-001 1.800227e+000
      vertex 5.036190e-001 -8.861717e-002 1.775229e+000
      vertex 5.076561e-001 -1.788869e-001 1.938293e+000
    endloop 
  endfacet
  facet normal 9.991693E-001 4.069072E-002 -2.211702E-003
    outer loop 
      vertex 5.036190e-001 -8.861717e-002 1.775229e+000
      vertex 5.006626e-001 -6.320987e-003 1.953741e+000
      vertex 5.076561e-001 -1.788869e-001 1.938293e+000
    endloop 
  endfacet
  facet normal 9.992955E-001 3.722644E-002 -4.759137E-003
    outer loop 
      vertex 5.091892e-001 -2.349471e-001 1.800227e+000
      vertex 5.070856e-001 -2.023001e-001 1.613887e+000
      vertex 5.036190e-001 -8.861717e-002 1.775229e+000
    endloop 
  endfacet
  facet normal 9.994354E-001 3.353070E-002 -2.152080E-003
    outer loop 
      vertex 5.036190e-001 -8.861717e-002 1.775229e+000
      vertex 5.070856e-001 -2.023001e-001 1.613887e+000
      vertex 5.006954e-001 -1.306055e-002 1.594738e+000
    endloop 
  endfacet
  facet normal 7.510209E-002 -9.971758E-001 3.000869E-004
    outer loop 
      vertex 5.136571e-002 -4.975147e-001 3.710919e+000
      vertex -1.072713e-002 -5.022309e-001 3.579171e+000
      vertex 1.465116e-001 -4.903914e-001 3.569443e+000
    endloop 
  endfacet
  facet normal 8.156470E-003 -9.999667E-001 -9.268686E-005
    outer loop 
      vertex 2.917682e-002 -4.997707e-001 4.155644e-001
      vertex 2.899493e-003 -5.000020e-001 5.991664e-001
      vertex -1.397489e-001 -5.011479e-001 4.081365e-001
    endloop 
  endfacet
  facet normal -8.454832E-003 9.999641E-001 6.134104E-004
    outer loop 
      vertex 7.861200e-002 5.006583e-001 4.118338e-001
      vertex -2.317194e-002 4.998668e-001 2.991776e-001
      vertex -6.113053e-002 4.994448e-001 4.639645e-001
    endloop 
  endfacet
  facet normal -6.706378E-003 9.999771E-001 1.016199E-003
    outer loop 
      vertex -2.317194e-002 4.998668e-001 2.991776e-001
      vertex -1.913089e-001 4.986877e-001 3.498093e-001
      vertex -6.113053e-002 4.994448e-001 4.639645e-001
    endloop 
  endfacet
  facet normal -9.975624E-001 -6.896344E-002 -1.064074E-002
    outer loop 
      vertex -5.324891e-001 4.652548e-001 3.199992e+000
      vertex -5.215866e-001 2.948803e-001 3.282098e+000
      vertex -5.340703e-001 4.634382e-001 3.360002e+000
    endloop 
  endfacet
  facet normal 9.972833E-001 7.288042E-002 -1.069896E-002
    outer loop 
      vertex 5.253497e-001 -3.286690e-001 3.470456e+000
      vertex 5.355988e-001 -4.616409e-001 3.520011e+000
      vertex 5.340162e-001 -4.634745e-001 3.360005e+000
    endloop 
  endfacet
  facet normal -6.815170E-002 9.976181E-001 -1.065018E-002
    outer loop 
      vertex 4.634138e-001 5.340469e-001 3.360012e+000
      vertex 4.652317e-001 5.324630e-001 3.200009e+000
      vertex 3.296122e-001 5.236700e-001 3.244195e+000
    endloop 
  endfacet
  facet normal 6.896361E-002 -9.975628E-001 -1.060492E-002
    outer loop 
      vertex -4.634745e-001 -5.340486e-001 3.359996e+000
      vertex -4.652821e-001 -5.324726e-001 3.199987e+000
      vertex -3.017799e-001 -5.220611e-001 3.283876e+000
    endloop 
  endfacet
  facet normal 9.998489E-001 1.376116E-002 -1.062140E-002
    outer loop 
      vertex 5.081447e-001 -4.917082e-001 7.999943e-001
      vertex 5.064687e-001 -4.934252e-001 6.399912e-001
      vertex 5.041488e-001 -2.984261e-001 6.742514e-001
    endloop 
  endfacet
  facet normal -9.998222E-001 -1.869686E-002 2.464603E-003
    outer loop 
      vertex -4.981698e-001 -1.191676e-001 7.771336e-001
      vertex -4.969005e-001 -1.678804e-001 9.225401e-001
      vertex -4.994600e-001 -3.402508e-002 8.996623e-001
    endloop 
  endfacet
  facet normal -9.998558E-001 -1.668898E-002 3.137557E-003
    outer loop 
      vertex -4.969005e-001 -1.678804e-001 9.225401e-001
      vertex -4.981698e-001 -1.191676e-001 7.771336e-001
      vertex -4.955200e-001 -2.690482e-001 8.243384e-001
    endloop 
  endfacet
  facet normal -9.997995E-001 -1.960429E-002 4.087511E-003
    outer loop 
      vertex -4.955198e-001 -2.143705e-001 1.037273e+000
      vertex -4.969005e-001 -1.678804e-001 9.225401e-001
      vertex -4.937846e-001 -3.195258e-001 9.573624e-001
    endloop 
  endfacet
  facet normal -9.997644E-001 -2.144415E-002 3.341570E-003
    outer loop 
      vertex -4.981749e-001 -9.012423e-002 1.040232e+000
      vertex -4.969005e-001 -1.678804e-001 9.225401e-001
      vertex -4.955198e-001 -2.143705e-001 1.037273e+000
    endloop 
  endfacet
  facet normal -9.997987E-001 -1.922281E-002 5.748720E-003
    outer loop 
      vertex -4.969005e-001 -1.678804e-001 9.225401e-001
      vertex -4.955200e-001 -2.690482e-001 8.243384e-001
      vertex -4.937846e-001 -3.195258e-001 9.573624e-001
    endloop 
  endfacet
  facet normal -9.998211E-001 -1.884100E-002 1.621128E-003
    outer loop 
      vertex -4.994600e-001 -3.402508e-002 8.996623e-001
      vertex -4.969005e-001 -1.678804e-001 9.225401e-001
      vertex -4.981749e-001 -9.012423e-002 1.040232e+000
    endloop 
  endfacet
  facet normal -9.971463E-001 -7.507399E-002 7.944933E-003
    outer loop 
      vertex -4.723369e-001 -3.982206e-001 3.456752e+000
      vertex -4.704186e-001 -4.073651e-001 3.611101e+000
      vertex -4.822862e-001 -2.550042e-001 3.561329e+000
    endloop 
  endfacet
  facet normal -9.972304E-001 -7.394236E-002 8.013021E-003
    outer loop 
      vertex -4.723369e-001 -3.982206e-001 3.456752e+000
      vertex -4.616397e-001 -5.356351e-001 3.520004e+000
      vertex -4.704186e-001 -4.073651e-001 3.611101e+000
    endloop 
  endfacet
  facet normal -9.969796E-001 -7.719990E-002 8.474954E-003
    outer loop 
      vertex -4.597755e-001 -5.372512e-001 3.679981e+000
      vertex -4.672093e-001 -4.343946e-001 3.742424e+000
      vertex -4.704186e-001 -4.073651e-001 3.611101e+000
    endloop 
  endfacet
  facet normal -9.968525E-001 -7.886084E-002 8.129981E-003
    outer loop 
      vertex -4.704186e-001 -4.073651e-001 3.611101e+000
      vertex -4.672093e-001 -4.343946e-001 3.742424e+000
      vertex -4.771029e-001 -3.114507e-001 3.721876e+000
    endloop 
  endfacet
  facet normal -9.971030E-001 -7.586303E-002 5.519213E-003
    outer loop 
      vertex -4.704186e-001 -4.073651e-001 3.611101e+000
      vertex -4.771029e-001 -3.114507e-001 3.721876e+000
      vertex -4.822862e-001 -2.550042e-001 3.561329e+000
    endloop 
  endfacet
  facet normal -9.970529E-001 -7.594582E-002 1.085108E-002
    outer loop 
      vertex -4.616397e-001 -5.356351e-001 3.520004e+000
      vertex -4.597755e-001 -5.372512e-001 3.679981e+000
      vertex -4.704186e-001 -4.073651e-001 3.611101e+000
    endloop 
  endfacet
  facet normal -9.998389E-001 -1.438952E-002 -1.072922E-002
    outer loop 
      vertex -5.047423e-001 3.256495e-001 7.034830e-001
      vertex -5.081676e-001 4.916927e-001 7.999975e-001
      vertex -5.064757e-001 4.934319e-001 6.399961e-001
    endloop 
  endfacet
  facet normal -5.337342E-002 9.985746E-001 2.503811E-004
    outer loop 
      vertex -2.692064e-002 4.992688e-001 2.623144e+000
      vertex 9.074537e-002 5.055754e-001 2.553806e+000
      vertex -5.090562e-002 4.980290e-001 2.455156e+000
    endloop 
  endfacet
  facet normal 9.985175E-001 5.443305E-002 2.477539E-004
    outer loop 
      vertex 4.966798e-001 7.323454e-002 2.652702e+000
      vertex 5.066476e-001 -1.092988e-001 2.583593e+000
      vertex 4.993590e-001 2.495401e-002 2.462425e+000
    endloop 
  endfacet
  facet normal -5.630002E-002 9.984139E-001 1.570836E-004
    outer loop 
      vertex -3.728228e-002 4.986581e-001 2.791270e+000
      vertex -2.692064e-002 4.992688e-001 2.623144e+000
      vertex -1.551968e-001 4.920251e-001 2.688421e+000
    endloop 
  endfacet
  facet normal -9.999574E-001 -5.442929E-003 7.450330E-003
    outer loop 
      vertex -4.968798e-001 -3.676211e-001 4.311408e-001
      vertex -4.985314e-001 -3.205843e-001 2.438381e-001
      vertex -4.969709e-001 -5.029960e-001 3.200212e-001
    endloop 
  endfacet
  facet normal -9.999804E-001 -1.416308E-003 6.096778E-003
    outer loop 
      vertex -4.987865e-001 -5.011634e-001 1.600465e-001
      vertex -4.985314e-001 -3.205843e-001 2.438381e-001
      vertex -5.000000e-001 -3.333333e-001 0.000000e+000
    endloop 
  endfacet
  facet normal -9.999288E-001 -3.832935E-003 1.130469E-002
    outer loop 
      vertex -4.987865e-001 -5.011634e-001 1.600465e-001
      vertex -4.969709e-001 -5.029960e-001 3.200212e-001
      vertex -4.985314e-001 -3.205843e-001 2.438381e-001
    endloop 
  endfacet
  facet normal 7.774898E-002 -9.969431E-001 -7.714463E-003
    outer loop 
      vertex -4.597755e-001 -5.372512e-001 3.679981e+000
      vertex -3.226420e-001 -5.256603e-001 3.564163e+000
      vertex -2.682807e-001 -5.225322e-001 3.707796e+000
    endloop 
  endfacet
  facet normal -8.397195E-002 9.964566E-001 4.792165E-003
    outer loop 
      vertex -2.078326e-001 4.842584e-001 4.000000e+000
      vertex -2.803642e-001 4.787621e-001 3.871927e+000
      vertex -3.742637e-001 4.702332e-001 4.000000e+000
    endloop 
  endfacet
  facet normal -1.527766E-002 9.998829E-001 9.357960E-004
    outer loop 
      vertex 2.327661e-002 5.004023e-001 7.373155e-001
      vertex -1.179842e-001 4.982261e-001 7.563432e-001
      vertex -5.873361e-002 4.989938e-001 9.033437e-001
    endloop 
  endfacet
  facet normal -1.517755E-002 9.998834E-001 1.679079E-003
    outer loop 
      vertex 2.327661e-002 5.004023e-001 7.373155e-001
      vertex -8.209358e-002 4.990059e-001 6.163588e-001
      vertex -1.179842e-001 4.982261e-001 7.563432e-001
    endloop 
  endfacet
  facet normal -1.534752E-002 9.998709E-001 4.759426E-003
    outer loop 
      vertex -1.179842e-001 4.982261e-001 7.563432e-001
      vertex -2.380351e-001 4.967574e-001 6.777591e-001
      vertex -2.227792e-001 4.962326e-001 8.372156e-001
    endloop 
  endfacet
  facet normal -1.359693E-002 9.999054E-001 2.084455E-003
    outer loop 
      vertex -2.380351e-001 4.967574e-001 6.777591e-001
      vertex -1.179842e-001 4.982261e-001 7.563432e-001
      vertex -8.209358e-002 4.990059e-001 6.163588e-001
    endloop 
  endfacet
  facet normal -1.758112E-002 9.998437E-001 1.864441E-003
    outer loop 
      vertex -1.179842e-001 4.982261e-001 7.563432e-001
      vertex -2.227792e-001 4.962326e-001 8.372156e-001
      vertex -5.873361e-002 4.989938e-001 9.033437e-001
    endloop 
  endfacet
  facet normal 9.963979E-001 8.466154E-002 4.862829E-003
    outer loop 
      vertex 4.701154e-001 3.742833e-001 4.000000e+000
      vertex 4.842613e-001 2.077977e-001 4.000000e+000
      vertex 4.787588e-001 2.799174e-001 3.871860e+000
    endloop 
  endfacet
  facet normal 0.000000E+000 -9.999913E-001 -4.169615E-003
    outer loop 
      vertex -3.333333e-001 -5.000000e-001 0.000000e+000
      vertex -1.666667e-001 -5.000000e-001 0.000000e+000
      vertex -2.215524e-001 -5.008023e-001 1.924090e-001
    endloop 
  endfacet
  facet normal 0.000000E+000 9.999897E-001 -4.519240E-003
    outer loop 
      vertex 1.666667e-001 5.000000e-001 0.000000e+000
      vertex 2.265432e-001 5.006372e-001 1.409899e-001
      vertex 3.333333e-001 5.000000e-001 0.000000e+000
    endloop 
  endfacet
  facet normal 0.000000E+000 0.000000E+000 1.000000E+000
    outer loop 
      vertex 2.146240e-001 2.296285e-001 4.000000e+000
      vertex 7.203179e-002 1.376096e-001 4.000000e+000
      vertex 2.327648e-001 6.509513e-002 4.000000e+000
    endloop 
  endfacet
  facet normal -5.416246E-002 9.985287E-001 2.624369E-003
    outer loop 
      vertex -1.551968e-001 4.920251e-001 2.688421e+000
      vertex -1.406081e-001 4.931751e-001 2.551970e+000
      vertex -2.651624e-001 4.863268e-001 2.587038e+000
    endloop 
  endfacet
  facet normal -5.509926E-002 9.984776E-001 2.523781E-003
    outer loop 
      vertex -2.692064e-002 4.992688e-001 2.623144e+000
      vertex -1.406081e-001 4.931751e-001 2.551970e+000
      vertex -1.551968e-001 4.920251e-001 2.688421e+000
    endloop 
  endfacet
  facet normal -5.372579E-002 9.985470E-001 4.178927E-003
    outer loop 
      vertex -1.406081e-001 4.931751e-001 2.551970e+000
      vertex -2.169648e-001 4.895115e-001 2.445718e+000
      vertex -2.651624e-001 4.863268e-001 2.587038e+000
    endloop 
  endfacet
  facet normal -5.136495E-002 9.986769E-001 2.477854E-003
    outer loop 
      vertex -1.406081e-001 4.931751e-001 2.551970e+000
      vertex -5.090562e-002 4.980290e-001 2.455156e+000
      vertex -2.169648e-001 4.895115e-001 2.445718e+000
    endloop 
  endfacet
  facet normal -5.371042E-002 9.985565E-001 2.986313E-004
    outer loop 
      vertex -2.692064e-002 4.992688e-001 2.623144e+000
      vertex -5.090562e-002 4.980290e-001 2.455156e+000
      vertex -1.406081e-001 4.931751e-001 2.551970e+000
    endloop 
  endfacet
  facet normal 9.972231E-001 7.446319E-002 -1.134325E-003
    outer loop 
      vertex 5.045462e-001 -4.374001e-002 3.492118e+000
      vertex 4.912640e-001 1.350468e-001 3.551782e+000
      vertex 5.018146e-001 -4.146881e-003 3.689764e+000
    endloop 
  endfacet
  facet normal 9.972782E-001 7.372169E-002 1.099878E-003
    outer loop 
      vertex 5.045462e-001 -4.374001e-002 3.492118e+000
      vertex 4.965431e-001 6.601055e-002 3.392412e+000
      vertex 4.912640e-001 1.350468e-001 3.551782e+000
    endloop 
  endfacet
  facet normal -7.498240E-002 9.971849E-001 -2.460964E-004
    outer loop 
      vertex -1.773092e-001 4.880856e-001 3.564581e+000
      vertex -1.974697e-002 4.999621e-001 3.681188e+000
      vertex -3.978721e-002 4.984154e-001 3.519904e+000
    endloop 
  endfacet
  facet normal -9.999043E-001 -8.365891E-003 1.101127E-002
    outer loop 
      vertex -4.951946e-001 -5.047492e-001 4.799882e-001
      vertex -4.968798e-001 -3.676211e-001 4.311408e-001
      vertex -4.969709e-001 -5.029960e-001 3.200212e-001
    endloop 
  endfacet
  facet normal 9.999229E-001 5.785899E-003 1.098033E-002
    outer loop 
      vertex 4.969288e-001 5.030527e-001 3.200113e-001
      vertex 4.951617e-001 5.047840e-001 4.800115e-001
      vertex 4.978690e-001 3.622593e-001 3.085749e-001
    endloop 
  endfacet
  facet normal -9.963871E-001 -8.470055E-002 -6.218152E-003
    outer loop 
      vertex -5.263241e-001 2.900500e-001 4.000000e+000
      vertex -5.227717e-001 2.620781e-001 3.811782e+000
      vertex -5.122391e-001 1.243592e-001 4.000000e+000
    endloop 
  endfacet
  facet normal -9.966318E-001 -8.173618E-002 -6.663319E-003
    outer loop 
      vertex -5.390062e-001 4.577344e-001 3.839951e+000
      vertex -5.227717e-001 2.620781e-001 3.811782e+000
      vertex -5.263241e-001 2.900500e-001 4.000000e+000
    endloop 
  endfacet
  facet normal -9.966444E-001 -8.098420E-002 -1.189374E-002
    outer loop 
      vertex -5.372611e-001 4.597484e-001 3.680000e+000
      vertex -5.227717e-001 2.620781e-001 3.811782e+000
      vertex -5.390062e-001 4.577344e-001 3.839951e+000
    endloop 
  endfacet
  facet normal 7.503358E-002 -9.971209E-001 -1.094740E-002
    outer loop 
      vertex -4.616397e-001 -5.356351e-001 3.520004e+000
      vertex -3.226420e-001 -5.256603e-001 3.564163e+000
      vertex -4.597755e-001 -5.372512e-001 3.679981e+000
    endloop 
  endfacet
  facet normal -7.821281E-003 9.999099E-001 -1.090661E-002
    outer loop 
      vertex 4.969288e-001 5.030527e-001 3.200113e-001
      vertex 3.705802e-001 5.029300e-001 3.993716e-001
      vertex 4.951617e-001 5.047840e-001 4.800115e-001
    endloop 
  endfacet
  facet normal -5.826185E-003 9.999815E-001 -1.761673E-003
    outer loop 
      vertex 7.861200e-002 5.006583e-001 4.118338e-001
      vertex 1.441017e-001 5.008102e-001 2.814884e-001
      vertex -2.317194e-002 4.998668e-001 2.991776e-001
    endloop 
  endfacet
  facet normal -5.208231E-002 9.986315E-001 4.741349E-003
    outer loop 
      vertex -3.784295e-001 4.808608e-001 2.494088e+000
      vertex -2.651624e-001 4.863268e-001 2.587038e+000
      vertex -2.169648e-001 4.895115e-001 2.445718e+000
    endloop 
  endfacet
  facet normal -5.139455E-002 9.986536E-001 7.041122E-003
    outer loop 
      vertex -2.169648e-001 4.895115e-001 2.445718e+000
      vertex -3.467821e-001 4.835131e-001 2.348910e+000
      vertex -3.784295e-001 4.808608e-001 2.494088e+000
    endloop 
  endfacet
  facet normal -4.888004E-002 9.987980E-001 3.660294E-003
    outer loop 
      vertex -1.341628e-001 4.941115e-001 2.296235e+000
      vertex -3.467821e-001 4.835131e-001 2.348910e+000
      vertex -2.169648e-001 4.895115e-001 2.445718e+000
    endloop 
  endfacet
  facet normal -5.135410E-002 9.986779E-001 2.286167E-003
    outer loop 
      vertex -1.341628e-001 4.941115e-001 2.296235e+000
      vertex -2.169648e-001 4.895115e-001 2.445718e+000
      vertex -5.090562e-002 4.980290e-001 2.455156e+000
    endloop 
  endfacet
  facet normal 1.206181E-002 -9.999227E-001 -3.009198E-003
    outer loop 
      vertex -1.800752e-001 -5.021722e-001 5.868810e-001
      vertex -1.397489e-001 -5.011479e-001 4.081365e-001
      vertex 2.899493e-003 -5.000020e-001 5.991664e-001
    endloop 
  endfacet
  facet normal 7.809046E-002 -9.969457E-001 -1.116576E-003
    outer loop 
      vertex 5.136571e-002 -4.975147e-001 3.710919e+000
      vertex -1.040618e-001 -5.096935e-001 3.714660e+000
      vertex -1.072713e-002 -5.022309e-001 3.579171e+000
    endloop 
  endfacet
  facet normal -9.969472E-001 -7.803809E-002 -2.503679E-003
    outer loop 
      vertex -5.124791e-001 1.398744e-001 3.706368e+000
      vertex -5.075536e-001 8.114150e-002 3.575741e+000
      vertex -5.006852e-001 -1.105844e-002 3.714621e+000
    endloop 
  endfacet
  facet normal -9.984170E-001 -5.624550E-002 -7.343300E-005
    outer loop 
      vertex -4.990283e-001 -3.140383e-002 2.812603e+000
      vertex -5.024602e-001 2.970245e-002 2.670430e+000
      vertex -4.920155e-001 -1.557287e-001 2.689632e+000
    endloop 
  endfacet
  facet normal -9.996279E-001 -2.727358E-002 -4.099646E-004
    outer loop 
      vertex -5.018128e-001 5.730434e-002 1.346076e+000
      vertex -4.998681e-001 -1.145432e-002 1.178567e+000
      vertex -4.968522e-001 -1.237508e-001 1.295367e+000
    endloop 
  endfacet
  facet normal -2.858961E-002 9.995909E-001 -7.507009E-004
    outer loop 
      vertex 3.020093e-004 5.001624e-001 1.237083e+000
      vertex -1.362475e-001 4.963458e-001 1.355486e+000
      vertex 9.353232e-002 5.029619e-001 1.414101e+000
    endloop 
  endfacet
  facet normal -2.613103E-002 9.996564E-001 -2.046599E-003
    outer loop 
      vertex 1.831623e-001 5.050184e-001 1.274185e+000
      vertex 3.020093e-004 5.001624e-001 1.237083e+000
      vertex 9.353232e-002 5.029619e-001 1.414101e+000
    endloop 
  endfacet
  facet normal -7.750968E-002 9.969865E-001 3.189039E-003
    outer loop 
      vertex -1.974697e-002 4.999621e-001 3.681188e+000
      vertex -1.773092e-001 4.880856e-001 3.564581e+000
      vertex -2.135307e-001 4.847769e-001 3.718608e+000
    endloop 
  endfacet
  facet normal 9.969715E-001 7.773801E-002 2.188496E-003
    outer loop 
      vertex 4.912640e-001 1.350468e-001 3.551782e+000
      vertex 4.853573e-001 2.062064e-001 3.714883e+000
      vertex 5.018146e-001 -4.146881e-003 3.689764e+000
    endloop 
  endfacet
  facet normal 9.974498E-001 7.134052E-002 2.137048E-003
    outer loop 
      vertex 4.965431e-001 6.601055e-002 3.392412e+000
      vertex 4.854867e-001 2.204206e-001 3.398264e+000
      vertex 4.912640e-001 1.350468e-001 3.551782e+000
    endloop 
  endfacet
  facet normal -9.973699E-001 -7.240228E-002 -3.345205E-003
    outer loop 
      vertex -5.096164e-001 1.202618e-001 3.313102e+000
      vertex -5.030853e-001 2.390305e-002 3.451404e+000
      vertex -5.149556e-001 1.878787e-001 3.441508e+000
    endloop 
  endfacet
  facet normal -9.975609E-001 -6.978609E-002 -1.513416E-003
    outer loop 
      vertex -5.030853e-001 2.390305e-002 3.451404e+000
      vertex -5.096164e-001 1.202618e-001 3.313102e+000
      vertex -4.998763e-001 -1.951833e-002 3.338441e+000
    endloop 
  endfacet
  facet normal -9.973758E-001 -7.235377E-002 -2.534395E-003
    outer loop 
      vertex -5.030853e-001 2.390305e-002 3.451404e+000
      vertex -5.075536e-001 8.114150e-002 3.575741e+000
      vertex -5.149556e-001 1.878787e-001 3.441508e+000
    endloop 
  endfacet
  facet normal -9.973749E-001 -7.240898E-002 -4.999311E-004
    outer loop 
      vertex -4.921363e-001 -1.268246e-001 3.438928e+000
      vertex -5.030853e-001 2.390305e-002 3.451404e+000
      vertex -4.998763e-001 -1.951833e-002 3.338441e+000
    endloop 
  endfacet
  facet normal -9.989913E-001 -4.487205E-002 1.755563E-003
    outer loop 
      vertex -4.961644e-001 -1.025692e-001 1.995136e+000
      vertex -4.898794e-001 -2.365839e-001 2.146175e+000
      vertex -4.972647e-001 -7.263798e-002 2.134073e+000
    endloop 
  endfacet
  facet normal 9.988309E-001 4.833977E-002 -2.341441E-004
    outer loop 
      vertex 5.026473e-001 -4.389865e-002 2.275198e+000
      vertex 4.935625e-001 1.440427e-001 2.321377e+000
      vertex 4.993590e-001 2.495401e-002 2.462425e+000
    endloop 
  endfacet
  facet normal -9.984379E-001 -5.583053E-002 -2.160274E-003
    outer loop 
      vertex -5.115668e-001 1.931233e-001 2.655812e+000
      vertex -5.050113e-001 8.084985e-002 2.527600e+000
      vertex -5.024602e-001 2.970245e-002 2.670430e+000
    endloop 
  endfacet
  facet normal 7.525036E-002 -9.971619E-001 -2.347070E-003
    outer loop 
      vertex -7.250032e-002 -5.066019e-001 3.455693e+000
      vertex -1.072713e-002 -5.022309e-001 3.579171e+000
      vertex -1.702362e-001 -5.142638e-001 3.577322e+000
    endloop 
  endfacet
  facet normal 7.248506E-002 -9.973590E-001 -4.581560E-003
    outer loop 
      vertex -7.250032e-002 -5.066019e-001 3.455693e+000
      vertex -1.702362e-001 -5.142638e-001 3.577322e+000
      vertex -2.211915e-001 -5.173146e-001 3.435285e+000
    endloop 
  endfacet
  facet normal 7.231434E-002 -9.973763E-001 -3.328619E-003
    outer loop 
      vertex -7.250032e-002 -5.066019e-001 3.455693e+000
      vertex -2.211915e-001 -5.173146e-001 3.435285e+000
      vertex -1.276514e-001 -5.101346e-001 3.316063e+000
    endloop 
  endfacet
  facet normal 6.998586E-002 -9.975451E-001 -2.404642E-003
    outer loop 
      vertex -7.250032e-002 -5.066019e-001 3.455693e+000
      vertex -1.276514e-001 -5.101346e-001 3.316063e+000
      vertex -6.739683e-004 -5.012900e-001 3.342563e+000
    endloop 
  endfacet
  facet normal 7.245170E-002 -9.973715E-001 -9.395537E-004
    outer loop 
      vertex -7.250032e-002 -5.066019e-001 3.455693e+000
      vertex 7.956745e-002 -4.955439e-001 3.443594e+000
      vertex -1.072713e-002 -5.022309e-001 3.579171e+000
    endloop 
  endfacet
  facet normal 7.246077E-002 -9.973710E-001 -8.251407E-004
    outer loop 
      vertex 7.956745e-002 -4.955439e-001 3.443594e+000
      vertex -7.250032e-002 -5.066019e-001 3.455693e+000
      vertex -6.739683e-004 -5.012900e-001 3.342563e+000
    endloop 
  endfacet
  facet normal 9.996434E-001 2.665917E-002 1.487022E-003
    outer loop 
      vertex 4.974803e-001 9.162913e-002 1.428789e+000
      vertex 4.990543e-001 4.269144e-002 1.247998e+000
      vertex 4.943809e-001 2.154760e-001 1.292020e+000
    endloop 
  endfacet
  facet normal -3.838689E-002 9.992542E-001 4.199612E-003
    outer loop 
      vertex -2.536221e-001 4.908738e-001 1.785965e+000
      vertex -2.031245e-001 4.921291e-001 1.948871e+000
      vertex -7.510827e-002 4.974629e-001 1.849888e+000
    endloop 
  endfacet
  facet normal 9.999708E-001 2.060262E-003 7.365368E-003
    outer loop 
      vertex 4.989142e-001 4.028593e-001 1.553113e-001
      vertex 4.978690e-001 3.622593e-001 3.085749e-001
      vertex 4.992417e-001 2.627966e-001 1.500389e-001
    endloop 
  endfacet
  facet normal 9.999796E-001 2.109940E-003 6.046183E-003
    outer loop 
      vertex 5.000000e-001 3.333333e-001 0.000000e+000
      vertex 4.989142e-001 4.028593e-001 1.553113e-001
      vertex 4.992417e-001 2.627966e-001 1.500389e-001
    endloop 
  endfacet
  facet normal 9.999467E-001 5.995040E-003 8.407537E-003
    outer loop 
      vertex 4.989142e-001 4.028593e-001 1.553113e-001
      vertex 4.969288e-001 5.030527e-001 3.200113e-001
      vertex 4.978690e-001 3.622593e-001 3.085749e-001
    endloop 
  endfacet
  facet normal 9.999326E-001 7.772336E-004 1.158156E-002
    outer loop 
      vertex 4.987838e-001 5.012213e-001 1.599726e-001
      vertex 4.969288e-001 5.030527e-001 3.200113e-001
      vertex 4.989142e-001 4.028593e-001 1.553113e-001
    endloop 
  endfacet
  facet normal 9.999706E-001 9.662076E-004 7.594970E-003
    outer loop 
      vertex 4.987838e-001 5.012213e-001 1.599726e-001
      vertex 4.989142e-001 4.028593e-001 1.553113e-001
      vertex 5.000000e-001 5.000000e-001 0.000000e+000
    endloop 
  endfacet
  facet normal 9.999756E-001 0.000000E+000 6.990681E-003
    outer loop 
      vertex 5.000000e-001 3.333333e-001 0.000000e+000
      vertex 5.000000e-001 5.000000e-001 0.000000e+000
      vertex 4.989142e-001 4.028593e-001 1.553113e-001
    endloop 
  endfacet
  facet normal 9.987916E-001 4.891467E-002 4.767783E-003
    outer loop 
      vertex 4.935625e-001 1.440427e-001 2.321377e+000
      vertex 4.895909e-001 2.399226e-001 2.169707e+000
      vertex 4.846317e-001 3.230070e-001 2.356206e+000
    endloop 
  endfacet
  facet normal 1.852327E-002 -9.998217E-001 -3.652522E-003
    outer loop 
      vertex -1.923965e-001 -5.034805e-001 8.607928e-001
      vertex -2.006041e-002 -5.004585e-001 9.075577e-001
      vertex -1.488762e-001 -5.032444e-001 1.016873e+000
    endloop 
  endfacet
  facet normal 8.189383E-002 -9.966176E-001 -6.843019E-003
    outer loop 
      vertex -3.413113e-001 -5.294887e-001 3.846940e+000
      vertex -2.682807e-001 -5.225322e-001 3.707796e+000
      vertex -1.913869e-001 -5.172256e-001 3.855160e+000
    endloop 
  endfacet
  facet normal 8.185749E-002 -9.966250E-001 -6.168966E-003
    outer loop 
      vertex -3.413113e-001 -5.294887e-001 3.846940e+000
      vertex -1.913869e-001 -5.172256e-001 3.855160e+000
      vertex -2.900374e-001 -5.262247e-001 4.000000e+000
    endloop 
  endfacet
  facet normal 7.792529E-002 -9.969191E-001 -8.941010E-003
    outer loop 
      vertex -4.597755e-001 -5.372512e-001 3.679981e+000
      vertex -2.682807e-001 -5.225322e-001 3.707796e+000
      vertex -3.413113e-001 -5.294887e-001 3.846940e+000
    endloop 
  endfacet
  facet normal 8.742068E-002 -9.961390E-001 -8.042955E-003
    outer loop 
      vertex -3.413113e-001 -5.294887e-001 3.846940e+000
      vertex -2.900374e-001 -5.262247e-001 4.000000e+000
      vertex -4.557149e-001 -5.407645e-001 4.000000e+000
    endloop 
  endfacet
  facet normal 8.193689E-002 -9.965676E-001 -1.180376E-002
    outer loop 
      vertex -4.577311e-001 -5.389785e-001 3.840004e+000
      vertex -4.597755e-001 -5.372512e-001 3.679981e+000
      vertex -3.413113e-001 -5.294887e-001 3.846940e+000
    endloop 
  endfacet
  facet normal 8.195748E-002 -9.965617E-001 -1.215751E-002
    outer loop 
      vertex -4.577311e-001 -5.389785e-001 3.840004e+000
      vertex -3.413113e-001 -5.294887e-001 3.846940e+000
      vertex -4.557149e-001 -5.407645e-001 4.000000e+000
    endloop 
  endfacet
  facet normal 0.000000E+000 0.000000E+000 1.000000E+000
    outer loop 
      vertex -4.843339e-001 -2.078224e-001 4.000000e+000
      vertex -4.702289e-001 -3.742506e-001 4.000000e+000
      vertex -2.973873e-001 -2.829431e-001 4.000000e+000
    endloop 
  endfacet
  facet normal 0.000000E+000 0.000000E+000 1.000000E+000
    outer loop 
      vertex -4.702289e-001 -3.742506e-001 4.000000e+000
      vertex -4.557149e-001 -5.407645e-001 4.000000e+000
      vertex -2.900374e-001 -5.262247e-001 4.000000e+000
    endloop 
  endfacet
  facet normal -4.754448E-003 9.999552E-001 -8.185538E-003
    outer loop 
      vertex 2.872883e-001 5.015174e-001 2.751891e-001
      vertex 3.705802e-001 5.029300e-001 3.993716e-001
      vertex 4.050800e-001 5.019720e-001 2.622994e-001
    endloop 
  endfacet
  facet normal -6.367074E-003 9.999428E-001 -8.591334E-003
    outer loop 
      vertex 4.969288e-001 5.030527e-001 3.200113e-001
      vertex 4.050800e-001 5.019720e-001 2.622994e-001
      vertex 3.705802e-001 5.029300e-001 3.993716e-001
    endloop 
  endfacet
  facet normal -4.542391E-003 9.999236E-001 -1.149497E-002
    outer loop 
      vertex 4.050800e-001 5.019720e-001 2.622994e-001
      vertex 4.969288e-001 5.030527e-001 3.200113e-001
      vertex 4.987838e-001 5.012213e-001 1.599726e-001
    endloop 
  endfacet
  facet normal -9.961429E-001 -8.690455E-002 -1.211699E-002
    outer loop 
      vertex -5.390062e-001 4.577344e-001 3.839951e+000
      vertex -5.263241e-001 2.900500e-001 4.000000e+000
      vertex -5.407757e-001 4.557017e-001 4.000000e+000
    endloop 
  endfacet
  facet normal -2.205641E-002 9.997017E-001 1.048182E-002
    outer loop 
      vertex -3.471373e-001 4.924608e-001 1.065833e+000
      vertex -5.098160e-001 4.899812e-001 9.600033e-001
      vertex -5.114607e-001 4.882673e-001 1.120005e+000
    endloop 
  endfacet
  facet normal -9.997033E-001 -2.197565E-002 -1.051178E-002
    outer loop 
      vertex -5.098160e-001 4.899812e-001 9.600033e-001
      vertex -5.076131e-001 3.399830e-001 1.064086e+000
      vertex -5.114607e-001 4.882673e-001 1.120005e+000
    endloop 
  endfacet
  facet normal 2.828450E-003 -9.999687E-001 -7.385226E-003
    outer loop 
      vertex -2.215524e-001 -5.008023e-001 1.924090e-001
      vertex -3.339365e-001 -5.022157e-001 3.407522e-001
      vertex -3.859692e-001 -5.010577e-001 1.640298e-001
    endloop 
  endfacet
  facet normal 5.837109E-003 -9.999487E-001 -8.270940E-003
    outer loop 
      vertex -3.859692e-001 -5.010577e-001 1.640298e-001
      vertex -3.339365e-001 -5.022157e-001 3.407522e-001
      vertex -4.969709e-001 -5.029960e-001 3.200212e-001
    endloop 
  endfacet
  facet normal 2.526807E-003 -9.999809E-001 -5.637533E-003
    outer loop 
      vertex -3.333333e-001 -5.000000e-001 0.000000e+000
      vertex -2.215524e-001 -5.008023e-001 1.924090e-001
      vertex -3.859692e-001 -5.010577e-001 1.640298e-001
    endloop 
  endfacet
  facet normal 1.341626E-003 -9.999333E-001 -1.146968E-002
    outer loop 
      vertex -4.987865e-001 -5.011634e-001 1.600465e-001
      vertex -3.859692e-001 -5.010577e-001 1.640298e-001
      vertex -4.969709e-001 -5.029960e-001 3.200212e-001
    endloop 
  endfacet
  facet normal 1.193671E-003 -9.999728E-001 -7.278133E-003
    outer loop 
      vertex -4.987865e-001 -5.011634e-001 1.600465e-001
      vertex -5.000000e-001 -5.000000e-001 0.000000e+000
      vertex -3.859692e-001 -5.010577e-001 1.640298e-001
    endloop 
  endfacet
  facet normal 0.000000E+000 -9.999792E-001 -6.448354E-003
    outer loop 
      vertex -5.000000e-001 -5.000000e-001 0.000000e+000
      vertex -3.333333e-001 -5.000000e-001 0.000000e+000
      vertex -3.859692e-001 -5.010577e-001 1.640298e-001
    endloop 
  endfacet
  facet normal -9.990625E-001 -4.197720E-002 -1.058050E-002
    outer loop 
      vertex -5.212975e-001 4.777653e-001 2.079990e+000
      vertex -5.196766e-001 4.795199e-001 1.919976e+000
      vertex -5.113598e-001 2.595506e-001 2.007377e+000
    endloop 
  endfacet
  facet normal -4.926345E-002 9.987301E-001 1.054940E-002
    outer loop 
      vertex -5.229132e-001 4.759757e-001 2.239997e+000
      vertex -5.245230e-001 4.742061e-001 2.400005e+000
      vertex -3.467821e-001 4.835131e-001 2.348910e+000
    endloop 
  endfacet
  facet normal -9.980592E-001 -6.137013E-002 -1.056342E-002
    outer loop 
      vertex -5.195529e-001 3.024182e-001 2.923727e+000
      vertex -5.309069e-001 4.670558e-001 3.039992e+000
      vertex -5.293235e-001 4.688449e-001 2.879994e+000
    endloop 
  endfacet
  facet normal 9.989861E-001 4.489898E-002 3.274667E-003
    outer loop 
      vertex 4.973608e-001 6.983523e-002 2.131449e+000
      vertex 4.935504e-001 1.665454e-001 1.967885e+000
      vertex 4.895909e-001 2.399226e-001 2.169707e+000
    endloop 
  endfacet
  facet normal 9.991575E-001 4.102812E-002 9.819571E-004
    outer loop 
      vertex 5.006626e-001 -6.320987e-003 1.953741e+000
      vertex 4.935504e-001 1.665454e-001 1.967885e+000
      vertex 4.973608e-001 6.983523e-002 2.131449e+000
    endloop 
  endfacet
  facet normal 9.992971E-001 3.736076E-002 3.086783E-003
    outer loop 
      vertex 4.935504e-001 1.665454e-001 1.967885e+000
      vertex 4.971887e-001 8.455359e-002 1.782419e+000
      vertex 4.905606e-001 2.608695e-001 1.794127e+000
    endloop 
  endfacet
  facet normal 9.991586E-001 4.098735E-002 1.480799E-003
    outer loop 
      vertex 5.006626e-001 -6.320987e-003 1.953741e+000
      vertex 4.971887e-001 8.455359e-002 1.782419e+000
      vertex 4.935504e-001 1.665454e-001 1.967885e+000
    endloop 
  endfacet
  facet normal 9.991196E-001 4.171703E-002 4.434158E-003
    outer loop 
      vertex 4.935504e-001 1.665454e-001 1.967885e+000
      vertex 4.861440e-001 3.392756e-001 2.011646e+000
      vertex 4.895909e-001 2.399226e-001 2.169707e+000
    endloop 
  endfacet
  facet normal 9.991247E-001 4.148996E-002 5.331284E-003
    outer loop 
      vertex 4.861440e-001 3.392756e-001 2.011646e+000
      vertex 4.935504e-001 1.665454e-001 1.967885e+000
      vertex 4.905606e-001 2.608695e-001 1.794127e+000
    endloop 
  endfacet
  facet normal 4.183969E-002 -9.991189E-001 -3.267893E-003
    outer loop 
      vertex -2.318381e-001 -5.101300e-001 1.996784e+000
      vertex -1.394521e-001 -5.058813e-001 1.880626e+000
      vertex -9.423436e-002 -5.044175e-001 2.012030e+000
    endloop 
  endfacet
  facet normal 3.830828E-002 -9.992607E-001 -3.238758E-003
    outer loop 
      vertex -1.394521e-001 -5.058813e-001 1.880626e+000
      vertex -2.492162e-001 -5.099419e-001 1.835142e+000
      vertex -1.259603e-001 -5.049290e-001 1.746392e+000
    endloop 
  endfacet
  facet normal 3.919263E-002 -9.992172E-001 -5.376814E-003
    outer loop 
      vertex -1.394521e-001 -5.058813e-001 1.880626e+000
      vertex -2.318381e-001 -5.101300e-001 1.996784e+000
      vertex -2.492162e-001 -5.099419e-001 1.835142e+000
    endloop 
  endfacet
  facet normal 3.901372E-002 -9.992360E-001 -2.294139E-003
    outer loop 
      vertex -2.132201e-002 -5.012041e-001 1.852332e+000
      vertex -9.423436e-002 -5.044175e-001 2.012030e+000
      vertex -1.394521e-001 -5.058813e-001 1.880626e+000
    endloop 
  endfacet
  facet normal 3.879957E-002 -9.992419E-001 -3.189244E-003
    outer loop 
      vertex -2.132201e-002 -5.012041e-001 1.852332e+000
      vertex -1.394521e-001 -5.058813e-001 1.880626e+000
      vertex -1.259603e-001 -5.049290e-001 1.746392e+000
    endloop 
  endfacet
  facet normal -9.999712E-001 0.000000E+000 7.581896E-003
    outer loop 
      vertex -4.987865e-001 -5.011634e-001 1.600465e-001
      vertex -5.000000e-001 -3.333333e-001 0.000000e+000
      vertex -5.000000e-001 -5.000000e-001 0.000000e+000
    endloop 
  endfacet
  facet normal 9.991572E-001 4.043852E-002 -7.038850E-003
    outer loop 
      vertex 5.141687e-001 -3.406875e-001 1.933195e+000
      vertex 5.076561e-001 -1.788869e-001 1.938293e+000
      vertex 5.138546e-001 -3.055782e-001 2.090311e+000
    endloop 
  endfacet
  facet normal 9.991702E-001 4.038434E-002 -5.302787E-003
    outer loop 
      vertex 5.141687e-001 -3.406875e-001 1.933195e+000
      vertex 5.091892e-001 -2.349471e-001 1.800227e+000
      vertex 5.076561e-001 -1.788869e-001 1.938293e+000
    endloop 
  endfacet
  facet normal 9.990275E-001 4.389675E-002 -4.151472E-003
    outer loop 
      vertex 5.076561e-001 -1.788869e-001 1.938293e+000
      vertex 5.056092e-001 -1.165918e-001 2.104417e+000
      vertex 5.138546e-001 -3.055782e-001 2.090311e+000
    endloop 
  endfacet
  facet normal 9.991646E-001 4.075869E-002 -2.973036E-003
    outer loop 
      vertex 5.006626e-001 -6.320987e-003 1.953741e+000
      vertex 5.056092e-001 -1.165918e-001 2.104417e+000
      vertex 5.076561e-001 -1.788869e-001 1.938293e+000
    endloop 
  endfacet
  facet normal -9.983200E-001 -5.699670E-002 1.041842E-002
    outer loop 
      vertex -4.808496e-001 -3.503708e-001 2.713089e+000
      vertex -4.706507e-001 -5.277439e-001 2.720007e+000
      vertex -4.688920e-001 -5.292984e-001 2.880028e+000
    endloop 
  endfacet
  facet normal 0.000000E+000 0.000000E+000 -1.000000E+000
    outer loop 
      vertex 5.137601e-003 2.877174e-001 0.000000e+000
      vertex 2.232202e-002 1.391538e-001 0.000000e+000
      vertex -1.085704e-001 1.559337e-001 0.000000e+000
    endloop 
  endfacet
  facet normal 0.000000E+000 0.000000E+000 -1.000000E+000
    outer loop 
      vertex 2.232202e-002 1.391538e-001 0.000000e+000
      vertex 1.016581e-003 2.434756e-002 0.000000e+000
      vertex -1.085704e-001 1.559337e-001 0.000000e+000
    endloop 
  endfacet
  facet normal 0.000000E+000 0.000000E+000 -1.000000E+000
    outer loop 
      vertex 1.266406e-001 8.004968e-002 0.000000e+000
      vertex 1.016581e-003 2.434756e-002 0.000000e+000
      vertex 2.232202e-002 1.391538e-001 0.000000e+000
    endloop 
  endfacet
  facet normal 0.000000E+000 0.000000E+000 -1.000000E+000
    outer loop 
      vertex 2.232202e-002 1.391538e-001 0.000000e+000
      vertex 1.315549e-001 2.099927e-001 0.000000e+000
      vertex 1.266406e-001 8.004968e-002 0.000000e+000
    endloop 
  endfacet
  facet normal 0.000000E+000 0.000000E+000 -1.000000E+000
    outer loop 
      vertex 5.137601e-003 2.877174e-001 0.000000e+000
      vertex 1.315549e-001 2.099927e-001 0.000000e+000
      vertex 2.232202e-002 1.391538e-001 0.000000e+000
    endloop 
  endfacet
  facet normal 5.174134E-002 -9.986064E-001 -1.040257E-002
    outer loop 
      vertex -4.724637e-001 -5.261106e-001 2.559978e+000
      vertex -4.742117e-001 -5.245348e-001 2.400016e+000
      vertex -2.843611e-001 -5.154040e-001 2.467789e+000
    endloop 
  endfacet
  facet normal 0.000000E+000 0.000000E+000 -1.000000E+000
    outer loop 
      vertex 1.263364e-001 -4.950204e-002 0.000000e+000
      vertex 2.463146e-001 -1.167427e-001 0.000000e+000
      vertex 1.197696e-001 -1.840909e-001 0.000000e+000
    endloop 
  endfacet
  facet normal 0.000000E+000 0.000000E+000 -1.000000E+000
    outer loop 
      vertex 2.514290e-001 2.113478e-002 0.000000e+000
      vertex 2.463146e-001 -1.167427e-001 0.000000e+000
      vertex 1.263364e-001 -4.950204e-002 0.000000e+000
    endloop 
  endfacet
  facet normal 0.000000E+000 0.000000E+000 -1.000000E+000
    outer loop 
      vertex 2.514290e-001 2.113478e-002 0.000000e+000
      vertex 1.263364e-001 -4.950204e-002 0.000000e+000
      vertex 1.266406e-001 8.004968e-002 0.000000e+000
    endloop 
  endfacet
  facet normal 0.000000E+000 0.000000E+000 -1.000000E+000
    outer loop 
      vertex 1.266406e-001 8.004968e-002 0.000000e+000
      vertex 1.263364e-001 -4.950204e-002 0.000000e+000
      vertex 1.016581e-003 2.434756e-002 0.000000e+000
    endloop 
  endfacet
  facet normal 0.000000E+000 0.000000E+000 -1.000000E+000
    outer loop 
      vertex -1.117158e-003 -1.113729e-001 0.000000e+000
      vertex 1.263364e-001 -4.950204e-002 0.000000e+000
      vertex 1.197696e-001 -1.840909e-001 0.000000e+000
    endloop 
  endfacet
  facet normal 0.000000E+000 0.000000E+000 -1.000000E+000
    outer loop 
      vertex 1.016581e-003 2.434756e-002 0.000000e+000
      vertex 1.263364e-001 -4.950204e-002 0.000000e+000
      vertex -1.117158e-003 -1.113729e-001 0.000000e+000
    endloop 
  endfacet
  facet normal -9.996884E-001 -2.266746E-002 1.045882E-002
    outer loop 
      vertex -4.882719e-001 -5.114499e-001 1.119983e+000
      vertex -4.922522e-001 -3.489513e-001 1.091716e+000
      vertex -4.899827e-001 -5.098135e-001 9.600059e-001
    endloop 
  endfacet
  facet normal 0.000000E+000 0.000000E+000 -1.000000E+000
    outer loop 
      vertex 1.274870e-001 3.588903e-001 0.000000e+000
      vertex 1.315549e-001 2.099927e-001 0.000000e+000
      vertex 5.137601e-003 2.877174e-001 0.000000e+000
    endloop 
  endfacet
  facet normal 0.000000E+000 0.000000E+000 -1.000000E+000
    outer loop 
      vertex 2.514211e-001 2.763562e-001 0.000000e+000
      vertex 1.315549e-001 2.099927e-001 0.000000e+000
      vertex 1.274870e-001 3.588903e-001 0.000000e+000
    endloop 
  endfacet
  facet normal 0.000000E+000 0.000000E+000 -1.000000E+000
    outer loop 
      vertex 1.315549e-001 2.099927e-001 0.000000e+000
      vertex 2.504312e-001 1.480949e-001 0.000000e+000
      vertex 1.266406e-001 8.004968e-002 0.000000e+000
    endloop 
  endfacet
  facet normal 0.000000E+000 0.000000E+000 -1.000000E+000
    outer loop 
      vertex 2.514211e-001 2.763562e-001 0.000000e+000
      vertex 2.504312e-001 1.480949e-001 0.000000e+000
      vertex 1.315549e-001 2.099927e-001 0.000000e+000
    endloop 
  endfacet
  facet normal 0.000000E+000 0.000000E+000 1.000000E+000
    outer loop 
      vertex 5.262667e-001 -2.900777e-001 4.000000e+000
      vertex 5.122241e-001 -1.243689e-001 4.000000e+000
      vertex 3.484136e-001 -2.135732e-001 4.000000e+000
    endloop 
  endfacet
  facet normal 0.000000E+000 0.000000E+000 1.000000E+000
    outer loop 
      vertex -1.338388e-001 -7.179065e-002 4.000000e+000
      vertex 1.731683e-003 -1.267740e-001 4.000000e+000
      vertex -2.688398e-003 1.790380e-004 4.000000e+000
    endloop 
  endfacet
  facet normal 0.000000E+000 0.000000E+000 1.000000E+000
    outer loop 
      vertex 1.116484e-001 -1.613109e-001 4.000000e+000
      vertex 1.731683e-003 -1.267740e-001 4.000000e+000
      vertex 1.658511e-002 -2.859090e-001 4.000000e+000
    endloop 
  endfacet
  facet normal 0.000000E+000 0.000000E+000 1.000000E+000
    outer loop 
      vertex -1.338388e-001 -7.179065e-002 4.000000e+000
      vertex -1.291204e-001 -2.144478e-001 4.000000e+000
      vertex 1.731683e-003 -1.267740e-001 4.000000e+000
    endloop 
  endfacet
  facet normal 0.000000E+000 0.000000E+000 1.000000E+000
    outer loop 
      vertex -1.291204e-001 -2.144478e-001 4.000000e+000
      vertex 1.658511e-002 -2.859090e-001 4.000000e+000
      vertex 1.731683e-003 -1.267740e-001 4.000000e+000
    endloop 
  endfacet
  facet normal 0.000000E+000 0.000000E+000 1.000000E+000
    outer loop 
      vertex 1.116484e-001 -1.613109e-001 4.000000e+000
      vertex 1.161204e-001 -2.320172e-002 4.000000e+000
      vertex 1.731683e-003 -1.267740e-001 4.000000e+000
    endloop 
  endfacet
  facet normal 0.000000E+000 0.000000E+000 1.000000E+000
    outer loop 
      vertex 1.161204e-001 -2.320172e-002 4.000000e+000
      vertex -2.688398e-003 1.790380e-004 4.000000e+000
      vertex 1.731683e-003 -1.267740e-001 4.000000e+000
    endloop 
  endfacet
  facet normal 9.996497E-001 2.427223E-002 1.055423E-002
    outer loop 
      vertex 4.865236e-001 5.131026e-001 1.280027e+000
      vertex 4.916557e-001 3.496905e-001 1.169752e+000
      vertex 4.882530e-001 5.114645e-001 1.119996e+000
    endloop 
  endfacet
  facet normal 9.990551E-001 4.212537E-002 1.069585E-002
    outer loop 
      vertex 4.795197e-001 5.196499e-001 1.919998e+000
      vertex 4.777374e-001 5.212892e-001 2.080013e+000
      vertex 4.861440e-001 3.392756e-001 2.011646e+000
    endloop 
  endfacet
  facet normal 0.000000E+000 0.000000E+000 1.000000E+000
    outer loop 
      vertex 1.754690e-001 -3.085149e-001 4.000000e+000
      vertex 2.331622e-001 -1.045463e-001 4.000000e+000
      vertex 1.116484e-001 -1.613109e-001 4.000000e+000
    endloop 
  endfacet
  facet normal 0.000000E+000 0.000000E+000 1.000000E+000
    outer loop 
      vertex 2.331622e-001 -1.045463e-001 4.000000e+000
      vertex 1.754690e-001 -3.085149e-001 4.000000e+000
      vertex 3.484136e-001 -2.135732e-001 4.000000e+000
    endloop 
  endfacet
  facet normal 0.000000E+000 0.000000E+000 1.000000E+000
    outer loop 
      vertex 3.709327e-001 -4.636928e-002 4.000000e+000
      vertex 2.327648e-001 6.509513e-002 4.000000e+000
      vertex 2.331622e-001 -1.045463e-001 4.000000e+000
    endloop 
  endfacet
  facet normal 0.000000E+000 0.000000E+000 1.000000E+000
    outer loop 
      vertex 3.709327e-001 -4.636928e-002 4.000000e+000
      vertex 2.331622e-001 -1.045463e-001 4.000000e+000
      vertex 3.484136e-001 -2.135732e-001 4.000000e+000
    endloop 
  endfacet
  facet normal 0.000000E+000 0.000000E+000 1.000000E+000
    outer loop 
      vertex 1.161204e-001 -2.320172e-002 4.000000e+000
      vertex 1.116484e-001 -1.613109e-001 4.000000e+000
      vertex 2.331622e-001 -1.045463e-001 4.000000e+000
    endloop 
  endfacet
  facet normal 0.000000E+000 0.000000E+000 1.000000E+000
    outer loop 
      vertex 1.161204e-001 -2.320172e-002 4.000000e+000
      vertex 2.331622e-001 -1.045463e-001 4.000000e+000
      vertex 2.327648e-001 6.509513e-002 4.000000e+000
    endloop 
  endfacet
  facet normal 0.000000E+000 0.000000E+000 1.000000E+000
    outer loop 
      vertex -1.291204e-001 -2.144478e-001 4.000000e+000
      vertex -1.338388e-001 -7.179065e-002 4.000000e+000
      vertex -3.037811e-001 -1.361899e-001 4.000000e+000
    endloop 
  endfacet
  facet normal 0.000000E+000 0.000000E+000 1.000000E+000
    outer loop 
      vertex -2.973873e-001 -2.829431e-001 4.000000e+000
      vertex -1.291204e-001 -2.144478e-001 4.000000e+000
      vertex -3.037811e-001 -1.361899e-001 4.000000e+000
    endloop 
  endfacet
  facet normal 0.000000E+000 0.000000E+000 1.000000E+000
    outer loop 
      vertex -1.291204e-001 -2.144478e-001 4.000000e+000
      vertex -1.105071e-001 -3.639729e-001 4.000000e+000
      vertex 1.658511e-002 -2.859090e-001 4.000000e+000
    endloop 
  endfacet
  facet normal 0.000000E+000 0.000000E+000 1.000000E+000
    outer loop 
      vertex -1.105071e-001 -3.639729e-001 4.000000e+000
      vertex -1.291204e-001 -2.144478e-001 4.000000e+000
      vertex -2.973873e-001 -2.829431e-001 4.000000e+000
    endloop 
  endfacet
  facet normal 9.996905E-001 2.251267E-002 -1.058250E-002
    outer loop 
      vertex 5.070851e-001 -3.076888e-001 1.091441e+000
      vertex 5.114539e-001 -4.882652e-001 1.119995e+000
      vertex 5.097991e-001 -4.899957e-001 9.599906e-001
    endloop 
  endfacet
  facet normal 0.000000E+000 0.000000E+000 1.000000E+000
    outer loop 
      vertex 2.327648e-001 6.509513e-002 4.000000e+000
      vertex 7.203179e-002 1.376096e-001 4.000000e+000
      vertex 1.161204e-001 -2.320172e-002 4.000000e+000
    endloop 
  endfacet
  facet normal 0.000000E+000 0.000000E+000 1.000000E+000
    outer loop 
      vertex 7.203179e-002 1.376096e-001 4.000000e+000
      vertex -2.688398e-003 1.790380e-004 4.000000e+000
      vertex 1.161204e-001 -2.320172e-002 4.000000e+000
    endloop 
  endfacet
  facet normal 4.207392E-002 -9.990590E-001 1.052723E-002
    outer loop 
      vertex 5.196694e-001 -4.795120e-001 1.920026e+000
      vertex 5.212687e-001 -4.777589e-001 2.080013e+000
      vertex 3.420328e-001 -4.860469e-001 2.009807e+000
    endloop 
  endfacet
  facet normal 4.940978E-002 -9.987236E-001 1.048094E-002
    outer loop 
      vertex 3.442762e-001 -4.836118e-001 2.355532e+000
      vertex 5.229024e-001 -4.759873e-001 2.239979e+000
      vertex 5.244788e-001 -4.742297e-001 2.400024e+000
    endloop 
  endfacet
  facet normal 9.986885E-001 5.013317E-002 -1.038747E-002
    outer loop 
      vertex 5.173321e-001 -3.317945e-001 2.400356e+000
      vertex 5.244788e-001 -4.742297e-001 2.400024e+000
      vertex 5.229024e-001 -4.759873e-001 2.239979e+000
    endloop 
  endfacet
  facet normal 9.988654E-001 4.701716E-002 -7.579762E-003
    outer loop 
      vertex 5.173321e-001 -3.317945e-001 2.400356e+000
      vertex 5.229024e-001 -4.759873e-001 2.239979e+000
      vertex 5.119194e-001 -2.416809e-001 2.246033e+000
    endloop 
  endfacet
  facet normal 9.986857E-001 5.013364E-002 -1.065003E-002
    outer loop 
      vertex 5.244788e-001 -4.742297e-001 2.400024e+000
      vertex 5.173321e-001 -3.317945e-001 2.400356e+000
      vertex 5.260946e-001 -4.724321e-001 2.560001e+000
    endloop 
  endfacet
  facet normal 5.950369E-002 -9.981706E-001 1.071427E-002
    outer loop 
      vertex 5.292921e-001 -4.688588e-001 2.880013e+000
      vertex 3.666139e-001 -4.790329e-001 2.835631e+000
      vertex 5.276809e-001 -4.706723e-001 2.720014e+000
    endloop 
  endfacet
  facet normal 0.000000E+000 0.000000E+000 -1.000000E+000
    outer loop 
      vertex -2.533354e-001 -3.212956e-002 0.000000e+000
      vertex -1.252241e-001 8.427107e-004 0.000000e+000
      vertex -1.298412e-001 -1.264382e-001 0.000000e+000
    endloop 
  endfacet
  facet normal 0.000000E+000 0.000000E+000 -1.000000E+000
    outer loop 
      vertex -1.085704e-001 1.559337e-001 0.000000e+000
      vertex 1.016581e-003 2.434756e-002 0.000000e+000
      vertex -1.252241e-001 8.427107e-004 0.000000e+000
    endloop 
  endfacet
  facet normal 0.000000E+000 0.000000E+000 -1.000000E+000
    outer loop 
      vertex -1.298412e-001 -1.264382e-001 0.000000e+000
      vertex -1.252241e-001 8.427107e-004 0.000000e+000
      vertex -1.117158e-003 -1.113729e-001 0.000000e+000
    endloop 
  endfacet
  facet normal 0.000000E+000 0.000000E+000 -1.000000E+000
    outer loop 
      vertex -1.252241e-001 8.427107e-004 0.000000e+000
      vertex 1.016581e-003 2.434756e-002 0.000000e+000
      vertex -1.117158e-003 -1.113729e-001 0.000000e+000
    endloop 
  endfacet
  facet normal 0.000000E+000 0.000000E+000 -1.000000E+000
    outer loop 
      vertex -1.252241e-001 8.427107e-004 0.000000e+000
      vertex -2.481997e-001 1.045120e-001 0.000000e+000
      vertex -1.085704e-001 1.559337e-001 0.000000e+000
    endloop 
  endfacet
  facet normal 0.000000E+000 0.000000E+000 -1.000000E+000
    outer loop 
      vertex -2.481997e-001 1.045120e-001 0.000000e+000
      vertex -1.252241e-001 8.427107e-004 0.000000e+000
      vertex -2.533354e-001 -3.212956e-002 0.000000e+000
    endloop 
  endfacet
  facet normal -4.458537E-002 9.990053E-001 -7.658020E-004
    outer loop 
      vertex 4.192182e-002 5.024503e-001 2.193928e+000
      vertex -4.852120e-003 5.002336e-001 2.025401e+000
      vertex -1.579484e-001 4.934722e-001 2.118387e+000
    endloop 
  endfacet
  facet normal -4.382988E-002 9.990385E-001 -9.759240E-004
    outer loop 
      vertex -4.852120e-003 5.002336e-001 2.025401e+000
      vertex 4.192182e-002 5.024503e-001 2.193928e+000
      vertex 1.980959e-001 5.092123e-001 2.102092e+000
    endloop 
  endfacet
  facet normal -4.211581E-002 9.991072E-001 3.307623E-003
    outer loop 
      vertex -1.579484e-001 4.934722e-001 2.118387e+000
      vertex -4.852120e-003 5.002336e-001 2.025401e+000
      vertex -2.031245e-001 4.921291e-001 1.948871e+000
    endloop 
  endfacet
  facet normal -4.110373E-002 9.991546E-001 6.805199E-004
    outer loop 
      vertex -4.852120e-003 5.002336e-001 2.025401e+000
      vertex -7.510827e-002 4.974629e-001 1.849888e+000
      vertex -2.031245e-001 4.921291e-001 1.948871e+000
    endloop 
  endfacet
  facet normal -3.965169E-002 9.992136E-001 9.835403E-005
    outer loop 
      vertex -4.852120e-003 5.002336e-001 2.025401e+000
      vertex 1.075983e-001 5.047069e-001 1.913961e+000
      vertex -7.510827e-002 4.974629e-001 1.849888e+000
    endloop 
  endfacet
  facet normal -4.296986E-002 9.990711E-001 -3.255611E-003
    outer loop 
      vertex -4.852120e-003 5.002336e-001 2.025401e+000
      vertex 1.980959e-001 5.092123e-001 2.102092e+000
      vertex 1.075983e-001 5.047069e-001 1.913961e+000
    endloop 
  endfacet
  facet normal 0.000000E+000 0.000000E+000 -1.000000E+000
    outer loop 
      vertex -1.298412e-001 -1.264382e-001 0.000000e+000
      vertex -1.117158e-003 -1.113729e-001 0.000000e+000
      vertex -1.770479e-002 -2.319069e-001 0.000000e+000
    endloop 
  endfacet
  facet normal 0.000000E+000 0.000000E+000 -1.000000E+000
    outer loop 
      vertex -1.117158e-003 -1.113729e-001 0.000000e+000
      vertex 1.197696e-001 -1.840909e-001 0.000000e+000
      vertex -1.770479e-002 -2.319069e-001 0.000000e+000
    endloop 
  endfacet
  facet normal 0.000000E+000 0.000000E+000 1.000000E+000
    outer loop 
      vertex -1.338388e-001 -7.179065e-002 4.000000e+000
      vertex -9.114313e-002 7.066645e-002 4.000000e+000
      vertex -2.681608e-001 4.591942e-003 4.000000e+000
    endloop 
  endfacet
  facet normal 0.000000E+000 0.000000E+000 1.000000E+000
    outer loop 
      vertex -1.338388e-001 -7.179065e-002 4.000000e+000
      vertex -2.688398e-003 1.790380e-004 4.000000e+000
      vertex -9.114313e-002 7.066645e-002 4.000000e+000
    endloop 
  endfacet
  facet normal 0.000000E+000 0.000000E+000 1.000000E+000
    outer loop 
      vertex -2.681608e-001 4.591942e-003 4.000000e+000
      vertex -9.114313e-002 7.066645e-002 4.000000e+000
      vertex -1.996415e-001 1.426764e-001 4.000000e+000
    endloop 
  endfacet
  facet normal 0.000000E+000 0.000000E+000 1.000000E+000
    outer loop 
      vertex -9.114313e-002 7.066645e-002 4.000000e+000
      vertex -6.139410e-002 2.194587e-001 4.000000e+000
      vertex -1.996415e-001 1.426764e-001 4.000000e+000
    endloop 
  endfacet
  facet normal 0.000000E+000 0.000000E+000 1.000000E+000
    outer loop 
      vertex 7.203179e-002 1.376096e-001 4.000000e+000
      vertex -6.139410e-002 2.194587e-001 4.000000e+000
      vertex -9.114313e-002 7.066645e-002 4.000000e+000
    endloop 
  endfacet
  facet normal 0.000000E+000 0.000000E+000 1.000000E+000
    outer loop 
      vertex 7.203179e-002 1.376096e-001 4.000000e+000
      vertex -9.114313e-002 7.066645e-002 4.000000e+000
      vertex -2.688398e-003 1.790380e-004 4.000000e+000
    endloop 
  endfacet
  facet normal 0.000000E+000 0.000000E+000 1.000000E+000
    outer loop 
      vertex -2.503975e-001 3.629534e-001 4.000000e+000
      vertex -1.752765e-001 2.651008e-001 4.000000e+000
      vertex -9.821814e-002 3.671476e-001 4.000000e+000
    endloop 
  endfacet
  facet normal 0.000000E+000 0.000000E+000 1.000000E+000
    outer loop 
      vertex -2.966954e-001 2.392899e-001 4.000000e+000
      vertex -1.752765e-001 2.651008e-001 4.000000e+000
      vertex -2.503975e-001 3.629534e-001 4.000000e+000
    endloop 
  endfacet
  facet normal 0.000000E+000 0.000000E+000 1.000000E+000
    outer loop 
      vertex -1.752765e-001 2.651008e-001 4.000000e+000
      vertex -6.139410e-002 2.194587e-001 4.000000e+000
      vertex -9.821814e-002 3.671476e-001 4.000000e+000
    endloop 
  endfacet
  facet normal 0.000000E+000 0.000000E+000 1.000000E+000
    outer loop 
      vertex -6.139410e-002 2.194587e-001 4.000000e+000
      vertex -1.752765e-001 2.651008e-001 4.000000e+000
      vertex -1.996415e-001 1.426764e-001 4.000000e+000
    endloop 
  endfacet
  facet normal 0.000000E+000 0.000000E+000 1.000000E+000
    outer loop 
      vertex -1.752765e-001 2.651008e-001 4.000000e+000
      vertex -2.966954e-001 2.392899e-001 4.000000e+000
      vertex -1.996415e-001 1.426764e-001 4.000000e+000
    endloop 
  endfacet
  facet normal 0.000000E+000 0.000000E+000 -1.000000E+000
    outer loop 
      vertex -2.201840e-001 -3.768720e-001 0.000000e+000
      vertex -1.530924e-001 -2.499652e-001 0.000000e+000
      vertex -6.641074e-002 -3.674450e-001 0.000000e+000
    endloop 
  endfacet
  facet normal 0.000000E+000 0.000000E+000 -1.000000E+000
    outer loop 
      vertex -2.751296e-001 -2.709708e-001 0.000000e+000
      vertex -1.530924e-001 -2.499652e-001 0.000000e+000
      vertex -2.201840e-001 -3.768720e-001 0.000000e+000
    endloop 
  endfacet
  facet normal 0.000000E+000 0.000000E+000 -1.000000E+000
    outer loop 
      vertex -6.641074e-002 -3.674450e-001 0.000000e+000
      vertex -1.530924e-001 -2.499652e-001 0.000000e+000
      vertex -1.770479e-002 -2.319069e-001 0.000000e+000
    endloop 
  endfacet
  facet normal 0.000000E+000 0.000000E+000 -1.000000E+000
    outer loop 
      vertex -1.770479e-002 -2.319069e-001 0.000000e+000
      vertex -1.530924e-001 -2.499652e-001 0.000000e+000
      vertex -1.298412e-001 -1.264382e-001 0.000000e+000
    endloop 
  endfacet
  facet normal 0.000000E+000 0.000000E+000 -1.000000E+000
    outer loop 
      vertex -1.530924e-001 -2.499652e-001 0.000000e+000
      vertex -2.574150e-001 -1.560270e-001 0.000000e+000
      vertex -1.298412e-001 -1.264382e-001 0.000000e+000
    endloop 
  endfacet
  facet normal 0.000000E+000 0.000000E+000 -1.000000E+000
    outer loop 
      vertex -2.751296e-001 -2.709708e-001 0.000000e+000
      vertex -2.574150e-001 -1.560270e-001 0.000000e+000
      vertex -1.530924e-001 -2.499652e-001 0.000000e+000
    endloop 
  endfacet
  facet normal -9.991221E-001 -4.163765E-002 4.630848E-003
    outer loop 
      vertex -4.898794e-001 -2.365839e-001 2.146175e+000
      vertex -4.961644e-001 -1.025692e-001 1.995136e+000
      vertex -4.901749e-001 -2.504824e-001 1.957461e+000
    endloop 
  endfacet
  facet normal 0.000000E+000 0.000000E+000 -1.000000E+000
    outer loop 
      vertex -3.818465e-001 -2.199804e-001 0.000000e+000
      vertex -3.789835e-001 -8.326499e-002 0.000000e+000
      vertex -2.574150e-001 -1.560270e-001 0.000000e+000
    endloop 
  endfacet
  facet normal 0.000000E+000 0.000000E+000 -1.000000E+000
    outer loop 
      vertex -3.818465e-001 -2.199804e-001 0.000000e+000
      vertex -2.574150e-001 -1.560270e-001 0.000000e+000
      vertex -2.751296e-001 -2.709708e-001 0.000000e+000
    endloop 
  endfacet
  facet normal 0.000000E+000 0.000000E+000 -1.000000E+000
    outer loop 
      vertex -2.574150e-001 -1.560270e-001 0.000000e+000
      vertex -3.789835e-001 -8.326499e-002 0.000000e+000
      vertex -2.533354e-001 -3.212956e-002 0.000000e+000
    endloop 
  endfacet
  facet normal 0.000000E+000 0.000000E+000 -1.000000E+000
    outer loop 
      vertex -2.574150e-001 -1.560270e-001 0.000000e+000
      vertex -2.533354e-001 -3.212956e-002 0.000000e+000
      vertex -1.298412e-001 -1.264382e-001 0.000000e+000
    endloop 
  endfacet
  facet normal 0.000000E+000 0.000000E+000 -1.000000E+000
    outer loop 
      vertex -1.666667e-001 5.000000e-001 0.000000e+000
      vertex -1.229551e-001 3.372158e-001 0.000000e+000
      vertex -2.453599e-001 3.902999e-001 0.000000e+000
    endloop 
  endfacet
  facet normal 0.000000E+000 0.000000E+000 -1.000000E+000
    outer loop 
      vertex -2.457781e-001 2.525930e-001 0.000000e+000
      vertex -2.453599e-001 3.902999e-001 0.000000e+000
      vertex -1.229551e-001 3.372158e-001 0.000000e+000
    endloop 
  endfacet
  facet normal 0.000000E+000 0.000000E+000 -1.000000E+000
    outer loop 
      vertex -1.229551e-001 3.372158e-001 0.000000e+000
      vertex 5.137601e-003 2.877174e-001 0.000000e+000
      vertex -1.085704e-001 1.559337e-001 0.000000e+000
    endloop 
  endfacet
  facet normal 0.000000E+000 0.000000E+000 -1.000000E+000
    outer loop 
      vertex -1.085704e-001 1.559337e-001 0.000000e+000
      vertex -2.457781e-001 2.525930e-001 0.000000e+000
      vertex -1.229551e-001 3.372158e-001 0.000000e+000
    endloop 
  endfacet
  facet normal 0.000000E+000 0.000000E+000 -1.000000E+000
    outer loop 
      vertex -1.666667e-001 5.000000e-001 0.000000e+000
      vertex 0.000000e+000 5.000000e-001 0.000000e+000
      vertex -1.229551e-001 3.372158e-001 0.000000e+000
    endloop 
  endfacet
  facet normal 0.000000E+000 0.000000E+000 -1.000000E+000
    outer loop 
      vertex -1.229551e-001 3.372158e-001 0.000000e+000
      vertex 0.000000e+000 5.000000e-001 0.000000e+000
      vertex 5.137601e-003 2.877174e-001 0.000000e+000
    endloop 
  endfacet
  facet normal 0.000000E+000 0.000000E+000 -1.000000E+000
    outer loop 
      vertex -3.766828e-001 6.072977e-002 0.000000e+000
      vertex -3.758429e-001 2.112186e-001 0.000000e+000
      vertex -2.481997e-001 1.045120e-001 0.000000e+000
    endloop 
  endfacet
  facet normal 0.000000E+000 0.000000E+000 -1.000000E+000
    outer loop 
      vertex -3.758429e-001 2.112186e-001 0.000000e+000
      vertex -2.457781e-001 2.525930e-001 0.000000e+000
      vertex -2.481997e-001 1.045120e-001 0.000000e+000
    endloop 
  endfacet
  facet normal 0.000000E+000 0.000000E+000 -1.000000E+000
    outer loop 
      vertex -2.533354e-001 -3.212956e-002 0.000000e+000
      vertex -3.766828e-001 6.072977e-002 0.000000e+000
      vertex -2.481997e-001 1.045120e-001 0.000000e+000
    endloop 
  endfacet
  facet normal 0.000000E+000 0.000000E+000 -1.000000E+000
    outer loop 
      vertex -2.481997e-001 1.045120e-001 0.000000e+000
      vertex -2.457781e-001 2.525930e-001 0.000000e+000
      vertex -1.085704e-001 1.559337e-001 0.000000e+000
    endloop 
  endfacet
  facet normal 0.000000E+000 0.000000E+000 1.000000E+000
    outer loop 
      vertex 2.215450e-001 3.903072e-001 4.000000e+000
      vertex 1.243396e-001 5.122539e-001 4.000000e+000
      vertex 6.681331e-002 3.354839e-001 4.000000e+000
    endloop 
  endfacet
  facet normal 0.000000E+000 0.000000E+000 1.000000E+000
    outer loop 
      vertex 2.215450e-001 3.903072e-001 4.000000e+000
      vertex 6.681331e-002 3.354839e-001 4.000000e+000
      vertex 2.146240e-001 2.296285e-001 4.000000e+000
    endloop 
  endfacet
  facet normal 0.000000E+000 0.000000E+000 1.000000E+000
    outer loop 
      vertex -6.139410e-002 2.194587e-001 4.000000e+000
      vertex 6.681331e-002 3.354839e-001 4.000000e+000
      vertex -9.821814e-002 3.671476e-001 4.000000e+000
    endloop 
  endfacet
  facet normal 0.000000E+000 0.000000E+000 1.000000E+000
    outer loop 
      vertex -4.162364e-002 4.982507e-001 4.000000e+000
      vertex -9.821814e-002 3.671476e-001 4.000000e+000
      vertex 6.681331e-002 3.354839e-001 4.000000e+000
    endloop 
  endfacet
  facet normal 0.000000E+000 0.000000E+000 1.000000E+000
    outer loop 
      vertex 7.203179e-002 1.376096e-001 4.000000e+000
      vertex 6.681331e-002 3.354839e-001 4.000000e+000
      vertex -6.139410e-002 2.194587e-001 4.000000e+000
    endloop 
  endfacet
  facet normal 0.000000E+000 0.000000E+000 1.000000E+000
    outer loop 
      vertex 2.146240e-001 2.296285e-001 4.000000e+000
      vertex 6.681331e-002 3.354839e-001 4.000000e+000
      vertex 7.203179e-002 1.376096e-001 4.000000e+000
    endloop 
  endfacet
  facet normal 0.000000E+000 0.000000E+000 1.000000E+000
    outer loop 
      vertex 6.681331e-002 3.354839e-001 4.000000e+000
      vertex 1.243396e-001 5.122539e-001 4.000000e+000
      vertex -4.162364e-002 4.982507e-001 4.000000e+000
    endloop 
  endfacet
  facet normal 0.000000E+000 0.000000E+000 -1.000000E+000
    outer loop 
      vertex 3.775123e-001 2.188884e-001 0.000000e+000
      vertex 3.779213e-001 8.281100e-002 0.000000e+000
      vertex 2.504312e-001 1.480949e-001 0.000000e+000
    endloop 
  endfacet
  facet normal 0.000000E+000 0.000000E+000 -1.000000E+000
    outer loop 
      vertex 2.514211e-001 2.763562e-001 0.000000e+000
      vertex 3.775123e-001 2.188884e-001 0.000000e+000
      vertex 2.504312e-001 1.480949e-001 0.000000e+000
    endloop 
  endfacet
  facet normal 0.000000E+000 0.000000E+000 -1.000000E+000
    outer loop 
      vertex 2.504312e-001 1.480949e-001 0.000000e+000
      vertex 3.779213e-001 8.281100e-002 0.000000e+000
      vertex 2.514290e-001 2.113478e-002 0.000000e+000
    endloop 
  endfacet
  facet normal 0.000000E+000 0.000000E+000 -1.000000E+000
    outer loop 
      vertex 1.266406e-001 8.004968e-002 0.000000e+000
      vertex 2.504312e-001 1.480949e-001 0.000000e+000
      vertex 2.514290e-001 2.113478e-002 0.000000e+000
    endloop 
  endfacet
  facet normal 0.000000E+000 0.000000E+000 1.000000E+000
    outer loop 
      vertex -5.122391e-001 1.243592e-001 4.000000e+000
      vertex -3.597434e-001 1.053231e-001 4.000000e+000
      vertex -4.138765e-001 2.194130e-001 4.000000e+000
    endloop 
  endfacet
  facet normal 0.000000E+000 0.000000E+000 1.000000E+000
    outer loop 
      vertex -3.597434e-001 1.053231e-001 4.000000e+000
      vertex -2.966954e-001 2.392899e-001 4.000000e+000
      vertex -4.138765e-001 2.194130e-001 4.000000e+000
    endloop 
  endfacet
  facet normal 0.000000E+000 0.000000E+000 1.000000E+000
    outer loop 
      vertex -1.996415e-001 1.426764e-001 4.000000e+000
      vertex -3.597434e-001 1.053231e-001 4.000000e+000
      vertex -2.681608e-001 4.591942e-003 4.000000e+000
    endloop 
  endfacet
  facet normal 0.000000E+000 0.000000E+000 1.000000E+000
    outer loop 
      vertex -3.597434e-001 1.053231e-001 4.000000e+000
      vertex -1.996415e-001 1.426764e-001 4.000000e+000
      vertex -2.966954e-001 2.392899e-001 4.000000e+000
    endloop 
  endfacet
  facet normal 0.000000E+000 0.000000E+000 1.000000E+000
    outer loop 
      vertex -5.122391e-001 1.243592e-001 4.000000e+000
      vertex -4.982999e-001 -4.160817e-002 4.000000e+000
      vertex -3.597434e-001 1.053231e-001 4.000000e+000
    endloop 
  endfacet
  facet normal 0.000000E+000 0.000000E+000 1.000000E+000
    outer loop 
      vertex -4.982999e-001 -4.160817e-002 4.000000e+000
      vertex -2.681608e-001 4.591942e-003 4.000000e+000
      vertex -3.597434e-001 1.053231e-001 4.000000e+000
    endloop 
  endfacet
  facet normal -9.971776E-001 -7.502645E-002 2.804647E-003
    outer loop 
      vertex -4.950643e-001 -8.453198e-002 3.578435e+000
      vertex -4.822862e-001 -2.550042e-001 3.561329e+000
      vertex -4.887951e-001 -1.630012e-001 3.708289e+000
    endloop 
  endfacet
  facet normal -9.969486E-001 -7.805525E-002 9.633251E-004
    outer loop 
      vertex -4.950643e-001 -8.453198e-002 3.578435e+000
      vertex -4.887951e-001 -1.630012e-001 3.708289e+000
      vertex -5.006852e-001 -1.105844e-002 3.714621e+000
    endloop 
  endfacet
  facet normal -9.966810E-001 -8.136412E-002 2.599503E-003
    outer loop 
      vertex -4.932618e-001 -1.036003e-001 3.854940e+000
      vertex -4.887951e-001 -1.630012e-001 3.708289e+000
      vertex -4.809618e-001 -2.541422e-001 3.858971e+000
    endloop 
  endfacet
  facet normal -9.969349E-001 -7.810073E-002 4.586584E-003
    outer loop 
      vertex -4.887951e-001 -1.630012e-001 3.708289e+000
      vertex -4.771029e-001 -3.114507e-001 3.721876e+000
      vertex -4.809618e-001 -2.541422e-001 3.858971e+000
    endloop 
  endfacet
  facet normal -9.969473E-001 -7.806735E-002 1.256030E-003
    outer loop 
      vertex -4.887951e-001 -1.630012e-001 3.708289e+000
      vertex -4.932618e-001 -1.036003e-001 3.854940e+000
      vertex -5.006852e-001 -1.105844e-002 3.714621e+000
    endloop 
  endfacet
  facet normal -9.969352E-001 -7.808748E-002 4.731710E-003
    outer loop 
      vertex -4.887951e-001 -1.630012e-001 3.708289e+000
      vertex -4.822862e-001 -2.550042e-001 3.561329e+000
      vertex -4.771029e-001 -3.114507e-001 3.721876e+000
    endloop 
  endfacet
  facet normal 0.000000E+000 0.000000E+000 -1.000000E+000
    outer loop 
      vertex -1.770479e-002 -2.319069e-001 0.000000e+000
      vertex 9.831080e-002 -3.407064e-001 0.000000e+000
      vertex -6.641074e-002 -3.674450e-001 0.000000e+000
    endloop 
  endfacet
  facet normal 0.000000E+000 0.000000E+000 -1.000000E+000
    outer loop 
      vertex 9.831080e-002 -3.407064e-001 0.000000e+000
      vertex 0.000000e+000 -5.000000e-001 0.000000e+000
      vertex -6.641074e-002 -3.674450e-001 0.000000e+000
    endloop 
  endfacet
  facet normal 0.000000E+000 0.000000E+000 -1.000000E+000
    outer loop 
      vertex 9.831080e-002 -3.407064e-001 0.000000e+000
      vertex 2.567876e-001 -3.806878e-001 0.000000e+000
      vertex 1.666667e-001 -5.000000e-001 0.000000e+000
    endloop 
  endfacet
  facet normal 0.000000E+000 0.000000E+000 -1.000000E+000
    outer loop 
      vertex 2.407040e-001 -2.523085e-001 0.000000e+000
      vertex 2.567876e-001 -3.806878e-001 0.000000e+000
      vertex 9.831080e-002 -3.407064e-001 0.000000e+000
    endloop 
  endfacet
  facet normal 0.000000E+000 0.000000E+000 -1.000000E+000
    outer loop 
      vertex 1.197696e-001 -1.840909e-001 0.000000e+000
      vertex 9.831080e-002 -3.407064e-001 0.000000e+000
      vertex -1.770479e-002 -2.319069e-001 0.000000e+000
    endloop 
  endfacet
  facet normal 0.000000E+000 0.000000E+000 -1.000000E+000
    outer loop 
      vertex 1.197696e-001 -1.840909e-001 0.000000e+000
      vertex 2.407040e-001 -2.523085e-001 0.000000e+000
      vertex 9.831080e-002 -3.407064e-001 0.000000e+000
    endloop 
  endfacet
  facet normal 0.000000E+000 0.000000E+000 -1.000000E+000
    outer loop 
      vertex 1.666667e-001 -5.000000e-001 0.000000e+000
      vertex 0.000000e+000 -5.000000e-001 0.000000e+000
      vertex 9.831080e-002 -3.407064e-001 0.000000e+000
    endloop 
  endfacet
  facet normal 9.990153E-001 4.400752E-002 -5.642641E-003
    outer loop 
      vertex 5.138546e-001 -3.055782e-001 2.090311e+000
      vertex 5.056092e-001 -1.165918e-001 2.104417e+000
      vertex 5.119194e-001 -2.416809e-001 2.246033e+000
    endloop 
  endfacet
  facet normal 9.990112E-001 4.443100E-002 -1.586143E-003
    outer loop 
      vertex 4.973608e-001 6.983523e-002 2.131449e+000
      vertex 5.026473e-001 -4.389865e-002 2.275198e+000
      vertex 5.056092e-001 -1.165918e-001 2.104417e+000
    endloop 
  endfacet
  facet normal 9.990200E-001 4.426023E-002 -4.057156E-004
    outer loop 
      vertex 5.006626e-001 -6.320987e-003 1.953741e+000
      vertex 4.973608e-001 6.983523e-002 2.131449e+000
      vertex 5.056092e-001 -1.165918e-001 2.104417e+000
    endloop 
  endfacet
  facet normal 9.988798E-001 4.723793E-002 -2.783197E-003
    outer loop 
      vertex 5.056092e-001 -1.165918e-001 2.104417e+000
      vertex 5.026473e-001 -4.389865e-002 2.275198e+000
      vertex 5.119194e-001 -2.416809e-001 2.246033e+000
    endloop 
  endfacet
  facet normal -9.989944E-001 -4.480020E-002 -1.795342E-003
    outer loop 
      vertex -4.972647e-001 -7.263798e-002 2.134073e+000
      vertex -5.041942e-001 7.945865e-002 2.194540e+000
      vertex -5.028735e-001 5.728170e-002 2.013037e+000
    endloop 
  endfacet
  facet normal -9.991162E-001 -4.197852E-002 -2.140995E-003
    outer loop 
      vertex -5.028735e-001 5.728170e-002 2.013037e+000
      vertex -5.041942e-001 7.945865e-002 2.194540e+000
      vertex -5.113598e-001 2.595506e-001 2.007377e+000
    endloop 
  endfacet
  facet normal -9.992433E-001 -3.885293E-002 -1.797845E-003
    outer loop 
      vertex -5.028735e-001 5.728170e-002 2.013037e+000
      vertex -5.062456e-001 1.515095e-001 1.850928e+000
      vertex -5.008736e-001 1.189604e-002 1.882305e+000
    endloop 
  endfacet
  facet normal -9.991236E-001 -4.184919E-002 -7.558113E-004
    outer loop 
      vertex -5.028735e-001 5.728170e-002 2.013037e+000
      vertex -5.008736e-001 1.189604e-002 1.882305e+000
      vertex -4.961644e-001 -1.025692e-001 1.995136e+000
    endloop 
  endfacet
  facet normal -9.991143E-001 -4.206213E-002 1.149248E-003
    outer loop 
      vertex -4.972647e-001 -7.263798e-002 2.134073e+000
      vertex -5.028735e-001 5.728170e-002 2.013037e+000
      vertex -4.961644e-001 -1.025692e-001 1.995136e+000
    endloop 
  endfacet
  facet normal -9.991101E-001 -4.202025E-002 -3.641664E-003
    outer loop 
      vertex -5.062456e-001 1.515095e-001 1.850928e+000
      vertex -5.028735e-001 5.728170e-002 2.013037e+000
      vertex -5.113598e-001 2.595506e-001 2.007377e+000
    endloop 
  endfacet
  facet normal 4.518965E-002 -9.989755E-001 -2.426611E-003
    outer loop 
      vertex -4.713607e-002 -5.026602e-001 2.165673e+000
      vertex -1.983096e-001 -5.094764e-001 2.156502e+000
      vertex -9.423436e-002 -5.044175e-001 2.012030e+000
    endloop 
  endfacet
  facet normal 4.197434E-002 -9.991177E-001 -1.439354E-003
    outer loop 
      vertex 4.432850e-002 -4.985835e-001 2.003150e+000
      vertex -4.713607e-002 -5.026602e-001 2.165673e+000
      vertex -9.423436e-002 -5.044175e-001 2.012030e+000
    endloop 
  endfacet
  facet normal 4.527201E-002 -9.989675E-001 -3.790274E-003
    outer loop 
      vertex -1.983096e-001 -5.094764e-001 2.156502e+000
      vertex -4.713607e-002 -5.026602e-001 2.165673e+000
      vertex -1.532954e-001 -5.080654e-001 2.322273e+000
    endloop 
  endfacet
  facet normal 4.872134E-002 -9.988114E-001 -1.446592E-003
    outer loop 
      vertex 1.170664e-002 -5.000244e-001 2.327606e+000
      vertex -1.532954e-001 -5.080654e-001 2.322273e+000
      vertex -4.713607e-002 -5.026602e-001 2.165673e+000
    endloop 
  endfacet
  facet normal 4.543378E-002 -9.989673E-001 -2.494346E-004
    outer loop 
      vertex 1.040383e-001 -4.957863e-001 2.172031e+000
      vertex 1.170664e-002 -5.000244e-001 2.327606e+000
      vertex -4.713607e-002 -5.026602e-001 2.165673e+000
    endloop 
  endfacet
  facet normal 4.540258E-002 -9.989687E-001 4.937340E-004
    outer loop 
      vertex 4.432850e-002 -4.985835e-001 2.003150e+000
      vertex 1.040383e-001 -4.957863e-001 2.172031e+000
      vertex -4.713607e-002 -5.026602e-001 2.165673e+000
    endloop 
  endfacet
  facet normal 7.170168E-002 -9.974246E-001 1.741210E-003
    outer loop 
      vertex 1.261528e-001 -4.924678e-001 3.287377e+000
      vertex 2.514665e-001 -4.832574e-001 3.403041e+000
      vertex 7.956745e-002 -4.955439e-001 3.443594e+000
    endloop 
  endfacet
  facet normal 6.991608E-002 -9.975522E-001 1.206215E-003
    outer loop 
      vertex 1.261528e-001 -4.924678e-001 3.287377e+000
      vertex 7.956745e-002 -4.955439e-001 3.443594e+000
      vertex -6.739683e-004 -5.012900e-001 3.342563e+000
    endloop 
  endfacet
  facet normal 7.513641E-002 -9.971729E-001 8.582530E-004
    outer loop 
      vertex 7.956745e-002 -4.955439e-001 3.443594e+000
      vertex 1.465116e-001 -4.903914e-001 3.569443e+000
      vertex -1.072713e-002 -5.022309e-001 3.579171e+000
    endloop 
  endfacet
  facet normal 7.190058E-002 -9.974084E-001 2.589165E-003
    outer loop 
      vertex 7.956745e-002 -4.955439e-001 3.443594e+000
      vertex 2.514665e-001 -4.832574e-001 3.403041e+000
      vertex 1.465116e-001 -4.903914e-001 3.569443e+000
    endloop 
  endfacet
  facet normal -9.974684E-001 -7.108219E-002 2.041522E-003
    outer loop 
      vertex -4.919659e-001 -1.336141e-001 3.285777e+000
      vertex -4.825081e-001 -2.636149e-001 3.380396e+000
      vertex -4.921363e-001 -1.268246e-001 3.438928e+000
    endloop 
  endfacet
  facet normal -9.975392E-001 -7.008247E-002 1.997124E-003
    outer loop 
      vertex -4.919659e-001 -1.336141e-001 3.285777e+000
      vertex -4.921363e-001 -1.268246e-001 3.438928e+000
      vertex -4.998763e-001 -1.951833e-002 3.338441e+000
    endloop 
  endfacet
  facet normal -9.973796E-001 -7.219578E-002 4.658587E-003
    outer loop 
      vertex -4.825081e-001 -2.636149e-001 3.380396e+000
      vertex -4.822862e-001 -2.550042e-001 3.561329e+000
      vertex -4.921363e-001 -1.268246e-001 3.438928e+000
    endloop 
  endfacet
  facet normal -9.992694E-001 -3.820071E-002 -1.197159E-003
    outer loop 
      vertex -5.008736e-001 1.189604e-002 1.882305e+000
      vertex -5.019594e-001 4.499504e-002 1.732466e+000
      vertex -4.962820e-001 -1.067771e-001 1.836528e+000
    endloop 
  endfacet
  facet normal -9.992239E-001 -3.934914E-002 1.784634E-003
    outer loop 
      vertex -4.962820e-001 -1.067771e-001 1.836528e+000
      vertex -4.961644e-001 -1.025692e-001 1.995136e+000
      vertex -5.008736e-001 1.189604e-002 1.882305e+000
    endloop 
  endfacet
  facet normal -9.993435E-001 -3.618645E-002 1.744641E-003
    outer loop 
      vertex -4.962820e-001 -1.067771e-001 1.836528e+000
      vertex -5.019594e-001 4.499504e-002 1.732466e+000
      vertex -4.970393e-001 -9.309316e-002 1.686596e+000
    endloop 
  endfacet
  facet normal -9.993033E-001 -3.728440E-002 1.644230E-003
    outer loop 
      vertex -4.970393e-001 -9.309316e-002 1.686596e+000
      vertex -4.911379e-001 -2.468103e-001 1.787576e+000
      vertex -4.962820e-001 -1.067771e-001 1.836528e+000
    endloop 
  endfacet
  facet normal -9.992508E-001 -3.839760E-002 4.834147E-003
    outer loop 
      vertex -4.911379e-001 -2.468103e-001 1.787576e+000
      vertex -4.901749e-001 -2.504824e-001 1.957461e+000
      vertex -4.962820e-001 -1.067771e-001 1.836528e+000
    endloop 
  endfacet
  facet normal -9.991606E-001 -4.092490E-002 1.826392E-003
    outer loop 
      vertex -4.962820e-001 -1.067771e-001 1.836528e+000
      vertex -4.901749e-001 -2.504824e-001 1.957461e+000
      vertex -4.961644e-001 -1.025692e-001 1.995136e+000
    endloop 
  endfacet
  facet normal 9.999018E-001 1.375705E-002 -2.654991E-003
    outer loop 
      vertex 5.041488e-001 -2.984261e-001 6.742514e-001
      vertex 5.014344e-001 -1.197739e-001 5.776775e-001
      vertex 5.019389e-001 -1.186510e-001 7.735167e-001
    endloop 
  endfacet
  facet normal 9.999130E-001 1.292017E-002 -2.650222E-003
    outer loop 
      vertex 5.014344e-001 -1.197739e-001 5.776775e-001
      vertex 4.997096e-001 2.522445e-002 6.338025e-001
      vertex 5.019389e-001 -1.186510e-001 7.735167e-001
    endloop 
  endfacet
  facet normal 9.999105E-001 1.207214E-002 -5.772140E-003
    outer loop 
      vertex 5.041488e-001 -2.984261e-001 6.742514e-001
      vertex 5.023885e-001 -2.365861e-001 4.986588e-001
      vertex 5.014344e-001 -1.197739e-001 5.776775e-001
    endloop 
  endfacet
  facet normal 9.999445E-001 1.012932E-002 -2.899683E-003
    outer loop 
      vertex 5.014344e-001 -1.197739e-001 5.776775e-001
      vertex 5.023885e-001 -2.365861e-001 4.986588e-001
      vertex 5.010813e-001 -1.403051e-001 3.841924e-001
    endloop 
  endfacet
  facet normal -5.041078E-002 9.986977E-001 -7.851457E-003
    outer loop 
      vertex 3.457039e-001 5.183778e-001 2.443257e+000
      vertex 4.741808e-001 5.245230e-001 2.400024e+000
      vertex 3.454029e-001 5.169356e-001 2.261744e+000
    endloop 
  endfacet
  facet normal -4.819942E-002 9.988068E-001 -7.855991E-003
    outer loop 
      vertex 3.454029e-001 5.169356e-001 2.261744e+000
      vertex 2.082992e-001 5.106478e-001 2.303505e+000
      vertex 3.457039e-001 5.183778e-001 2.443257e+000
    endloop 
  endfacet
  facet normal -4.694729E-002 9.988628E-001 -8.305923E-003
    outer loop 
      vertex 4.759783e-001 5.228919e-001 2.240003e+000
      vertex 3.743960e-001 5.168602e-001 2.088807e+000
      vertex 3.454029e-001 5.169356e-001 2.261744e+000
    endloop 
  endfacet
  facet normal -4.392503E-002 9.990044E-001 -7.799299E-003
    outer loop 
      vertex 1.980959e-001 5.092123e-001 2.102092e+000
      vertex 3.454029e-001 5.169356e-001 2.261744e+000
      vertex 3.743960e-001 5.168602e-001 2.088807e+000
    endloop 
  endfacet
  facet normal -4.734607E-002 9.988211E-001 -1.071234E-002
    outer loop 
      vertex 3.454029e-001 5.169356e-001 2.261744e+000
      vertex 4.741808e-001 5.245230e-001 2.400024e+000
      vertex 4.759783e-001 5.228919e-001 2.240003e+000
    endloop 
  endfacet
  facet normal -4.724902E-002 9.988719E-001 -4.725940E-003
    outer loop 
      vertex 3.454029e-001 5.169356e-001 2.261744e+000
      vertex 1.980959e-001 5.092123e-001 2.102092e+000
      vertex 2.082992e-001 5.106478e-001 2.303505e+000
    endloop 
  endfacet
  facet normal 9.997058E-001 2.352035E-002 5.925634E-003
    outer loop 
      vertex 4.943542e-001 2.774028e-001 1.001423e+000
      vertex 4.916557e-001 3.496905e-001 1.169752e+000
      vertex 4.960926e-001 1.742039e-001 1.117758e+000
    endloop 
  endfacet
  facet normal 9.997352E-001 2.300777E-002 4.978245E-004
    outer loop 
      vertex 4.997541e-001 1.630647e-002 1.062221e+000
      vertex 4.960926e-001 1.742039e-001 1.117758e+000
      vertex 4.990543e-001 4.269144e-002 1.247998e+000
    endloop 
  endfacet
  facet normal 9.997022E-001 2.405454E-002 4.122371E-003
    outer loop 
      vertex 4.916557e-001 3.496905e-001 1.169752e+000
      vertex 4.943809e-001 2.154760e-001 1.292020e+000
      vertex 4.960926e-001 1.742039e-001 1.117758e+000
    endloop 
  endfacet
  facet normal 9.996524E-001 2.611227E-002 3.634530E-003
    outer loop 
      vertex 4.990543e-001 4.269144e-002 1.247998e+000
      vertex 4.960926e-001 1.742039e-001 1.117758e+000
      vertex 4.943809e-001 2.154760e-001 1.292020e+000
    endloop 
  endfacet
  facet normal 9.997846E-001 2.049942E-002 3.244630E-003
    outer loop 
      vertex 4.974666e-001 1.342577e-001 9.467556e-001
      vertex 4.943542e-001 2.774028e-001 1.001423e+000
      vertex 4.960926e-001 1.742039e-001 1.117758e+000
    endloop 
  endfacet
  facet normal 9.997500E-001 2.218018E-002 2.851724E-003
    outer loop 
      vertex 4.997541e-001 1.630647e-002 1.062221e+000
      vertex 4.974666e-001 1.342577e-001 9.467556e-001
      vertex 4.960926e-001 1.742039e-001 1.117758e+000
    endloop 
  endfacet
  facet normal 7.526789E-002 -9.971582E-001 3.196249E-003
    outer loop 
      vertex 2.886525e-001 -4.796257e-001 3.580860e+000
      vertex 1.925860e-001 -4.864524e-001 3.713336e+000
      vertex 1.465116e-001 -4.903914e-001 3.569443e+000
    endloop 
  endfacet
  facet normal 7.826718E-002 -9.969179E-001 5.383599E-003
    outer loop 
      vertex 1.925860e-001 -4.864524e-001 3.713336e+000
      vertex 2.886525e-001 -4.796257e-001 3.580860e+000
      vertex 3.125091e-001 -4.769846e-001 3.723087e+000
    endloop 
  endfacet
  facet normal 8.110879E-002 -9.966999E-001 3.244405E-003
    outer loop 
      vertex 2.605812e-001 -4.804409e-001 3.860240e+000
      vertex 1.182819e-001 -4.920420e-001 3.853740e+000
      vertex 1.925860e-001 -4.864524e-001 3.713336e+000
    endloop 
  endfacet
  facet normal 7.806704E-002 -9.969468E-001 1.624835E-003
    outer loop 
      vertex 1.182819e-001 -4.920420e-001 3.853740e+000
      vertex 5.136571e-002 -4.975147e-001 3.710919e+000
      vertex 1.925860e-001 -4.864524e-001 3.713336e+000
    endloop 
  endfacet
  facet normal 7.833594E-002 -9.969167E-001 4.536700E-003
    outer loop 
      vertex 3.125091e-001 -4.769846e-001 3.723087e+000
      vertex 2.605812e-001 -4.804409e-001 3.860240e+000
      vertex 1.925860e-001 -4.864524e-001 3.713336e+000
    endloop 
  endfacet
  facet normal 7.805549E-002 -9.969463E-001 2.297867E-003
    outer loop 
      vertex 1.925860e-001 -4.864524e-001 3.713336e+000
      vertex 5.136571e-002 -4.975147e-001 3.710919e+000
      vertex 1.465116e-001 -4.903914e-001 3.569443e+000
    endloop 
  endfacet
  facet normal 2.676062E-002 -9.996139E-001 7.474982E-003
    outer loop 
      vertex 5.130973e-001 -4.865340e-001 1.280014e+000
      vertex 3.548672e-001 -4.898677e-001 1.400674e+000
      vertex 3.813731e-001 -4.905258e-001 1.217765e+000
    endloop 
  endfacet
  facet normal 2.650179E-002 -9.996210E-001 7.437499E-003
    outer loop 
      vertex 3.813731e-001 -4.905258e-001 1.217765e+000
      vertex 3.548672e-001 -4.898677e-001 1.400674e+000
      vertex 2.390632e-001 -4.937670e-001 1.289237e+000
    endloop 
  endfacet
  facet normal 2.530545E-002 -9.996241E-001 1.055492E-002
    outer loop 
      vertex 5.114539e-001 -4.882652e-001 1.119995e+000
      vertex 5.130973e-001 -4.865340e-001 1.280014e+000
      vertex 3.813731e-001 -4.905258e-001 1.217765e+000
    endloop 
  endfacet
  facet normal 2.542817E-002 -9.996626E-001 5.297907E-003
    outer loop 
      vertex 2.390632e-001 -4.937670e-001 1.289237e+000
      vertex 2.740661e-001 -4.937751e-001 1.119699e+000
      vertex 3.813731e-001 -4.905258e-001 1.217765e+000
    endloop 
  endfacet
  facet normal 2.343595E-002 -9.996928E-001 8.065989E-003
    outer loop 
      vertex 4.057285e-001 -4.913098e-001 1.049837e+000
      vertex 5.114539e-001 -4.882652e-001 1.119995e+000
      vertex 3.813731e-001 -4.905258e-001 1.217765e+000
    endloop 
  endfacet
  facet normal 2.296246E-002 -9.997044E-001 7.997370E-003
    outer loop 
      vertex 2.740661e-001 -4.937751e-001 1.119699e+000
      vertex 4.057285e-001 -4.913098e-001 1.049837e+000
      vertex 3.813731e-001 -4.905258e-001 1.217765e+000
    endloop 
  endfacet
  facet normal 5.417508E-002 -9.985088E-001 -6.728724E-003
    outer loop 
      vertex -1.740161e-001 -5.101820e-001 2.581290e+000
      vertex -3.172150e-001 -5.183264e-001 2.636944e+000
      vertex -2.843611e-001 -5.154040e-001 2.467789e+000
    endloop 
  endfacet
  facet normal 5.516523E-002 -9.984685E-001 -4.175140E-003
    outer loop 
      vertex -1.740161e-001 -5.101820e-001 2.581290e+000
      vertex -1.683642e-001 -5.104147e-001 2.711615e+000
      vertex -3.172150e-001 -5.183264e-001 2.636944e+000
    endloop 
  endfacet
  facet normal 5.172304E-002 -9.986521E-001 -4.338264E-003
    outer loop 
      vertex -1.740161e-001 -5.101820e-001 2.581290e+000
      vertex -2.843611e-001 -5.154040e-001 2.467789e+000
      vertex -8.699620e-002 -5.051797e-001 2.467284e+000
    endloop 
  endfacet
  facet normal -5.224689E-002 9.986035E-001 -7.831092E-003
    outer loop 
      vertex 3.457039e-001 5.183778e-001 2.443257e+000
      vertex 2.165789e-001 5.119963e-001 2.490996e+000
      vertex 3.426029e-001 5.195257e-001 2.610327e+000
    endloop 
  endfacet
  facet normal -5.117537E-002 9.986776E-001 -4.922878E-003
    outer loop 
      vertex 3.457039e-001 5.183778e-001 2.443257e+000
      vertex 2.082992e-001 5.106478e-001 2.303505e+000
      vertex 2.165789e-001 5.119963e-001 2.490996e+000
    endloop 
  endfacet
  facet normal -5.474434E-002 9.984869E-001 -5.186222E-003
    outer loop 
      vertex 2.182045e-001 5.130426e-001 2.675265e+000
      vertex 3.426029e-001 5.195257e-001 2.610327e+000
      vertex 2.165789e-001 5.119963e-001 2.490996e+000
    endloop 
  endfacet
  facet normal -5.207720E-002 9.986405E-001 -2.242849E-003
    outer loop 
      vertex 2.165789e-001 5.119963e-001 2.490996e+000
      vertex 7.278173e-002 5.042158e-001 2.365520e+000
      vertex 9.074537e-002 5.055754e-001 2.553806e+000
    endloop 
  endfacet
  facet normal -4.968687E-002 9.987524E-001 -4.989149E-003
    outer loop 
      vertex 7.278173e-002 5.042158e-001 2.365520e+000
      vertex 2.165789e-001 5.119963e-001 2.490996e+000
      vertex 2.082992e-001 5.106478e-001 2.303505e+000
    endloop 
  endfacet
  facet normal -5.354733E-002 9.985518E-001 -5.197151E-003
    outer loop 
      vertex 9.074537e-002 5.055754e-001 2.553806e+000
      vertex 2.182045e-001 5.130426e-001 2.675265e+000
      vertex 2.165789e-001 5.119963e-001 2.490996e+000
    endloop 
  endfacet
  facet normal -4.025527E-002 9.991791E-001 -4.564007E-003
    outer loop 
      vertex 1.980959e-001 5.092123e-001 2.102092e+000
      vertex 2.902233e-001 5.121677e-001 1.936535e+000
      vertex 1.075983e-001 5.047069e-001 1.913961e+000
    endloop 
  endfacet
  facet normal -4.024108E-002 9.991790E-001 -4.678815E-003
    outer loop 
      vertex 2.902233e-001 5.121677e-001 1.936535e+000
      vertex 1.933973e-001 5.075877e-001 1.791237e+000
      vertex 1.075983e-001 5.047069e-001 1.913961e+000
    endloop 
  endfacet
  facet normal -3.902948E-002 9.992367E-001 -1.678547E-003
    outer loop 
      vertex 4.204942e-002 5.018380e-001 1.730253e+000
      vertex -7.510827e-002 4.974629e-001 1.849888e+000
      vertex 1.075983e-001 5.047069e-001 1.913961e+000
    endloop 
  endfacet
  facet normal -3.699443E-002 9.993126E-001 -2.405859E-003
    outer loop 
      vertex 4.204942e-002 5.018380e-001 1.730253e+000
      vertex 1.075983e-001 5.047069e-001 1.913961e+000
      vertex 1.933973e-001 5.075877e-001 1.791237e+000
    endloop 
  endfacet
  facet normal 4.200727E-002 -9.991168E-001 -9.249892E-004
    outer loop 
      vertex 4.432850e-002 -4.985835e-001 2.003150e+000
      vertex -9.423436e-002 -5.044175e-001 2.012030e+000
      vertex -2.132201e-002 -5.012041e-001 1.852332e+000
    endloop 
  endfacet
  facet normal 3.626341E-002 -9.993420E-001 -6.807404E-004
    outer loop 
      vertex 3.385864e-003 -5.001937e-001 1.685130e+000
      vertex -2.132201e-002 -5.012041e-001 1.852332e+000
      vertex -1.259603e-001 -5.049290e-001 1.746392e+000
    endloop 
  endfacet
  facet normal 3.813960E-002 -9.992723E-001 -4.030706E-004
    outer loop 
      vertex 3.385864e-003 -5.001937e-001 1.685130e+000
      vertex 1.118951e-001 -4.961064e-001 1.819604e+000
      vertex -2.132201e-002 -5.012041e-001 1.852332e+000
    endloop 
  endfacet
  facet normal 3.839763E-002 -9.992623E-001 6.487994E-004
    outer loop 
      vertex 1.118951e-001 -4.961064e-001 1.819604e+000
      vertex 4.432850e-002 -4.985835e-001 2.003150e+000
      vertex -2.132201e-002 -5.012041e-001 1.852332e+000
    endloop 
  endfacet
  facet normal -9.985653E-001 -5.347529E-002 2.801561E-003
    outer loop 
      vertex -4.967607e-001 -7.441161e-002 2.545012e+000
      vertex -4.927407e-001 -1.553699e-001 2.432564e+000
      vertex -4.878536e-001 -2.402851e-001 2.553618e+000
    endloop 
  endfacet
  facet normal -9.987191E-001 -5.059382E-002 7.215120E-004
    outer loop 
      vertex -5.002853e-001 -7.128455e-003 2.384274e+000
      vertex -4.927407e-001 -1.553699e-001 2.432564e+000
      vertex -4.967607e-001 -7.441161e-002 2.545012e+000
    endloop 
  endfacet
  facet normal -9.987723E-001 -4.948049E-002 2.329955E-003
    outer loop 
      vertex -4.855444e-001 -3.036282e-001 2.368836e+000
      vertex -4.927407e-001 -1.553699e-001 2.432564e+000
      vertex -4.947406e-001 -1.221512e-001 2.280697e+000
    endloop 
  endfacet
  facet normal -9.987410E-001 -5.011643E-002 2.190438E-003
    outer loop 
      vertex -4.927407e-001 -1.553699e-001 2.432564e+000
      vertex -5.002853e-001 -7.128455e-003 2.384274e+000
      vertex -4.947406e-001 -1.221512e-001 2.280697e+000
    endloop 
  endfacet
  facet normal -9.987091E-001 -5.056127E-002 4.851453E-003
    outer loop 
      vertex -4.927407e-001 -1.553699e-001 2.432564e+000
      vertex -4.855444e-001 -3.036282e-001 2.368836e+000
      vertex -4.878536e-001 -2.402851e-001 2.553618e+000
    endloop 
  endfacet
  facet normal 9.997537E-001 2.072307E-002 7.946084E-003
    outer loop 
      vertex 4.943542e-001 2.774028e-001 1.001423e+000
      vertex 4.930246e-001 3.826973e-001 8.940979e-001
      vertex 4.913999e-001 4.088150e-001 1.030400e+000
    endloop 
  endfacet
  facet normal 9.997735E-001 1.965802E-002 8.150402E-003
    outer loop 
      vertex 4.899883e-001 5.097948e-001 9.599988e-001
      vertex 4.913999e-001 4.088150e-001 1.030400e+000
      vertex 4.930246e-001 3.826973e-001 8.940979e-001
    endloop 
  endfacet
  facet normal 9.997563E-001 2.092246E-002 7.042093E-003
    outer loop 
      vertex 4.913999e-001 4.088150e-001 1.030400e+000
      vertex 4.916557e-001 3.496905e-001 1.169752e+000
      vertex 4.943542e-001 2.774028e-001 1.001423e+000
    endloop 
  endfacet
  facet normal 9.997151E-001 2.137879E-002 1.061978E-002
    outer loop 
      vertex 4.913999e-001 4.088150e-001 1.030400e+000
      vertex 4.899883e-001 5.097948e-001 9.599988e-001
      vertex 4.882530e-001 5.114645e-001 1.119996e+000
    endloop 
  endfacet
  facet normal 9.996898E-001 2.353366E-002 8.150098E-003
    outer loop 
      vertex 4.882530e-001 5.114645e-001 1.119996e+000
      vertex 4.916557e-001 3.496905e-001 1.169752e+000
      vertex 4.913999e-001 4.088150e-001 1.030400e+000
    endloop 
  endfacet
  facet normal 2.023467E-002 -9.997617E-001 8.190772E-003
    outer loop 
      vertex 3.039412e-001 -4.939821e-001 9.751099e-001
      vertex 3.904032e-001 -4.929738e-001 8.845850e-001
      vertex 4.057285e-001 -4.913098e-001 1.049837e+000
    endloop 
  endfacet
  facet normal 1.973575E-002 -9.997713E-001 8.237139E-003
    outer loop 
      vertex 3.904032e-001 -4.929738e-001 8.845850e-001
      vertex 5.097991e-001 -4.899957e-001 9.599906e-001
      vertex 4.057285e-001 -4.913098e-001 1.049837e+000
    endloop 
  endfacet
  facet normal 2.187783E-002 -9.997429E-001 5.951926E-003
    outer loop 
      vertex 3.039412e-001 -4.939821e-001 9.751099e-001
      vertex 4.057285e-001 -4.913098e-001 1.049837e+000
      vertex 2.740661e-001 -4.937751e-001 1.119699e+000
    endloop 
  endfacet
  facet normal 2.176353E-002 -9.997070E-001 1.058688E-002
    outer loop 
      vertex 4.057285e-001 -4.913098e-001 1.049837e+000
      vertex 5.097991e-001 -4.899957e-001 9.599906e-001
      vertex 5.114539e-001 -4.882652e-001 1.119995e+000
    endloop 
  endfacet
  facet normal 9.998204E-001 1.889165E-002 1.517118E-003
    outer loop 
      vertex 5.002000e-001 -6.438111e-003 8.973390e-001
      vertex 4.989304e-001 6.954551e-002 7.879105e-001
      vertex 4.974666e-001 1.342577e-001 9.467556e-001
    endloop 
  endfacet
  facet normal 9.998115E-001 1.941521E-002 2.600131E-005
    outer loop 
      vertex 4.997541e-001 1.630647e-002 1.062221e+000
      vertex 5.002000e-001 -6.438111e-003 8.973390e-001
      vertex 4.974666e-001 1.342577e-001 9.467556e-001
    endloop 
  endfacet
  facet normal 9.998538E-001 1.694055E-002 2.312290E-003
    outer loop 
      vertex 4.989304e-001 6.954551e-002 7.879105e-001
      vertex 4.960034e-001 2.351689e-001 8.401390e-001
      vertex 4.974666e-001 1.342577e-001 9.467556e-001
    endloop 
  endfacet
  facet normal 9.997910E-001 1.981594E-002 5.034670E-003
    outer loop 
      vertex 4.974666e-001 1.342577e-001 9.467556e-001
      vertex 4.960034e-001 2.351689e-001 8.401390e-001
      vertex 4.943542e-001 2.774028e-001 1.001423e+000
    endloop 
  endfacet
  facet normal 3.489018E-002 -9.993870E-001 -2.870345E-003
    outer loop 
      vertex -1.259603e-001 -5.049290e-001 1.746392e+000
      vertex -2.407718e-001 -5.087306e-001 1.674456e+000
      vertex -1.145507e-001 -5.040897e-001 1.592836e+000
    endloop 
  endfacet
  facet normal 3.324622E-002 -9.994325E-001 -5.415255E-003
    outer loop 
      vertex -2.326049e-001 -5.077497e-001 1.543548e+000
      vertex -1.145507e-001 -5.040897e-001 1.592836e+000
      vertex -2.407718e-001 -5.087306e-001 1.674456e+000
    endloop 
  endfacet
  facet normal 3.086601E-002 -9.995191E-001 -3.001904E-003
    outer loop 
      vertex 1.740580e-002 -4.997006e-001 1.488238e+000
      vertex -1.145507e-001 -5.040897e-001 1.592836e+000
      vertex -1.455998e-001 -5.045968e-001 1.442436e+000
    endloop 
  endfacet
  facet normal 3.312919E-002 -9.994510E-001 -1.439349E-004
    outer loop 
      vertex -1.145507e-001 -5.040897e-001 1.592836e+000
      vertex 1.740580e-002 -4.997006e-001 1.488238e+000
      vertex 3.385864e-003 -5.001937e-001 1.685130e+000
    endloop 
  endfacet
  facet normal 3.523990E-002 -9.993748E-001 -2.844295E-003
    outer loop 
      vertex 3.385864e-003 -5.001937e-001 1.685130e+000
      vertex -1.259603e-001 -5.049290e-001 1.746392e+000
      vertex -1.145507e-001 -5.040897e-001 1.592836e+000
    endloop 
  endfacet
  facet normal 3.236946E-002 -9.994705E-001 -3.312444E-003
    outer loop 
      vertex -1.455998e-001 -5.045968e-001 1.442436e+000
      vertex -1.145507e-001 -5.040897e-001 1.592836e+000
      vertex -2.326049e-001 -5.077497e-001 1.543548e+000
    endloop 
  endfacet
  facet normal 0.000000E+000 0.000000E+000 -1.000000E+000
    outer loop 
      vertex 5.000000e-001 -1.666667e-001 0.000000e+000
      vertex 3.782346e-001 -2.876811e-001 0.000000e+000
      vertex 3.506944e-001 -1.791088e-001 0.000000e+000
    endloop 
  endfacet
  facet normal 0.000000E+000 0.000000E+000 -1.000000E+000
    outer loop 
      vertex 3.506944e-001 -1.791088e-001 0.000000e+000
      vertex 3.782346e-001 -2.876811e-001 0.000000e+000
      vertex 2.407040e-001 -2.523085e-001 0.000000e+000
    endloop 
  endfacet
  facet normal 0.000000E+000 0.000000E+000 -1.000000E+000
    outer loop 
      vertex 3.752419e-001 -5.933267e-002 0.000000e+000
      vertex 3.506944e-001 -1.791088e-001 0.000000e+000
      vertex 2.463146e-001 -1.167427e-001 0.000000e+000
    endloop 
  endfacet
  facet normal 0.000000E+000 0.000000E+000 -1.000000E+000
    outer loop 
      vertex 3.752419e-001 -5.933267e-002 0.000000e+000
      vertex 5.000000e-001 -1.666667e-001 0.000000e+000
      vertex 3.506944e-001 -1.791088e-001 0.000000e+000
    endloop 
  endfacet
  facet normal 0.000000E+000 0.000000E+000 -1.000000E+000
    outer loop 
      vertex 2.407040e-001 -2.523085e-001 0.000000e+000
      vertex 2.463146e-001 -1.167427e-001 0.000000e+000
      vertex 3.506944e-001 -1.791088e-001 0.000000e+000
    endloop 
  endfacet
  facet normal -6.056888E-002 9.981310E-001 8.112420E-003
    outer loop 
      vertex -4.153109e-001 4.764934e-001 2.790179e+000
      vertex -5.293235e-001 4.688449e-001 2.879994e+000
      vertex -4.075001e-001 4.756948e-001 2.946762e+000
    endloop 
  endfacet
  facet normal -5.983669E-002 9.981754E-001 8.076124E-003
    outer loop 
      vertex -3.074480e-001 4.824346e-001 2.855047e+000
      vertex -4.153109e-001 4.764934e-001 2.790179e+000
      vertex -4.075001e-001 4.756948e-001 2.946762e+000
    endloop 
  endfacet
  facet normal -6.294697E-002 9.979857E-001 7.887900E-003
    outer loop 
      vertex -4.075001e-001 4.756948e-001 2.946762e+000
      vertex -4.027585e-001 4.747878e-001 3.099356e+000
      vertex -2.500424e-001 4.852104e-001 2.999372e+000
    endloop 
  endfacet
  facet normal -6.387850E-002 9.979262E-001 7.916492E-003
    outer loop 
      vertex -5.309069e-001 4.670558e-001 3.039992e+000
      vertex -4.027585e-001 4.747878e-001 3.099356e+000
      vertex -4.075001e-001 4.756948e-001 2.946762e+000
    endloop 
  endfacet
  facet normal -6.216286E-002 9.980507E-001 5.529357E-003
    outer loop 
      vertex -3.074480e-001 4.824346e-001 2.855047e+000
      vertex -4.075001e-001 4.756948e-001 2.946762e+000
      vertex -2.500424e-001 4.852104e-001 2.999372e+000
    endloop 
  endfacet
  facet normal -6.189774E-002 9.980267E-001 1.054772E-002
    outer loop 
      vertex -4.075001e-001 4.756948e-001 2.946762e+000
      vertex -5.293235e-001 4.688449e-001 2.879994e+000
      vertex -5.309069e-001 4.670558e-001 3.039992e+000
    endloop 
  endfacet
  facet normal 6.721381E-002 -9.977081E-001 7.803854E-003
    outer loop 
      vertex 4.008581e-001 -4.753482e-001 3.045084e+000
      vertex 5.324540e-001 -4.652711e-001 3.200002e+000
      vertex 4.005075e-001 -4.735737e-001 3.274973e+000
    endloop 
  endfacet
  facet normal 6.705188E-002 -9.977190E-001 7.803691E-003
    outer loop 
      vertex 4.008581e-001 -4.753482e-001 3.045084e+000
      vertex 4.005075e-001 -4.735737e-001 3.274973e+000
      vertex 2.635249e-001 -4.834444e-001 3.189984e+000
    endloop 
  endfacet
  facet normal 6.297126E-002 -9.979889E-001 7.261378E-003
    outer loop 
      vertex 4.008581e-001 -4.753482e-001 3.045084e+000
      vertex 2.398393e-001 -4.859192e-001 2.988599e+000
      vertex 3.666139e-001 -4.790329e-001 2.835631e+000
    endloop 
  endfacet
  facet normal 6.384805E-002 -9.979483E-001 4.754358E-003
    outer loop 
      vertex 4.008581e-001 -4.753482e-001 3.045084e+000
      vertex 2.635249e-001 -4.834444e-001 3.189984e+000
      vertex 2.398393e-001 -4.859192e-001 2.988599e+000
    endloop 
  endfacet
  facet normal 6.387214E-002 -9.979032E-001 1.046582E-002
    outer loop 
      vertex 4.008581e-001 -4.753482e-001 3.045084e+000
      vertex 5.292921e-001 -4.688588e-001 2.880013e+000
      vertex 5.308608e-001 -4.670806e-001 3.039994e+000
    endloop 
  endfacet
  facet normal 6.032560E-002 -9.981491E-001 7.696742E-003
    outer loop 
      vertex 4.008581e-001 -4.753482e-001 3.045084e+000
      vertex 3.666139e-001 -4.790329e-001 2.835631e+000
      vertex 5.292921e-001 -4.688588e-001 2.880013e+000
    endloop 
  endfacet
  facet normal 6.387916E-002 -9.979008E-001 1.064901E-002
    outer loop 
      vertex 4.008581e-001 -4.753482e-001 3.045084e+000
      vertex 5.308608e-001 -4.670806e-001 3.039994e+000
      vertex 5.324540e-001 -4.652711e-001 3.200002e+000
    endloop 
  endfacet
  facet normal 9.981346E-001 6.054684E-002 7.839982E-003
    outer loop 
      vertex 4.688395e-001 5.293021e-001 2.879997e+000
      vertex 4.764546e-001 3.960613e-001 2.939490e+000
      vertex 4.771806e-001 4.051175e-001 2.777123e+000
    endloop 
  endfacet
  facet normal 9.982018E-001 5.943551E-002 7.778298E-003
    outer loop 
      vertex 4.833006e-001 2.948093e-001 2.834624e+000
      vertex 4.771806e-001 4.051175e-001 2.777123e+000
      vertex 4.764546e-001 3.960613e-001 2.939490e+000
    endloop 
  endfacet
  facet normal 9.980540E-001 6.193789E-002 7.211211E-003
    outer loop 
      vertex 4.764546e-001 3.960613e-001 2.939490e+000
      vertex 4.770154e-001 3.682571e-001 3.100684e+000
      vertex 4.859321e-001 2.413173e-001 2.956884e+000
    endloop 
  endfacet
  facet normal 9.979292E-001 6.387781E-002 7.546261E-003
    outer loop 
      vertex 4.764546e-001 3.960613e-001 2.939490e+000
      vertex 4.670652e-001 5.308723e-001 3.040015e+000
      vertex 4.770154e-001 3.682571e-001 3.100684e+000
    endloop 
  endfacet
  facet normal 9.980763E-001 6.175079E-002 5.534609E-003
    outer loop 
      vertex 4.764546e-001 3.960613e-001 2.939490e+000
      vertex 4.859321e-001 2.413173e-001 2.956884e+000
      vertex 4.833006e-001 2.948093e-001 2.834624e+000
    endloop 
  endfacet
  facet normal 9.980392E-001 6.171181E-002 1.046129E-002
    outer loop 
      vertex 4.670652e-001 5.308723e-001 3.040015e+000
      vertex 4.764546e-001 3.960613e-001 2.939490e+000
      vertex 4.688395e-001 5.293021e-001 2.879997e+000
    endloop 
  endfacet
  facet normal 9.969825E-001 7.730363E-002 7.083872E-003
    outer loop 
      vertex 4.707284e-001 3.883038e-001 3.757181e+000
      vertex 4.757109e-001 3.410572e-001 3.571530e+000
      vertex 4.597297e-001 5.372269e-001 3.679994e+000
    endloop 
  endfacet
  facet normal 9.968902E-001 7.851254E-002 6.773742E-003
    outer loop 
      vertex 4.757109e-001 3.410572e-001 3.571530e+000
      vertex 4.707284e-001 3.883038e-001 3.757181e+000
      vertex 4.853573e-001 2.062064e-001 3.714883e+000
    endloop 
  endfacet
  facet normal 9.968658E-001 7.896328E-002 4.824850E-003
    outer loop 
      vertex 4.707284e-001 3.883038e-001 3.757181e+000
      vertex 4.787588e-001 2.799174e-001 3.871860e+000
      vertex 4.853573e-001 2.062064e-001 3.714883e+000
    endloop 
  endfacet
  facet normal 9.967498E-001 7.970043E-002 1.174132E-002
    outer loop 
      vertex 4.577073e-001 5.389511e-001 3.839978e+000
      vertex 4.707284e-001 3.883038e-001 3.757181e+000
      vertex 4.597297e-001 5.372269e-001 3.679994e+000
    endloop 
  endfacet
  facet normal -7.735074E-002 9.969780E-001 7.178525E-003
    outer loop 
      vertex -5.372611e-001 4.597484e-001 3.680000e+000
      vertex -3.888021e-001 4.707001e-001 3.758676e+000
      vertex -3.552516e-001 4.745536e-001 3.585015e+000
    endloop 
  endfacet
  facet normal -7.847328E-002 9.968919E-001 6.959744E-003
    outer loop 
      vertex -2.135307e-001 4.847769e-001 3.718608e+000
      vertex -3.552516e-001 4.745536e-001 3.585015e+000
      vertex -3.888021e-001 4.707001e-001 3.758676e+000
    endloop 
  endfacet
  facet normal -7.899370E-002 9.968641E-001 4.673469E-003
    outer loop 
      vertex -3.888021e-001 4.707001e-001 3.758676e+000
      vertex -2.803642e-001 4.787621e-001 3.871927e+000
      vertex -2.135307e-001 4.847769e-001 3.718608e+000
    endloop 
  endfacet
  facet normal -7.971969E-002 9.967489E-001 1.168055E-002
    outer loop 
      vertex -5.372611e-001 4.597484e-001 3.680000e+000
      vertex -5.390062e-001 4.577344e-001 3.839951e+000
      vertex -3.888021e-001 4.707001e-001 3.758676e+000
    endloop 
  endfacet
  facet normal 9.995189E-001 2.990011E-002 -8.243281E-003
    outer loop 
      vertex 5.089797e-001 -2.932933e-001 1.434499e+000
      vertex 5.127535e-001 -3.760556e-001 1.591879e+000
      vertex 5.147533e-001 -4.847833e-001 1.439989e+000
    endloop 
  endfacet
  facet normal 9.994212E-001 3.341118E-002 -6.394560E-003
    outer loop 
      vertex 5.127535e-001 -3.760556e-001 1.591879e+000
      vertex 5.089797e-001 -2.932933e-001 1.434499e+000
      vertex 5.070856e-001 -2.023001e-001 1.613887e+000
    endloop 
  endfacet
  facet normal 9.992908E-001 3.671229E-002 -8.381411E-003
    outer loop 
      vertex 5.127535e-001 -3.760556e-001 1.591879e+000
      vertex 5.133975e-001 -3.553886e-001 1.759183e+000
      vertex 5.180293e-001 -4.812754e-001 1.760011e+000
    endloop 
  endfacet
  facet normal 9.994029E-001 3.361381E-002 -7.999090E-003
    outer loop 
      vertex 5.133975e-001 -3.553886e-001 1.759183e+000
      vertex 5.127535e-001 -3.760556e-001 1.591879e+000
      vertex 5.070856e-001 -2.023001e-001 1.613887e+000
    endloop 
  endfacet
  facet normal 9.993965E-001 3.310112E-002 -1.053627E-002
    outer loop 
      vertex 5.147533e-001 -4.847833e-001 1.439989e+000
      vertex 5.127535e-001 -3.760556e-001 1.591879e+000
      vertex 5.163828e-001 -4.830439e-001 1.600014e+000
    endloop 
  endfacet
  facet normal 9.993955E-001 3.309244E-002 -1.065006E-002
    outer loop 
      vertex 5.180293e-001 -4.812754e-001 1.760011e+000
      vertex 5.163828e-001 -4.830439e-001 1.600014e+000
      vertex 5.127535e-001 -3.760556e-001 1.591879e+000
    endloop 
  endfacet
  facet normal 3.508801E-002 -9.993510E-001 -8.157490E-003
    outer loop 
      vertex -3.582426e-001 -5.120324e-001 1.573670e+000
      vertex -2.407718e-001 -5.087306e-001 1.674456e+000
      vertex -3.740383e-001 -5.141162e-001 1.760998e+000
    endloop 
  endfacet
  facet normal 3.276393E-002 -9.994483E-001 -5.445464E-003
    outer loop 
      vertex -3.582426e-001 -5.120324e-001 1.573670e+000
      vertex -2.326049e-001 -5.077497e-001 1.543548e+000
      vertex -2.407718e-001 -5.087306e-001 1.674456e+000
    endloop 
  endfacet
  facet normal 2.980708E-002 -9.995252E-001 -7.807152E-003
    outer loop 
      vertex -3.035853e-001 -5.092253e-001 1.422957e+000
      vertex -3.582426e-001 -5.120324e-001 1.573670e+000
      vertex -4.847851e-001 -5.147619e-001 1.439987e+000
    endloop 
  endfacet
  facet normal 3.242581E-002 -9.994506E-001 -6.856055E-003
    outer loop 
      vertex -3.035853e-001 -5.092253e-001 1.422957e+000
      vertex -2.326049e-001 -5.077497e-001 1.543548e+000
      vertex -3.582426e-001 -5.120324e-001 1.573670e+000
    endloop 
  endfacet
  facet normal 3.324517E-002 -9.994126E-001 -8.313567E-003
    outer loop 
      vertex -3.740383e-001 -5.141162e-001 1.760998e+000
      vertex -4.830498e-001 -5.164031e-001 1.599998e+000
      vertex -3.582426e-001 -5.120324e-001 1.573670e+000
    endloop 
  endfacet
  facet normal 3.276136E-002 -9.994069E-001 -1.060604E-002
    outer loop 
      vertex -4.830498e-001 -5.164031e-001 1.599998e+000
      vertex -4.847851e-001 -5.147619e-001 1.439987e+000
      vertex -3.582426e-001 -5.120324e-001 1.573670e+000
    endloop 
  endfacet
  facet normal 8.263599E-003 -9.999615E-001 2.952122E-003
    outer loop 
      vertex 2.917682e-002 -4.997707e-001 4.155644e-001
      vertex 1.979295e-001 -4.984111e-001 4.037273e-001
      vertex 1.407275e-001 -4.985159e-001 5.283439e-001
    endloop 
  endfacet
  facet normal 1.064753E-002 -9.999351E-001 4.046427E-003
    outer loop 
      vertex 2.825953e-001 -4.969733e-001 5.362412e-001
      vertex 1.407275e-001 -4.985159e-001 5.283439e-001
      vertex 1.979295e-001 -4.984111e-001 4.037273e-001
    endloop 
  endfacet
  facet normal 1.093904E-002 -9.999401E-001 3.055910E-004
    outer loop 
      vertex 2.917682e-002 -4.997707e-001 4.155644e-001
      vertex 1.407275e-001 -4.985159e-001 5.283439e-001
      vertex 2.899493e-003 -5.000020e-001 5.991664e-001
    endloop 
  endfacet
  facet normal 7.543027E-002 -9.971189E-001 8.014016E-003
    outer loop 
      vertex 4.157275e-001 -4.695734e-001 3.635511e+000
      vertex 2.886525e-001 -4.796257e-001 3.580860e+000
      vertex 4.016092e-001 -4.720440e-001 3.461010e+000
    endloop 
  endfacet
  facet normal 7.247508E-002 -9.973567E-001 5.213778E-003
    outer loop 
      vertex 2.514665e-001 -4.832574e-001 3.403041e+000
      vertex 4.016092e-001 -4.720440e-001 3.461010e+000
      vertex 2.886525e-001 -4.796257e-001 3.580860e+000
    endloop 
  endfacet
  facet normal 7.384003E-002 -9.972368E-001 8.144347E-003
    outer loop 
      vertex 4.157275e-001 -4.695734e-001 3.635511e+000
      vertex 4.016092e-001 -4.720440e-001 3.461010e+000
      vertex 5.355988e-001 -4.616409e-001 3.520011e+000
    endloop 
  endfacet
  facet normal 7.049580E-002 -9.974817E-001 7.784488E-003
    outer loop 
      vertex 4.005075e-001 -4.735737e-001 3.274973e+000
      vertex 5.340162e-001 -4.634745e-001 3.360005e+000
      vertex 4.016092e-001 -4.720440e-001 3.461010e+000
    endloop 
  endfacet
  facet normal 7.148912E-002 -9.974111E-001 7.778025E-003
    outer loop 
      vertex 4.005075e-001 -4.735737e-001 3.274973e+000
      vertex 4.016092e-001 -4.720440e-001 3.461010e+000
      vertex 2.514665e-001 -4.832574e-001 3.403041e+000
    endloop 
  endfacet
  facet normal 7.271501E-002 -9.972953E-001 1.070948E-002
    outer loop 
      vertex 4.016092e-001 -4.720440e-001 3.461010e+000
      vertex 5.340162e-001 -4.634745e-001 3.360005e+000
      vertex 5.355988e-001 -4.616409e-001 3.520011e+000
    endloop 
  endfacet
  facet normal 4.354838E-002 -9.990195E-001 -7.969493E-003
    outer loop 
      vertex -4.777713e-001 -5.212892e-001 2.079993e+000
      vertex -3.569454e-001 -5.150128e-001 1.953447e+000
      vertex -3.462358e-001 -5.159523e-001 2.129746e+000
    endloop 
  endfacet
  facet normal 4.171555E-002 -9.990987E-001 -7.858575E-003
    outer loop 
      vertex -3.462358e-001 -5.159523e-001 2.129746e+000
      vertex -3.569454e-001 -5.150128e-001 1.953447e+000
      vertex -2.318381e-001 -5.101300e-001 1.996784e+000
    endloop 
  endfacet
  facet normal 4.028857E-002 -9.991542E-001 -8.233457E-003
    outer loop 
      vertex -3.740383e-001 -5.141162e-001 1.760998e+000
      vertex -3.569454e-001 -5.150128e-001 1.953447e+000
      vertex -4.795128e-001 -5.196795e-001 1.920007e+000
    endloop 
  endfacet
  facet normal 3.819701E-002 -9.992378E-001 -8.048079E-003
    outer loop 
      vertex -2.492162e-001 -5.099419e-001 1.835142e+000
      vertex -3.569454e-001 -5.150128e-001 1.953447e+000
      vertex -3.740383e-001 -5.141162e-001 1.760998e+000
    endloop 
  endfacet
  facet normal 4.090466E-002 -9.991079E-001 -1.049809E-002
    outer loop 
      vertex -4.795128e-001 -5.196795e-001 1.920007e+000
      vertex -3.569454e-001 -5.150128e-001 1.953447e+000
      vertex -4.777713e-001 -5.212892e-001 2.079993e+000
    endloop 
  endfacet
  facet normal 4.092214E-002 -9.991469E-001 -5.562671E-003
    outer loop 
      vertex -3.569454e-001 -5.150128e-001 1.953447e+000
      vertex -2.492162e-001 -5.099419e-001 1.835142e+000
      vertex -2.318381e-001 -5.101300e-001 1.996784e+000
    endloop 
  endfacet
endsolid
