solid ASCII
; Created 4/30/2025 8:06:14 AM by Nastran FNO Reader 1.84
; NAS File: C:\Users\Sam\Documents\Inventor\1x1x4_block\InCAD\FEA\py5ys2o95.nas
; Results from: C:\Users\Sam\Documents\Inventor\1x1x4_block\InCAD\FEA\py5ys2o95.FNO
; Subcase: [1] INCR 8, LOAD=1.0
; Deformed positions, scale factor 1.0
;
; Property ID = 1  Element Type = Solid
  facet normal -9.305825E-001 -3.301588E-001 1.581499E-001
    outer loop 
      vertex -3.106603e-001 -6.329573e-001 7.995714e-001
      vertex -3.329148e-001 -5.367424e-001 8.694833e-001
      vertex -3.629987e-001 -5.100089e-001 7.482737e-001
    endloop 
  endfacet
  facet normal -9.281692E-001 -3.379632E-001 1.558296E-001
    outer loop 
      vertex -3.629987e-001 -5.100089e-001 7.482737e-001
      vertex -3.329148e-001 -5.367424e-001 8.694833e-001
      vertex -3.830915e-001 -4.131792e-001 8.385990e-001
    endloop 
  endfacet
  facet normal -9.459263E-001 -2.850850E-001 1.547578E-001
    outer loop 
      vertex -4.093080e-001 -3.778790e-001 7.086188e-001
      vertex -3.952493e-001 -4.785043e-001 6.091841e-001
      vertex -3.629987e-001 -5.100089e-001 7.482737e-001
    endloop 
  endfacet
  facet normal -9.509460E-001 -2.643996E-001 1.606070E-001
    outer loop 
      vertex -3.952493e-001 -4.785043e-001 6.091841e-001
      vertex -3.535526e-001 -6.098547e-001 6.398325e-001
      vertex -3.629987e-001 -5.100089e-001 7.482737e-001
    endloop 
  endfacet
  facet normal -9.478348E-001 -2.992125E-001 1.099138E-001
    outer loop 
      vertex -4.093080e-001 -3.778790e-001 7.086188e-001
      vertex -3.629987e-001 -5.100089e-001 7.482737e-001
      vertex -3.830915e-001 -4.131792e-001 8.385990e-001
    endloop 
  endfacet
  facet normal -9.285047E-001 -3.099391E-001 2.044917E-001
    outer loop 
      vertex -3.629987e-001 -5.100089e-001 7.482737e-001
      vertex -3.535526e-001 -6.098547e-001 6.398325e-001
      vertex -3.106603e-001 -6.329573e-001 7.995714e-001
    endloop 
  endfacet
  facet normal 9.899512E-001 6.985413E-002 -1.229519E-001
    outer loop 
      vertex 5.363908e-001 -2.393981e-001 3.416938e-001
      vertex 5.273406e-001 -3.306966e-001 2.169549e-001
      vertex 5.144297e-001 -1.704115e-001 2.040675e-001
    endloop 
  endfacet
  facet normal 9.891072E-001 6.922738E-002 -1.299016E-001
    outer loop 
      vertex 5.108050e-001 -3.191679e-001 9.719177e-002
      vertex 5.144297e-001 -1.704115e-001 2.040675e-001
      vertex 5.273406e-001 -3.306966e-001 2.169549e-001
    endloop 
  endfacet
  facet normal 9.862348E-001 1.407098E-001 -8.684175E-002
    outer loop 
      vertex 5.363908e-001 -2.393981e-001 3.416938e-001
      vertex 5.144297e-001 -1.704115e-001 2.040675e-001
      vertex 5.147460e-001 -6.647345e-002 3.760703e-001
    endloop 
  endfacet
  facet normal 9.941270E-001 8.356677E-002 -6.876183E-002
    outer loop 
      vertex 5.012543e-001 8.610897e-004 2.217321e-001
      vertex 5.144297e-001 -1.704115e-001 2.040675e-001
      vertex 5.000000e-001 -1.666667e-001 0.000000e+000
    endloop 
  endfacet
  facet normal 9.953232E-001 8.185730E-002 -5.129496E-002
    outer loop 
      vertex 5.147460e-001 -6.647345e-002 3.760703e-001
      vertex 5.144297e-001 -1.704115e-001 2.040675e-001
      vertex 5.012543e-001 8.610897e-004 2.217321e-001
    endloop 
  endfacet
  facet normal 9.972051E-001 2.601862E-002 -7.003555E-002
    outer loop 
      vertex 5.108050e-001 -3.191679e-001 9.719177e-002
      vertex 5.000000e-001 -1.666667e-001 0.000000e+000
      vertex 5.144297e-001 -1.704115e-001 2.040675e-001
    endloop 
  endfacet
  facet normal -7.027839E-001 6.940433E-001 -1.562007E-001
    outer loop 
      vertex -1.109260e-002 7.003813e-001 1.922980e+000
      vertex -1.445409e-001 5.657457e-001 1.925171e+000
      vertex -1.253779e-001 6.200055e-001 2.080044e+000
    endloop 
  endfacet
  facet normal -7.584659E-001 6.386359E-001 -1.298990E-001
    outer loop 
      vertex -1.445409e-001 5.657457e-001 1.925171e+000
      vertex -2.416224e-001 4.843167e-001 2.091682e+000
      vertex -1.253779e-001 6.200055e-001 2.080044e+000
    endloop 
  endfacet
  facet normal -7.030327E-001 6.943291E-001 -1.537924E-001
    outer loop 
      vertex -1.109260e-002 7.003813e-001 1.922980e+000
      vertex -5.984718e-002 6.136294e-001 1.754192e+000
      vertex -1.445409e-001 5.657457e-001 1.925171e+000
    endloop 
  endfacet
  facet normal -6.672959E-001 7.342432E-001 -1.249123E-001
    outer loop 
      vertex -1.445409e-001 5.657457e-001 1.925171e+000
      vertex -5.984718e-002 6.136294e-001 1.754192e+000
      vertex -1.819643e-001 5.072165e-001 1.781053e+000
    endloop 
  endfacet
  facet normal 6.458085E-001 7.482037E-001 -1.520611E-001
    outer loop 
      vertex 7.024485e-001 5.482131e-002 2.081206e+000
      vertex 6.060634e-001 1.054206e-001 1.920825e+000
      vertex 5.724411e-001 1.662213e-001 2.077195e+000
    endloop 
  endfacet
  facet normal 6.919988E-001 7.047971E-001 -1.562002E-001
    outer loop 
      vertex 6.209636e-001 5.231205e-002 1.747203e+000
      vertex 6.060634e-001 1.054206e-001 1.920825e+000
      vertex 7.048843e-001 8.507907e-003 1.921338e+000
    endloop 
  endfacet
  facet normal 7.308513E-001 6.677039E-001 -1.415197E-001
    outer loop 
      vertex 6.209636e-001 5.231205e-002 1.747203e+000
      vertex 5.388348e-001 1.508696e-001 1.788069e+000
      vertex 6.060634e-001 1.054206e-001 1.920825e+000
    endloop 
  endfacet
  facet normal 6.876140E-001 7.001345E-001 -1.923507E-001
    outer loop 
      vertex 7.048843e-001 8.507907e-003 1.921338e+000
      vertex 6.060634e-001 1.054206e-001 1.920825e+000
      vertex 7.024485e-001 5.482131e-002 2.081206e+000
    endloop 
  endfacet
  facet normal -8.633857E-001 4.802900E-001 -1.545529E-001
    outer loop 
      vertex -2.294604e-001 5.718383e-001 2.433681e+000
      vertex -2.698896e-001 5.527679e-001 2.600269e+000
      vertex -1.979988e-001 6.699850e-001 2.562927e+000
    endloop 
  endfacet
  facet normal -8.281099E-001 5.248249E-001 -1.969587E-001
    outer loop 
      vertex -1.979988e-001 6.699850e-001 2.562927e+000
      vertex -1.521632e-001 6.824718e-001 2.403485e+000
      vertex -2.294604e-001 5.718383e-001 2.433681e+000
    endloop 
  endfacet
  facet normal -5.392045E-001 -8.259694E-001 -1.644177E-001
    outer loop 
      vertex -6.867024e-001 -1.576908e-001 2.401604e+000
      vertex -6.080387e-001 -1.915774e-001 2.313861e+000
      vertex -5.898140e-001 -2.340729e-001 2.467574e+000
    endloop 
  endfacet
  facet normal -5.490121E-001 -8.200403E-001 -1.616157E-001
    outer loop 
      vertex -5.898140e-001 -2.340729e-001 2.467574e+000
      vertex -6.080387e-001 -1.915774e-001 2.313861e+000
      vertex -5.194665e-001 -2.608893e-001 2.364669e+000
    endloop 
  endfacet
  facet normal -4.961058E-001 -8.544517E-001 -1.542451E-001
    outer loop 
      vertex -5.898140e-001 -2.340729e-001 2.467574e+000
      vertex -4.680154e-001 -3.124068e-001 2.509763e+000
      vertex -5.575488e-001 -2.781169e-001 2.607782e+000
    endloop 
  endfacet
  facet normal -5.061464E-001 -8.535477E-001 -1.235802E-001
    outer loop 
      vertex -4.680154e-001 -3.124068e-001 2.509763e+000
      vertex -5.898140e-001 -2.340729e-001 2.467574e+000
      vertex -5.194665e-001 -2.608893e-001 2.364669e+000
    endloop 
  endfacet
  facet normal -4.821301E-001 -8.614299E-001 -1.596534E-001
    outer loop 
      vertex -6.749182e-001 -2.038358e-001 2.561428e+000
      vertex -5.898140e-001 -2.340729e-001 2.467574e+000
      vertex -5.575488e-001 -2.781169e-001 2.607782e+000
    endloop 
  endfacet
  facet normal -5.179220E-001 -8.312789E-001 -2.018222E-001
    outer loop 
      vertex -6.867024e-001 -1.576908e-001 2.401604e+000
      vertex -5.898140e-001 -2.340729e-001 2.467574e+000
      vertex -6.749182e-001 -2.038358e-001 2.561428e+000
    endloop 
  endfacet
  facet normal -7.673364E-001 6.270613E-001 1.341230E-001
    outer loop 
      vertex -5.921414e-001 7.627016e-002 2.047476e+000
      vertex -5.844219e-001 5.005285e-002 2.214214e+000
      vertex -4.721104e-001 2.055763e-001 2.129650e+000
    endloop 
  endfacet
  facet normal -7.628067E-001 6.324289E-001 1.347573E-001
    outer loop 
      vertex -5.844219e-001 5.005285e-002 2.214214e+000
      vertex -5.921414e-001 7.627016e-002 2.047476e+000
      vertex -7.015321e-001 -6.291419e-002 2.081465e+000
    endloop 
  endfacet
  facet normal -7.183161E-001 6.806420E-001 1.440432E-001
    outer loop 
      vertex -7.041631e-001 -1.519001e-002 1.921019e+000
      vertex -5.921414e-001 7.627016e-002 2.047476e+000
      vertex -6.052752e-001 9.751898e-002 1.881575e+000
    endloop 
  endfacet
  facet normal -7.221290E-001 6.766401E-001 1.438325E-001
    outer loop 
      vertex -5.921414e-001 7.627016e-002 2.047476e+000
      vertex -4.883143e-001 2.051515e-001 1.962449e+000
      vertex -6.052752e-001 9.751898e-002 1.881575e+000
    endloop 
  endfacet
  facet normal -7.532350E-001 6.538715E-001 7.133700E-002
    outer loop 
      vertex -5.921414e-001 7.627016e-002 2.047476e+000
      vertex -4.721104e-001 2.055763e-001 2.129650e+000
      vertex -4.883143e-001 2.051515e-001 1.962449e+000
    endloop 
  endfacet
  facet normal -7.456937E-001 6.351958E-001 2.011646E-001
    outer loop 
      vertex -5.921414e-001 7.627016e-002 2.047476e+000
      vertex -7.041631e-001 -1.519001e-002 1.921019e+000
      vertex -7.015321e-001 -6.291419e-002 2.081465e+000
    endloop 
  endfacet
  facet normal -4.379513E-001 8.866430E-001 -1.485356E-001
    outer loop 
      vertex 2.220351e-001 6.669945e-001 1.121387e+000
      vertex 1.271966e-001 6.077578e-001 1.047418e+000
      vertex 7.035309e-002 6.142337e-001 1.253675e+000
    endloop 
  endfacet
  facet normal -4.324253E-001 8.895890E-001 -1.471051E-001
    outer loop 
      vertex 7.035309e-002 6.142337e-001 1.253675e+000
      vertex 1.271966e-001 6.077578e-001 1.047418e+000
      vertex -7.549152e-003 5.519277e-001 1.105891e+000
    endloop 
  endfacet
  facet normal -3.723351E-001 9.156106E-001 -1.517359E-001
    outer loop 
      vertex 3.436698e-002 5.535572e-001 9.481468e-001
      vertex 1.271966e-001 6.077578e-001 1.047418e+000
      vertex 1.731321e-001 5.987147e-001 8.801312e-001
    endloop 
  endfacet
  facet normal -3.698303E-001 9.167289E-001 -1.511085E-001
    outer loop 
      vertex 2.674203e-001 6.502110e-001 9.617777e-001
      vertex 1.731321e-001 5.987147e-001 8.801312e-001
      vertex 1.271966e-001 6.077578e-001 1.047418e+000
    endloop 
  endfacet
  facet normal -4.181725E-001 9.026460E-001 -1.017941E-001
    outer loop 
      vertex 1.271966e-001 6.077578e-001 1.047418e+000
      vertex 3.436698e-002 5.535572e-001 9.481468e-001
      vertex -7.549152e-003 5.519277e-001 1.105891e+000
    endloop 
  endfacet
  facet normal -3.970889E-001 8.941466E-001 -2.069352E-001
    outer loop 
      vertex 1.271966e-001 6.077578e-001 1.047418e+000
      vertex 2.220351e-001 6.669945e-001 1.121387e+000
      vertex 2.674203e-001 6.502110e-001 9.617777e-001
    endloop 
  endfacet
  facet normal 6.637217E-001 -7.393438E-001 -1.133323E-001
    outer loop 
      vertex 4.265290e-002 -6.359283e-001 1.748330e+000
      vertex 1.220147e-001 -5.511488e-001 1.660032e+000
      vertex 1.517056e-001 -5.490859e-001 1.820456e+000
    endloop 
  endfacet
  facet normal 6.634237E-001 -7.396203E-001 -1.132736E-001
    outer loop 
      vertex 2.241539e-001 -4.712645e-001 1.736638e+000
      vertex 1.517056e-001 -5.490859e-001 1.820456e+000
      vertex 1.220147e-001 -5.511488e-001 1.660032e+000
    endloop 
  endfacet
  facet normal 0.000000E+000 0.000000E+000 1.000000E+000
    outer loop 
      vertex -3.415404e-001 -4.225323e-001 4.000000e+000
      vertex -3.617904e-001 -2.661974e-001 4.000000e+000
      vertex -4.667842e-001 -3.981429e-001 4.000000e+000
    endloop 
  endfacet
  facet normal 0.000000E+000 0.000000E+000 1.000000E+000
    outer loop 
      vertex -3.617904e-001 -2.661974e-001 4.000000e+000
      vertex -3.415404e-001 -4.225323e-001 4.000000e+000
      vertex -2.378028e-001 -3.131225e-001 4.000000e+000
    endloop 
  endfacet
  facet normal 0.000000E+000 0.000000E+000 1.000000E+000
    outer loop 
      vertex -3.617904e-001 -2.661974e-001 4.000000e+000
      vertex -3.695189e-001 -1.099133e-001 4.000000e+000
      vertex -4.843305e-001 -2.240839e-001 4.000000e+000
    endloop 
  endfacet
  facet normal 0.000000E+000 0.000000E+000 1.000000E+000
    outer loop 
      vertex -3.617904e-001 -2.661974e-001 4.000000e+000
      vertex -4.843305e-001 -2.240839e-001 4.000000e+000
      vertex -4.667842e-001 -3.981429e-001 4.000000e+000
    endloop 
  endfacet
  facet normal 0.000000E+000 0.000000E+000 1.000000E+000
    outer loop 
      vertex 5.195872e-001 -1.317582e-001 4.000000e+000
      vertex 3.725699e-001 -1.180076e-001 4.000000e+000
      vertex 4.211624e-001 -2.599528e-001 4.000000e+000
    endloop 
  endfacet
  facet normal 0.000000E+000 0.000000E+000 1.000000E+000
    outer loop 
      vertex 3.725699e-001 -1.180076e-001 4.000000e+000
      vertex 2.930153e-001 -3.045557e-001 4.000000e+000
      vertex 4.211624e-001 -2.599528e-001 4.000000e+000
    endloop 
  endfacet
  facet normal 0.000000E+000 0.000000E+000 1.000000E+000
    outer loop 
      vertex 4.211624e-001 -2.599528e-001 4.000000e+000
      vertex 3.907409e-001 -4.755229e-001 4.000000e+000
      vertex 5.356107e-001 -2.924503e-001 4.000000e+000
    endloop 
  endfacet
  facet normal 0.000000E+000 0.000000E+000 1.000000E+000
    outer loop 
      vertex 4.211624e-001 -2.599528e-001 4.000000e+000
      vertex 2.930153e-001 -3.045557e-001 4.000000e+000
      vertex 3.907409e-001 -4.755229e-001 4.000000e+000
    endloop 
  endfacet
  facet normal 0.000000E+000 0.000000E+000 1.000000E+000
    outer loop 
      vertex 5.195872e-001 -1.317582e-001 4.000000e+000
      vertex 4.211624e-001 -2.599528e-001 4.000000e+000
      vertex 5.356107e-001 -2.924503e-001 4.000000e+000
    endloop 
  endfacet
  facet normal 0.000000E+000 0.000000E+000 -1.000000E+000
    outer loop 
      vertex -6.641074e-002 -3.674450e-001 0.000000e+000
      vertex -1.666667e-001 -5.000000e-001 0.000000e+000
      vertex -2.201840e-001 -3.768720e-001 0.000000e+000
    endloop 
  endfacet
  facet normal 0.000000E+000 0.000000E+000 -1.000000E+000
    outer loop 
      vertex -2.201840e-001 -3.768720e-001 0.000000e+000
      vertex -1.666667e-001 -5.000000e-001 0.000000e+000
      vertex -3.333333e-001 -5.000000e-001 0.000000e+000
    endloop 
  endfacet
  facet normal -9.985402E-001 -5.380183E-002 4.771582E-003
    outer loop 
      vertex -4.977582e-001 -4.108808e-002 2.769705e-001
      vertex -5.027925e-001 3.978948e-002 1.353785e-001
      vertex -4.912937e-001 -1.727303e-001 1.454467e-001
    endloop 
  endfacet
  facet normal -9.924502E-001 -1.075807E-001 5.889822E-002
    outer loop 
      vertex -4.912937e-001 -1.727303e-001 1.454467e-001
      vertex -4.785573e-001 -2.042369e-001 3.025094e-001
      vertex -4.977582e-001 -4.108808e-002 2.769705e-001
    endloop 
  endfacet
  facet normal -9.925352E-001 -1.035675E-001 -6.440280E-002
    outer loop 
      vertex -5.186613e-001 8.131084e-002 4.022845e-001
      vertex -5.152948e-001 1.505068e-001 2.391261e-001
      vertex -4.977582e-001 -4.108808e-002 2.769705e-001
    endloop 
  endfacet
  facet normal -9.953187E-001 -9.480797E-002 -1.876571E-002
    outer loop 
      vertex -5.152948e-001 1.505068e-001 2.391261e-001
      vertex -5.027925e-001 3.978948e-002 1.353785e-001
      vertex -4.977582e-001 -4.108808e-002 2.769705e-001
    endloop 
  endfacet
  facet normal -9.872424E-001 -1.589448E-001 -9.430911E-003
    outer loop 
      vertex -5.186613e-001 8.131084e-002 4.022845e-001
      vertex -4.977582e-001 -4.108808e-002 2.769705e-001
      vertex -4.858498e-001 -1.229807e-001 4.105678e-001
    endloop 
  endfacet
  facet normal -9.933077E-001 -1.139784E-001 1.867330E-002
    outer loop 
      vertex -4.977582e-001 -4.108808e-002 2.769705e-001
      vertex -4.785573e-001 -2.042369e-001 3.025094e-001
      vertex -4.858498e-001 -1.229807e-001 4.105678e-001
    endloop 
  endfacet
  facet normal 0.000000E+000 0.000000E+000 -1.000000E+000
    outer loop 
      vertex 2.542583e-001 3.949247e-001 0.000000e+000
      vertex 1.274870e-001 3.588903e-001 0.000000e+000
      vertex 1.666667e-001 5.000000e-001 0.000000e+000
    endloop 
  endfacet
  facet normal 0.000000E+000 0.000000E+000 -1.000000E+000
    outer loop 
      vertex 2.514211e-001 2.763562e-001 0.000000e+000
      vertex 1.274870e-001 3.588903e-001 0.000000e+000
      vertex 2.542583e-001 3.949247e-001 0.000000e+000
    endloop 
  endfacet
  facet normal 0.000000E+000 0.000000E+000 -1.000000E+000
    outer loop 
      vertex 1.666667e-001 5.000000e-001 0.000000e+000
      vertex 3.333333e-001 5.000000e-001 0.000000e+000
      vertex 2.542583e-001 3.949247e-001 0.000000e+000
    endloop 
  endfacet
  facet normal 0.000000E+000 0.000000E+000 -1.000000E+000
    outer loop 
      vertex -3.758429e-001 2.112186e-001 0.000000e+000
      vertex -5.000000e-001 3.333333e-001 0.000000e+000
      vertex -3.725906e-001 3.661245e-001 0.000000e+000
    endloop 
  endfacet
  facet normal 0.000000E+000 0.000000E+000 -1.000000E+000
    outer loop 
      vertex -3.725906e-001 3.661245e-001 0.000000e+000
      vertex -2.457781e-001 2.525930e-001 0.000000e+000
      vertex -3.758429e-001 2.112186e-001 0.000000e+000
    endloop 
  endfacet
  facet normal 0.000000E+000 0.000000E+000 -1.000000E+000
    outer loop 
      vertex -3.333333e-001 5.000000e-001 0.000000e+000
      vertex -2.453599e-001 3.902999e-001 0.000000e+000
      vertex -3.725906e-001 3.661245e-001 0.000000e+000
    endloop 
  endfacet
  facet normal 0.000000E+000 0.000000E+000 -1.000000E+000
    outer loop 
      vertex -3.725906e-001 3.661245e-001 0.000000e+000
      vertex -2.453599e-001 3.902999e-001 0.000000e+000
      vertex -2.457781e-001 2.525930e-001 0.000000e+000
    endloop 
  endfacet
  facet normal 0.000000E+000 0.000000E+000 -1.000000E+000
    outer loop 
      vertex -3.725906e-001 3.661245e-001 0.000000e+000
      vertex -5.000000e-001 5.000000e-001 0.000000e+000
      vertex -3.333333e-001 5.000000e-001 0.000000e+000
    endloop 
  endfacet
  facet normal 0.000000E+000 0.000000E+000 -1.000000E+000
    outer loop 
      vertex -3.725906e-001 3.661245e-001 0.000000e+000
      vertex -5.000000e-001 3.333333e-001 0.000000e+000
      vertex -5.000000e-001 5.000000e-001 0.000000e+000
    endloop 
  endfacet
  facet normal 0.000000E+000 0.000000E+000 -1.000000E+000
    outer loop 
      vertex -3.758429e-001 2.112186e-001 0.000000e+000
      vertex -3.766828e-001 6.072977e-002 0.000000e+000
      vertex -5.000000e-001 1.666667e-001 0.000000e+000
    endloop 
  endfacet
  facet normal 0.000000E+000 0.000000E+000 -1.000000E+000
    outer loop 
      vertex -5.000000e-001 1.666667e-001 0.000000e+000
      vertex -5.000000e-001 3.333333e-001 0.000000e+000
      vertex -3.758429e-001 2.112186e-001 0.000000e+000
    endloop 
  endfacet
  facet normal 0.000000E+000 0.000000E+000 -1.000000E+000
    outer loop 
      vertex 3.782346e-001 -2.876811e-001 0.000000e+000
      vertex 3.952537e-001 -4.042868e-001 0.000000e+000
      vertex 2.567876e-001 -3.806878e-001 0.000000e+000
    endloop 
  endfacet
  facet normal 0.000000E+000 0.000000E+000 -1.000000E+000
    outer loop 
      vertex 5.000000e-001 -3.333333e-001 0.000000e+000
      vertex 3.952537e-001 -4.042868e-001 0.000000e+000
      vertex 3.782346e-001 -2.876811e-001 0.000000e+000
    endloop 
  endfacet
  facet normal 0.000000E+000 0.000000E+000 -1.000000E+000
    outer loop 
      vertex 2.407040e-001 -2.523085e-001 0.000000e+000
      vertex 3.782346e-001 -2.876811e-001 0.000000e+000
      vertex 2.567876e-001 -3.806878e-001 0.000000e+000
    endloop 
  endfacet
  facet normal 0.000000E+000 0.000000E+000 -1.000000E+000
    outer loop 
      vertex 5.000000e-001 -3.333333e-001 0.000000e+000
      vertex 3.782346e-001 -2.876811e-001 0.000000e+000
      vertex 5.000000e-001 -1.666667e-001 0.000000e+000
    endloop 
  endfacet
  facet normal 0.000000E+000 0.000000E+000 -1.000000E+000
    outer loop 
      vertex -5.000000e-001 -1.666667e-001 0.000000e+000
      vertex -3.789835e-001 -8.326499e-002 0.000000e+000
      vertex -3.818465e-001 -2.199804e-001 0.000000e+000
    endloop 
  endfacet
  facet normal 0.000000E+000 0.000000E+000 -1.000000E+000
    outer loop 
      vertex -5.000000e-001 -3.333333e-001 0.000000e+000
      vertex -5.000000e-001 -1.666667e-001 0.000000e+000
      vertex -3.818465e-001 -2.199804e-001 0.000000e+000
    endloop 
  endfacet
  facet normal 0.000000E+000 0.000000E+000 1.000000E+000
    outer loop 
      vertex -3.058098e-001 3.391100e-001 4.000000e+000
      vertex -1.368323e-001 3.572343e-001 4.000000e+000
      vertex -2.146143e-001 4.779851e-001 4.000000e+000
    endloop 
  endfacet
  facet normal 0.000000E+000 0.000000E+000 1.000000E+000
    outer loop 
      vertex -3.058098e-001 3.391100e-001 4.000000e+000
      vertex -2.346575e-001 2.073732e-001 4.000000e+000
      vertex -1.368323e-001 3.572343e-001 4.000000e+000
    endloop 
  endfacet
  facet normal 0.000000E+000 0.000000E+000 1.000000E+000
    outer loop 
      vertex -3.058098e-001 3.391100e-001 4.000000e+000
      vertex -3.987287e-001 2.122779e-001 4.000000e+000
      vertex -2.346575e-001 2.073732e-001 4.000000e+000
    endloop 
  endfacet
  facet normal 0.000000E+000 0.000000E+000 1.000000E+000
    outer loop 
      vertex -3.900558e-001 4.578591e-001 4.000000e+000
      vertex -3.058098e-001 3.391100e-001 4.000000e+000
      vertex -2.146143e-001 4.779851e-001 4.000000e+000
    endloop 
  endfacet
  facet normal 0.000000E+000 0.000000E+000 -1.000000E+000
    outer loop 
      vertex 2.567876e-001 -3.806878e-001 0.000000e+000
      vertex 3.952537e-001 -4.042868e-001 0.000000e+000
      vertex 3.333333e-001 -5.000000e-001 0.000000e+000
    endloop 
  endfacet
  facet normal 0.000000E+000 0.000000E+000 -1.000000E+000
    outer loop 
      vertex 3.333333e-001 -5.000000e-001 0.000000e+000
      vertex 3.952537e-001 -4.042868e-001 0.000000e+000
      vertex 5.000000e-001 -5.000000e-001 0.000000e+000
    endloop 
  endfacet
  facet normal 0.000000E+000 0.000000E+000 -1.000000E+000
    outer loop 
      vertex 5.000000e-001 -5.000000e-001 0.000000e+000
      vertex 3.952537e-001 -4.042868e-001 0.000000e+000
      vertex 5.000000e-001 -3.333333e-001 0.000000e+000
    endloop 
  endfacet
  facet normal 0.000000E+000 0.000000E+000 1.000000E+000
    outer loop 
      vertex 4.867643e-001 2.079731e-001 4.000000e+000
      vertex 3.571112e-001 3.653303e-001 4.000000e+000
      vertex 3.115559e-001 1.729931e-001 4.000000e+000
    endloop 
  endfacet
  facet normal 0.000000E+000 0.000000E+000 1.000000E+000
    outer loop 
      vertex 3.571112e-001 3.653303e-001 4.000000e+000
      vertex 2.136309e-001 3.494952e-001 4.000000e+000
      vertex 3.115559e-001 1.729931e-001 4.000000e+000
    endloop 
  endfacet
  facet normal 0.000000E+000 0.000000E+000 1.000000E+000
    outer loop 
      vertex 4.867643e-001 2.079731e-001 4.000000e+000
      vertex 4.685908e-001 3.827349e-001 4.000000e+000
      vertex 3.571112e-001 3.653303e-001 4.000000e+000
    endloop 
  endfacet
  facet normal 0.000000E+000 0.000000E+000 1.000000E+000
    outer loop 
      vertex 4.685908e-001 3.827349e-001 4.000000e+000
      vertex 4.410307e-001 5.527878e-001 4.000000e+000
      vertex 3.571112e-001 3.653303e-001 4.000000e+000
    endloop 
  endfacet
  facet normal 0.000000E+000 0.000000E+000 1.000000E+000
    outer loop 
      vertex 2.857398e-001 5.286177e-001 4.000000e+000
      vertex 2.136309e-001 3.494952e-001 4.000000e+000
      vertex 3.571112e-001 3.653303e-001 4.000000e+000
    endloop 
  endfacet
  facet normal 0.000000E+000 0.000000E+000 1.000000E+000
    outer loop 
      vertex 4.410307e-001 5.527878e-001 4.000000e+000
      vertex 2.857398e-001 5.286177e-001 4.000000e+000
      vertex 3.571112e-001 3.653303e-001 4.000000e+000
    endloop 
  endfacet
  facet normal 0.000000E+000 0.000000E+000 -1.000000E+000
    outer loop 
      vertex 5.000000e-001 1.666667e-001 0.000000e+000
      vertex 3.779213e-001 8.281100e-002 0.000000e+000
      vertex 3.775123e-001 2.188884e-001 0.000000e+000
    endloop 
  endfacet
  facet normal 0.000000E+000 0.000000E+000 -1.000000E+000
    outer loop 
      vertex 5.000000e-001 3.333333e-001 0.000000e+000
      vertex 5.000000e-001 1.666667e-001 0.000000e+000
      vertex 3.775123e-001 2.188884e-001 0.000000e+000
    endloop 
  endfacet
  facet normal -8.280967E-001 -5.579816E-001 5.396530E-002
    outer loop 
      vertex -3.296436e-001 -3.931682e-001 1.559837e+000
      vertex -3.844637e-001 -3.234443e-001 1.439544e+000
      vertex -3.054734e-001 -4.422936e-001 1.422791e+000
    endloop 
  endfacet
  facet normal -8.003861E-001 -5.951253E-001 7.216695E-002
    outer loop 
      vertex -3.296436e-001 -3.931682e-001 1.559837e+000
      vertex -3.054734e-001 -4.422936e-001 1.422791e+000
      vertex -2.520924e-001 -5.003694e-001 1.535903e+000
    endloop 
  endfacet
  facet normal 3.239634E-001 -9.430374E-001 7.568498E-002
    outer loop 
      vertex 3.963453e-001 -3.889577e-001 8.436556e-001
      vertex 2.380411e-001 -4.470649e-001 7.972469e-001
      vertex 3.109314e-001 -4.317513e-001 6.760536e-001
    endloop 
  endfacet
  facet normal 2.558084E-001 -9.662054E-001 3.176656E-002
    outer loop 
      vertex 1.174342e-001 -4.855193e-001 5.988444e-001
      vertex 3.109314e-001 -4.317513e-001 6.760536e-001
      vertex 2.380411e-001 -4.470649e-001 7.972469e-001
    endloop 
  endfacet
  facet normal 2.766646E-001 -9.542107E-001 1.137484E-001
    outer loop 
      vertex 4.804010e-001 -3.779332e-001 7.153296e-001
      vertex 3.109314e-001 -4.317513e-001 6.760536e-001
      vertex 3.786849e-001 -4.271245e-001 5.500736e-001
    endloop 
  endfacet
  facet normal 2.797347E-001 -9.547277E-001 1.012098E-001
    outer loop 
      vertex 4.804010e-001 -3.779332e-001 7.153296e-001
      vertex 3.963453e-001 -3.889577e-001 8.436556e-001
      vertex 3.109314e-001 -4.317513e-001 6.760536e-001
    endloop 
  endfacet
  facet normal 2.149924E-001 -9.733436E-001 7.987770E-002
    outer loop 
      vertex 3.109314e-001 -4.317513e-001 6.760536e-001
      vertex 2.386853e-001 -4.591514e-001 5.366235e-001
      vertex 3.786849e-001 -4.271245e-001 5.500736e-001
    endloop 
  endfacet
  facet normal 2.433567E-001 -9.678168E-001 6.409455E-002
    outer loop 
      vertex 2.386853e-001 -4.591514e-001 5.366235e-001
      vertex 3.109314e-001 -4.317513e-001 6.760536e-001
      vertex 1.174342e-001 -4.855193e-001 5.988444e-001
    endloop 
  endfacet
  facet normal -8.622230E-001 -5.028364E-001 6.104956E-002
    outer loop 
      vertex -3.641760e-001 -3.812138e-001 1.167705e+000
      vertex -2.769246e-001 -5.182531e-001 1.271257e+000
      vertex -3.712552e-001 -3.527091e-001 1.302503e+000
    endloop 
  endfacet
  facet normal -8.792362E-001 -4.562514E-001 1.370344E-001
    outer loop 
      vertex -3.641760e-001 -3.812138e-001 1.167705e+000
      vertex -3.000444e-001 -5.232786e-001 1.106184e+000
      vertex -2.769246e-001 -5.182531e-001 1.271257e+000
    endloop 
  endfacet
  facet normal -9.064845E-001 -4.150982E-001 7.732659E-002
    outer loop 
      vertex -4.200664e-001 -2.818916e-001 1.045686e+000
      vertex -3.682277e-001 -3.943114e-001 1.049898e+000
      vertex -3.641760e-001 -3.812138e-001 1.167705e+000
    endloop 
  endfacet
  facet normal -8.951783E-001 -4.385526E-001 7.954537E-002
    outer loop 
      vertex -3.682277e-001 -3.943114e-001 1.049898e+000
      vertex -3.000444e-001 -5.232786e-001 1.106184e+000
      vertex -3.641760e-001 -3.812138e-001 1.167705e+000
    endloop 
  endfacet
  facet normal -8.836353E-001 -4.675518E-001 2.416389E-002
    outer loop 
      vertex -4.411970e-001 -2.350905e-001 1.178538e+000
      vertex -4.200664e-001 -2.818916e-001 1.045686e+000
      vertex -3.641760e-001 -3.812138e-001 1.167705e+000
    endloop 
  endfacet
  facet normal -8.817796E-001 -4.686968E-001 5.280326E-002
    outer loop 
      vertex -4.411970e-001 -2.350905e-001 1.178538e+000
      vertex -3.641760e-001 -3.812138e-001 1.167705e+000
      vertex -3.712552e-001 -3.527091e-001 1.302503e+000
    endloop 
  endfacet
  facet normal -4.926427E-001 8.678734E-001 6.402431E-002
    outer loop 
      vertex -3.695267e-001 3.539568e-001 1.365433e+000
      vertex -3.746454e-001 3.654504e-001 1.170248e+000
      vertex -5.187163e-001 2.778227e-001 1.249503e+000
    endloop 
  endfacet
  facet normal -4.584447E-001 8.780338E-001 1.374231E-001
    outer loop 
      vertex -3.746454e-001 3.654504e-001 1.170248e+000
      vertex -5.171812e-001 3.049308e-001 1.081423e+000
      vertex -5.187163e-001 2.778227e-001 1.249503e+000
    endloop 
  endfacet
  facet normal -4.250328E-001 9.018853E-001 7.713643E-002
    outer loop 
      vertex -3.745562e-001 3.793091e-001 1.008702e+000
      vertex -3.746454e-001 3.654504e-001 1.170248e+000
      vertex -2.420152e-001 4.360343e-001 1.075787e+000
    endloop 
  endfacet
  facet normal -4.299042E-001 8.995905E-001 7.693687E-002
    outer loop 
      vertex -5.171812e-001 3.049308e-001 1.081423e+000
      vertex -3.746454e-001 3.654504e-001 1.170248e+000
      vertex -3.745562e-001 3.793091e-001 1.008702e+000
    endloop 
  endfacet
  facet normal -4.659588E-001 8.847796E-001 6.891381E-003
    outer loop 
      vertex -2.332392e-001 4.393910e-001 1.238208e+000
      vertex -2.420152e-001 4.360343e-001 1.075787e+000
      vertex -3.746454e-001 3.654504e-001 1.170248e+000
    endloop 
  endfacet
  facet normal -4.864258E-001 8.713697E-001 6.406716E-002
    outer loop 
      vertex -3.695267e-001 3.539568e-001 1.365433e+000
      vertex -2.332392e-001 4.393910e-001 1.238208e+000
      vertex -3.746454e-001 3.654504e-001 1.170248e+000
    endloop 
  endfacet
  facet normal 5.136299E-001 -8.568412E-001 4.480517E-002
    outer loop 
      vertex 4.496633e-001 -3.144928e-001 1.302256e+000
      vertex 3.259623e-001 -3.873460e-001 1.327093e+000
      vertex 3.485255e-001 -3.818431e-001 1.173673e+000
    endloop 
  endfacet
  facet normal 4.792798E-001 -8.767936E-001 3.903772E-002
    outer loop 
      vertex 2.400561e-001 -4.397996e-001 1.203678e+000
      vertex 3.485255e-001 -3.818431e-001 1.173673e+000
      vertex 3.259623e-001 -3.873460e-001 1.327093e+000
    endloop 
  endfacet
  facet normal 4.244096E-001 -9.035405E-001 5.908605E-002
    outer loop 
      vertex 2.202094e-001 -4.491305e-001 1.066400e+000
      vertex 3.364120e-001 -3.996918e-001 9.877425e-001
      vertex 3.485255e-001 -3.818431e-001 1.173673e+000
    endloop 
  endfacet
  facet normal 4.488608E-001 -8.918222E-001 5.636810E-002
    outer loop 
      vertex 4.590042e-001 -3.287702e-001 1.133616e+000
      vertex 3.485255e-001 -3.818431e-001 1.173673e+000
      vertex 3.364120e-001 -3.996918e-001 9.877425e-001
    endloop 
  endfacet
  facet normal 4.695499E-001 -8.828708E-001 -7.874371E-003
    outer loop 
      vertex 2.202094e-001 -4.491305e-001 1.066400e+000
      vertex 3.485255e-001 -3.818431e-001 1.173673e+000
      vertex 2.400561e-001 -4.397996e-001 1.203678e+000
    endloop 
  endfacet
  facet normal 4.601164E-001 -8.821894E-001 1.001736E-001
    outer loop 
      vertex 4.590042e-001 -3.287702e-001 1.133616e+000
      vertex 4.496633e-001 -3.144928e-001 1.302256e+000
      vertex 3.485255e-001 -3.818431e-001 1.173673e+000
    endloop 
  endfacet
  facet normal -9.539333E-001 -2.969228E-001 -4.298936E-002
    outer loop 
      vertex -5.044885e-001 -7.662737e-002 8.638408e-001
      vertex -5.266607e-001 1.690689e-002 7.098111e-001
      vertex -4.859811e-001 -1.201947e-001 7.540761e-001
    endloop 
  endfacet
  facet normal -9.545146E-001 -2.956617E-001 -3.854923E-002
    outer loop 
      vertex -5.065236e-001 -3.761007e-002 6.293268e-001
      vertex -4.859811e-001 -1.201947e-001 7.540761e-001
      vertex -5.266607e-001 1.690689e-002 7.098111e-001
    endloop 
  endfacet
  facet normal -9.377823E-001 -3.398122E-001 -7.135878E-002
    outer loop 
      vertex -5.044885e-001 -7.662737e-002 8.638408e-001
      vertex -5.480126e-001 5.330831e-002 8.170686e-001
      vertex -5.266607e-001 1.690689e-002 7.098111e-001
    endloop 
  endfacet
  facet normal -9.663002E-001 -2.462621E-001 -7.495935E-002
    outer loop 
      vertex -5.065236e-001 -3.761007e-002 6.293268e-001
      vertex -5.266607e-001 1.690689e-002 7.098111e-001
      vertex -5.322480e-001 8.239617e-002 5.666863e-001
    endloop 
  endfacet
  facet normal -9.561754E-001 -2.785742E-001 -9.013958E-002
    outer loop 
      vertex -5.718310e-001 1.782568e-001 6.903169e-001
      vertex -5.322480e-001 8.239617e-002 5.666863e-001
      vertex -5.266607e-001 1.690689e-002 7.098111e-001
    endloop 
  endfacet
  facet normal -9.555176E-001 -2.790394E-001 -9.551463E-002
    outer loop 
      vertex -5.266607e-001 1.690689e-002 7.098111e-001
      vertex -5.480126e-001 5.330831e-002 8.170686e-001
      vertex -5.718310e-001 1.782568e-001 6.903169e-001
    endloop 
  endfacet
  facet normal -6.277165E-001 -7.634259E-001 1.521608E-001
    outer loop 
      vertex 6.028485e-002 -7.057662e-001 2.079286e+000
      vertex 2.602577e-003 -6.277683e-001 2.232659e+000
      vertex -4.974240e-002 -6.209865e-001 2.050744e+000
    endloop 
  endfacet
  facet normal -6.091552E-001 -7.794543E-001 1.462224E-001
    outer loop 
      vertex 2.602577e-003 -6.277683e-001 2.232659e+000
      vertex -1.422064e-001 -5.283922e-001 2.159128e+000
      vertex -4.974240e-002 -6.209865e-001 2.050744e+000
    endloop 
  endfacet
  facet normal -6.776266E-001 -7.192227E-001 1.534305E-001
    outer loop 
      vertex 1.262701e-002 -7.078183e-001 1.919165e+000
      vertex -4.974240e-002 -6.209865e-001 2.050744e+000
      vertex -9.427640e-002 -6.161927e-001 1.876531e+000
    endloop 
  endfacet
  facet normal -6.687881E-001 -7.279716E-001 1.509304E-001
    outer loop 
      vertex -4.974240e-002 -6.209865e-001 2.050744e+000
      vertex -1.717215e-001 -5.255389e-001 1.970608e+000
      vertex -9.427640e-002 -6.161927e-001 1.876531e+000
    endloop 
  endfacet
  facet normal -6.299570E-001 -7.511960E-001 1.971261E-001
    outer loop 
      vertex 1.262701e-002 -7.078183e-001 1.919165e+000
      vertex 6.028485e-002 -7.057662e-001 2.079286e+000
      vertex -4.974240e-002 -6.209865e-001 2.050744e+000
    endloop 
  endfacet
  facet normal -6.498597E-001 -7.546684E-001 9.032129E-002
    outer loop 
      vertex -1.422064e-001 -5.283922e-001 2.159128e+000
      vertex -1.717215e-001 -5.255389e-001 1.970608e+000
      vertex -4.974240e-002 -6.209865e-001 2.050744e+000
    endloop 
  endfacet
  facet normal -5.848518E-002 9.891818E-001 1.345325E-001
    outer loop 
      vertex -3.486578e-001 4.865137e-001 1.097057e-001
      vertex -3.814350e-001 4.635706e-001 2.641516e-001
      vertex -1.756283e-001 4.885512e-001 1.699455e-001
    endloop 
  endfacet
  facet normal -3.142452E-002 9.896048E-001 1.403382E-001
    outer loop 
      vertex -3.486578e-001 4.865137e-001 1.097057e-001
      vertex -5.224509e-001 4.733773e-001 1.634228e-001
      vertex -3.814350e-001 4.635706e-001 2.641516e-001
    endloop 
  endfacet
  facet normal -1.227859E-001 9.811533E-001 1.492037E-001
    outer loop 
      vertex -4.289572e-001 4.326571e-001 4.283283e-001
      vertex -3.814350e-001 4.635706e-001 2.641516e-001
      vertex -5.552324e-001 4.330303e-001 3.219573e-001
    endloop 
  endfacet
  facet normal -1.391004E-001 9.797214E-001 1.442118E-001
    outer loop 
      vertex -3.814350e-001 4.635706e-001 2.641516e-001
      vertex -4.289572e-001 4.326571e-001 4.283283e-001
      vertex -2.558292e-001 4.671837e-001 3.607591e-001
    endloop 
  endfacet
  facet normal -8.625658E-002 9.934464E-001 7.499272E-002
    outer loop 
      vertex -3.814350e-001 4.635706e-001 2.641516e-001
      vertex -2.558292e-001 4.671837e-001 3.607591e-001
      vertex -1.756283e-001 4.885512e-001 1.699455e-001
    endloop 
  endfacet
  facet normal -9.479520E-002 9.692532E-001 2.270729E-001
    outer loop 
      vertex -3.814350e-001 4.635706e-001 2.641516e-001
      vertex -5.224509e-001 4.733773e-001 1.634228e-001
      vertex -5.552324e-001 4.330303e-001 3.219573e-001
    endloop 
  endfacet
  facet normal 5.473469E-002 -9.912851E-001 1.198244E-001
    outer loop 
      vertex 3.466561e-001 -4.852471e-001 1.145542e-001
      vertex 3.509594e-001 -4.656384e-001 2.748074e-001
      vertex 1.663718e-001 -4.906403e-001 1.522889e-001
    endloop 
  endfacet
  facet normal 3.966043E-002 -9.919438E-001 1.203098E-001
    outer loop 
      vertex 3.466561e-001 -4.852471e-001 1.145542e-001
      vertex 5.225233e-001 -4.724180e-001 1.623542e-001
      vertex 3.509594e-001 -4.656384e-001 2.748074e-001
    endloop 
  endfacet
  facet normal 1.619823E-001 -9.789754E-001 1.239718E-001
    outer loop 
      vertex 4.379348e-001 -4.323474e-001 4.240561e-001
      vertex 2.722228e-001 -4.609370e-001 4.148111e-001
      vertex 3.509594e-001 -4.656384e-001 2.748074e-001
    endloop 
  endfacet
  facet normal 1.065680E-001 -9.899301E-001 9.317518E-002
    outer loop 
      vertex 3.509594e-001 -4.656384e-001 2.748074e-001
      vertex 2.722228e-001 -4.609370e-001 4.148111e-001
      vertex 1.753667e-001 -4.821828e-001 2.998654e-001
    endloop 
  endfacet
  facet normal 1.183769E-001 -9.815792E-001 1.499638E-001
    outer loop 
      vertex 5.552857e-001 -4.340648e-001 3.201815e-001
      vertex 4.379348e-001 -4.323474e-001 4.240561e-001
      vertex 3.509594e-001 -4.656384e-001 2.748074e-001
    endloop 
  endfacet
  facet normal 1.008661E-001 -9.936025E-001 5.079523E-002
    outer loop 
      vertex 1.753667e-001 -4.821828e-001 2.998654e-001
      vertex 1.663718e-001 -4.906403e-001 1.522889e-001
      vertex 3.509594e-001 -4.656384e-001 2.748074e-001
    endloop 
  endfacet
  facet normal 1.023937E-001 -9.712816E-001 2.147729E-001
    outer loop 
      vertex 5.552857e-001 -4.340648e-001 3.201815e-001
      vertex 3.509594e-001 -4.656384e-001 2.748074e-001
      vertex 5.225233e-001 -4.724180e-001 1.623542e-001
    endloop 
  endfacet
  facet normal -9.823694E-001 -5.909360E-002 -1.773648E-001
    outer loop 
      vertex -5.226903e-001 4.685416e-001 3.837421e+000
      vertex -4.974062e-001 3.798718e-001 3.726923e+000
      vertex -5.170395e-001 2.878475e-001 3.866326e+000
    endloop 
  endfacet
  facet normal -9.905866E-001 4.068058E-003 -1.368271E-001
    outer loop 
      vertex -4.974062e-001 3.798718e-001 3.726923e+000
      vertex -4.947865e-001 2.224474e-001 3.703276e+000
      vertex -5.170395e-001 2.878475e-001 3.866326e+000
    endloop 
  endfacet
  facet normal -9.864839E-001 3.750098E-002 -1.595095E-001
    outer loop 
      vertex -4.974062e-001 3.798718e-001 3.726923e+000
      vertex -4.850489e-001 5.039116e-001 3.679661e+000
      vertex -4.715065e-001 3.693612e-001 3.564276e+000
    endloop 
  endfacet
  facet normal -9.874588E-001 7.256953E-003 -1.577103E-001
    outer loop 
      vertex -4.947865e-001 2.224474e-001 3.703276e+000
      vertex -4.974062e-001 3.798718e-001 3.726923e+000
      vertex -4.715065e-001 3.693612e-001 3.564276e+000
    endloop 
  endfacet
  facet normal -9.731210E-001 9.270359E-003 -2.301076E-001
    outer loop 
      vertex -5.226903e-001 4.685416e-001 3.837421e+000
      vertex -4.850489e-001 5.039116e-001 3.679661e+000
      vertex -4.974062e-001 3.798718e-001 3.726923e+000
    endloop 
  endfacet
  facet normal 9.929395E-001 -4.049724E-002 1.114956E-001
    outer loop 
      vertex 5.160219e-001 2.095460e-001 3.595644e+000
      vertex 5.156960e-001 3.486708e-001 3.649079e+000
      vertex 5.023838e-001 2.631885e-001 3.736584e+000
    endloop 
  endfacet
  facet normal 9.938580E-001 -7.426125E-002 8.204630E-002
    outer loop 
      vertex 5.160219e-001 2.095460e-001 3.595644e+000
      vertex 5.065929e-001 6.395543e-002 3.578086e+000
      vertex 5.251783e-001 1.354520e-001 3.417666e+000
    endloop 
  endfacet
  facet normal -1.548961E-001 -9.766145E-001 1.491017E-001
    outer loop 
      vertex 3.010095e-001 -5.458174e-001 3.470686e+000
      vertex 2.602629e-001 -5.639504e-001 3.309585e+000
      vertex 4.104740e-001 -5.800433e-001 3.360226e+000
    endloop 
  endfacet
  facet normal -1.463084E-001 -9.782391E-001 1.471125E-001
    outer loop 
      vertex 2.602629e-001 -5.639504e-001 3.309585e+000
      vertex 3.010095e-001 -5.458174e-001 3.470686e+000
      vertex 1.506109e-001 -5.348203e-001 3.394236e+000
    endloop 
  endfacet
  facet normal -1.191861E-001 -9.885753E-001 9.226869E-002
    outer loop 
      vertex 1.506109e-001 -5.348203e-001 3.394236e+000
      vertex 3.010095e-001 -5.458174e-001 3.470686e+000
      vertex 1.799932e-001 -5.214885e-001 3.575028e+000
    endloop 
  endfacet
  facet normal -1.011987E-001 -9.742308E-001 2.015765E-001
    outer loop 
      vertex 4.490491e-001 -5.510119e-001 3.519902e+000
      vertex 3.010095e-001 -5.458174e-001 3.470686e+000
      vertex 4.104740e-001 -5.800433e-001 3.360226e+000
    endloop 
  endfacet
  facet normal 9.367284E-001 -3.396311E-001 -8.479770E-002
    outer loop 
      vertex 3.902563e-001 -3.777198e-001 2.841434e+000
      vertex 4.101060e-001 -3.623604e-001 2.999190e+000
      vertex 3.523436e-001 -5.038868e-001 2.927951e+000
    endloop 
  endfacet
  facet normal 9.394678E-001 -3.104193E-001 -1.450521E-001
    outer loop 
      vertex 3.523436e-001 -5.038868e-001 2.927951e+000
      vertex 4.101060e-001 -3.623604e-001 2.999190e+000
      vertex 3.857566e-001 -4.812626e-001 3.095942e+000
    endloop 
  endfacet
  facet normal 9.178573E-001 -3.715467E-001 -1.396099E-001
    outer loop 
      vertex 3.196523e-001 -5.257889e-001 2.771312e+000
      vertex 3.902563e-001 -3.777198e-001 2.841434e+000
      vertex 3.523436e-001 -5.038868e-001 2.927951e+000
    endloop 
  endfacet
  facet normal 9.216923E-001 -3.610455E-001 -1.418786E-001
    outer loop 
      vertex 3.196523e-001 -5.257889e-001 2.771312e+000
      vertex 3.523436e-001 -5.038868e-001 2.927951e+000
      vertex 2.879561e-001 -6.497356e-001 2.880816e+000
    endloop 
  endfacet
  facet normal 9.429879E-001 -2.984236E-001 -1.473678E-001
    outer loop 
      vertex 3.523436e-001 -5.038868e-001 2.927951e+000
      vertex 3.857566e-001 -4.812626e-001 3.095942e+000
      vertex 3.303980e-001 -6.288275e-001 3.040532e+000
    endloop 
  endfacet
  facet normal 9.186281E-001 -3.410837E-001 -1.994599E-001
    outer loop 
      vertex 3.523436e-001 -5.038868e-001 2.927951e+000
      vertex 3.303980e-001 -6.288275e-001 3.040532e+000
      vertex 2.879561e-001 -6.497356e-001 2.880816e+000
    endloop 
  endfacet
  facet normal -1.920584E-001 9.693165E-001 1.534248E-001
    outer loop 
      vertex -5.832314e-001 3.936921e-001 4.813823e-001
      vertex -4.710658e-001 3.979282e-001 5.950290e-001
      vertex -4.289572e-001 4.326571e-001 4.283283e-001
    endloop 
  endfacet
  facet normal -2.759582E-001 9.495099E-001 1.492582E-001
    outer loop 
      vertex -4.918710e-001 3.664502e-001 7.568111e-001
      vertex -3.592759e-001 4.151765e-001 6.919876e-001
      vertex -4.710658e-001 3.979282e-001 5.950290e-001
    endloop 
  endfacet
  facet normal -2.607519E-001 9.533704E-001 1.519649E-001
    outer loop 
      vertex -6.090525e-001 3.529736e-001 6.402898e-001
      vertex -4.918710e-001 3.664502e-001 7.568111e-001
      vertex -4.710658e-001 3.979282e-001 5.950290e-001
    endloop 
  endfacet
  facet normal -2.422234E-001 9.485940E-001 2.037084E-001
    outer loop 
      vertex -6.090525e-001 3.529736e-001 6.402898e-001
      vertex -4.710658e-001 3.979282e-001 5.950290e-001
      vertex -5.832314e-001 3.936921e-001 4.813823e-001
    endloop 
  endfacet
  facet normal 1.940056E-001 -9.676923E-001 1.610385E-001
    outer loop 
      vertex 4.379348e-001 -4.323474e-001 4.240561e-001
      vertex 5.842935e-001 -3.935948e-001 4.806024e-001
      vertex 5.060256e-001 -3.963385e-001 5.584064e-001
    endloop 
  endfacet
  facet normal 2.235290E-001 -9.638449E-001 1.450444E-001
    outer loop 
      vertex 4.379348e-001 -4.323474e-001 4.240561e-001
      vertex 5.060256e-001 -3.963385e-001 5.584064e-001
      vertex 3.786849e-001 -4.271245e-001 5.500736e-001
    endloop 
  endfacet
  facet normal 2.742007E-001 -9.489232E-001 1.560729E-001
    outer loop 
      vertex 4.804010e-001 -3.779332e-001 7.153296e-001
      vertex 5.060256e-001 -3.963385e-001 5.584064e-001
      vertex 6.095334e-001 -3.530222e-001 6.399190e-001
    endloop 
  endfacet
  facet normal 2.231054E-001 -9.632756E-001 1.494127E-001
    outer loop 
      vertex 5.060256e-001 -3.963385e-001 5.584064e-001
      vertex 4.804010e-001 -3.779332e-001 7.153296e-001
      vertex 3.786849e-001 -4.271245e-001 5.500736e-001
    endloop 
  endfacet
  facet normal 2.365173E-001 -9.498774E-001 2.044319E-001
    outer loop 
      vertex 5.060256e-001 -3.963385e-001 5.584064e-001
      vertex 5.842935e-001 -3.935948e-001 4.806024e-001
      vertex 6.095334e-001 -3.530222e-001 6.399190e-001
    endloop 
  endfacet
  facet normal 9.492566E-001 3.144707E-001 -4.490249E-003
    outer loop 
      vertex 4.707458e-001 1.646036e-001 8.971504e-001
      vertex 5.132214e-001 3.451493e-002 7.660086e-001
      vertex 4.530921e-001 2.164033e-001 7.928312e-001
    endloop 
  endfacet
  facet normal 9.293243E-001 3.642962E-001 -6.037147E-002
    outer loop 
      vertex 4.707458e-001 1.646036e-001 8.971504e-001
      vertex 5.184204e-001 5.592826e-002 9.752525e-001
      vertex 5.132214e-001 3.451493e-002 7.660086e-001
    endloop 
  endfacet
  facet normal 9.497012E-001 3.131042E-001 5.773448E-003
    outer loop 
      vertex 4.773574e-001 1.456973e-001 6.358243e-001
      vertex 4.530921e-001 2.164033e-001 7.928312e-001
      vertex 5.132214e-001 3.451493e-002 7.660086e-001
    endloop 
  endfacet
  facet normal 9.426335E-001 3.078765E-001 -1.290516E-001
    outer loop 
      vertex 5.755695e-001 -1.149722e-001 8.647892e-001
      vertex 5.622320e-001 -1.599227e-001 6.601301e-001
      vertex 5.132214e-001 3.451493e-002 7.660086e-001
    endloop 
  endfacet
  facet normal 9.346046E-001 3.507414E-001 -5.911551E-002
    outer loop 
      vertex 5.755695e-001 -1.149722e-001 8.647892e-001
      vertex 5.132214e-001 3.451493e-002 7.660086e-001
      vertex 5.184204e-001 5.592826e-002 9.752525e-001
    endloop 
  endfacet
  facet normal -9.807214E-001 1.934005E-001 -2.796077E-002
    outer loop 
      vertex -4.691772e-001 1.686806e-001 3.143738e+000
      vertex -4.950654e-001 5.749562e-002 3.282713e+000
      vertex -4.659632e-001 2.050086e-001 3.282282e+000
    endloop 
  endfacet
  facet normal -9.684048E-001 2.458226E-001 -4.199228E-002
    outer loop 
      vertex -4.304106e-001 3.240424e-001 3.159209e+000
      vertex -4.691772e-001 1.686806e-001 3.143738e+000
      vertex -4.659632e-001 2.050086e-001 3.282282e+000
    endloop 
  endfacet
  facet normal -9.809115E-001 1.934623E-001 -1.962435E-002
    outer loop 
      vertex -4.950654e-001 5.749562e-002 3.282713e+000
      vertex -4.843981e-001 1.242068e-001 3.407171e+000
      vertex -4.659632e-001 2.050086e-001 3.282282e+000
    endloop 
  endfacet
  facet normal -9.783396E-001 1.894862E-001 -8.334661E-002
    outer loop 
      vertex -4.429842e-001 3.296873e-001 3.296003e+000
      vertex -4.659632e-001 2.050086e-001 3.282282e+000
      vertex -4.645067e-001 2.723337e-001 3.418247e+000
    endloop 
  endfacet
  facet normal -9.767653E-001 1.907705E-001 -9.765294E-002
    outer loop 
      vertex -4.659632e-001 2.050086e-001 3.282282e+000
      vertex -4.429842e-001 3.296873e-001 3.296003e+000
      vertex -4.304106e-001 3.240424e-001 3.159209e+000
    endloop 
  endfacet
  facet normal -9.889024E-001 1.370789E-001 -5.728319E-002
    outer loop 
      vertex -4.843981e-001 1.242068e-001 3.407171e+000
      vertex -4.645067e-001 2.723337e-001 3.418247e+000
      vertex -4.659632e-001 2.050086e-001 3.282282e+000
    endloop 
  endfacet
  facet normal -9.186417E-001 -3.926570E-001 -4.379190E-002
    outer loop 
      vertex -4.824668e-001 -1.461286e-001 1.025061e+000
      vertex -5.430321e-001 1.880914e-003 9.684473e-001
      vertex -5.044885e-001 -7.662737e-002 8.638408e-001
    endloop 
  endfacet
  facet normal -9.349371E-001 -3.441908E-001 -8.617053E-002
    outer loop 
      vertex -5.480126e-001 5.330831e-002 8.170686e-001
      vertex -5.044885e-001 -7.662737e-002 8.638408e-001
      vertex -5.430321e-001 1.880914e-003 9.684473e-001
    endloop 
  endfacet
  facet normal -9.126552E-001 -4.019062E-001 -7.437719E-002
    outer loop 
      vertex -4.824668e-001 -1.461286e-001 1.025061e+000
      vertex -5.274009e-001 -7.137299e-002 1.172479e+000
      vertex -5.430321e-001 1.880914e-003 9.684473e-001
    endloop 
  endfacet
  facet normal -9.004451E-001 -4.267368E-001 -8.422763E-002
    outer loop 
      vertex -5.274009e-001 -7.137299e-002 1.172479e+000
      vertex -5.997660e-001 1.052675e-001 1.051162e+000
      vertex -5.430321e-001 1.880914e-003 9.684473e-001
    endloop 
  endfacet
  facet normal -9.120741E-001 -3.826496E-001 -1.473092E-001
    outer loop 
      vertex -5.997660e-001 1.052675e-001 1.051162e+000
      vertex -5.913568e-001 1.545416e-001 8.711019e-001
      vertex -5.430321e-001 1.880914e-003 9.684473e-001
    endloop 
  endfacet
  facet normal -9.319225E-001 -3.516194E-001 -8.879339E-002
    outer loop 
      vertex -5.913568e-001 1.545416e-001 8.711019e-001
      vertex -5.480126e-001 5.330831e-002 8.170686e-001
      vertex -5.430321e-001 1.880914e-003 9.684473e-001
    endloop 
  endfacet
  facet normal -9.504298E-001 -3.106289E-001 1.388363E-002
    outer loop 
      vertex -4.859811e-001 -1.201947e-001 7.540761e-001
      vertex -4.387852e-001 -2.632256e-001 7.848209e-001
      vertex -4.561183e-001 -2.049741e-001 9.015579e-001
    endloop 
  endfacet
  facet normal -9.499904E-001 -3.122257E-001 5.780818E-003
    outer loop 
      vertex -4.755474e-001 -1.540177e-001 6.419023e-001
      vertex -4.387852e-001 -2.632256e-001 7.848209e-001
      vertex -4.859811e-001 -1.201947e-001 7.540761e-001
    endloop 
  endfacet
  facet normal -9.340814E-001 -3.567053E-001 -1.591352E-002
    outer loop 
      vertex -5.044885e-001 -7.662737e-002 8.638408e-001
      vertex -4.859811e-001 -1.201947e-001 7.540761e-001
      vertex -4.561183e-001 -2.049741e-001 9.015579e-001
    endloop 
  endfacet
  facet normal -9.659801E-001 -2.583401E-001 -1.195417E-002
    outer loop 
      vertex -4.859811e-001 -1.201947e-001 7.540761e-001
      vertex -5.065236e-001 -3.761007e-002 6.293268e-001
      vertex -4.755474e-001 -1.540177e-001 6.419023e-001
    endloop 
  endfacet
  facet normal -2.199575E-001 -9.637468E-001 1.510322E-001
    outer loop 
      vertex 2.287129e-001 -5.794742e-001 3.164579e+000
      vertex 2.602629e-001 -5.639504e-001 3.309585e+000
      vertex 1.050772e-001 -5.427437e-001 3.218900e+000
    endloop 
  endfacet
  facet normal -2.142668E-001 -9.651968E-001 1.499493E-001
    outer loop 
      vertex 2.602629e-001 -5.639504e-001 3.309585e+000
      vertex 2.287129e-001 -5.794742e-001 3.164579e+000
      vertex 3.715094e-001 -6.055959e-001 3.200484e+000
    endloop 
  endfacet
  facet normal -1.879593E-001 -9.777642E-001 9.299682E-002
    outer loop 
      vertex 1.050772e-001 -5.427437e-001 3.218900e+000
      vertex 2.602629e-001 -5.639504e-001 3.309585e+000
      vertex 1.506109e-001 -5.348203e-001 3.394236e+000
    endloop 
  endfacet
  facet normal -1.695052E-001 -9.658732E-001 1.958491E-001
    outer loop 
      vertex 4.104740e-001 -5.800433e-001 3.360226e+000
      vertex 2.602629e-001 -5.639504e-001 3.309585e+000
      vertex 3.715094e-001 -6.055959e-001 3.200484e+000
    endloop 
  endfacet
  facet normal 3.130459E-001 -9.496232E-001 -1.476474E-002
    outer loop 
      vertex 6.476179e-002 -5.031991e-001 7.337155e-001
      vertex 2.380411e-001 -4.470649e-001 7.972469e-001
      vertex 1.548949e-001 -4.761539e-001 9.052765e-001
    endloop 
  endfacet
  facet normal 3.094435E-001 -9.509102E-001 -3.802205E-003
    outer loop 
      vertex 6.476179e-002 -5.031991e-001 7.337155e-001
      vertex 1.174342e-001 -4.855193e-001 5.988444e-001
      vertex 2.380411e-001 -4.470649e-001 7.972469e-001
    endloop 
  endfacet
  facet normal 3.733185E-001 -9.269355E-001 3.773387E-002
    outer loop 
      vertex 1.548949e-001 -4.761539e-001 9.052765e-001
      vertex 2.380411e-001 -4.470649e-001 7.972469e-001
      vertex 3.364120e-001 -3.996918e-001 9.877425e-001
    endloop 
  endfacet
  facet normal 3.268055E-001 -9.428053E-001 6.569948E-002
    outer loop 
      vertex 3.963453e-001 -3.889577e-001 8.436556e-001
      vertex 3.364120e-001 -3.996918e-001 9.877425e-001
      vertex 2.380411e-001 -4.470649e-001 7.972469e-001
    endloop 
  endfacet
  facet normal -5.309325E-001 8.367995E-001 1.337061E-001
    outer loop 
      vertex -5.187163e-001 2.778227e-001 1.249503e+000
      vertex -5.512761e-001 2.318534e-001 1.407911e+000
      vertex -3.695267e-001 3.539568e-001 1.365433e+000
    endloop 
  endfacet
  facet normal -5.074838E-001 8.498288E-001 1.423069E-001
    outer loop 
      vertex -5.512761e-001 2.318534e-001 1.407911e+000
      vertex -5.187163e-001 2.778227e-001 1.249503e+000
      vertex -6.811774e-001 1.754067e-001 1.281755e+000
    endloop 
  endfacet
  facet normal -4.933503E-001 8.461180E-001 2.017171E-001
    outer loop 
      vertex -5.187163e-001 2.778227e-001 1.249503e+000
      vertex -6.679291e-001 2.212852e-001 1.121716e+000
      vertex -6.811774e-001 1.754067e-001 1.281755e+000
    endloop 
  endfacet
  facet normal -4.520862E-001 8.812348E-001 1.379974E-001
    outer loop 
      vertex -5.171812e-001 3.049308e-001 1.081423e+000
      vertex -6.679291e-001 2.212852e-001 1.121716e+000
      vertex -5.187163e-001 2.778227e-001 1.249503e+000
    endloop 
  endfacet
  facet normal -8.257142E-001 -5.510343E-001 1.206539E-001
    outer loop 
      vertex -2.169704e-001 -5.752904e-001 1.421070e+000
      vertex -3.054734e-001 -4.422936e-001 1.422791e+000
      vertex -2.769246e-001 -5.182531e-001 1.271257e+000
    endloop 
  endfacet
  facet normal -8.487554E-001 -5.081751E-001 1.461923E-001
    outer loop 
      vertex -1.765963e-001 -6.833856e-001 1.279725e+000
      vertex -2.169704e-001 -5.752904e-001 1.421070e+000
      vertex -2.769246e-001 -5.182531e-001 1.271257e+000
    endloop 
  endfacet
  facet normal -8.575737E-001 -5.060481E-001 9.210135E-002
    outer loop 
      vertex -3.712552e-001 -3.527091e-001 1.302503e+000
      vertex -2.769246e-001 -5.182531e-001 1.271257e+000
      vertex -3.054734e-001 -4.422936e-001 1.422791e+000
    endloop 
  endfacet
  facet normal -8.416131E-001 -5.009871E-001 2.017405E-001
    outer loop 
      vertex -2.769246e-001 -5.182531e-001 1.271257e+000
      vertex -2.232396e-001 -6.694943e-001 1.119637e+000
      vertex -1.765963e-001 -6.833856e-001 1.279725e+000
    endloop 
  endfacet
  facet normal -8.820583E-001 -4.507023E-001 1.372607E-001
    outer loop 
      vertex -3.000444e-001 -5.232786e-001 1.106184e+000
      vertex -2.232396e-001 -6.694943e-001 1.119637e+000
      vertex -2.769246e-001 -5.182531e-001 1.271257e+000
    endloop 
  endfacet
  facet normal 3.615560E-001 9.201045E-001 -1.506154E-001
    outer loop 
      vertex 5.416027e-001 3.025946e-001 2.770041e+000
      vertex 5.192314e-001 3.391005e-001 2.939351e+000
      vertex 6.438828e-001 2.807792e-001 2.882297e+000
    endloop 
  endfacet
  facet normal 3.725899E-001 9.160718E-001 -1.482879E-001
    outer loop 
      vertex 5.192314e-001 3.391005e-001 2.939351e+000
      vertex 5.416027e-001 3.025946e-001 2.770041e+000
      vertex 4.146414e-001 3.654269e-001 2.839192e+000
    endloop 
  endfacet
  facet normal 3.077586E-001 9.394021E-001 -1.510240E-001
    outer loop 
      vertex 5.192314e-001 3.391005e-001 2.939351e+000
      vertex 3.786761e-001 3.965327e-001 3.010166e+000
      vertex 4.879534e-001 3.769163e-001 3.110835e+000
    endloop 
  endfacet
  facet normal 3.324451E-001 9.377341E-001 -1.006731E-001
    outer loop 
      vertex 4.146414e-001 3.654269e-001 2.839192e+000
      vertex 3.786761e-001 3.965327e-001 3.010166e+000
      vertex 5.192314e-001 3.391005e-001 2.939351e+000
    endloop 
  endfacet
  facet normal 3.008126E-001 9.413748E-001 -1.527260E-001
    outer loop 
      vertex 4.879534e-001 3.769163e-001 3.110835e+000
      vertex 6.235062e-001 3.223999e-001 3.041793e+000
      vertex 5.192314e-001 3.391005e-001 2.939351e+000
    endloop 
  endfacet
  facet normal 3.403061E-001 9.195576E-001 -1.964828E-001
    outer loop 
      vertex 5.192314e-001 3.391005e-001 2.939351e+000
      vertex 6.235062e-001 3.223999e-001 3.041793e+000
      vertex 6.438828e-001 2.807792e-001 2.882297e+000
    endloop 
  endfacet
  facet normal 9.375076E-001 -3.373947E-001 -8.511347E-002
    outer loop 
      vertex 3.902563e-001 -3.777198e-001 2.841434e+000
      vertex 4.424921e-001 -2.530159e-001 2.922469e+000
      vertex 4.101060e-001 -3.623604e-001 2.999190e+000
    endloop 
  endfacet
  facet normal 9.517949E-001 -3.049690E-001 -3.286868E-002
    outer loop 
      vertex 4.593627e-001 -2.153338e-001 3.061367e+000
      vertex 4.101060e-001 -3.623604e-001 2.999190e+000
      vertex 4.424921e-001 -2.530159e-001 2.922469e+000
    endloop 
  endfacet
  facet normal 9.592834E-001 -2.682908E-001 -8.829173E-002
    outer loop 
      vertex 4.344228e-001 -3.280060e-001 3.158998e+000
      vertex 3.857566e-001 -4.812626e-001 3.095942e+000
      vertex 4.101060e-001 -3.623604e-001 2.999190e+000
    endloop 
  endfacet
  facet normal 9.550183E-001 -2.843446E-001 -8.419159E-002
    outer loop 
      vertex 4.593627e-001 -2.153338e-001 3.061367e+000
      vertex 4.344228e-001 -3.280060e-001 3.158998e+000
      vertex 4.101060e-001 -3.623604e-001 2.999190e+000
    endloop 
  endfacet
  facet normal 9.276010E-001 -3.727832E-001 -2.426794E-002
    outer loop 
      vertex 3.902563e-001 -3.777198e-001 2.841434e+000
      vertex 4.505224e-001 -2.242860e-001 2.788086e+000
      vertex 4.424921e-001 -2.530159e-001 2.922469e+000
    endloop 
  endfacet
  facet normal 9.441164E-001 -3.286228E-001 -2.551892E-002
    outer loop 
      vertex 4.593627e-001 -2.153338e-001 3.061367e+000
      vertex 4.424921e-001 -2.530159e-001 2.922469e+000
      vertex 4.890931e-001 -1.216874e-001 2.955354e+000
    endloop 
  endfacet
  facet normal 9.434613E-001 -3.311688E-001 -1.442334E-002
    outer loop 
      vertex 4.890931e-001 -1.216874e-001 2.955354e+000
      vertex 4.424921e-001 -2.530159e-001 2.922469e+000
      vertex 4.505224e-001 -2.242860e-001 2.788086e+000
    endloop 
  endfacet
  facet normal 8.286100E-001 5.542201E-001 -7.902826E-002
    outer loop 
      vertex 5.274752e-001 1.358572e-001 1.602407e+000
      vertex 5.860194e-001 2.242437e-002 1.420745e+000
      vertex 4.817037e-001 1.743412e-001 1.392380e+000
    endloop 
  endfacet
  facet normal 8.287936E-001 5.477996E-001 -1.140908E-001
    outer loop 
      vertex 4.817037e-001 1.743412e-001 1.392380e+000
      vertex 5.860194e-001 2.242437e-002 1.420745e+000
      vertex 5.579869e-001 3.166750e-002 1.261487e+000
    endloop 
  endfacet
  facet normal 8.601485E-001 5.074074E-001 -5.178947E-002
    outer loop 
      vertex 5.030219e-001 1.153361e-001 1.168341e+000
      vertex 4.817037e-001 1.743412e-001 1.392380e+000
      vertex 5.579869e-001 3.166750e-002 1.261487e+000
    endloop 
  endfacet
  facet normal 8.687705E-001 4.929636E-001 -4.716497E-002
    outer loop 
      vertex 5.030219e-001 1.153361e-001 1.168341e+000
      vertex 4.187297e-001 2.717709e-001 1.250734e+000
      vertex 4.817037e-001 1.743412e-001 1.392380e+000
    endloop 
  endfacet
  facet normal 8.313437E-001 5.557259E-001 -6.031159E-003
    outer loop 
      vertex 4.817037e-001 1.743412e-001 1.392380e+000
      vertex 3.701730e-001 3.416520e-001 1.435254e+000
      vertex 4.112776e-001 2.818826e-001 1.593870e+000
    endloop 
  endfacet
  facet normal 8.331977E-001 5.528873E-001 9.868585E-003
    outer loop 
      vertex 3.701730e-001 3.416520e-001 1.435254e+000
      vertex 4.817037e-001 1.743412e-001 1.392380e+000
      vertex 4.187297e-001 2.717709e-001 1.250734e+000
    endloop 
  endfacet
  facet normal 7.828414E-001 6.195982E-001 -5.707451E-002
    outer loop 
      vertex 5.274752e-001 1.358572e-001 1.602407e+000
      vertex 4.817037e-001 1.743412e-001 1.392380e+000
      vertex 4.112776e-001 2.818826e-001 1.593870e+000
    endloop 
  endfacet
  facet normal 5.765106E-001 -8.149716E-001 5.879571E-002
    outer loop 
      vertex 2.915865e-001 -4.073270e-001 1.487825e+000
      vertex 4.236500e-001 -3.157031e-001 1.462906e+000
      vertex 4.130684e-001 -3.105113e-001 1.638626e+000
    endloop 
  endfacet
  facet normal 6.299220E-001 -7.766079E-001 -8.861220E-003
    outer loop 
      vertex 2.915865e-001 -4.073270e-001 1.487825e+000
      vertex 4.130684e-001 -3.105113e-001 1.638626e+000
      vertex 3.119058e-001 -3.930803e-001 1.683678e+000
    endloop 
  endfacet
  facet normal 6.175756E-001 -7.841920E-001 6.035916E-002
    outer loop 
      vertex 5.201281e-001 -2.293538e-001 1.597631e+000
      vertex 4.130684e-001 -3.105113e-001 1.638626e+000
      vertex 4.236500e-001 -3.157031e-001 1.462906e+000
    endloop 
  endfacet
  facet normal 6.832779E-001 -7.290572E-001 4.008579E-002
    outer loop 
      vertex 4.130684e-001 -3.105113e-001 1.638626e+000
      vertex 5.209581e-001 -2.002006e-001 1.805869e+000
      vertex 4.122974e-001 -3.009400e-001 1.825845e+000
    endloop 
  endfacet
  facet normal 6.428601E-001 -7.648451E-001 4.174895E-002
    outer loop 
      vertex 3.119058e-001 -3.930803e-001 1.683678e+000
      vertex 4.130684e-001 -3.105113e-001 1.638626e+000
      vertex 4.122974e-001 -3.009400e-001 1.825845e+000
    endloop 
  endfacet
  facet normal 6.260985E-001 -7.725519E-001 1.056610E-001
    outer loop 
      vertex 4.130684e-001 -3.105113e-001 1.638626e+000
      vertex 5.201281e-001 -2.293538e-001 1.597631e+000
      vertex 5.209581e-001 -2.002006e-001 1.805869e+000
    endloop 
  endfacet
  facet normal -6.547372E-001 7.549745E-001 3.650456E-002
    outer loop 
      vertex -2.839168e-001 4.113093e-001 1.728236e+000
      vertex -4.153608e-001 2.991992e-001 1.689310e+000
      vertex -3.876838e-001 3.151534e-001 1.855759e+000
    endloop 
  endfacet
  facet normal -6.820482E-001 7.300161E-001 4.343807E-002
    outer loop 
      vertex -4.153608e-001 2.991992e-001 1.689310e+000
      vertex -5.107254e-001 2.034662e-001 1.800811e+000
      vertex -3.876838e-001 3.151534e-001 1.855759e+000
    endloop 
  endfacet
  facet normal 7.928678E-001 -5.907587E-001 -1.495484E-001
    outer loop 
      vertex 1.064461e-001 -7.009909e-001 2.239568e+000
      vertex 1.549793e-001 -6.046202e-001 2.116188e+000
      vertex 2.103815e-001 -5.737233e-001 2.287865e+000
    endloop 
  endfacet
  facet normal 7.720687E-001 -6.204898E-001 -1.374855E-001
    outer loop 
      vertex 1.549793e-001 -6.046202e-001 2.116188e+000
      vertex 2.535921e-001 -4.879155e-001 2.143258e+000
      vertex 2.103815e-001 -5.737233e-001 2.287865e+000
    endloop 
  endfacet
  facet normal 8.148462E-001 -5.654718E-001 -1.275428E-001
    outer loop 
      vertex 3.113954e-001 -4.334806e-001 2.311445e+000
      vertex 2.679570e-001 -5.280731e-001 2.453310e+000
      vertex 2.103815e-001 -5.737233e-001 2.287865e+000
    endloop 
  endfacet
  facet normal 8.152640E-001 -5.711899E-001 -9.532414E-002
    outer loop 
      vertex 2.535921e-001 -4.879155e-001 2.143258e+000
      vertex 3.113954e-001 -4.334806e-001 2.311445e+000
      vertex 2.103815e-001 -5.737233e-001 2.287865e+000
    endloop 
  endfacet
  facet normal 7.947469E-001 -5.716430E-001 -2.039649E-001
    outer loop 
      vertex 2.103815e-001 -5.737233e-001 2.287865e+000
      vertex 1.536739e-001 -6.925247e-001 2.399863e+000
      vertex 1.064461e-001 -7.009909e-001 2.239568e+000
    endloop 
  endfacet
  facet normal 8.339198E-001 -5.329997E-001 -1.431403E-001
    outer loop 
      vertex 2.103815e-001 -5.737233e-001 2.287865e+000
      vertex 2.679570e-001 -5.280731e-001 2.453310e+000
      vertex 1.536739e-001 -6.925247e-001 2.399863e+000
    endloop 
  endfacet
  facet normal -5.991138E-001 -7.858126E-001 -1.534966E-001
    outer loop 
      vertex -5.512147e-001 -2.085585e-001 2.179003e+000
      vertex -6.080387e-001 -1.915774e-001 2.313861e+000
      vertex -6.955361e-001 -1.106698e-001 2.241173e+000
    endloop 
  endfacet
  facet normal -5.619131E-001 -8.162729E-001 -1.339860E-001
    outer loop 
      vertex -5.512147e-001 -2.085585e-001 2.179003e+000
      vertex -5.194665e-001 -2.608893e-001 2.364669e+000
      vertex -6.080387e-001 -1.915774e-001 2.313861e+000
    endloop 
  endfacet
  facet normal -5.689951E-001 -7.970729E-001 -2.022855E-001
    outer loop 
      vertex -6.955361e-001 -1.106698e-001 2.241173e+000
      vertex -6.080387e-001 -1.915774e-001 2.313861e+000
      vertex -6.867024e-001 -1.576908e-001 2.401604e+000
    endloop 
  endfacet
  facet normal -9.527976E-001 3.034424E-001 -9.970261E-003
    outer loop 
      vertex -4.691772e-001 1.686806e-001 3.143738e+000
      vertex -4.243612e-001 3.053636e-001 3.020856e+000
      vertex -4.802451e-001 1.285975e-001 2.981507e+000
    endloop 
  endfacet
  facet normal -9.656630E-001 2.485023E-001 -7.577269E-002
    outer loop 
      vertex -4.304106e-001 3.240424e-001 3.159209e+000
      vertex -4.243612e-001 3.053636e-001 3.020856e+000
      vertex -4.691772e-001 1.686806e-001 3.143738e+000
    endloop 
  endfacet
  facet normal -9.675182E-001 2.519021E-001 2.130233E-002
    outer loop 
      vertex -4.950654e-001 5.749562e-002 3.282713e+000
      vertex -4.691772e-001 1.686806e-001 3.143738e+000
      vertex -5.092421e-001 1.458293e-002 3.146276e+000
    endloop 
  endfacet
  facet normal -9.678009E-001 2.516880E-001 3.840489E-003
    outer loop 
      vertex -4.691772e-001 1.686806e-001 3.143738e+000
      vertex -4.802451e-001 1.285975e-001 2.981507e+000
      vertex -5.092421e-001 1.458293e-002 3.146276e+000
    endloop 
  endfacet
  facet normal 4.103723E-001 8.988497E-001 1.538303E-001
    outer loop 
      vertex -1.004888e-001 6.050770e-001 2.638034e+000
      vertex -2.420160e-001 6.551374e-001 2.723076e+000
      vertex -1.475952e-001 6.000116e-001 2.793298e+000
    endloop 
  endfacet
  facet normal 4.169747E-001 8.954788E-001 1.557234E-001
    outer loop 
      vertex 7.213145e-003 5.432553e-001 2.705147e+000
      vertex -1.004888e-001 6.050770e-001 2.638034e+000
      vertex -1.475952e-001 6.000116e-001 2.793298e+000
    endloop 
  endfacet
  facet normal 3.731368E-001 9.041469E-001 2.080561E-001
    outer loop 
      vertex -1.475952e-001 6.000116e-001 2.793298e+000
      vertex -2.420160e-001 6.551374e-001 2.723076e+000
      vertex -2.863877e-001 6.367533e-001 2.882546e+000
    endloop 
  endfacet
  facet normal 3.941493E-001 9.131105E-001 1.042856E-001
    outer loop 
      vertex 7.213145e-003 5.432553e-001 2.705147e+000
      vertex -1.475952e-001 6.000116e-001 2.793298e+000
      vertex -5.955148e-002 5.553483e-001 2.851600e+000
    endloop 
  endfacet
  facet normal -9.005448E-001 4.059296E-001 1.556924E-001
    outer loop 
      vertex -6.117401e-001 -1.163391e-001 2.654001e+000
      vertex -6.600277e-001 -2.492878e-001 2.721330e+000
      vertex -6.086846e-001 -1.672781e-001 2.804485e+000
    endloop 
  endfacet
  facet normal -9.033379E-001 4.003803E-001 1.538706E-001
    outer loop 
      vertex -5.602931e-001 -3.399915e-002 2.741781e+000
      vertex -6.117401e-001 -1.163391e-001 2.654001e+000
      vertex -6.086846e-001 -1.672781e-001 2.804485e+000
    endloop 
  endfacet
  facet normal -9.091127E-001 3.642396E-001 2.020982E-001
    outer loop 
      vertex -6.086846e-001 -1.672781e-001 2.804485e+000
      vertex -6.600277e-001 -2.492878e-001 2.721330e+000
      vertex -6.422067e-001 -2.935085e-001 2.881194e+000
    endloop 
  endfacet
  facet normal -9.151814E-001 3.863283E-001 1.148628E-001
    outer loop 
      vertex -5.648875e-001 -8.319485e-002 2.870639e+000
      vertex -5.602931e-001 -3.399915e-002 2.741781e+000
      vertex -6.086846e-001 -1.672781e-001 2.804485e+000
    endloop 
  endfacet
  facet normal 9.495652E-001 2.798265E-001 1.415029E-001
    outer loop 
      vertex 4.254163e-001 3.208476e-001 7.025473e-001
      vertex 4.027462e-001 4.473552e-001 6.045038e-001
      vertex 3.678265e-001 4.882737e-001 7.579170e-001
    endloop 
  endfacet
  facet normal 9.691504E-001 2.338979E-001 7.771172E-002
    outer loop 
      vertex 4.254163e-001 3.208476e-001 7.025473e-001
      vertex 4.533342e-001 2.596076e-001 5.387011e-001
      vertex 4.027462e-001 4.473552e-001 6.045038e-001
    endloop 
  endfacet
  facet normal 9.434796E-001 3.210720E-001 8.221353E-002
    outer loop 
      vertex 4.254163e-001 3.208476e-001 7.025473e-001
      vertex 3.915055e-001 3.816132e-001 8.543962e-001
      vertex 4.530921e-001 2.164033e-001 7.928312e-001
    endloop 
  endfacet
  facet normal 9.609384E-001 2.756883E-001 2.435989E-002
    outer loop 
      vertex 4.254163e-001 3.208476e-001 7.025473e-001
      vertex 4.530921e-001 2.164033e-001 7.928312e-001
      vertex 4.773574e-001 1.456973e-001 6.358243e-001
    endloop 
  endfacet
  facet normal 9.505860E-001 2.959335E-001 9.386016E-002
    outer loop 
      vertex 3.678265e-001 4.882737e-001 7.579170e-001
      vertex 3.915055e-001 3.816132e-001 8.543962e-001
      vertex 4.254163e-001 3.208476e-001 7.025473e-001
    endloop 
  endfacet
  facet normal 9.632430E-001 2.601719E-001 6.688480E-002
    outer loop 
      vertex 4.533342e-001 2.596076e-001 5.387011e-001
      vertex 4.254163e-001 3.208476e-001 7.025473e-001
      vertex 4.773574e-001 1.456973e-001 6.358243e-001
    endloop 
  endfacet
  facet normal -9.780230E-001 -1.660469E-001 1.260930E-001
    outer loop 
      vertex -4.670590e-001 -3.625222e-001 2.552611e-001
      vertex -4.287868e-001 -4.437257e-001 4.451807e-001
      vertex -4.567603e-001 -2.978486e-001 4.203074e-001
    endloop 
  endfacet
  facet normal -9.895310E-001 -1.022768E-001 1.018227E-001
    outer loop 
      vertex -4.785573e-001 -2.042369e-001 3.025094e-001
      vertex -4.670590e-001 -3.625222e-001 2.552611e-001
      vertex -4.567603e-001 -2.978486e-001 4.203074e-001
    endloop 
  endfacet
  facet normal -9.798814E-001 -1.701041E-001 1.043883E-001
    outer loop 
      vertex -4.287868e-001 -4.437257e-001 4.451807e-001
      vertex -4.324222e-001 -3.513657e-001 5.615585e-001
      vertex -4.567603e-001 -2.978486e-001 4.203074e-001
    endloop 
  endfacet
  facet normal -9.854659E-001 -1.608986E-001 5.448492E-002
    outer loop 
      vertex -4.567603e-001 -2.978486e-001 4.203074e-001
      vertex -4.858498e-001 -1.229807e-001 4.105678e-001
      vertex -4.785573e-001 -2.042369e-001 3.025094e-001
    endloop 
  endfacet
  facet normal -9.577042E-001 -2.825241E-001 5.461655E-002
    outer loop 
      vertex -4.093080e-001 -3.778790e-001 7.086188e-001
      vertex -4.387852e-001 -2.632256e-001 7.848209e-001
      vertex -4.456083e-001 -2.657558e-001 6.520901e-001
    endloop 
  endfacet
  facet normal -9.657241E-001 -2.537889E-001 5.448106E-002
    outer loop 
      vertex -4.755474e-001 -1.540177e-001 6.419023e-001
      vertex -4.456083e-001 -2.657558e-001 6.520901e-001
      vertex -4.387852e-001 -2.632256e-001 7.848209e-001
    endloop 
  endfacet
  facet normal -9.439561E-001 -3.127739E-001 1.054485E-001
    outer loop 
      vertex -4.387852e-001 -2.632256e-001 7.848209e-001
      vertex -4.093080e-001 -3.778790e-001 7.086188e-001
      vertex -3.830915e-001 -4.131792e-001 8.385990e-001
    endloop 
  endfacet
  facet normal -2.908390E-001 9.554347E-001 -5.056742E-002
    outer loop 
      vertex -1.186610e-001 4.849167e-001 7.358987e-001
      vertex -6.370399e-002 5.079402e-001 8.548246e-001
      vertex 4.701392e-002 5.334135e-001 6.993290e-001
    endloop 
  endfacet
  facet normal -3.579241E-001 9.336246E-001 -1.534433E-002
    outer loop 
      vertex -6.370399e-002 5.079402e-001 8.548246e-001
      vertex -1.186610e-001 4.849167e-001 7.358987e-001
      vertex -2.276214e-001 4.459681e-001 9.076961e-001
    endloop 
  endfacet
  facet normal -4.551292E-001 -8.840376E-001 -1.064660E-001
    outer loop 
      vertex -4.680154e-001 -3.124068e-001 2.509763e+000
      vertex -4.195108e-001 -3.535103e-001 2.643714e+000
      vertex -5.575488e-001 -2.781169e-001 2.607782e+000
    endloop 
  endfacet
  facet normal -4.924417E-001 -8.666722E-001 -7.987842E-002
    outer loop 
      vertex -4.680154e-001 -3.124068e-001 2.509763e+000
      vertex -4.167745e-001 -3.268013e-001 2.350048e+000
      vertex -3.382654e-001 -3.871874e-001 2.521230e+000
    endloop 
  endfacet
  facet normal -5.475258E-001 -8.306962E-001 -1.007932E-001
    outer loop 
      vertex -5.194665e-001 -2.608893e-001 2.364669e+000
      vertex -4.167745e-001 -3.268013e-001 2.350048e+000
      vertex -4.680154e-001 -3.124068e-001 2.509763e+000
    endloop 
  endfacet
  facet normal -4.915755E-001 -8.663921E-001 -8.785388E-002
    outer loop 
      vertex -4.195108e-001 -3.535103e-001 2.643714e+000
      vertex -4.680154e-001 -3.124068e-001 2.509763e+000
      vertex -3.382654e-001 -3.871874e-001 2.521230e+000
    endloop 
  endfacet
  facet normal -5.726674E-001 -7.922827E-001 2.105710E-001
    outer loop 
      vertex 1.536739e-001 -6.925247e-001 2.399863e+000
      vertex 2.602577e-003 -6.277683e-001 2.232659e+000
      vertex 1.064461e-001 -7.009909e-001 2.239568e+000
    endloop 
  endfacet
  facet normal -5.259938E-001 -8.369588E-001 1.510981E-001
    outer loop 
      vertex -3.809851e-002 -5.750893e-001 2.382771e+000
      vertex 2.602577e-003 -6.277683e-001 2.232659e+000
      vertex 1.536739e-001 -6.925247e-001 2.399863e+000
    endloop 
  endfacet
  facet normal -5.742437E-001 -7.965428E-001 1.891129E-001
    outer loop 
      vertex 2.602577e-003 -6.277683e-001 2.232659e+000
      vertex 6.028485e-002 -7.057662e-001 2.079286e+000
      vertex 1.064461e-001 -7.009909e-001 2.239568e+000
    endloop 
  endfacet
  facet normal -6.010150E-001 -7.909761E-001 1.146203E-001
    outer loop 
      vertex -1.422064e-001 -5.283922e-001 2.159128e+000
      vertex 2.602577e-003 -6.277683e-001 2.232659e+000
      vertex -3.809851e-002 -5.750893e-001 2.382771e+000
    endloop 
  endfacet
  facet normal 7.505416E-001 -6.306617E-001 -1.973655E-001
    outer loop 
      vertex 6.028485e-002 -7.057662e-001 2.079286e+000
      vertex 1.549793e-001 -6.046202e-001 2.116188e+000
      vertex 1.064461e-001 -7.009909e-001 2.239568e+000
    endloop 
  endfacet
  facet normal 7.716861E-001 -6.260181E-001 -1.122582E-001
    outer loop 
      vertex 1.549793e-001 -6.046202e-001 2.116188e+000
      vertex 1.986977e-001 -5.267410e-001 1.982417e+000
      vertex 2.535921e-001 -4.879155e-001 2.143258e+000
    endloop 
  endfacet
  facet normal 5.774353E-001 7.921347E-001 1.977146E-001
    outer loop 
      vertex -5.827934e-002 6.977906e-001 2.083398e+000
      vertex -1.049788e-001 6.918174e-001 2.243717e+000
      vertex -1.107216e-003 6.200597e-001 2.227849e+000
    endloop 
  endfacet
  facet normal 6.360704E-001 7.559010E-001 1.550097E-001
    outer loop 
      vertex -1.107216e-003 6.200597e-001 2.227849e+000
      vertex 9.480292e-002 5.801817e-001 2.028754e+000
      vertex -5.827934e-002 6.977906e-001 2.083398e+000
    endloop 
  endfacet
  facet normal 5.770811E-001 7.874694E-001 2.164935E-001
    outer loop 
      vertex -1.107216e-003 6.200597e-001 2.227849e+000
      vertex -1.049788e-001 6.918174e-001 2.243717e+000
      vertex -1.521632e-001 6.824718e-001 2.403485e+000
    endloop 
  endfacet
  facet normal 5.262318E-001 8.359995E-001 1.555152E-001
    outer loop 
      vertex -1.107216e-003 6.200597e-001 2.227849e+000
      vertex -1.521632e-001 6.824718e-001 2.403485e+000
      vertex 2.643061e-002 5.756091e-001 2.373619e+000
    endloop 
  endfacet
  facet normal 6.012891E-001 7.888794E-001 1.269672E-001
    outer loop 
      vertex 2.643061e-002 5.756091e-001 2.373619e+000
      vertex 1.356161e-001 5.226989e-001 2.185285e+000
      vertex -1.107216e-003 6.200597e-001 2.227849e+000
    endloop 
  endfacet
  facet normal 6.019531E-001 7.875049E-001 1.322443E-001
    outer loop 
      vertex 1.356161e-001 5.226989e-001 2.185285e+000
      vertex 9.480292e-002 5.801817e-001 2.028754e+000
      vertex -1.107216e-003 6.200597e-001 2.227849e+000
    endloop 
  endfacet
  facet normal -7.365109E-001 6.442181E-001 -2.062391E-001
    outer loop 
      vertex -5.827934e-002 6.977906e-001 2.083398e+000
      vertex -1.109260e-002 7.003813e-001 1.922980e+000
      vertex -1.253779e-001 6.200055e-001 2.080044e+000
    endloop 
  endfacet
  facet normal -7.391363E-001 6.458361E-001 -1.912407E-001
    outer loop 
      vertex -1.253779e-001 6.200055e-001 2.080044e+000
      vertex -1.049788e-001 6.918174e-001 2.243717e+000
      vertex -5.827934e-002 6.977906e-001 2.083398e+000
    endloop 
  endfacet
  facet normal 7.875795E-001 -5.836666E-001 1.976154E-001
    outer loop 
      vertex 6.970221e-001 1.014214e-001 2.240469e+000
      vertex 6.216342e-001 -1.492223e-002 2.197294e+000
      vertex 7.024485e-001 5.482131e-002 2.081206e+000
    endloop 
  endfacet
  facet normal 7.579418E-001 -6.358593E-001 1.456267E-001
    outer loop 
      vertex 7.024485e-001 5.482131e-002 2.081206e+000
      vertex 6.216342e-001 -1.492223e-002 2.197294e+000
      vertex 5.864376e-001 -9.646285e-002 2.024445e+000
    endloop 
  endfacet
  facet normal 8.068224E-001 -5.742783E-001 1.387163E-001
    outer loop 
      vertex 6.970221e-001 1.014214e-001 2.240469e+000
      vertex 5.931021e-001 -1.292375e-002 2.371521e+000
      vertex 6.216342e-001 -1.492223e-002 2.197294e+000
    endloop 
  endfacet
  facet normal 7.877052E-001 -6.008778E-001 1.358907E-001
    outer loop 
      vertex 6.216342e-001 -1.492223e-002 2.197294e+000
      vertex 5.931021e-001 -1.292375e-002 2.371521e+000
      vertex 5.359108e-001 -1.279960e-001 2.194213e+000
    endloop 
  endfacet
  facet normal 7.892015E-001 -6.016644E-001 1.231301E-001
    outer loop 
      vertex 5.359108e-001 -1.279960e-001 2.194213e+000
      vertex 5.864376e-001 -9.646285e-002 2.024445e+000
      vertex 6.216342e-001 -1.492223e-002 2.197294e+000
    endloop 
  endfacet
  facet normal -6.092988E-001 -7.900816E-001 -6.727642E-002
    outer loop 
      vertex -5.512147e-001 -2.085585e-001 2.179003e+000
      vertex -3.842472e-001 -3.381247e-001 2.188439e+000
      vertex -4.167745e-001 -3.268013e-001 2.350048e+000
    endloop 
  endfacet
  facet normal -5.488377E-001 -8.243746E-001 -1.385054E-001
    outer loop 
      vertex -5.512147e-001 -2.085585e-001 2.179003e+000
      vertex -4.167745e-001 -3.268013e-001 2.350048e+000
      vertex -5.194665e-001 -2.608893e-001 2.364669e+000
    endloop 
  endfacet
  facet normal -6.035903E-001 -7.870871E-001 -1.271719E-001
    outer loop 
      vertex -5.512147e-001 -2.085585e-001 2.179003e+000
      vertex -5.421553e-001 -1.855728e-001 1.993743e+000
      vertex -3.842472e-001 -3.381247e-001 2.188439e+000
    endloop 
  endfacet
  facet normal -6.085626E-001 -7.662275E-001 -2.062688E-001
    outer loop 
      vertex -7.015321e-001 -6.291419e-002 2.081465e+000
      vertex -5.512147e-001 -2.085585e-001 2.179003e+000
      vertex -6.955361e-001 -1.106698e-001 2.241173e+000
    endloop 
  endfacet
  facet normal -6.473967E-001 -7.518425E-001 -1.249413E-001
    outer loop 
      vertex -5.512147e-001 -2.085585e-001 2.179003e+000
      vertex -7.015321e-001 -6.291419e-002 2.081465e+000
      vertex -5.421553e-001 -1.855728e-001 1.993743e+000
    endloop 
  endfacet
  facet normal -7.680554E-001 -6.250950E-001 -1.390941E-001
    outer loop 
      vertex -5.177177e-001 -1.584174e-001 1.649738e+000
      vertex -5.898653e-001 -1.012443e-001 1.791187e+000
      vertex -6.162562e-001 -2.766210e-002 1.606231e+000
    endloop 
  endfacet
  facet normal -7.772539E-001 -6.204712E-001 -1.043642E-001
    outer loop 
      vertex -5.463049e-001 -8.356743e-002 1.417639e+000
      vertex -5.177177e-001 -1.584174e-001 1.649738e+000
      vertex -6.162562e-001 -2.766210e-002 1.606231e+000
    endloop 
  endfacet
  facet normal -7.237661E-001 -6.837791E-001 -9.278394E-002
    outer loop 
      vertex -5.177177e-001 -1.584174e-001 1.649738e+000
      vertex -4.765207e-001 -2.279633e-001 1.840903e+000
      vertex -5.898653e-001 -1.012443e-001 1.791187e+000
    endloop 
  endfacet
  facet normal -8.025341E-001 -5.895807E-001 -9.128846E-002
    outer loop 
      vertex -4.387168e-001 -2.497470e-001 1.545072e+000
      vertex -5.177177e-001 -1.584174e-001 1.649738e+000
      vertex -5.463049e-001 -8.356743e-002 1.417639e+000
    endloop 
  endfacet
  facet normal -7.712569E-001 -6.359414E-001 -2.722736E-002
    outer loop 
      vertex -5.177177e-001 -1.584174e-001 1.649738e+000
      vertex -4.387168e-001 -2.497470e-001 1.545072e+000
      vertex -4.160593e-001 -2.850728e-001 1.728358e+000
    endloop 
  endfacet
  facet normal -7.545908E-001 -6.519459E-001 -7.456014E-002
    outer loop 
      vertex -5.177177e-001 -1.584174e-001 1.649738e+000
      vertex -4.160593e-001 -2.850728e-001 1.728358e+000
      vertex -4.765207e-001 -2.279633e-001 1.840903e+000
    endloop 
  endfacet
  facet normal 6.416255E-001 7.417693E-001 -1.951795E-001
    outer loop 
      vertex 6.970221e-001 1.014214e-001 2.240469e+000
      vertex 7.024485e-001 5.482131e-002 2.081206e+000
      vertex 5.724411e-001 1.662213e-001 2.077195e+000
    endloop 
  endfacet
  facet normal 5.910334E-001 7.952074E-001 -1.353684E-001
    outer loop 
      vertex 6.970221e-001 1.014214e-001 2.240469e+000
      vertex 5.724411e-001 1.662213e-001 2.077195e+000
      vertex 5.096154e-001 2.395995e-001 2.233943e+000
    endloop 
  endfacet
  facet normal -7.952979E-001 6.037917E-001 5.419159E-002
    outer loop 
      vertex -4.721104e-001 2.055763e-001 2.129650e+000
      vertex -5.844219e-001 5.005285e-002 2.214214e+000
      vertex -4.713398e-001 1.907628e-001 2.306007e+000
    endloop 
  endfacet
  facet normal -8.133788E-001 5.659948E-001 1.344053E-001
    outer loop 
      vertex -5.928621e-001 2.151936e-003 2.364852e+000
      vertex -4.713398e-001 1.907628e-001 2.306007e+000
      vertex -5.844219e-001 5.005285e-002 2.214214e+000
    endloop 
  endfacet
  facet normal -7.891918E-001 5.796431E-001 2.029537E-001
    outer loop 
      vertex -7.015321e-001 -6.291419e-002 2.081465e+000
      vertex -6.955361e-001 -1.106698e-001 2.241173e+000
      vertex -5.844219e-001 5.005285e-002 2.214214e+000
    endloop 
  endfacet
  facet normal -8.035128E-001 5.788229E-001 1.390372E-001
    outer loop 
      vertex -6.955361e-001 -1.106698e-001 2.241173e+000
      vertex -5.928621e-001 2.151936e-003 2.364852e+000
      vertex -5.844219e-001 5.005285e-002 2.214214e+000
    endloop 
  endfacet
  facet normal -3.411822E-001 -9.367427E-001 -7.815325E-002
    outer loop 
      vertex -3.080602e-001 -4.278309e-001 2.954039e+000
      vertex -4.830314e-001 -3.604819e-001 2.910642e+000
      vertex -3.614810e-001 -3.945168e-001 2.787948e+000
    endloop 
  endfacet
  facet normal -3.811602E-001 -9.223995E-001 -6.241800E-002
    outer loop 
      vertex -1.886831e-001 -4.676402e-001 2.813346e+000
      vertex -3.080602e-001 -4.278309e-001 2.954039e+000
      vertex -3.614810e-001 -3.945168e-001 2.787948e+000
    endloop 
  endfacet
  facet normal -3.261955E-001 -9.353969E-001 -1.364891E-001
    outer loop 
      vertex -4.555929e-001 -3.947072e-001 3.079621e+000
      vertex -4.830314e-001 -3.604819e-001 2.910642e+000
      vertex -3.080602e-001 -4.278309e-001 2.954039e+000
    endloop 
  endfacet
  facet normal -2.771717E-001 -9.580492E-001 -7.292173E-002
    outer loop 
      vertex -3.082650e-001 -4.425718e-001 3.148484e+000
      vertex -4.555929e-001 -3.947072e-001 3.079621e+000
      vertex -3.080602e-001 -4.278309e-001 2.954039e+000
    endloop 
  endfacet
  facet normal -3.248603E-001 -9.455309E-001 -2.090793E-002
    outer loop 
      vertex -1.041846e-001 -4.981324e-001 2.965571e+000
      vertex -1.923379e-001 -4.702908e-001 3.076169e+000
      vertex -3.080602e-001 -4.278309e-001 2.954039e+000
    endloop 
  endfacet
  facet normal -2.747602E-001 -9.587398E-001 -7.297155E-002
    outer loop 
      vertex -3.082650e-001 -4.425718e-001 3.148484e+000
      vertex -3.080602e-001 -4.278309e-001 2.954039e+000
      vertex -1.923379e-001 -4.702908e-001 3.076169e+000
    endloop 
  endfacet
  facet normal -3.255372E-001 -9.454893E-001 -8.688798E-003
    outer loop 
      vertex -1.041846e-001 -4.981324e-001 2.965571e+000
      vertex -3.080602e-001 -4.278309e-001 2.954039e+000
      vertex -1.886831e-001 -4.676402e-001 2.813346e+000
    endloop 
  endfacet
  facet normal -8.222277E-001 -5.474841E-001 -1.555725E-001
    outer loop 
      vertex -5.463049e-001 -8.356743e-002 1.417639e+000
      vertex -6.362920e-001 4.976377e-002 1.424023e+000
      vertex -6.087879e-001 6.140476e-002 1.237693e+000
    endloop 
  endfacet
  facet normal -8.600636E-001 -4.853402E-001 -1.572750E-001
    outer loop 
      vertex -6.362920e-001 4.976377e-002 1.424023e+000
      vertex -6.811774e-001 1.754067e-001 1.281755e+000
      vertex -6.087879e-001 6.140476e-002 1.237693e+000
    endloop 
  endfacet
  facet normal -8.683618E-001 -4.874723E-001 -9.120536E-002
    outer loop 
      vertex -5.274009e-001 -7.137299e-002 1.172479e+000
      vertex -5.463049e-001 -8.356743e-002 1.417639e+000
      vertex -6.087879e-001 6.140476e-002 1.237693e+000
    endloop 
  endfacet
  facet normal -8.741133E-001 -4.617042E-001 -1.508479E-001
    outer loop 
      vertex -5.274009e-001 -7.137299e-002 1.172479e+000
      vertex -6.087879e-001 6.140476e-002 1.237693e+000
      vertex -5.997660e-001 1.052675e-001 1.051162e+000
    endloop 
  endfacet
  facet normal -8.601812E-001 -4.669432E-001 -2.050665E-001
    outer loop 
      vertex -6.679291e-001 2.212852e-001 1.121716e+000
      vertex -6.087879e-001 6.140476e-002 1.237693e+000
      vertex -6.811774e-001 1.754067e-001 1.281755e+000
    endloop 
  endfacet
  facet normal -8.890904E-001 -4.341288E-001 -1.450880E-001
    outer loop 
      vertex -6.679291e-001 2.212852e-001 1.121716e+000
      vertex -5.997660e-001 1.052675e-001 1.051162e+000
      vertex -6.087879e-001 6.140476e-002 1.237693e+000
    endloop 
  endfacet
  facet normal -1.562363E-001 9.802091E-001 -1.215744E-001
    outer loop 
      vertex 2.363471e-001 5.256060e-001 2.634721e-001
      vertex 1.414018e-001 5.288981e-001 4.120296e-001
      vertex 2.922590e-001 5.498950e-001 3.874526e-001
    endloop 
  endfacet
  facet normal -1.007954E-001 9.911500E-001 -8.638367E-002
    outer loop 
      vertex 2.363471e-001 5.256060e-001 2.634721e-001
      vertex 9.055807e-002 5.117546e-001 2.746546e-001
      vertex 1.414018e-001 5.288981e-001 4.120296e-001
    endloop 
  endfacet
  facet normal -1.613249E-001 9.848757E-001 -6.319818E-002
    outer loop 
      vertex -1.902878e-004 5.053968e-001 4.072279e-001
      vertex 1.414018e-001 5.288981e-001 4.120296e-001
      vertex 9.055807e-002 5.117546e-001 2.746546e-001
    endloop 
  endfacet
  facet normal 9.886577E-001 -7.473063E-002 -1.302740E-001
    outer loop 
      vertex 4.829030e-001 -2.520561e-001 3.566083e+000
      vertex 4.942756e-001 -3.245484e-001 3.693975e+000
      vertex 4.691747e-001 -4.066789e-001 3.550596e+000
    endloop 
  endfacet
  facet normal 9.952332E-001 -1.410997E-002 -9.649736E-002
    outer loop 
      vertex 4.979383e-001 -1.601021e-001 3.707705e+000
      vertex 4.942756e-001 -3.245484e-001 3.693975e+000
      vertex 4.829030e-001 -2.520561e-001 3.566083e+000
    endloop 
  endfacet
  facet normal 9.906842E-001 -7.668737E-002 -1.125344E-001
    outer loop 
      vertex 4.605689e-001 -3.296457e-001 3.422342e+000
      vertex 4.829030e-001 -2.520561e-001 3.566083e+000
      vertex 4.691747e-001 -4.066789e-001 3.550596e+000
    endloop 
  endfacet
  facet normal 9.957237E-001 -7.004771E-002 -6.022947E-002
    outer loop 
      vertex 4.829030e-001 -2.520561e-001 3.566083e+000
      vertex 4.948530e-001 -9.205922e-002 3.577564e+000
      vertex 4.979383e-001 -1.601021e-001 3.707705e+000
    endloop 
  endfacet
  facet normal 3.688040E-001 9.281530E-001 -5.015573E-002
    outer loop 
      vertex 2.864178e-001 4.204262e-001 2.914127e+000
      vertex 4.146414e-001 3.654269e-001 2.839192e+000
      vertex 3.140690e-001 3.998403e-001 2.736501e+000
    endloop 
  endfacet
  facet normal 3.848781E-001 9.217743E-001 -4.691420E-002
    outer loop 
      vertex 2.864178e-001 4.204262e-001 2.914127e+000
      vertex 3.140690e-001 3.998403e-001 2.736501e+000
      vertex 2.010454e-001 4.510892e-001 2.816211e+000
    endloop 
  endfacet
  facet normal 4.465684E-001 8.933902E-001 -4.930048E-002
    outer loop 
      vertex 3.564336e-001 3.698480e-001 2.576742e+000
      vertex 1.818507e-001 4.615947e-001 2.657927e+000
      vertex 3.140690e-001 3.998403e-001 2.736501e+000
    endloop 
  endfacet
  facet normal 4.206440E-001 9.053429E-001 -5.841907E-002
    outer loop 
      vertex 3.564336e-001 3.698480e-001 2.576742e+000
      vertex 3.140690e-001 3.998403e-001 2.736501e+000
      vertex 4.334567e-001 3.415930e-001 2.693466e+000
    endloop 
  endfacet
  facet normal 4.185097E-001 9.081624E-001 9.524507E-003
    outer loop 
      vertex 1.818507e-001 4.615947e-001 2.657927e+000
      vertex 2.010454e-001 4.510892e-001 2.816211e+000
      vertex 3.140690e-001 3.998403e-001 2.736501e+000
    endloop 
  endfacet
  facet normal 4.083786E-001 9.077778E-001 -9.574149E-002
    outer loop 
      vertex 3.140690e-001 3.998403e-001 2.736501e+000
      vertex 4.146414e-001 3.654269e-001 2.839192e+000
      vertex 4.334567e-001 3.415930e-001 2.693466e+000
    endloop 
  endfacet
  facet normal -9.312268E-001 3.599924E-001 -5.676283E-002
    outer loop 
      vertex -4.007940e-001 3.165197e-001 2.731095e+000
      vertex -4.248132e-001 2.781298e-001 2.881673e+000
      vertex -3.612021e-001 4.398413e-001 2.863678e+000
    endloop 
  endfacet
  facet normal -9.193074E-001 3.907204E-001 -4.702742E-002
    outer loop 
      vertex -4.612597e-001 1.817893e-001 2.793710e+000
      vertex -4.248132e-001 2.781298e-001 2.881673e+000
      vertex -4.007940e-001 3.165197e-001 2.731095e+000
    endloop 
  endfacet
  facet normal -8.878869E-001 4.572757E-001 -5.055581E-002
    outer loop 
      vertex -3.790763e-001 3.385026e-001 2.548512e+000
      vertex -4.432692e-001 2.223269e-001 2.625094e+000
      vertex -4.007940e-001 3.165197e-001 2.731095e+000
    endloop 
  endfacet
  facet normal -8.973654E-001 4.379710E-001 -5.400753E-002
    outer loop 
      vertex -3.393379e-001 4.341852e-001 2.664168e+000
      vertex -3.790763e-001 3.385026e-001 2.548512e+000
      vertex -4.007940e-001 3.165197e-001 2.731095e+000
    endloop 
  endfacet
  facet normal -9.121193E-001 4.099229E-001 1.232433E-003
    outer loop 
      vertex -4.432692e-001 2.223269e-001 2.625094e+000
      vertex -4.612597e-001 1.817893e-001 2.793710e+000
      vertex -4.007940e-001 3.165197e-001 2.731095e+000
    endloop 
  endfacet
  facet normal -9.053980E-001 4.098399E-001 -1.108413E-001
    outer loop 
      vertex -3.393379e-001 4.341852e-001 2.664168e+000
      vertex -4.007940e-001 3.165197e-001 2.731095e+000
      vertex -3.612021e-001 4.398413e-001 2.863678e+000
    endloop 
  endfacet
  facet normal -9.703025E-001 1.892350E-001 -1.506755E-001
    outer loop 
      vertex -4.429842e-001 3.296873e-001 3.296003e+000
      vertex -4.403063e-001 4.248845e-001 3.398318e+000
      vertex -4.088589e-001 4.546730e-001 3.233218e+000
    endloop 
  endfacet
  facet normal -9.840876E-001 1.421945E-001 -1.065466E-001
    outer loop 
      vertex -4.403063e-001 4.248845e-001 3.398318e+000
      vertex -4.429842e-001 3.296873e-001 3.296003e+000
      vertex -4.645067e-001 2.723337e-001 3.418247e+000
    endloop 
  endfacet
  facet normal -9.833423E-001 1.011213E-001 -1.510376E-001
    outer loop 
      vertex -4.477174e-001 5.360956e-001 3.521025e+000
      vertex -4.403063e-001 4.248845e-001 3.398318e+000
      vertex -4.715065e-001 3.693612e-001 3.564276e+000
    endloop 
  endfacet
  facet normal -9.807858E-001 1.375117E-001 -1.383821E-001
    outer loop 
      vertex -4.403063e-001 4.248845e-001 3.398318e+000
      vertex -4.645067e-001 2.723337e-001 3.418247e+000
      vertex -4.715065e-001 3.693612e-001 3.564276e+000
    endloop 
  endfacet
  facet normal -9.731685E-001 1.703990E-001 -1.546199E-001
    outer loop 
      vertex -4.403063e-001 4.248845e-001 3.398318e+000
      vertex -4.100583e-001 5.648287e-001 3.362164e+000
      vertex -4.088589e-001 4.546730e-001 3.233218e+000
    endloop 
  endfacet
  facet normal -9.669490E-001 1.571234E-001 -2.008030E-001
    outer loop 
      vertex -4.100583e-001 5.648287e-001 3.362164e+000
      vertex -4.403063e-001 4.248845e-001 3.398318e+000
      vertex -4.477174e-001 5.360956e-001 3.521025e+000
    endloop 
  endfacet
  facet normal -9.773562E-001 -1.548194E-001 -1.442425E-001
    outer loop 
      vertex -5.591608e-001 2.343416e-001 5.124484e-001
      vertex -5.404924e-001 2.762075e-001 3.410195e-001
      vertex -5.186613e-001 8.131084e-002 4.022845e-001
    endloop 
  endfacet
  facet normal -9.730516E-001 -1.760224E-001 -1.489519E-001
    outer loop 
      vertex -5.404924e-001 2.762075e-001 3.410195e-001
      vertex -5.591608e-001 2.343416e-001 5.124484e-001
      vertex -5.832314e-001 3.936921e-001 4.813823e-001
    endloop 
  endfacet
  facet normal -9.763191E-001 -2.012544E-001 -7.935756E-002
    outer loop 
      vertex -5.591608e-001 2.343416e-001 5.124484e-001
      vertex -5.186613e-001 8.131084e-002 4.022845e-001
      vertex -5.322480e-001 8.239617e-002 5.666863e-001
    endloop 
  endfacet
  facet normal -9.582691E-001 -2.458943E-001 -1.457954E-001
    outer loop 
      vertex -6.090525e-001 3.529736e-001 6.402898e-001
      vertex -5.591608e-001 2.343416e-001 5.124484e-001
      vertex -5.718310e-001 1.782568e-001 6.903169e-001
    endloop 
  endfacet
  facet normal -9.655645E-001 -2.203785E-001 -1.382695E-001
    outer loop 
      vertex -5.718310e-001 1.782568e-001 6.903169e-001
      vertex -5.591608e-001 2.343416e-001 5.124484e-001
      vertex -5.322480e-001 8.239617e-002 5.666863e-001
    endloop 
  endfacet
  facet normal -9.614298E-001 -1.849225E-001 -2.036085E-001
    outer loop 
      vertex -6.090525e-001 3.529736e-001 6.402898e-001
      vertex -5.832314e-001 3.936921e-001 4.813823e-001
      vertex -5.591608e-001 2.343416e-001 5.124484e-001
    endloop 
  endfacet
  facet normal -9.932105E-001 -7.713134E-002 8.708397E-002
    outer loop 
      vertex -4.667842e-001 -3.981429e-001 4.000000e+000
      vertex -4.867853e-001 -2.747438e-001 3.881179e+000
      vertex -4.724779e-001 -4.322901e-001 3.904817e+000
    endloop 
  endfacet
  facet normal -9.822084E-001 -1.502500E-001 1.126573E-001
    outer loop 
      vertex -4.724779e-001 -4.322901e-001 3.904817e+000
      vertex -4.406545e-001 -5.689570e-001 4.000000e+000
      vertex -4.667842e-001 -3.981429e-001 4.000000e+000
    endloop 
  endfacet
  facet normal -9.777550E-001 -9.882011E-002 1.850129E-001
    outer loop 
      vertex -4.753710e-001 -5.314399e-001 3.836569e+000
      vertex -4.406545e-001 -5.689570e-001 4.000000e+000
      vertex -4.724779e-001 -4.322901e-001 3.904817e+000
    endloop 
  endfacet
  facet normal -9.883988E-001 -6.949820E-002 1.350470E-001
    outer loop 
      vertex -4.724779e-001 -4.322901e-001 3.904817e+000
      vertex -4.867853e-001 -2.747438e-001 3.881179e+000
      vertex -4.954936e-001 -3.634735e-001 3.771782e+000
    endloop 
  endfacet
  facet normal -9.883876E-001 -6.552883E-002 1.370984E-001
    outer loop 
      vertex -4.724779e-001 -4.322901e-001 3.904817e+000
      vertex -4.954936e-001 -3.634735e-001 3.771782e+000
      vertex -4.753710e-001 -5.314399e-001 3.836569e+000
    endloop 
  endfacet
  facet normal 9.809223E-001 1.127141E-001 -1.583885E-001
    outer loop 
      vertex 5.363908e-001 -2.393981e-001 3.416938e-001
      vertex 5.634570e-001 -2.774384e-001 4.822474e-001
      vertex 5.552857e-001 -4.340648e-001 3.201815e-001
    endloop 
  endfacet
  facet normal 9.720243E-001 1.920684E-001 -1.351981E-001
    outer loop 
      vertex 5.634570e-001 -2.774384e-001 4.822474e-001
      vertex 5.363908e-001 -2.393981e-001 3.416938e-001
      vertex 5.363953e-001 -1.381642e-001 4.855433e-001
    endloop 
  endfacet
  facet normal 9.549612E-001 2.505638E-001 -1.589551E-001
    outer loop 
      vertex 5.634570e-001 -2.774384e-001 4.822474e-001
      vertex 5.622320e-001 -1.599227e-001 6.601301e-001
      vertex 6.095334e-001 -3.530222e-001 6.399190e-001
    endloop 
  endfacet
  facet normal 9.739878E-001 1.920949E-001 -1.201974E-001
    outer loop 
      vertex 5.622320e-001 -1.599227e-001 6.601301e-001
      vertex 5.634570e-001 -2.774384e-001 4.822474e-001
      vertex 5.363953e-001 -1.381642e-001 4.855433e-001
    endloop 
  endfacet
  facet normal 9.601104E-001 1.753135E-001 -2.178375E-001
    outer loop 
      vertex 5.634570e-001 -2.774384e-001 4.822474e-001
      vertex 5.842935e-001 -3.935948e-001 4.806024e-001
      vertex 5.552857e-001 -4.340648e-001 3.201815e-001
    endloop 
  endfacet
  facet normal 9.644002E-001 1.757957E-001 -1.975553E-001
    outer loop 
      vertex 5.634570e-001 -2.774384e-001 4.822474e-001
      vertex 6.095334e-001 -3.530222e-001 6.399190e-001
      vertex 5.842935e-001 -3.935948e-001 4.806024e-001
    endloop 
  endfacet
  facet normal -8.100607E-001 -5.650965E-001 1.564212E-001
    outer loop 
      vertex -1.683433e-001 -6.025097e-001 1.574562e+000
      vertex -2.169704e-001 -5.752904e-001 1.421070e+000
      vertex -1.306189e-001 -6.941978e-001 1.438688e+000
    endloop 
  endfacet
  facet normal -7.913462E-001 -5.938273E-001 1.453974E-001
    outer loop 
      vertex -1.683433e-001 -6.025097e-001 1.574562e+000
      vertex -2.520924e-001 -5.003694e-001 1.535903e+000
      vertex -2.169704e-001 -5.752904e-001 1.421070e+000
    endloop 
  endfacet
  facet normal -7.693665E-001 -6.193333E-001 1.565292E-001
    outer loop 
      vertex -8.320463e-002 -7.020859e-001 1.599043e+000
      vertex -1.348481e-001 -6.091169e-001 1.713054e+000
      vertex -1.683433e-001 -6.025097e-001 1.574562e+000
    endloop 
  endfacet
  facet normal -7.685480E-001 -6.086078E-001 1.973083E-001
    outer loop 
      vertex -8.320463e-002 -7.020859e-001 1.599043e+000
      vertex -1.683433e-001 -6.025097e-001 1.574562e+000
      vertex -1.306189e-001 -6.941978e-001 1.438688e+000
    endloop 
  endfacet
  facet normal -5.626457E-001 8.124594E-001 1.527728E-001
    outer loop 
      vertex -6.915857e-001 1.283369e-001 1.441676e+000
      vertex -5.982561e-001 1.704022e-001 1.561692e+000
      vertex -5.512761e-001 2.318534e-001 1.407911e+000
    endloop 
  endfacet
  facet normal -5.896600E-001 7.957984E-001 1.378621E-001
    outer loop 
      vertex -4.590388e-001 2.790416e-001 1.530035e+000
      vertex -5.512761e-001 2.318534e-001 1.407911e+000
      vertex -5.982561e-001 1.704022e-001 1.561692e+000
    endloop 
  endfacet
  facet normal -6.204306E-001 7.675281E-001 1.611416E-001
    outer loop 
      vertex -6.104944e-001 1.288593e-001 1.712443e+000
      vertex -5.982561e-001 1.704022e-001 1.561692e+000
      vertex -6.986613e-001 8.093786e-002 1.601234e+000
    endloop 
  endfacet
  facet normal -6.061177E-001 7.693812E-001 2.016774E-001
    outer loop 
      vertex -6.986613e-001 8.093786e-002 1.601234e+000
      vertex -5.982561e-001 1.704022e-001 1.561692e+000
      vertex -6.915857e-001 1.283369e-001 1.441676e+000
    endloop 
  endfacet
  facet normal 8.014876E-001 5.788702E-001 1.500901E-001
    outer loop 
      vertex 2.709624e-001 4.795832e-001 1.484720e+000
      vertex 2.294789e-001 5.660473e-001 1.372767e+000
      vertex 1.756852e-001 5.961671e-001 1.543861e+000
    endloop 
  endfacet
  facet normal 8.106021E-001 5.645822E-001 1.554711E-001
    outer loop 
      vertex 2.294789e-001 5.660473e-001 1.372767e+000
      vertex 1.298195e-001 6.900597e-001 1.442034e+000
      vertex 1.756852e-001 5.961671e-001 1.543861e+000
    endloop 
  endfacet
  facet normal 7.961821E-001 5.950328E-001 1.096819E-001
    outer loop 
      vertex 2.709624e-001 4.795832e-001 1.484720e+000
      vertex 1.756852e-001 5.961671e-001 1.543861e+000
      vertex 2.164110e-001 5.248618e-001 1.635069e+000
    endloop 
  endfacet
  facet normal 7.715391E-001 6.169114E-001 1.553956E-001
    outer loop 
      vertex 1.756852e-001 5.961671e-001 1.543861e+000
      vertex 8.349890e-002 6.967188e-001 1.602382e+000
      vertex 1.322357e-001 6.090245e-001 1.708545e+000
    endloop 
  endfacet
  facet normal 7.620022E-001 6.295079E-001 1.518960E-001
    outer loop 
      vertex 1.756852e-001 5.961671e-001 1.543861e+000
      vertex 1.322357e-001 6.090245e-001 1.708545e+000
      vertex 2.164110e-001 5.248618e-001 1.635069e+000
    endloop 
  endfacet
  facet normal 7.773951E-001 5.964366E-001 1.998007E-001
    outer loop 
      vertex 1.756852e-001 5.961671e-001 1.543861e+000
      vertex 1.298195e-001 6.900597e-001 1.442034e+000
      vertex 8.349890e-002 6.967188e-001 1.602382e+000
    endloop 
  endfacet
  facet normal 9.964004E-001 5.977516E-002 6.011017E-002
    outer loop 
      vertex 5.000000e-001 1.666667e-001 0.000000e+000
      vertex 4.831914e-001 2.886123e-001 1.573568e-001
      vertex 4.911858e-001 1.406872e-001 1.719407e-001
    endloop 
  endfacet
  facet normal 9.935348E-001 6.300487E-002 9.444007E-002
    outer loop 
      vertex 4.710279e-001 2.745751e-001 2.946848e-001
      vertex 4.911858e-001 1.406872e-001 1.719407e-001
      vertex 4.831914e-001 2.886123e-001 1.573568e-001
    endloop 
  endfacet
  facet normal 9.948290E-001 8.903590E-002 4.886582E-002
    outer loop 
      vertex 4.911858e-001 1.406872e-001 1.719407e-001
      vertex 4.780994e-001 1.838418e-001 3.597289e-001
      vertex 5.012543e-001 8.610897e-004 2.217321e-001
    endloop 
  endfacet
  facet normal 9.975487E-001 6.972496E-002 -5.913824E-003
    outer loop 
      vertex 5.012543e-001 8.610897e-004 2.217321e-001
      vertex 5.000000e-001 0.000000e+000 0.000000e+000
      vertex 4.911858e-001 1.406872e-001 1.719407e-001
    endloop 
  endfacet
  facet normal 9.930564E-001 1.090419E-001 4.414481E-002
    outer loop 
      vertex 4.780994e-001 1.838418e-001 3.597289e-001
      vertex 4.911858e-001 1.406872e-001 1.719407e-001
      vertex 4.710279e-001 2.745751e-001 2.946848e-001
    endloop 
  endfacet
  facet normal 9.986886E-001 0.000000E+000 5.119570E-002
    outer loop 
      vertex 5.000000e-001 0.000000e+000 0.000000e+000
      vertex 5.000000e-001 1.666667e-001 0.000000e+000
      vertex 4.911858e-001 1.406872e-001 1.719407e-001
    endloop 
  endfacet
  facet normal -4.211652E-001 -8.939623E-001 -1.531378E-001
    outer loop 
      vertex -6.600277e-001 -2.492878e-001 2.721330e+000
      vertex -5.575488e-001 -2.781169e-001 2.607782e+000
      vertex -5.189254e-001 -3.210776e-001 2.752348e+000
    endloop 
  endfacet
  facet normal -4.453054E-001 -8.837784E-001 -1.436619E-001
    outer loop 
      vertex -5.189254e-001 -3.210776e-001 2.752348e+000
      vertex -5.575488e-001 -2.781169e-001 2.607782e+000
      vertex -4.195108e-001 -3.535103e-001 2.643714e+000
    endloop 
  endfacet
  facet normal -3.930755E-001 -9.092128E-001 -1.371996E-001
    outer loop 
      vertex -4.830314e-001 -3.604819e-001 2.910642e+000
      vertex -5.189254e-001 -3.210776e-001 2.752348e+000
      vertex -3.614810e-001 -3.945168e-001 2.787948e+000
    endloop 
  endfacet
  facet normal -4.026833E-001 -9.102102E-001 -9.676566E-002
    outer loop 
      vertex -4.195108e-001 -3.535103e-001 2.643714e+000
      vertex -3.614810e-001 -3.945168e-001 2.787948e+000
      vertex -5.189254e-001 -3.210776e-001 2.752348e+000
    endloop 
  endfacet
  facet normal -4.088342E-001 -8.902696E-001 -2.006858E-001
    outer loop 
      vertex -5.189254e-001 -3.210776e-001 2.752348e+000
      vertex -6.422067e-001 -2.935085e-001 2.881194e+000
      vertex -6.600277e-001 -2.492878e-001 2.721330e+000
    endloop 
  endfacet
  facet normal -3.602504E-001 -9.211042E-001 -1.476030E-001
    outer loop 
      vertex -6.422067e-001 -2.935085e-001 2.881194e+000
      vertex -5.189254e-001 -3.210776e-001 2.752348e+000
      vertex -4.830314e-001 -3.604819e-001 2.910642e+000
    endloop 
  endfacet
  facet normal -8.912947E-001 4.266932E-001 -1.533846E-001
    outer loop 
      vertex -2.420160e-001 6.551374e-001 2.723076e+000
      vertex -2.698896e-001 5.527679e-001 2.600269e+000
      vertex -3.001770e-001 5.431700e-001 2.749564e+000
    endloop 
  endfacet
  facet normal -8.863927E-001 4.373717E-001 -1.517036E-001
    outer loop 
      vertex -3.393379e-001 4.341852e-001 2.664168e+000
      vertex -3.001770e-001 5.431700e-001 2.749564e+000
      vertex -2.698896e-001 5.527679e-001 2.600269e+000
    endloop 
  endfacet
  facet normal -8.881030E-001 4.141577E-001 -1.993651E-001
    outer loop 
      vertex -3.001770e-001 5.431700e-001 2.749564e+000
      vertex -2.863877e-001 6.367533e-001 2.882546e+000
      vertex -2.420160e-001 6.551374e-001 2.723076e+000
    endloop 
  endfacet
  facet normal -9.173842E-001 3.639781E-001 -1.610160E-001
    outer loop 
      vertex -2.863877e-001 6.367533e-001 2.882546e+000
      vertex -3.001770e-001 5.431700e-001 2.749564e+000
      vertex -3.612021e-001 4.398413e-001 2.863678e+000
    endloop 
  endfacet
  facet normal -9.045008E-001 4.118274E-001 -1.107993E-001
    outer loop 
      vertex -3.393379e-001 4.341852e-001 2.664168e+000
      vertex -3.612021e-001 4.398413e-001 2.863678e+000
      vertex -3.001770e-001 5.431700e-001 2.749564e+000
    endloop 
  endfacet
  facet normal 8.942078E-001 -4.217471E-001 -1.500730E-001
    outer loop 
      vertex 2.445081e-001 -6.668534e-001 2.719997e+000
      vertex 2.885557e-001 -5.390416e-001 2.623268e+000
      vertex 3.196523e-001 -5.257889e-001 2.771312e+000
    endloop 
  endfacet
  facet normal 8.935828E-001 -4.231611E-001 -1.498152E-001
    outer loop 
      vertex 3.690145e-001 -3.962707e-001 2.699905e+000
      vertex 3.196523e-001 -5.257889e-001 2.771312e+000
      vertex 2.885557e-001 -5.390416e-001 2.623268e+000
    endloop 
  endfacet
  facet normal 9.144462E-001 -3.955956E-001 -8.539418E-002
    outer loop 
      vertex 3.690145e-001 -3.962707e-001 2.699905e+000
      vertex 3.902563e-001 -3.777198e-001 2.841434e+000
      vertex 3.196523e-001 -5.257889e-001 2.771312e+000
    endloop 
  endfacet
  facet normal 8.931638E-001 -4.036327E-001 -1.983407E-001
    outer loop 
      vertex 2.879561e-001 -6.497356e-001 2.880816e+000
      vertex 2.445081e-001 -6.668534e-001 2.719997e+000
      vertex 3.196523e-001 -5.257889e-001 2.771312e+000
    endloop 
  endfacet
  facet normal 4.276161E-001 8.925522E-001 -1.431609E-001
    outer loop 
      vertex 5.245883e-001 2.794434e-001 2.574880e+000
      vertex 5.416027e-001 3.025946e-001 2.770041e+000
      vertex 6.617250e-001 2.374041e-001 2.722404e+000
    endloop 
  endfacet
  facet normal 4.238097E-001 8.943842E-001 -1.430463E-001
    outer loop 
      vertex 5.416027e-001 3.025946e-001 2.770041e+000
      vertex 5.245883e-001 2.794434e-001 2.574880e+000
      vertex 4.334567e-001 3.415930e-001 2.693466e+000
    endloop 
  endfacet
  facet normal 4.062506E-001 8.923316E-001 -1.967352E-001
    outer loop 
      vertex 6.617250e-001 2.374041e-001 2.722404e+000
      vertex 5.416027e-001 3.025946e-001 2.770041e+000
      vertex 6.438828e-001 2.807792e-001 2.882297e+000
    endloop 
  endfacet
  facet normal 3.981396E-001 9.120997E-001 -9.777034E-002
    outer loop 
      vertex 5.416027e-001 3.025946e-001 2.770041e+000
      vertex 4.334567e-001 3.415930e-001 2.693466e+000
      vertex 4.146414e-001 3.654269e-001 2.839192e+000
    endloop 
  endfacet
  facet normal 7.867581E-001 -6.140821E-001 6.256914E-002
    outer loop 
      vertex 4.807520e-001 -2.182947e-001 2.001560e+000
      vertex 5.359108e-001 -1.279960e-001 2.194213e+000
      vertex 4.443681e-001 -2.468866e-001 2.178443e+000
    endloop 
  endfacet
  facet normal 7.376218E-001 -6.738563E-001 4.280006E-002
    outer loop 
      vertex 3.871326e-001 -3.205605e-001 2.004907e+000
      vertex 4.807520e-001 -2.182947e-001 2.001560e+000
      vertex 4.443681e-001 -2.468866e-001 2.178443e+000
    endloop 
  endfacet
  facet normal 6.852797E-001 -7.245306E-001 7.380436E-002
    outer loop 
      vertex 5.209581e-001 -2.002006e-001 1.805869e+000
      vertex 4.807520e-001 -2.182947e-001 2.001560e+000
      vertex 4.122974e-001 -3.009400e-001 1.825845e+000
    endloop 
  endfacet
  facet normal 7.377586E-001 -6.744073E-001 2.978504E-002
    outer loop 
      vertex 4.122974e-001 -3.009400e-001 1.825845e+000
      vertex 4.807520e-001 -2.182947e-001 2.001560e+000
      vertex 3.871326e-001 -3.205605e-001 2.004907e+000
    endloop 
  endfacet
  facet normal 7.425761E-001 -6.625618E-001 9.794198E-002
    outer loop 
      vertex 4.807520e-001 -2.182947e-001 2.001560e+000
      vertex 5.864376e-001 -9.646285e-002 2.024445e+000
      vertex 5.359108e-001 -1.279960e-001 2.194213e+000
    endloop 
  endfacet
  facet normal 7.436392E-001 -6.622834E-001 9.155029E-002
    outer loop 
      vertex 5.864376e-001 -9.646285e-002 2.024445e+000
      vertex 4.807520e-001 -2.182947e-001 2.001560e+000
      vertex 5.209581e-001 -2.002006e-001 1.805869e+000
    endloop 
  endfacet
  facet normal -8.379814E-004 9.901875E-001 -1.397428E-001
    outer loop 
      vertex 3.827010e-001 4.930570e-001 3.742844e+000
      vertex 2.386994e-001 4.911029e-001 3.729861e+000
      vertex 2.941156e-001 5.113958e-001 3.873320e+000
    endloop 
  endfacet
  facet normal -5.639808E-002 9.913575E-001 -1.184462E-001
    outer loop 
      vertex 9.875953e-002 4.982526e-001 3.856334e+000
      vertex 2.941156e-001 5.113958e-001 3.873320e+000
      vertex 2.386994e-001 4.911029e-001 3.729861e+000
    endloop 
  endfacet
  facet normal -6.256577E-002 9.815933E-001 -1.804443E-001
    outer loop 
      vertex 3.827010e-001 4.930570e-001 3.742844e+000
      vertex 2.941156e-001 5.113958e-001 3.873320e+000
      vertex 4.767380e-001 5.160875e-001 3.835521e+000
    endloop 
  endfacet
  facet normal -5.973400E-002 9.947802E-001 -8.272854E-002
    outer loop 
      vertex 9.875953e-002 4.982526e-001 3.856334e+000
      vertex 1.250242e-001 5.117773e-001 4.000000e+000
      vertex 2.941156e-001 5.113958e-001 3.873320e+000
    endloop 
  endfacet
  facet normal -1.031768E-001 9.846635E-001 -1.406852E-001
    outer loop 
      vertex 2.857398e-001 5.286177e-001 4.000000e+000
      vertex 2.941156e-001 5.113958e-001 3.873320e+000
      vertex 1.250242e-001 5.117773e-001 4.000000e+000
    endloop 
  endfacet
  facet normal -1.522111E-001 9.779462E-001 -1.430140E-001
    outer loop 
      vertex 4.410307e-001 5.527878e-001 4.000000e+000
      vertex 2.941156e-001 5.113958e-001 3.873320e+000
      vertex 2.857398e-001 5.286177e-001 4.000000e+000
    endloop 
  endfacet
  facet normal -7.299087E-002 9.699104E-001 -2.322629E-001
    outer loop 
      vertex 4.767380e-001 5.160875e-001 3.835521e+000
      vertex 2.941156e-001 5.113958e-001 3.873320e+000
      vertex 4.410307e-001 5.527878e-001 4.000000e+000
    endloop 
  endfacet
  facet normal 4.210173E-002 -9.987592E-001 -2.660003E-002
    outer loop 
      vertex 8.308351e-002 -5.051664e-001 3.858408e+000
      vertex -8.410019e-002 -5.119041e-001 3.846780e+000
      vertex -3.558630e-002 -5.063398e-001 3.714643e+000
    endloop 
  endfacet
  facet normal 4.194111E-002 -9.988257E-001 -2.425214E-002
    outer loop 
      vertex -8.410019e-002 -5.119041e-001 3.846780e+000
      vertex 8.308351e-002 -5.051664e-001 3.858408e+000
      vertex 4.449928e-002 -5.102245e-001 4.000000e+000
    endloop 
  endfacet
  facet normal 3.921667E-002 -9.961216E-001 -7.876355E-002
    outer loop 
      vertex -2.890728e-001 -5.162181e-001 3.799282e+000
      vertex -8.410019e-002 -5.119041e-001 3.846780e+000
      vertex -1.229422e-001 -5.255485e-001 4.000000e+000
    endloop 
  endfacet
  facet normal 4.109109E-002 -9.953674E-001 -8.692088E-002
    outer loop 
      vertex -2.890728e-001 -5.162181e-001 3.799282e+000
      vertex -1.886290e-001 -5.031502e-001 3.697120e+000
      vertex -8.410019e-002 -5.119041e-001 3.846780e+000
    endloop 
  endfacet
  facet normal 9.094234E-002 -9.937040E-001 -6.543558E-002
    outer loop 
      vertex -8.410019e-002 -5.119041e-001 3.846780e+000
      vertex 4.449928e-002 -5.102245e-001 4.000000e+000
      vertex -1.229422e-001 -5.255485e-001 4.000000e+000
    endloop 
  endfacet
  facet normal -1.535447E-002 -9.987440E-001 -4.769433E-002
    outer loop 
      vertex -3.558630e-002 -5.063398e-001 3.714643e+000
      vertex -8.410019e-002 -5.119041e-001 3.846780e+000
      vertex -1.886290e-001 -5.031502e-001 3.697120e+000
    endloop 
  endfacet
  facet normal 9.956081E-001 4.689927E-002 -8.102508E-002
    outer loop 
      vertex 5.112826e-001 -2.209709e-001 3.846318e+000
      vertex 5.045024e-001 -6.415081e-002 3.853777e+000
      vertex 5.195872e-001 -1.317582e-001 4.000000e+000
    endloop 
  endfacet
  facet normal 9.960611E-001 4.665155E-002 -7.540530E-002
    outer loop 
      vertex 5.112826e-001 -2.209709e-001 3.846318e+000
      vertex 4.979383e-001 -1.601021e-001 3.707705e+000
      vertex 5.045024e-001 -6.415081e-002 3.853777e+000
    endloop 
  endfacet
  facet normal 9.991481E-001 3.988995E-002 -1.057663E-002
    outer loop 
      vertex 5.006437e-001 -4.740357e-003 3.713324e+000
      vertex 4.984134e-001 8.934581e-002 3.857476e+000
      vertex 5.045024e-001 -6.415081e-002 3.853777e+000
    endloop 
  endfacet
  facet normal 9.989380E-001 4.017057E-002 -2.256551E-002
    outer loop 
      vertex 4.984134e-001 8.934581e-002 3.857476e+000
      vertex 5.037910e-001 3.567922e-002 4.000000e+000
      vertex 5.045024e-001 -6.415081e-002 3.853777e+000
    endloop 
  endfacet
  facet normal 9.938347E-001 9.375883E-002 -5.917628E-002
    outer loop 
      vertex 5.045024e-001 -6.415081e-002 3.853777e+000
      vertex 5.037910e-001 3.567922e-002 4.000000e+000
      vertex 5.195872e-001 -1.317582e-001 4.000000e+000
    endloop 
  endfacet
  facet normal 9.992813E-001 -1.616133E-002 -3.428954E-002
    outer loop 
      vertex 5.006437e-001 -4.740357e-003 3.713324e+000
      vertex 5.045024e-001 -6.415081e-002 3.853777e+000
      vertex 4.979383e-001 -1.601021e-001 3.707705e+000
    endloop 
  endfacet
  facet normal -7.389287E-001 -6.556196E-001 -1.553940E-001
    outer loop 
      vertex -7.027402e-001 3.307611e-002 1.761220e+000
      vertex -6.162562e-001 -2.766210e-002 1.606231e+000
      vertex -5.898653e-001 -1.012443e-001 1.791187e+000
    endloop 
  endfacet
  facet normal -8.235513E-001 -5.489925E-001 -1.427253E-001
    outer loop 
      vertex -6.362920e-001 4.976377e-002 1.424023e+000
      vertex -5.463049e-001 -8.356743e-002 1.417639e+000
      vertex -6.162562e-001 -2.766210e-002 1.606231e+000
    endloop 
  endfacet
  facet normal -7.813532E-001 -6.006789E-001 -1.693285E-001
    outer loop 
      vertex -6.362920e-001 4.976377e-002 1.424023e+000
      vertex -6.162562e-001 -2.766210e-002 1.606231e+000
      vertex -6.986613e-001 8.093786e-002 1.601234e+000
    endloop 
  endfacet
  facet normal -7.763060E-001 -5.982030E-001 -1.987514E-001
    outer loop 
      vertex -6.162562e-001 -2.766210e-002 1.606231e+000
      vertex -7.027402e-001 3.307611e-002 1.761220e+000
      vertex -6.986613e-001 8.093786e-002 1.601234e+000
    endloop 
  endfacet
  facet normal -9.604066E-001 -2.583089E-001 1.043820E-001
    outer loop 
      vertex -4.093080e-001 -3.778790e-001 7.086188e-001
      vertex -4.456083e-001 -2.657558e-001 6.520901e-001
      vertex -4.324222e-001 -3.513657e-001 5.615585e-001
    endloop 
  endfacet
  facet normal 2.095171E-001 9.772364E-001 -3.333922E-002
    outer loop 
      vertex 2.011223e-001 4.555877e-001 3.106586e+000
      vertex 3.768766e-002 4.955540e-001 3.250986e+000
      vertex 1.871847e-001 4.651278e-001 3.298635e+000
    endloop 
  endfacet
  facet normal 2.691680E-001 9.623314E-001 3.830005E-002
    outer loop 
      vertex -2.870560e-003 5.126247e-001 3.107103e+000
      vertex 3.768766e-002 4.955540e-001 3.250986e+000
      vertex 2.011223e-001 4.555877e-001 3.106586e+000
    endloop 
  endfacet
  facet normal 1.924386E-001 9.810470E-001 2.267700E-002
    outer loop 
      vertex 3.768766e-002 4.955540e-001 3.250986e+000
      vertex 4.501826e-002 4.907349e-001 3.397260e+000
      vertex 1.871847e-001 4.651278e-001 3.298635e+000
    endloop 
  endfacet
  facet normal 2.096327E-001 9.761337E-001 5.671958E-002
    outer loop 
      vertex -1.320292e-001 5.315422e-001 3.258901e+000
      vertex 3.768766e-002 4.955540e-001 3.250986e+000
      vertex -2.870560e-003 5.126247e-001 3.107103e+000
    endloop 
  endfacet
  facet normal 2.105137E-001 9.737687E-001 8.636231E-002
    outer loop 
      vertex -1.100226e-001 5.131491e-001 3.412647e+000
      vertex 3.768766e-002 4.955540e-001 3.250986e+000
      vertex -1.320292e-001 5.315422e-001 3.258901e+000
    endloop 
  endfacet
  facet normal 1.454949E-001 9.890357E-001 2.529280E-002
    outer loop 
      vertex -1.100226e-001 5.131491e-001 3.412647e+000
      vertex 4.501826e-002 4.907349e-001 3.397260e+000
      vertex 3.768766e-002 4.955540e-001 3.250986e+000
    endloop 
  endfacet
  facet normal 6.709347E-001 -7.254930E-001 1.533186E-001
    outer loop 
      vertex 6.236789e-001 -9.093991e-002 1.863992e+000
      vertex 6.128901e-001 -1.338938e-001 1.707950e+000
      vertex 7.039925e-001 -3.850466e-002 1.760653e+000
    endloop 
  endfacet
  facet normal 6.789302E-001 -7.185386E-001 1.508515E-001
    outer loop 
      vertex 6.236789e-001 -9.093991e-002 1.863992e+000
      vertex 5.209581e-001 -2.002006e-001 1.805869e+000
      vertex 6.128901e-001 -1.338938e-001 1.707950e+000
    endloop 
  endfacet
  facet normal 6.191792E-001 -7.690581E-001 1.586404E-001
    outer loop 
      vertex 6.130624e-001 -1.656478e-001 1.553340e+000
      vertex 6.997280e-001 -8.614504e-002 1.600495e+000
      vertex 6.128901e-001 -1.338938e-001 1.707950e+000
    endloop 
  endfacet
  facet normal 6.089157E-001 -7.768824E-001 1.602359E-001
    outer loop 
      vertex 5.201281e-001 -2.293538e-001 1.597631e+000
      vertex 6.130624e-001 -1.656478e-001 1.553340e+000
      vertex 6.128901e-001 -1.338938e-001 1.707950e+000
    endloop 
  endfacet
  facet normal 6.507792E-001 -7.323142E-001 2.005051E-001
    outer loop 
      vertex 7.039925e-001 -3.850466e-002 1.760653e+000
      vertex 6.128901e-001 -1.338938e-001 1.707950e+000
      vertex 6.997280e-001 -8.614504e-002 1.600495e+000
    endloop 
  endfacet
  facet normal 6.514851E-001 -7.516865E-001 1.026386E-001
    outer loop 
      vertex 5.209581e-001 -2.002006e-001 1.805869e+000
      vertex 5.201281e-001 -2.293538e-001 1.597631e+000
      vertex 6.128901e-001 -1.338938e-001 1.707950e+000
    endloop 
  endfacet
  facet normal -8.787408E-001 4.543252E-001 1.462986E-001
    outer loop 
      vertex -6.117401e-001 -1.163391e-001 2.654001e+000
      vertex -5.515215e-001 1.692083e-002 2.601869e+000
      vertex -6.070094e-001 -6.071252e-002 2.509669e+000
    endloop 
  endfacet
  facet normal -8.705958E-001 4.679855E-001 1.518304E-001
    outer loop 
      vertex -6.749182e-001 -2.038358e-001 2.561428e+000
      vertex -6.117401e-001 -1.163391e-001 2.654001e+000
      vertex -6.070094e-001 -6.071252e-002 2.509669e+000
    endloop 
  endfacet
  facet normal -8.900259E-001 4.435085E-001 1.056132E-001
    outer loop 
      vertex -6.117401e-001 -1.163391e-001 2.654001e+000
      vertex -5.602931e-001 -3.399915e-002 2.741781e+000
      vertex -5.515215e-001 1.692083e-002 2.601869e+000
    endloop 
  endfacet
  facet normal -8.830513E-001 4.233096E-001 2.025571E-001
    outer loop 
      vertex -6.749182e-001 -2.038358e-001 2.561428e+000
      vertex -6.600277e-001 -2.492878e-001 2.721330e+000
      vertex -6.117401e-001 -1.163391e-001 2.654001e+000
    endloop 
  endfacet
  facet normal 4.855694E-001 8.593988E-001 1.601751E-001
    outer loop 
      vertex -7.138073e-002 6.134264e-001 2.504995e+000
      vertex -1.004888e-001 6.050770e-001 2.638034e+000
      vertex 7.588306e-002 5.251324e-001 2.532297e+000
    endloop 
  endfacet
  facet normal 4.614073E-001 8.734070E-001 1.557677E-001
    outer loop 
      vertex -1.004888e-001 6.050770e-001 2.638034e+000
      vertex -7.138073e-002 6.134264e-001 2.504995e+000
      vertex -1.979988e-001 6.699850e-001 2.562927e+000
    endloop 
  endfacet
  facet normal 4.543215E-001 8.865259E-001 8.754301E-002
    outer loop 
      vertex 7.213145e-003 5.432553e-001 2.705147e+000
      vertex 7.588306e-002 5.251324e-001 2.532297e+000
      vertex -1.004888e-001 6.050770e-001 2.638034e+000
    endloop 
  endfacet
  facet normal 4.314115E-001 8.796774E-001 2.001295E-001
    outer loop 
      vertex -2.420160e-001 6.551374e-001 2.723076e+000
      vertex -1.004888e-001 6.050770e-001 2.638034e+000
      vertex -1.979988e-001 6.699850e-001 2.562927e+000
    endloop 
  endfacet
  facet normal 8.873246E-001 -4.177237E-001 1.953508E-001
    outer loop 
      vertex 6.617250e-001 2.374041e-001 2.722404e+000
      vertex 6.177499e-001 1.225364e-001 2.676524e+000
      vertex 6.762723e-001 1.931941e-001 2.561792e+000
    endloop 
  endfacet
  facet normal 9.030269E-001 -4.040178E-001 1.459859E-001
    outer loop 
      vertex 5.888053e-001 1.209365e-001 2.851139e+000
      vertex 6.177499e-001 1.225364e-001 2.676524e+000
      vertex 6.617250e-001 2.374041e-001 2.722404e+000
    endloop 
  endfacet
  facet normal 8.941930E-001 -4.237743E-001 1.443406E-001
    outer loop 
      vertex 5.888053e-001 1.209365e-001 2.851139e+000
      vertex 5.590509e-001 3.345847e-003 2.690229e+000
      vertex 6.177499e-001 1.225364e-001 2.676524e+000
    endloop 
  endfacet
  facet normal -9.821274E-001 -1.108051E-001 -1.521448E-001
    outer loop 
      vertex -5.183759e-001 3.347178e-001 1.556406e-001
      vertex -5.404924e-001 2.762075e-001 3.410195e-001
      vertex -5.552324e-001 4.330303e-001 3.219573e-001
    endloop 
  endfacet
  facet normal -9.730550E-001 -1.157015E-001 -1.994420E-001
    outer loop 
      vertex -5.552324e-001 4.330303e-001 3.219573e-001
      vertex -5.404924e-001 2.762075e-001 3.410195e-001
      vertex -5.832314e-001 3.936921e-001 4.813823e-001
    endloop 
  endfacet
  facet normal -6.704694E-002 9.917183E-001 1.095423E-001
    outer loop 
      vertex -3.900558e-001 4.578591e-001 4.000000e+000
      vertex -2.663120e-001 4.794320e-001 3.880434e+000
      vertex -4.236348e-001 4.661523e-001 3.904367e+000
    endloop 
  endfacet
  facet normal -1.539844E-001 9.782614E-001 1.389011E-001
    outer loop 
      vertex -5.592942e-001 4.312199e-001 4.000000e+000
      vertex -3.900558e-001 4.578591e-001 4.000000e+000
      vertex -4.236348e-001 4.661523e-001 3.904367e+000
    endloop 
  endfacet
  facet normal -1.107421E-001 9.738014E-001 1.986131E-001
    outer loop 
      vertex -5.226903e-001 4.685416e-001 3.837421e+000
      vertex -5.592942e-001 4.312199e-001 4.000000e+000
      vertex -4.236348e-001 4.661523e-001 3.904367e+000
    endloop 
  endfacet
  facet normal -6.302869E-002 9.889202E-001 1.344029E-001
    outer loop 
      vertex -3.541703e-001 4.888397e-001 3.770011e+000
      vertex -4.236348e-001 4.661523e-001 3.904367e+000
      vertex -2.663120e-001 4.794320e-001 3.880434e+000
    endloop 
  endfacet
  facet normal -6.595871E-002 9.889336E-001 1.328903E-001
    outer loop 
      vertex -3.541703e-001 4.888397e-001 3.770011e+000
      vertex -5.226903e-001 4.685416e-001 3.837421e+000
      vertex -4.236348e-001 4.661523e-001 3.904367e+000
    endloop 
  endfacet
  facet normal 7.377416E-001 -6.690175E-001 -9.029347E-002
    outer loop 
      vertex 2.535921e-001 -4.879155e-001 2.143258e+000
      vertex 1.986977e-001 -5.267410e-001 1.982417e+000
      vertex 2.951817e-001 -4.232636e-001 2.004036e+000
    endloop 
  endfacet
  facet normal -5.416654E-001 8.361824E-001 8.600879E-002
    outer loop 
      vertex -4.590388e-001 2.790416e-001 1.530035e+000
      vertex -3.695267e-001 3.539568e-001 1.365433e+000
      vertex -5.512761e-001 2.318534e-001 1.407911e+000
    endloop 
  endfacet
  facet normal -5.492623E-001 8.106548E-001 2.028538E-001
    outer loop 
      vertex -5.512761e-001 2.318534e-001 1.407911e+000
      vertex -6.811774e-001 1.754067e-001 1.281755e+000
      vertex -6.915857e-001 1.283369e-001 1.441676e+000
    endloop 
  endfacet
  facet normal 8.419125E-001 5.306628E-001 9.787902E-002
    outer loop 
      vertex 2.294789e-001 5.660473e-001 1.372767e+000
      vertex 2.709624e-001 4.795832e-001 1.484720e+000
      vertex 3.244753e-001 4.277218e-001 1.305598e+000
    endloop 
  endfacet
  facet normal 8.157166E-001 5.406528E-001 2.056721E-001
    outer loop 
      vertex 1.767358e-001 6.798757e-001 1.282730e+000
      vertex 1.298195e-001 6.900597e-001 1.442034e+000
      vertex 2.294789e-001 5.660473e-001 1.372767e+000
    endloop 
  endfacet
  facet normal 8.503056E-001 5.066513E-001 1.424247E-001
    outer loop 
      vertex 1.767358e-001 6.798757e-001 1.282730e+000
      vertex 2.294789e-001 5.660473e-001 1.372767e+000
      vertex 2.824577e-001 5.297471e-001 1.185604e+000
    endloop 
  endfacet
  facet normal 8.466315E-001 5.134148E-001 1.400729E-001
    outer loop 
      vertex 2.824577e-001 5.297471e-001 1.185604e+000
      vertex 2.294789e-001 5.660473e-001 1.372767e+000
      vertex 3.244753e-001 4.277218e-001 1.305598e+000
    endloop 
  endfacet
  facet normal -8.270955E-001 -5.517771E-001 1.070284E-001
    outer loop 
      vertex -2.169704e-001 -5.752904e-001 1.421070e+000
      vertex -2.520924e-001 -5.003694e-001 1.535903e+000
      vertex -3.054734e-001 -4.422936e-001 1.422791e+000
    endloop 
  endfacet
  facet normal -8.070742E-001 -5.571319E-001 1.955385E-001
    outer loop 
      vertex -1.765963e-001 -6.833856e-001 1.279725e+000
      vertex -1.306189e-001 -6.941978e-001 1.438688e+000
      vertex -2.169704e-001 -5.752904e-001 1.421070e+000
    endloop 
  endfacet
  facet normal 8.534221E-001 -5.147445E-001 -8.190711E-002
    outer loop 
      vertex 3.707979e-001 -3.586547e-001 2.460141e+000
      vertex 2.679570e-001 -5.280731e-001 2.453310e+000
      vertex 3.113954e-001 -4.334806e-001 2.311445e+000
    endloop 
  endfacet
  facet normal 8.251342E-001 -5.630358E-001 -4.630557E-002
    outer loop 
      vertex 3.707979e-001 -3.586547e-001 2.460141e+000
      vertex 3.113954e-001 -4.334806e-001 2.311445e+000
      vertex 4.059618e-001 -2.961862e-001 2.327174e+000
    endloop 
  endfacet
  facet normal 5.500091E-002 9.936270E-001 -9.838933E-002
    outer loop 
      vertex 3.963999e-001 4.703492e-001 3.608428e+000
      vertex 2.555468e-001 4.736824e-001 3.563351e+000
      vertex 2.386994e-001 4.911029e-001 3.729861e+000
    endloop 
  endfacet
  facet normal 1.829912E-002 9.945951E-001 -1.022041E-001
    outer loop 
      vertex 2.555468e-001 4.736824e-001 3.563351e+000
      vertex 5.729532e-002 4.902184e-001 3.688774e+000
      vertex 2.386994e-001 4.911029e-001 3.729861e+000
    endloop 
  endfacet
  facet normal 7.388492E-002 9.846614E-001 -1.580598E-001
    outer loop 
      vertex 3.963999e-001 4.703492e-001 3.608428e+000
      vertex 4.225931e-001 4.442762e-001 3.458246e+000
      vertex 2.555468e-001 4.736824e-001 3.563351e+000
    endloop 
  endfacet
  facet normal 1.144817E-001 9.888991E-001 -9.472410E-002
    outer loop 
      vertex 4.225931e-001 4.442762e-001 3.458246e+000
      vertex 3.030522e-001 4.505944e-001 3.379731e+000
      vertex 2.555468e-001 4.736824e-001 3.563351e+000
    endloop 
  endfacet
  facet normal 6.541603E-002 9.974622E-001 -2.810627E-002
    outer loop 
      vertex 1.352199e-001 4.794819e-001 3.489114e+000
      vertex 5.729532e-002 4.902184e-001 3.688774e+000
      vertex 2.555468e-001 4.736824e-001 3.563351e+000
    endloop 
  endfacet
  facet normal 1.073238E-001 9.895149E-001 -9.665339E-002
    outer loop 
      vertex 1.352199e-001 4.794819e-001 3.489114e+000
      vertex 2.555468e-001 4.736824e-001 3.563351e+000
      vertex 3.030522e-001 4.505944e-001 3.379731e+000
    endloop 
  endfacet
  facet normal -9.924153E-001 7.499725E-002 -9.740241E-002
    outer loop 
      vertex -4.715065e-001 3.693612e-001 3.564276e+000
      vertex -4.645067e-001 2.723337e-001 3.418247e+000
      vertex -4.845054e-001 1.801816e-001 3.551056e+000
    endloop 
  endfacet
  facet normal -9.933615E-001 7.438751E-002 -8.774661E-002
    outer loop 
      vertex -4.947865e-001 2.224474e-001 3.703276e+000
      vertex -4.715065e-001 3.693612e-001 3.564276e+000
      vertex -4.845054e-001 1.801816e-001 3.551056e+000
    endloop 
  endfacet
  facet normal -9.968861E-001 7.868478E-002 -5.179087E-003
    outer loop 
      vertex -4.973116e-001 2.654484e-002 3.681862e+000
      vertex -4.845054e-001 1.801816e-001 3.551056e+000
      vertex -4.956134e-001 3.755289e-002 3.522226e+000
    endloop 
  endfacet
  facet normal -9.958718E-001 8.434132E-002 -3.355401E-002
    outer loop 
      vertex -4.845054e-001 1.801816e-001 3.551056e+000
      vertex -4.843981e-001 1.242068e-001 3.407171e+000
      vertex -4.956134e-001 3.755289e-002 3.522226e+000
    endloop 
  endfacet
  facet normal -9.971043E-001 2.084676E-002 -7.313322E-002
    outer loop 
      vertex -4.973116e-001 2.654484e-002 3.681862e+000
      vertex -4.947865e-001 2.224474e-001 3.703276e+000
      vertex -4.845054e-001 1.801816e-001 3.551056e+000
    endloop 
  endfacet
  facet normal -9.891184E-001 1.368609E-001 -5.398050E-002
    outer loop 
      vertex -4.843981e-001 1.242068e-001 3.407171e+000
      vertex -4.845054e-001 1.801816e-001 3.551056e+000
      vertex -4.645067e-001 2.723337e-001 3.418247e+000
    endloop 
  endfacet
  facet normal -9.985167E-001 -5.424703E-002 -4.652691E-003
    outer loop 
      vertex -5.027925e-001 3.978948e-002 1.353785e-001
      vertex -5.000000e-001 0.000000e+000 0.000000e+000
      vertex -4.912937e-001 -1.727303e-001 1.454467e-001
    endloop 
  endfacet
  facet normal -9.910010E-001 -5.626884E-002 1.214527E-001
    outer loop 
      vertex -4.670590e-001 -3.625222e-001 2.552611e-001
      vertex -4.912937e-001 -1.727303e-001 1.454467e-001
      vertex -5.000000e-001 -3.333333e-001 0.000000e+000
    endloop 
  endfacet
  facet normal -9.939117E-001 -9.082098E-002 6.237873E-002
    outer loop 
      vertex -4.785573e-001 -2.042369e-001 3.025094e-001
      vertex -4.912937e-001 -1.727303e-001 1.454467e-001
      vertex -4.670590e-001 -3.625222e-001 2.552611e-001
    endloop 
  endfacet
  facet normal -9.982132E-001 0.000000E+000 5.975209E-002
    outer loop 
      vertex -4.912937e-001 -1.727303e-001 1.454467e-001
      vertex -5.000000e-001 -1.666667e-001 0.000000e+000
      vertex -5.000000e-001 -3.333333e-001 0.000000e+000
    endloop 
  endfacet
  facet normal -9.982132E-001 0.000000E+000 5.975209E-002
    outer loop 
      vertex -4.912937e-001 -1.727303e-001 1.454467e-001
      vertex -5.000000e-001 0.000000e+000 0.000000e+000
      vertex -5.000000e-001 -1.666667e-001 0.000000e+000
    endloop 
  endfacet
  facet normal 1.622871E-003 9.860544E-001 -1.664152E-001
    outer loop 
      vertex 2.386994e-001 4.911029e-001 3.729861e+000
      vertex 3.827010e-001 4.930570e-001 3.742844e+000
      vertex 3.963999e-001 4.703492e-001 3.608428e+000
    endloop 
  endfacet
  facet normal 6.331616E-003 9.987563E-001 -4.945531E-002
    outer loop 
      vertex 5.729532e-002 4.902184e-001 3.688774e+000
      vertex 9.875953e-002 4.982526e-001 3.856334e+000
      vertex 2.386994e-001 4.911029e-001 3.729861e+000
    endloop 
  endfacet
  facet normal 5.414159E-001 -8.238320E-001 -1.678380E-001
    outer loop 
      vertex -1.306189e-001 -6.941978e-001 1.438688e+000
      vertex -8.154500e-002 -6.266912e-001 1.265636e+000
      vertex 1.307210e-002 -5.936175e-001 1.408512e+000
    endloop 
  endfacet
  facet normal 4.983404E-001 -8.569276E-001 -1.316508E-001
    outer loop 
      vertex 5.823435e-002 -5.473462e-001 1.278281e+000
      vertex 1.307210e-002 -5.936175e-001 1.408512e+000
      vertex -8.154500e-002 -6.266912e-001 1.265636e+000
    endloop 
  endfacet
  facet normal 5.573043E-001 -8.236762E-001 -1.047352E-001
    outer loop 
      vertex 9.886903e-002 -5.509210e-001 1.529263e+000
      vertex 1.307210e-002 -5.936175e-001 1.408512e+000
      vertex 1.486838e-001 -5.048289e-001 1.431846e+000
    endloop 
  endfacet
  facet normal 5.569929E-001 -8.245004E-001 -9.978945E-002
    outer loop 
      vertex 5.823435e-002 -5.473462e-001 1.278281e+000
      vertex 1.486838e-001 -5.048289e-001 1.431846e+000
      vertex 1.307210e-002 -5.936175e-001 1.408512e+000
    endloop 
  endfacet
  facet normal 2.372792E-001 9.599390E-001 -1.490495E-001
    outer loop 
      vertex 6.000282e-001 3.633821e-001 3.202086e+000
      vertex 4.879534e-001 3.769163e-001 3.110835e+000
      vertex 4.519432e-001 4.132279e-001 3.287370e+000
    endloop 
  endfacet
  facet normal 2.306635E-001 9.612963E-001 -1.506781E-001
    outer loop 
      vertex 4.519432e-001 4.132279e-001 3.287370e+000
      vertex 4.879534e-001 3.769163e-001 3.110835e+000
      vertex 3.352128e-001 4.266398e-001 3.194240e+000
    endloop 
  endfacet
  facet normal 1.724535E-001 9.739351E-001 -1.473440E-001
    outer loop 
      vertex 5.735130e-001 4.029946e-001 3.362015e+000
      vertex 4.519432e-001 4.132279e-001 3.287370e+000
      vertex 4.225931e-001 4.442762e-001 3.458246e+000
    endloop 
  endfacet
  facet normal 1.511527E-001 9.768276E-001 -1.515283E-001
    outer loop 
      vertex 3.030522e-001 4.505944e-001 3.379731e+000
      vertex 4.225931e-001 4.442762e-001 3.458246e+000
      vertex 4.519432e-001 4.132279e-001 3.287370e+000
    endloop 
  endfacet
  facet normal 2.052954E-001 9.573947E-001 -2.030986E-001
    outer loop 
      vertex 4.519432e-001 4.132279e-001 3.287370e+000
      vertex 5.735130e-001 4.029946e-001 3.362015e+000
      vertex 6.000282e-001 3.633821e-001 3.202086e+000
    endloop 
  endfacet
  facet normal 1.872018E-001 9.778308E-001 -9.382132E-002
    outer loop 
      vertex 3.352128e-001 4.266398e-001 3.194240e+000
      vertex 3.030522e-001 4.505944e-001 3.379731e+000
      vertex 4.519432e-001 4.132279e-001 3.287370e+000
    endloop 
  endfacet
  facet normal 7.315396E-002 -9.855465E-001 1.527965E-001
    outer loop 
      vertex 3.930039e-001 -4.878879e-001 3.872722e+000
      vertex 3.987379e-001 -5.059865e-001 3.753240e+000
      vertex 5.243524e-001 -4.837804e-001 3.836330e+000
    endloop 
  endfacet
  facet normal 5.791947E-003 -9.886636E-001 1.500359E-001
    outer loop 
      vertex 3.987379e-001 -5.059865e-001 3.753240e+000
      vertex 3.930039e-001 -4.878879e-001 3.872722e+000
      vertex 2.704432e-001 -5.094425e-001 3.735419e+000
    endloop 
  endfacet
  facet normal 5.967867E-002 -9.934375E-001 9.757241E-002
    outer loop 
      vertex 3.907409e-001 -4.755229e-001 4.000000e+000
      vertex 2.385779e-001 -4.976725e-001 3.867552e+000
      vertex 3.930039e-001 -4.878879e-001 3.872722e+000
    endloop 
  endfacet
  facet normal 5.947148E-002 -9.929238E-001 1.027889E-001
    outer loop 
      vertex 2.704432e-001 -5.094425e-001 3.735419e+000
      vertex 3.930039e-001 -4.878879e-001 3.872722e+000
      vertex 2.385779e-001 -4.976725e-001 3.867552e+000
    endloop 
  endfacet
  facet normal 1.477149E-001 -9.841394E-001 9.823435E-002
    outer loop 
      vertex 3.907409e-001 -4.755229e-001 4.000000e+000
      vertex 3.930039e-001 -4.878879e-001 3.872722e+000
      vertex 5.625859e-001 -4.497298e-001 4.000000e+000
    endloop 
  endfacet
  facet normal 8.178753E-002 -9.793950E-001 1.846519E-001
    outer loop 
      vertex 5.243524e-001 -4.837804e-001 3.836330e+000
      vertex 5.625859e-001 -4.497298e-001 4.000000e+000
      vertex 3.930039e-001 -4.878879e-001 3.872722e+000
    endloop 
  endfacet
  facet normal 8.223336E-001 5.448593E-001 -1.639996E-001
    outer loop 
      vertex 6.278893e-001 -8.754382e-002 1.265341e+000
      vertex 5.860194e-001 2.242437e-002 1.420745e+000
      vertex 6.926389e-001 -1.326300e-001 1.440220e+000
    endloop 
  endfacet
  facet normal 8.579032E-001 4.991073E-001 -1.220407E-001
    outer loop 
      vertex 5.860194e-001 2.242437e-002 1.420745e+000
      vertex 6.278893e-001 -8.754382e-002 1.265341e+000
      vertex 5.579869e-001 3.166750e-002 1.261487e+000
    endloop 
  endfacet
  facet normal -3.985055E-001 9.056731E-001 1.447393E-001
    outer loop 
      vertex -5.085143e-001 3.348782e-001 9.178964e-001
      vertex -5.171812e-001 3.049308e-001 1.081423e+000
      vertex -3.745562e-001 3.793091e-001 1.008702e+000
    endloop 
  endfacet
  facet normal -3.667159E-001 9.261798E-001 8.780900E-002
    outer loop 
      vertex -3.710205e-001 3.956348e-001 8.512700e-001
      vertex -5.085143e-001 3.348782e-001 9.178964e-001
      vertex -3.745562e-001 3.793091e-001 1.008702e+000
    endloop 
  endfacet
  facet normal -3.302962E-001 9.321122E-001 1.485636E-001
    outer loop 
      vertex -5.085143e-001 3.348782e-001 9.178964e-001
      vertex -4.918710e-001 3.664502e-001 7.568111e-001
      vertex -6.321067e-001 3.097354e-001 8.008680e-001
    endloop 
  endfacet
  facet normal -3.393072E-001 9.291117E-001 1.470445E-001
    outer loop 
      vertex -3.710205e-001 3.956348e-001 8.512700e-001
      vertex -4.918710e-001 3.664502e-001 7.568111e-001
      vertex -5.085143e-001 3.348782e-001 9.178964e-001
    endloop 
  endfacet
  facet normal -3.759640E-001 9.041709E-001 2.027958E-001
    outer loop 
      vertex -6.321067e-001 3.097354e-001 8.008680e-001
      vertex -6.516054e-001 2.656288e-001 9.613696e-001
      vertex -5.085143e-001 3.348782e-001 9.178964e-001
    endloop 
  endfacet
  facet normal -3.949132E-001 9.071711E-001 1.452040E-001
    outer loop 
      vertex -6.516054e-001 2.656288e-001 9.613696e-001
      vertex -5.171812e-001 3.049308e-001 1.081423e+000
      vertex -5.085143e-001 3.348782e-001 9.178964e-001
    endloop 
  endfacet
  facet normal 9.327778E-001 3.258731E-001 1.540533E-001
    outer loop 
      vertex 3.294002e-001 5.269923e-001 9.086821e-001
      vertex 3.678265e-001 4.882737e-001 7.579170e-001
      vertex 3.108350e-001 6.308271e-001 8.014479e-001
    endloop 
  endfacet
  facet normal 9.282185E-001 3.408785E-001 1.490377E-001
    outer loop 
      vertex 3.294002e-001 5.269923e-001 9.086821e-001
      vertex 3.915055e-001 3.816132e-001 8.543962e-001
      vertex 3.678265e-001 4.882737e-001 7.579170e-001
    endloop 
  endfacet
  facet normal 9.282280E-001 3.549616E-001 1.113336E-001
    outer loop 
      vertex 3.915055e-001 3.816132e-001 8.543962e-001
      vertex 3.294002e-001 5.269923e-001 9.086821e-001
      vertex 3.479349e-001 4.445035e-001 1.017148e+000
    endloop 
  endfacet
  facet normal 9.071552E-001 3.697176E-001 2.009439E-001
    outer loop 
      vertex 3.108350e-001 6.308271e-001 8.014479e-001
      vertex 2.674203e-001 6.502110e-001 9.617777e-001
      vertex 3.294002e-001 5.269923e-001 9.086821e-001
    endloop 
  endfacet
  facet normal 3.228925E-001 -9.340565E-001 1.525747E-001
    outer loop 
      vertex 4.804010e-001 -3.779332e-001 7.153296e-001
      vertex 6.319261e-001 -3.118166e-001 7.994215e-001
      vertex 5.343412e-001 -3.294603e-001 8.979257e-001
    endloop 
  endfacet
  facet normal 3.430996E-001 -9.280385E-001 1.450078E-001
    outer loop 
      vertex 4.804010e-001 -3.779332e-001 7.153296e-001
      vertex 5.343412e-001 -3.294603e-001 8.979257e-001
      vertex 3.963453e-001 -3.889577e-001 8.436556e-001
    endloop 
  endfacet
  facet normal 3.537394E-001 -9.278966E-001 1.177978E-001
    outer loop 
      vertex 3.963453e-001 -3.889577e-001 8.436556e-001
      vertex 5.343412e-001 -3.294603e-001 8.979257e-001
      vertex 4.668316e-001 -3.435462e-001 9.896981e-001
    endloop 
  endfacet
  facet normal 3.668844E-001 -9.083450E-001 2.007612E-001
    outer loop 
      vertex 6.518396e-001 -2.683944e-001 9.594942e-001
      vertex 5.343412e-001 -3.294603e-001 8.979257e-001
      vertex 6.319261e-001 -3.118166e-001 7.994215e-001
    endloop 
  endfacet
  facet normal -2.407946E-001 -9.649432E-001 1.044159E-001
    outer loop 
      vertex 2.287129e-001 -5.794742e-001 3.164579e+000
      vertex 1.050772e-001 -5.427437e-001 3.218900e+000
      vertex 1.081347e-001 -5.638262e-001 3.031121e+000
    endloop 
  endfacet
  facet normal -2.833793E-001 -9.480015E-001 1.448771E-001
    outer loop 
      vertex 1.081347e-001 -5.638262e-001 3.031121e+000
      vertex 3.303980e-001 -6.288275e-001 3.040532e+000
      vertex 2.287129e-001 -5.794742e-001 3.164579e+000
    endloop 
  endfacet
  facet normal -2.239693E-001 -9.546393E-001 1.962181E-001
    outer loop 
      vertex 3.715094e-001 -6.055959e-001 3.200484e+000
      vertex 2.287129e-001 -5.794742e-001 3.164579e+000
      vertex 3.303980e-001 -6.288275e-001 3.040532e+000
    endloop 
  endfacet
  facet normal -9.645583E-001 2.169549E-001 1.501927E-001
    outer loop 
      vertex -5.782356e-001 -2.303272e-001 3.114477e+000
      vertex -5.978299e-001 -3.777525e-001 3.201597e+000
      vertex -5.605210e-001 -2.591941e-001 3.269941e+000
    endloop 
  endfacet
  facet normal -9.602256E-001 2.337013E-001 1.528085E-001
    outer loop 
      vertex -5.435432e-001 -1.277193e-001 3.175553e+000
      vertex -5.782356e-001 -2.303272e-001 3.114477e+000
      vertex -5.605210e-001 -2.591941e-001 3.269941e+000
    endloop 
  endfacet
  facet normal -9.588517E-001 2.673850E-001 9.543918E-002
    outer loop 
      vertex -5.435432e-001 -1.277193e-001 3.175553e+000
      vertex -5.410733e-001 -6.121701e-002 3.014053e+000
      vertex -5.782356e-001 -2.303272e-001 3.114477e+000
    endloop 
  endfacet
  facet normal -9.476105E-001 2.462088E-001 2.035079E-001
    outer loop 
      vertex -5.782356e-001 -2.303272e-001 3.114477e+000
      vertex -6.214699e-001 -3.362948e-001 3.041364e+000
      vertex -5.978299e-001 -3.777525e-001 3.201597e+000
    endloop 
  endfacet
  facet normal 2.650252E-001 9.605678E-001 8.408967E-002
    outer loop 
      vertex -3.633308e-002 5.336593e-001 2.972286e+000
      vertex -1.902081e-001 5.633960e-001 3.117567e+000
      vertex -2.870560e-003 5.126247e-001 3.107103e+000
    endloop 
  endfacet
  facet normal 2.461147E-001 9.473526E-001 2.048187E-001
    outer loop 
      vertex -3.293165e-001 6.156060e-001 3.043235e+000
      vertex -3.701013e-001 5.917138e-001 3.202751e+000
      vertex -1.902081e-001 5.633960e-001 3.117567e+000
    endloop 
  endfacet
  facet normal 2.656310E-001 9.581625E-001 1.066058E-001
    outer loop 
      vertex -1.902081e-001 5.633960e-001 3.117567e+000
      vertex -1.320292e-001 5.315422e-001 3.258901e+000
      vertex -2.870560e-003 5.126247e-001 3.107103e+000
    endloop 
  endfacet
  facet normal 0.000000E+000 0.000000E+000 -1.000000E+000
    outer loop 
      vertex 3.779213e-001 8.281100e-002 0.000000e+000
      vertex 3.752419e-001 -5.933267e-002 0.000000e+000
      vertex 2.514290e-001 2.113478e-002 0.000000e+000
    endloop 
  endfacet
  facet normal 0.000000E+000 0.000000E+000 -1.000000E+000
    outer loop 
      vertex 5.000000e-001 0.000000e+000 0.000000e+000
      vertex 3.752419e-001 -5.933267e-002 0.000000e+000
      vertex 3.779213e-001 8.281100e-002 0.000000e+000
    endloop 
  endfacet
  facet normal 0.000000E+000 0.000000E+000 -1.000000E+000
    outer loop 
      vertex 3.752419e-001 -5.933267e-002 0.000000e+000
      vertex 2.463146e-001 -1.167427e-001 0.000000e+000
      vertex 2.514290e-001 2.113478e-002 0.000000e+000
    endloop 
  endfacet
  facet normal 0.000000E+000 0.000000E+000 -1.000000E+000
    outer loop 
      vertex 5.000000e-001 0.000000e+000 0.000000e+000
      vertex 5.000000e-001 -1.666667e-001 0.000000e+000
      vertex 3.752419e-001 -5.933267e-002 0.000000e+000
    endloop 
  endfacet
  facet normal -9.068678E-001 -3.914044E-001 1.561835E-001
    outer loop 
      vertex -2.673653e-001 -6.526420e-001 9.596406e-001
      vertex -3.401292e-001 -4.790873e-001 9.720802e-001
      vertex -3.329148e-001 -5.367424e-001 8.694833e-001
    endloop 
  endfacet
  facet normal -9.296146E-001 -3.453327E-001 1.286936E-001
    outer loop 
      vertex -3.830915e-001 -4.131792e-001 8.385990e-001
      vertex -3.329148e-001 -5.367424e-001 8.694833e-001
      vertex -3.401292e-001 -4.790873e-001 9.720802e-001
    endloop 
  endfacet
  facet normal -9.115016E-001 -3.579832E-001 2.025165E-001
    outer loop 
      vertex -2.673653e-001 -6.526420e-001 9.596406e-001
      vertex -3.329148e-001 -5.367424e-001 8.694833e-001
      vertex -3.106603e-001 -6.329573e-001 7.995714e-001
    endloop 
  endfacet
  facet normal -7.264122E-001 -6.560869E-001 -2.046348E-001
    outer loop 
      vertex -7.027402e-001 3.307611e-002 1.761220e+000
      vertex -5.898653e-001 -1.012443e-001 1.791187e+000
      vertex -7.041631e-001 -1.519001e-002 1.921019e+000
    endloop 
  endfacet
  facet normal -6.888704E-001 -7.123342E-001 -1.343036E-001
    outer loop 
      vertex -7.041631e-001 -1.519001e-002 1.921019e+000
      vertex -5.898653e-001 -1.012443e-001 1.791187e+000
      vertex -5.421553e-001 -1.855728e-001 1.993743e+000
    endloop 
  endfacet
  facet normal -7.169037E-001 -6.872413E-001 -1.172539E-001
    outer loop 
      vertex -5.898653e-001 -1.012443e-001 1.791187e+000
      vertex -4.765207e-001 -2.279633e-001 1.840903e+000
      vertex -5.421553e-001 -1.855728e-001 1.993743e+000
    endloop 
  endfacet
  facet normal -2.907289E-001 9.554990E-001 -4.998341E-002
    outer loop 
      vertex -1.919173e-003 5.112890e-001 5.610102e-001
      vertex -1.186610e-001 4.849167e-001 7.358987e-001
      vertex 4.701392e-002 5.334135e-001 6.993290e-001
    endloop 
  endfacet
  facet normal -2.379912E-001 9.711879E-001 -1.241409E-002
    outer loop 
      vertex -1.186610e-001 4.849167e-001 7.358987e-001
      vertex -1.919173e-003 5.112890e-001 5.610102e-001
      vertex -1.982906e-001 4.639522e-001 6.223747e-001
    endloop 
  endfacet
  facet normal -1.623027E-001 9.859460E-001 -3.960112E-002
    outer loop 
      vertex 1.414018e-001 5.288981e-001 4.120296e-001
      vertex -1.902878e-004 5.053968e-001 4.072279e-001
      vertex -1.919173e-003 5.112890e-001 5.610102e-001
    endloop 
  endfacet
  facet normal -2.215710E-001 9.701583E-001 -9.848389E-002
    outer loop 
      vertex -1.919173e-003 5.112890e-001 5.610102e-001
      vertex 2.066426e-001 5.579617e-001 5.515535e-001
      vertex 1.414018e-001 5.288981e-001 4.120296e-001
    endloop 
  endfacet
  facet normal -2.210653E-001 9.721909E-001 -7.729822E-002
    outer loop 
      vertex -1.919173e-003 5.112890e-001 5.610102e-001
      vertex 4.701392e-002 5.334135e-001 6.993290e-001
      vertex 2.066426e-001 5.579617e-001 5.515535e-001
    endloop 
  endfacet
  facet normal -1.891361E-001 9.811472E-001 -3.971893E-002
    outer loop 
      vertex -1.919173e-003 5.112890e-001 5.610102e-001
      vertex -1.902878e-004 5.053968e-001 4.072279e-001
      vertex -1.486324e-001 4.792506e-001 4.682173e-001
    endloop 
  endfacet
  facet normal -2.273734E-001 9.735272E-001 2.336836E-002
    outer loop 
      vertex -1.919173e-003 5.112890e-001 5.610102e-001
      vertex -1.486324e-001 4.792506e-001 4.682173e-001
      vertex -1.982906e-001 4.639522e-001 6.223747e-001
    endloop 
  endfacet
  facet normal 9.167784E-001 3.993771E-001 -3.899897E-003
    outer loop 
      vertex 5.184204e-001 5.592826e-002 9.752525e-001
      vertex 4.707458e-001 1.646036e-001 8.971504e-001
      vertex 4.488907e-001 2.163955e-001 1.063355e+000
    endloop 
  endfacet
  facet normal 2.305956E-001 9.725372E-001 -3.157606E-002
    outer loop 
      vertex 2.011223e-001 4.555877e-001 3.106586e+000
      vertex 1.871847e-001 4.651278e-001 3.298635e+000
      vertex 3.352128e-001 4.266398e-001 3.194240e+000
    endloop 
  endfacet
  facet normal 2.935108E-001 9.549250E-001 -4.438054E-002
    outer loop 
      vertex 2.011223e-001 4.555877e-001 3.106586e+000
      vertex 3.786761e-001 3.965327e-001 3.010166e+000
      vertex 2.864178e-001 4.204262e-001 2.914127e+000
    endloop 
  endfacet
  facet normal 2.681277E-001 9.588338E-001 -9.351700E-002
    outer loop 
      vertex 3.786761e-001 3.965327e-001 3.010166e+000
      vertex 2.011223e-001 4.555877e-001 3.106586e+000
      vertex 3.352128e-001 4.266398e-001 3.194240e+000
    endloop 
  endfacet
  facet normal 3.322538E-001 9.428585E-001 -2.500561E-002
    outer loop 
      vertex 1.289224e-001 4.771706e-001 2.961058e+000
      vertex 2.011223e-001 4.555877e-001 3.106586e+000
      vertex 2.864178e-001 4.204262e-001 2.914127e+000
    endloop 
  endfacet
  facet normal 2.692858E-001 9.630162E-001 9.224013E-003
    outer loop 
      vertex 1.289224e-001 4.771706e-001 2.961058e+000
      vertex -2.870560e-003 5.126247e-001 3.107103e+000
      vertex 2.011223e-001 4.555877e-001 3.106586e+000
    endloop 
  endfacet
  facet normal -9.463094E-001 2.979880E-001 -1.253055E-001
    outer loop 
      vertex -3.612021e-001 4.398413e-001 2.863678e+000
      vertex -4.243612e-001 3.053636e-001 3.020856e+000
      vertex -3.718939e-001 4.796964e-001 3.039201e+000
    endloop 
  endfacet
  facet normal -9.519919E-001 2.950847E-001 -8.146393E-002
    outer loop 
      vertex -3.718939e-001 4.796964e-001 3.039201e+000
      vertex -4.243612e-001 3.053636e-001 3.020856e+000
      vertex -4.304106e-001 3.240424e-001 3.159209e+000
    endloop 
  endfacet
  facet normal -9.480845E-001 3.126662E-001 -5.810009E-002
    outer loop 
      vertex -4.243612e-001 3.053636e-001 3.020856e+000
      vertex -4.248132e-001 2.781298e-001 2.881673e+000
      vertex -4.802451e-001 1.285975e-001 2.981507e+000
    endloop 
  endfacet
  facet normal -9.310135E-001 3.587501E-001 -6.717271E-002
    outer loop 
      vertex -4.248132e-001 2.781298e-001 2.881673e+000
      vertex -4.243612e-001 3.053636e-001 3.020856e+000
      vertex -3.612021e-001 4.398413e-001 2.863678e+000
    endloop 
  endfacet
  facet normal -9.326879E-001 -3.596241E-001 -2.763291E-002
    outer loop 
      vertex -5.044885e-001 -7.662737e-002 8.638408e-001
      vertex -4.561183e-001 -2.049741e-001 9.015579e-001
      vertex -4.824668e-001 -1.461286e-001 1.025061e+000
    endloop 
  endfacet
  facet normal -9.734029E-001 -2.265275E-001 -3.423497E-002
    outer loop 
      vertex -5.065236e-001 -3.761007e-002 6.293268e-001
      vertex -5.322480e-001 8.239617e-002 5.666863e-001
      vertex -4.991623e-001 -5.182906e-002 5.141063e-001
    endloop 
  endfacet
  facet normal -9.651495E-001 -2.600226E-001 -2.957413E-002
    outer loop 
      vertex -5.065236e-001 -3.761007e-002 6.293268e-001
      vertex -4.991623e-001 -5.182906e-002 5.141063e-001
      vertex -4.755474e-001 -1.540177e-001 6.419023e-001
    endloop 
  endfacet
  facet normal 2.952157E-001 -9.517058E-001 -8.428360E-002
    outer loop 
      vertex -9.059626e-002 -5.485759e-001 7.019324e-001
      vertex -6.417649e-002 -5.291450e-001 5.750637e-001
      vertex 6.476179e-002 -5.031991e-001 7.337155e-001
    endloop 
  endfacet
  facet normal 2.947628E-001 -9.520863E-001 -8.152672E-002
    outer loop 
      vertex -1.685296e-002 -5.382469e-001 8.479303e-001
      vertex -9.059626e-002 -5.485759e-001 7.019324e-001
      vertex 6.476179e-002 -5.031991e-001 7.337155e-001
    endloop 
  endfacet
  facet normal 3.505713E-001 -9.358184E-001 -3.665565E-002
    outer loop 
      vertex 1.548949e-001 -4.761539e-001 9.052765e-001
      vertex -1.685296e-002 -5.382469e-001 8.479303e-001
      vertex 6.476179e-002 -5.031991e-001 7.337155e-001
    endloop 
  endfacet
  facet normal 2.376921E-001 -9.707304E-001 -3.442211E-002
    outer loop 
      vertex -6.417649e-002 -5.291450e-001 5.750637e-001
      vertex 1.174342e-001 -4.855193e-001 5.988444e-001
      vertex 6.476179e-002 -5.031991e-001 7.337155e-001
    endloop 
  endfacet
  facet normal -3.846478E-001 9.218957E-001 -4.641254E-002
    outer loop 
      vertex -6.370399e-002 5.079402e-001 8.548246e-001
      vertex -1.043757e-001 4.982788e-001 9.999903e-001
      vertex 3.436698e-002 5.535572e-001 9.481468e-001
    endloop 
  endfacet
  facet normal -3.412798E-001 9.348077E-001 -9.829883E-002
    outer loop 
      vertex -6.370399e-002 5.079402e-001 8.548246e-001
      vertex 3.436698e-002 5.535572e-001 9.481468e-001
      vertex 7.505912e-002 5.548089e-001 8.187728e-001
    endloop 
  endfacet
  facet normal -3.392282E-001 9.365684E-001 -8.811279E-002
    outer loop 
      vertex -6.370399e-002 5.079402e-001 8.548246e-001
      vertex 7.505912e-002 5.548089e-001 8.187728e-001
      vertex 4.701392e-002 5.334135e-001 6.993290e-001
    endloop 
  endfacet
  facet normal -3.646892E-001 9.302583E-001 -4.026406E-002
    outer loop 
      vertex -6.370399e-002 5.079402e-001 8.548246e-001
      vertex -2.276214e-001 4.459681e-001 9.076961e-001
      vertex -1.043757e-001 4.982788e-001 9.999903e-001
    endloop 
  endfacet
  facet normal -9.810858E-001 1.894564E-001 3.971128E-002
    outer loop 
      vertex -5.059894e-001 -2.793777e-002 3.420419e+000
      vertex -4.950654e-001 5.749562e-002 3.282713e+000
      vertex -5.269439e-001 -1.135961e-001 3.311392e+000
    endloop 
  endfacet
  facet normal -9.809067E-001 1.898423E-001 4.221283E-002
    outer loop 
      vertex -5.269439e-001 -1.135961e-001 3.311392e+000
      vertex -4.950654e-001 5.749562e-002 3.282713e+000
      vertex -5.092421e-001 1.458293e-002 3.146276e+000
    endloop 
  endfacet
  facet normal -9.899279E-001 1.412778E-001 9.119833E-003
    outer loop 
      vertex -4.843981e-001 1.242068e-001 3.407171e+000
      vertex -4.950654e-001 5.749562e-002 3.282713e+000
      vertex -5.059894e-001 -2.793777e-002 3.420419e+000
    endloop 
  endfacet
  facet normal -9.714622E-001 2.159106E-001 -9.820293E-002
    outer loop 
      vertex -4.429842e-001 3.296873e-001 3.296003e+000
      vertex -4.088589e-001 4.546730e-001 3.233218e+000
      vertex -4.304106e-001 3.240424e-001 3.159209e+000
    endloop 
  endfacet
  facet normal -9.643697E-001 -2.414934E-001 1.080366E-001
    outer loop 
      vertex -3.952493e-001 -4.785043e-001 6.091841e-001
      vertex -4.093080e-001 -3.778790e-001 7.086188e-001
      vertex -4.324222e-001 -3.513657e-001 5.615585e-001
    endloop 
  endfacet
  facet normal -9.680530E-001 -1.959932E-001 1.563971E-001
    outer loop 
      vertex -3.948247e-001 -5.837497e-001 4.799210e-001
      vertex -3.952493e-001 -4.785043e-001 6.091841e-001
      vertex -4.287868e-001 -4.437257e-001 4.451807e-001
    endloop 
  endfacet
  facet normal -9.627401E-001 -2.256654E-001 1.490184E-001
    outer loop 
      vertex -3.952493e-001 -4.785043e-001 6.091841e-001
      vertex -4.324222e-001 -3.513657e-001 5.615585e-001
      vertex -4.287868e-001 -4.437257e-001 4.451807e-001
    endloop 
  endfacet
  facet normal -9.459705E-001 -2.529626E-001 2.028538E-001
    outer loop 
      vertex -3.948247e-001 -5.837497e-001 4.799210e-001
      vertex -3.535526e-001 -6.098547e-001 6.398325e-001
      vertex -3.952493e-001 -4.785043e-001 6.091841e-001
    endloop 
  endfacet
  facet normal -6.479082E-001 7.616955E-001 -5.912156E-003
    outer loop 
      vertex -4.153608e-001 2.991992e-001 1.689310e+000
      vertex -2.839168e-001 4.113093e-001 1.728236e+000
      vertex -3.057631e-001 3.913655e-001 1.552876e+000
    endloop 
  endfacet
  facet normal -5.959594E-001 8.006093E-001 6.210627E-002
    outer loop 
      vertex -4.590388e-001 2.790416e-001 1.530035e+000
      vertex -4.153608e-001 2.991992e-001 1.689310e+000
      vertex -3.057631e-001 3.913655e-001 1.552876e+000
    endloop 
  endfacet
  facet normal -6.093817E-001 7.908256E-001 -5.699869E-002
    outer loop 
      vertex -3.057631e-001 3.913655e-001 1.552876e+000
      vertex -1.312626e-001 5.291956e-001 1.599582e+000
      vertex -1.859592e-001 4.733152e-001 1.409042e+000
    endloop 
  endfacet
  facet normal -6.177229E-001 7.862970E-001 -1.247056E-002
    outer loop 
      vertex -1.312626e-001 5.291956e-001 1.599582e+000
      vertex -3.057631e-001 3.913655e-001 1.552876e+000
      vertex -2.839168e-001 4.113093e-001 1.728236e+000
    endloop 
  endfacet
  facet normal -5.482880E-001 8.360585E-001 1.965951E-002
    outer loop 
      vertex -3.057631e-001 3.913655e-001 1.552876e+000
      vertex -1.859592e-001 4.733152e-001 1.409042e+000
      vertex -3.695267e-001 3.539568e-001 1.365433e+000
    endloop 
  endfacet
  facet normal -5.946418E-001 8.028904E-001 4.204745E-002
    outer loop 
      vertex -4.590388e-001 2.790416e-001 1.530035e+000
      vertex -3.057631e-001 3.913655e-001 1.552876e+000
      vertex -3.695267e-001 3.539568e-001 1.365433e+000
    endloop 
  endfacet
  facet normal -9.717427E-001 1.809475E-001 1.515725E-001
    outer loop 
      vertex -5.269439e-001 -1.135961e-001 3.311392e+000
      vertex -5.605210e-001 -2.591941e-001 3.269941e+000
      vertex -5.428868e-001 -2.914908e-001 3.421551e+000
    endloop 
  endfacet
  facet normal -9.864754E-001 1.405895E-001 8.426697E-002
    outer loop 
      vertex -5.269439e-001 -1.135961e-001 3.311392e+000
      vertex -5.428868e-001 -2.914908e-001 3.421551e+000
      vertex -5.215390e-001 -1.690592e-001 3.467198e+000
    endloop 
  endfacet
  facet normal -9.773864E-001 1.527564E-001 1.462235E-001
    outer loop 
      vertex -5.605210e-001 -2.591941e-001 3.269941e+000
      vertex -5.715513e-001 -4.171975e-001 3.361275e+000
      vertex -5.428868e-001 -2.914908e-001 3.421551e+000
    endloop 
  endfacet
  facet normal -9.868673E-001 7.812395E-002 1.413846E-001
    outer loop 
      vertex -5.172554e-001 -2.923287e-001 3.600922e+000
      vertex -5.428868e-001 -2.914908e-001 3.421551e+000
      vertex -5.418744e-001 -4.563584e-001 3.519717e+000
    endloop 
  endfacet
  facet normal -9.828549E-001 1.188057E-001 1.410013E-001
    outer loop 
      vertex -5.215390e-001 -1.690592e-001 3.467198e+000
      vertex -5.428868e-001 -2.914908e-001 3.421551e+000
      vertex -5.172554e-001 -2.923287e-001 3.600922e+000
    endloop 
  endfacet
  facet normal -9.700391E-001 1.198679E-001 2.113189E-001
    outer loop 
      vertex -5.715513e-001 -4.171975e-001 3.361275e+000
      vertex -5.418744e-001 -4.563584e-001 3.519717e+000
      vertex -5.428868e-001 -2.914908e-001 3.421551e+000
    endloop 
  endfacet
  facet normal 8.318230E-002 9.865940E-001 1.404028E-001
    outer loop 
      vertex -2.670388e-001 5.114105e-001 3.587440e+000
      vertex -2.750323e-001 5.369003e-001 3.413063e+000
      vertex -4.477174e-001 5.360956e-001 3.521025e+000
    endloop 
  endfacet
  facet normal 1.414671E-001 9.804408E-001 1.368315E-001
    outer loop 
      vertex -2.670388e-001 5.114105e-001 3.587440e+000
      vertex -1.100226e-001 5.131491e-001 3.412647e+000
      vertex -2.750323e-001 5.369003e-001 3.413063e+000
    endloop 
  endfacet
  facet normal 1.235857E-001 9.709470E-001 2.049111E-001
    outer loop 
      vertex -4.100583e-001 5.648287e-001 3.362164e+000
      vertex -4.477174e-001 5.360956e-001 3.521025e+000
      vertex -2.750323e-001 5.369003e-001 3.413063e+000
    endloop 
  endfacet
  facet normal 1.420312E-001 9.850473E-001 9.751391E-002
    outer loop 
      vertex -1.100226e-001 5.131491e-001 3.412647e+000
      vertex -1.320292e-001 5.315422e-001 3.258901e+000
      vertex -2.750323e-001 5.369003e-001 3.413063e+000
    endloop 
  endfacet
  facet normal 4.711411E-001 8.780608E-001 -8.387620E-002
    outer loop 
      vertex 5.245883e-001 2.794434e-001 2.574880e+000
      vertex 4.255100e-001 3.167825e-001 2.409234e+000
      vertex 3.564336e-001 3.698480e-001 2.576742e+000
    endloop 
  endfacet
  facet normal 5.294579E-001 8.386797E-001 -1.276344E-001
    outer loop 
      vertex 5.245883e-001 2.794434e-001 2.574880e+000
      vertex 5.699052e-001 2.224455e-001 2.388335e+000
      vertex 4.255100e-001 3.167825e-001 2.409234e+000
    endloop 
  endfacet
  facet normal 5.177518E-001 8.536355E-001 -5.691721E-002
    outer loop 
      vertex 4.255100e-001 3.167825e-001 2.409234e+000
      vertex 2.583480e-001 4.218748e-001 2.464789e+000
      vertex 3.564336e-001 3.698480e-001 2.576742e+000
    endloop 
  endfacet
  facet normal 5.838457E-001 8.083200E-001 -7.578280E-002
    outer loop 
      vertex 4.255100e-001 3.167825e-001 2.409234e+000
      vertex 5.096154e-001 2.395995e-001 2.233943e+000
      vertex 3.458570e-001 3.615305e-001 2.272866e+000
    endloop 
  endfacet
  facet normal 5.253894E-001 8.504066E-001 -2.782807E-002
    outer loop 
      vertex 2.583480e-001 4.218748e-001 2.464789e+000
      vertex 4.255100e-001 3.167825e-001 2.409234e+000
      vertex 3.458570e-001 3.615305e-001 2.272866e+000
    endloop 
  endfacet
  facet normal 5.316977E-001 8.391738E-001 -1.143890E-001
    outer loop 
      vertex 4.255100e-001 3.167825e-001 2.409234e+000
      vertex 5.699052e-001 2.224455e-001 2.388335e+000
      vertex 5.096154e-001 2.395995e-001 2.233943e+000
    endloop 
  endfacet
  facet normal 8.666044E-001 -4.545162E-001 -2.059414E-001
    outer loop 
      vertex 2.445081e-001 -6.668534e-001 2.719997e+000
      vertex 1.987705e-001 -6.813502e-001 2.559528e+000
      vertex 2.885557e-001 -5.390416e-001 2.623268e+000
    endloop 
  endfacet
  facet normal 8.642390E-001 -4.843492E-001 -1.360031E-001
    outer loop 
      vertex 1.987705e-001 -6.813502e-001 2.559528e+000
      vertex 2.679570e-001 -5.280731e-001 2.453310e+000
      vertex 2.885557e-001 -5.390416e-001 2.623268e+000
    endloop 
  endfacet
  facet normal -8.625966E-001 4.673157E-001 -1.937603E-001
    outer loop 
      vertex -2.698896e-001 5.527679e-001 2.600269e+000
      vertex -2.420160e-001 6.551374e-001 2.723076e+000
      vertex -1.979988e-001 6.699850e-001 2.562927e+000
    endloop 
  endfacet
  facet normal -4.657300E-001 -8.616669E-001 -2.015581E-001
    outer loop 
      vertex -6.749182e-001 -2.038358e-001 2.561428e+000
      vertex -5.575488e-001 -2.781169e-001 2.607782e+000
      vertex -6.600277e-001 -2.492878e-001 2.721330e+000
    endloop 
  endfacet
  facet normal 4.704024E-001 8.769802E-001 -9.811907E-002
    outer loop 
      vertex 5.245883e-001 2.794434e-001 2.574880e+000
      vertex 3.564336e-001 3.698480e-001 2.576742e+000
      vertex 4.334567e-001 3.415930e-001 2.693466e+000
    endloop 
  endfacet
  facet normal 4.722103E-001 8.598903E-001 -1.939228E-001
    outer loop 
      vertex 6.617250e-001 2.374041e-001 2.722404e+000
      vertex 6.762723e-001 1.931941e-001 2.561792e+000
      vertex 5.245883e-001 2.794434e-001 2.574880e+000
    endloop 
  endfacet
  facet normal 4.791753E-001 8.651616E-001 -1.479408E-001
    outer loop 
      vertex 5.699052e-001 2.224455e-001 2.388335e+000
      vertex 5.245883e-001 2.794434e-001 2.574880e+000
      vertex 6.762723e-001 1.931941e-001 2.561792e+000
    endloop 
  endfacet
  facet normal 9.713014E-001 1.924542E-001 1.397670E-001
    outer loop 
      vertex 3.934787e-001 5.836287e-001 4.812639e-001
      vertex 4.027462e-001 4.473552e-001 6.045038e-001
      vertex 4.405141e-001 3.698038e-001 4.488235e-001
    endloop 
  endfacet
  facet normal 9.680220E-001 2.162837E-001 1.271009E-001
    outer loop 
      vertex 4.533342e-001 2.596076e-001 5.387011e-001
      vertex 4.405141e-001 3.698038e-001 4.488235e-001
      vertex 4.027462e-001 4.473552e-001 6.045038e-001
    endloop 
  endfacet
  facet normal 9.542547E-001 2.598542E-001 1.478973E-001
    outer loop 
      vertex 3.531402e-001 6.086293e-001 6.412115e-001
      vertex 3.678265e-001 4.882737e-001 7.579170e-001
      vertex 4.027462e-001 4.473552e-001 6.045038e-001
    endloop 
  endfacet
  facet normal 9.482650E-001 2.459932E-001 2.007006E-001
    outer loop 
      vertex 4.027462e-001 4.473552e-001 6.045038e-001
      vertex 3.934787e-001 5.836287e-001 4.812639e-001
      vertex 3.531402e-001 6.086293e-001 6.412115e-001
    endloop 
  endfacet
  facet normal 4.940554E-001 8.611158E-001 1.199541E-001
    outer loop 
      vertex 2.643061e-002 5.756091e-001 2.373619e+000
      vertex -7.138073e-002 6.134264e-001 2.504995e+000
      vertex 7.588306e-002 5.251324e-001 2.532297e+000
    endloop 
  endfacet
  facet normal 4.754847E-001 8.558125E-001 2.037135E-001
    outer loop 
      vertex -1.979988e-001 6.699850e-001 2.562927e+000
      vertex -7.138073e-002 6.134264e-001 2.504995e+000
      vertex -1.521632e-001 6.824718e-001 2.403485e+000
    endloop 
  endfacet
  facet normal 5.260298E-001 8.370081E-001 1.506990E-001
    outer loop 
      vertex -1.521632e-001 6.824718e-001 2.403485e+000
      vertex -7.138073e-002 6.134264e-001 2.504995e+000
      vertex 2.643061e-002 5.756091e-001 2.373619e+000
    endloop 
  endfacet
  facet normal 4.400904E-001 8.942859E-001 8.107568E-002
    outer loop 
      vertex 7.213145e-003 5.432553e-001 2.705147e+000
      vertex 1.818507e-001 4.615947e-001 2.657927e+000
      vertex 7.588306e-002 5.251324e-001 2.532297e+000
    endloop 
  endfacet
  facet normal 4.976774E-001 8.671589E-001 1.878201E-002
    outer loop 
      vertex 1.818507e-001 4.615947e-001 2.657927e+000
      vertex 2.583480e-001 4.218748e-001 2.464789e+000
      vertex 7.588306e-002 5.251324e-001 2.532297e+000
    endloop 
  endfacet
  facet normal 5.569517E-001 8.257514E-001 8.910259E-002
    outer loop 
      vertex 1.830889e-001 4.744248e-001 2.332116e+000
      vertex 2.643061e-002 5.756091e-001 2.373619e+000
      vertex 7.588306e-002 5.251324e-001 2.532297e+000
    endloop 
  endfacet
  facet normal 5.066974E-001 8.604689E-001 5.339485E-002
    outer loop 
      vertex 1.830889e-001 4.744248e-001 2.332116e+000
      vertex 7.588306e-002 5.251324e-001 2.532297e+000
      vertex 2.583480e-001 4.218748e-001 2.464789e+000
    endloop 
  endfacet
  facet normal -1.574708E-001 9.788927E-001 -1.302763E-001
    outer loop 
      vertex 2.922590e-001 5.498950e-001 3.874526e-001
      vertex 1.414018e-001 5.288981e-001 4.120296e-001
      vertex 2.066426e-001 5.579617e-001 5.515535e-001
    endloop 
  endfacet
  facet normal -2.803899E-001 9.488311E-001 -1.452619E-001
    outer loop 
      vertex 4.701392e-002 5.334135e-001 6.993290e-001
      vertex 1.954288e-001 5.810326e-001 7.238951e-001
      vertex 2.066426e-001 5.579617e-001 5.515535e-001
    endloop 
  endfacet
  facet normal -2.434499E-001 9.591287E-001 -1.442368E-001
    outer loop 
      vertex 3.531402e-001 6.086293e-001 6.412115e-001
      vertex 2.066426e-001 5.579617e-001 5.515535e-001
      vertex 1.954288e-001 5.810326e-001 7.238951e-001
    endloop 
  endfacet
  facet normal -1.883486E-001 9.711883E-001 -1.460074E-001
    outer loop 
      vertex 3.934787e-001 5.836287e-001 4.812639e-001
      vertex 2.922590e-001 5.498950e-001 3.874526e-001
      vertex 2.066426e-001 5.579617e-001 5.515535e-001
    endloop 
  endfacet
  facet normal -2.074631E-001 9.571740E-001 -2.019331E-001
    outer loop 
      vertex 3.531402e-001 6.086293e-001 6.412115e-001
      vertex 3.934787e-001 5.836287e-001 4.812639e-001
      vertex 2.066426e-001 5.579617e-001 5.515535e-001
    endloop 
  endfacet
  facet normal -8.211706E-001 -5.307713E-001 -2.096679E-001
    outer loop 
      vertex -6.915857e-001 1.283369e-001 1.441676e+000
      vertex -6.811774e-001 1.754067e-001 1.281755e+000
      vertex -6.362920e-001 4.976377e-002 1.424023e+000
    endloop 
  endfacet
  facet normal -8.221648E-001 -5.346992E-001 -1.952990E-001
    outer loop 
      vertex -6.986613e-001 8.093786e-002 1.601234e+000
      vertex -6.915857e-001 1.283369e-001 1.441676e+000
      vertex -6.362920e-001 4.976377e-002 1.424023e+000
    endloop 
  endfacet
  facet normal -5.503059E-001 8.201776E-001 -1.564353E-001
    outer loop 
      vertex 7.035309e-002 6.142337e-001 1.253675e+000
      vertex -1.798949e-002 5.892831e-001 1.433631e+000
      vertex 1.298195e-001 6.900597e-001 1.442034e+000
    endloop 
  endfacet
  facet normal -4.961914E-001 8.592471E-001 -1.244529E-001
    outer loop 
      vertex 7.035309e-002 6.142337e-001 1.253675e+000
      vertex -8.137837e-002 5.281241e-001 1.264108e+000
      vertex -1.798949e-002 5.892831e-001 1.433631e+000
    endloop 
  endfacet
  facet normal -4.739017E-001 8.572150E-001 -2.014935E-001
    outer loop 
      vertex 7.035309e-002 6.142337e-001 1.253675e+000
      vertex 1.767358e-001 6.798757e-001 1.282730e+000
      vertex 2.220351e-001 6.669945e-001 1.121387e+000
    endloop 
  endfacet
  facet normal -4.759182E-001 8.576027E-001 -1.949859E-001
    outer loop 
      vertex 1.767358e-001 6.798757e-001 1.282730e+000
      vertex 7.035309e-002 6.142337e-001 1.253675e+000
      vertex 1.298195e-001 6.900597e-001 1.442034e+000
    endloop 
  endfacet
  facet normal -4.962910E-001 8.621582E-001 -1.018744E-001
    outer loop 
      vertex 7.035309e-002 6.142337e-001 1.253675e+000
      vertex -7.549152e-003 5.519277e-001 1.105891e+000
      vertex -8.137837e-002 5.281241e-001 1.264108e+000
    endloop 
  endfacet
  facet normal -8.426300E-001 -5.306845E-001 -9.137063E-002
    outer loop 
      vertex -5.274009e-001 -7.137299e-002 1.172479e+000
      vertex -4.608294e-001 -2.061933e-001 1.341591e+000
      vertex -5.463049e-001 -8.356743e-002 1.417639e+000
    endloop 
  endfacet
  facet normal -5.580896E-001 8.257234E-001 -8.195719E-002
    outer loop 
      vertex -1.312626e-001 5.291956e-001 1.599582e+000
      vertex -1.798949e-002 5.892831e-001 1.433631e+000
      vertex -1.859592e-001 4.733152e-001 1.409042e+000
    endloop 
  endfacet
  facet normal -6.085907E-001 7.824092E-001 -1.321108E-001
    outer loop 
      vertex -1.798949e-002 5.892831e-001 1.433631e+000
      vertex -1.312626e-001 5.291956e-001 1.599582e+000
      vertex 8.349890e-002 6.967188e-001 1.602382e+000
    endloop 
  endfacet
  facet normal -5.569480E-001 8.256968E-001 -8.963061E-002
    outer loop 
      vertex -8.137837e-002 5.281241e-001 1.264108e+000
      vertex -1.859592e-001 4.733152e-001 1.409042e+000
      vertex -1.798949e-002 5.892831e-001 1.433631e+000
    endloop 
  endfacet
  facet normal -5.454538E-001 8.159810E-001 -1.914554E-001
    outer loop 
      vertex -1.798949e-002 5.892831e-001 1.433631e+000
      vertex 8.349890e-002 6.967188e-001 1.602382e+000
      vertex 1.298195e-001 6.900597e-001 1.442034e+000
    endloop 
  endfacet
  facet normal 8.545700E-001 4.764600E-001 -2.066302E-001
    outer loop 
      vertex 6.685544e-001 -2.233550e-001 1.120360e+000
      vertex 6.278893e-001 -8.754382e-002 1.265341e+000
      vertex 6.819977e-001 -1.780697e-001 1.280380e+000
    endloop 
  endfacet
  facet normal 8.903041E-001 4.291472E-001 -1.522869E-001
    outer loop 
      vertex 6.685544e-001 -2.233550e-001 1.120360e+000
      vertex 5.878656e-001 -7.127063e-002 1.077211e+000
      vertex 6.278893e-001 -8.754382e-002 1.265341e+000
    endloop 
  endfacet
  facet normal 8.559783E-001 4.795156E-001 -1.933032E-001
    outer loop 
      vertex 6.926389e-001 -1.326300e-001 1.440220e+000
      vertex 6.819977e-001 -1.780697e-001 1.280380e+000
      vertex 6.278893e-001 -8.754382e-002 1.265341e+000
    endloop 
  endfacet
  facet normal 8.562027E-001 4.975582E-001 -1.391144E-001
    outer loop 
      vertex 6.278893e-001 -8.754382e-002 1.265341e+000
      vertex 5.878656e-001 -7.127063e-002 1.077211e+000
      vertex 5.579869e-001 3.166750e-002 1.261487e+000
    endloop 
  endfacet
  facet normal 4.804968E-001 -8.545608E-001 -1.971005E-001
    outer loop 
      vertex -1.765963e-001 -6.833856e-001 1.279725e+000
      vertex -8.154500e-002 -6.266912e-001 1.265636e+000
      vertex -1.306189e-001 -6.941978e-001 1.438688e+000
    endloop 
  endfacet
  facet normal 4.770289E-001 -8.526922E-001 -2.129775E-001
    outer loop 
      vertex -2.232396e-001 -6.694943e-001 1.119637e+000
      vertex -8.154500e-002 -6.266912e-001 1.265636e+000
      vertex -1.765963e-001 -6.833856e-001 1.279725e+000
    endloop 
  endfacet
  facet normal 4.330716E-001 -8.869984E-001 -1.602586E-001
    outer loop 
      vertex -3.538990e-002 -5.785033e-001 1.123652e+000
      vertex -8.154500e-002 -6.266912e-001 1.265636e+000
      vertex -2.232396e-001 -6.694943e-001 1.119637e+000
    endloop 
  endfacet
  facet normal 4.983320E-001 -8.573388E-001 -1.289781E-001
    outer loop 
      vertex -3.538990e-002 -5.785033e-001 1.123652e+000
      vertex 5.823435e-002 -5.473462e-001 1.278281e+000
      vertex -8.154500e-002 -6.266912e-001 1.265636e+000
    endloop 
  endfacet
  facet normal 9.696496E-001 1.899377E-001 1.539591E-001
    outer loop 
      vertex 4.405141e-001 3.698038e-001 4.488235e-001
      vertex 4.516874e-001 4.152983e-001 3.223270e-001
      vertex 3.934787e-001 5.836287e-001 4.812639e-001
    endloop 
  endfacet
  facet normal 9.857428E-001 1.105634E-001 1.268337E-001
    outer loop 
      vertex 4.710279e-001 2.745751e-001 2.946848e-001
      vertex 4.516874e-001 4.152983e-001 3.223270e-001
      vertex 4.405141e-001 3.698038e-001 4.488235e-001
    endloop 
  endfacet
  facet normal 9.836995E-001 1.675955E-001 6.516945E-002
    outer loop 
      vertex 4.780994e-001 1.838418e-001 3.597289e-001
      vertex 4.405141e-001 3.698038e-001 4.488235e-001
      vertex 4.533342e-001 2.596076e-001 5.387011e-001
    endloop 
  endfacet
  facet normal 9.834232E-001 1.498427E-001 1.021072E-001
    outer loop 
      vertex 4.710279e-001 2.745751e-001 2.946848e-001
      vertex 4.405141e-001 3.698038e-001 4.488235e-001
      vertex 4.780994e-001 1.838418e-001 3.597289e-001
    endloop 
  endfacet
  facet normal 5.605940E-001 -8.130635E-001 1.570417E-001
    outer loop 
      vertex 6.130624e-001 -1.656478e-001 1.553340e+000
      vertex 5.592027e-001 -2.295999e-001 1.414499e+000
      vertex 6.926389e-001 -1.326300e-001 1.440220e+000
    endloop 
  endfacet
  facet normal 6.018891E-001 -7.880124E-001 1.294834E-001
    outer loop 
      vertex 6.130624e-001 -1.656478e-001 1.553340e+000
      vertex 5.201281e-001 -2.293538e-001 1.597631e+000
      vertex 5.592027e-001 -2.295999e-001 1.414499e+000
    endloop 
  endfacet
  facet normal 5.626944E-001 -8.177378E-001 1.211604E-001
    outer loop 
      vertex 5.201281e-001 -2.293538e-001 1.597631e+000
      vertex 4.236500e-001 -3.157031e-001 1.462906e+000
      vertex 5.592027e-001 -2.295999e-001 1.414499e+000
    endloop 
  endfacet
  facet normal 5.554214E-001 -8.273457E-001 8.370349E-002
    outer loop 
      vertex 4.496633e-001 -3.144928e-001 1.302256e+000
      vertex 5.592027e-001 -2.295999e-001 1.414499e+000
      vertex 4.236500e-001 -3.157031e-001 1.462906e+000
    endloop 
  endfacet
  facet normal 5.520101E-001 -8.110024E-001 1.938038E-001
    outer loop 
      vertex 6.819977e-001 -1.780697e-001 1.280380e+000
      vertex 6.926389e-001 -1.326300e-001 1.440220e+000
      vertex 5.592027e-001 -2.295999e-001 1.414499e+000
    endloop 
  endfacet
  facet normal 5.229502E-001 -8.523429E-001 5.886787E-003
    outer loop 
      vertex 2.915865e-001 -4.073270e-001 1.487825e+000
      vertex 1.941469e-001 -4.683049e-001 1.314882e+000
      vertex 3.259623e-001 -3.873460e-001 1.327093e+000
    endloop 
  endfacet
  facet normal 5.235072E-001 -8.520182E-001 -2.277915E-003
    outer loop 
      vertex 1.941469e-001 -4.683049e-001 1.314882e+000
      vertex 2.400561e-001 -4.397996e-001 1.203678e+000
      vertex 3.259623e-001 -3.873460e-001 1.327093e+000
    endloop 
  endfacet
  facet normal 5.722033E-001 -8.194286E-001 -3.346844E-002
    outer loop 
      vertex 2.915865e-001 -4.073270e-001 1.487825e+000
      vertex 1.486838e-001 -5.048289e-001 1.431846e+000
      vertex 1.941469e-001 -4.683049e-001 1.314882e+000
    endloop 
  endfacet
  facet normal 5.139732E-001 -8.556520E-001 -6.075408E-002
    outer loop 
      vertex 1.941469e-001 -4.683049e-001 1.314882e+000
      vertex 5.823435e-002 -5.473462e-001 1.278281e+000
      vertex 1.178904e-001 -5.029922e-001 1.158290e+000
    endloop 
  endfacet
  facet normal 4.687676E-001 -8.827144E-001 -3.274519E-002
    outer loop 
      vertex 1.178904e-001 -5.029922e-001 1.158290e+000
      vertex 2.400561e-001 -4.397996e-001 1.203678e+000
      vertex 1.941469e-001 -4.683049e-001 1.314882e+000
    endloop 
  endfacet
  facet normal 5.149687E-001 -8.546100E-001 -6.670088E-002
    outer loop 
      vertex 1.941469e-001 -4.683049e-001 1.314882e+000
      vertex 1.486838e-001 -5.048289e-001 1.431846e+000
      vertex 5.823435e-002 -5.473462e-001 1.278281e+000
    endloop 
  endfacet
  facet normal -6.072800E-001 7.809610E-001 -1.459829E-001
    outer loop 
      vertex 8.349890e-002 6.967188e-001 1.602382e+000
      vertex -1.312626e-001 5.291956e-001 1.599582e+000
      vertex -5.984718e-002 6.136294e-001 1.754192e+000
    endloop 
  endfacet
  facet normal -6.658770E-001 7.398022E-001 -9.643928E-002
    outer loop 
      vertex -5.984718e-002 6.136294e-001 1.754192e+000
      vertex -1.312626e-001 5.291956e-001 1.599582e+000
      vertex -1.819643e-001 5.072165e-001 1.781053e+000
    endloop 
  endfacet
  facet normal -6.457448E-001 7.347984E-001 -2.075692E-001
    outer loop 
      vertex 3.581381e-002 7.002147e-001 1.763105e+000
      vertex 8.349890e-002 6.967188e-001 1.602382e+000
      vertex -5.984718e-002 6.136294e-001 1.754192e+000
    endloop 
  endfacet
  facet normal -6.488412E-001 7.365275E-001 -1.911343E-001
    outer loop 
      vertex -5.984718e-002 6.136294e-001 1.754192e+000
      vertex -1.109260e-002 7.003813e-001 1.922980e+000
      vertex 3.581381e-002 7.002147e-001 1.763105e+000
    endloop 
  endfacet
  facet normal -7.302444E-002 -9.972858E-001 -9.408735E-003
    outer loop 
      vertex -1.541725e-001 -4.962892e-001 3.569702e+000
      vertex 1.216841e-002 -5.085995e-001 3.583518e+000
      vertex -3.558630e-002 -5.063398e-001 3.714643e+000
    endloop 
  endfacet
  facet normal -7.132453E-002 -9.970130E-001 -2.963228E-002
    outer loop 
      vertex 1.216841e-002 -5.085995e-001 3.583518e+000
      vertex -1.541725e-001 -4.962892e-001 3.569702e+000
      vertex -1.212990e-001 -4.950553e-001 3.449062e+000
    endloop 
  endfacet
  facet normal -1.226879E-001 -9.922050E-001 2.183809E-002
    outer loop 
      vertex 2.660280e-002 -5.133901e-001 3.446954e+000
      vertex 1.216841e-002 -5.085995e-001 3.583518e+000
      vertex -1.212990e-001 -4.950553e-001 3.449062e+000
    endloop 
  endfacet
  facet normal -7.518815E-002 -9.968033E-001 2.702001E-002
    outer loop 
      vertex 1.799932e-001 -5.214885e-001 3.575028e+000
      vertex 1.216841e-002 -5.085995e-001 3.583518e+000
      vertex 2.660280e-002 -5.133901e-001 3.446954e+000
    endloop 
  endfacet
  facet normal 7.242306E-001 6.711897E-001 1.580967E-001
    outer loop 
      vertex 1.322357e-001 6.090245e-001 1.708545e+000
      vertex 3.581381e-002 7.002147e-001 1.763105e+000
      vertex 8.857393e-002 6.190394e-001 1.866039e+000
    endloop 
  endfacet
  facet normal 7.169067E-001 6.795990E-001 1.555316E-001
    outer loop 
      vertex 1.998136e-001 5.144538e-001 1.810281e+000
      vertex 1.322357e-001 6.090245e-001 1.708545e+000
      vertex 8.857393e-002 6.190394e-001 1.866039e+000
    endloop 
  endfacet
  facet normal 6.856448E-001 6.997977E-001 2.004351E-001
    outer loop 
      vertex 8.857393e-002 6.190394e-001 1.866039e+000
      vertex 3.581381e-002 7.002147e-001 1.763105e+000
      vertex -1.109260e-002 7.003813e-001 1.922980e+000
    endloop 
  endfacet
  facet normal 6.744664E-001 7.235304E-001 1.469658E-001
    outer loop 
      vertex -1.109260e-002 7.003813e-001 1.922980e+000
      vertex 9.480292e-002 5.801817e-001 2.028754e+000
      vertex 8.857393e-002 6.190394e-001 1.866039e+000
    endloop 
  endfacet
  facet normal 7.140492E-001 6.866322E-001 1.366388E-001
    outer loop 
      vertex 1.998136e-001 5.144538e-001 1.810281e+000
      vertex 8.857393e-002 6.190394e-001 1.866039e+000
      vertex 9.480292e-002 5.801817e-001 2.028754e+000
    endloop 
  endfacet
  facet normal 7.008030E-001 -6.856920E-001 1.967273E-001
    outer loop 
      vertex 7.039925e-001 -3.850466e-002 1.760653e+000
      vertex 7.048843e-001 8.507907e-003 1.921338e+000
      vertex 6.236789e-001 -9.093991e-002 1.863992e+000
    endloop 
  endfacet
  facet normal 7.238670E-001 -6.745757E-001 1.447900E-001
    outer loop 
      vertex 7.048843e-001 8.507907e-003 1.921338e+000
      vertex 5.864376e-001 -9.646285e-002 2.024445e+000
      vertex 6.236789e-001 -9.093991e-002 1.863992e+000
    endloop 
  endfacet
  facet normal 6.852811E-001 -7.157667E-001 1.344164E-001
    outer loop 
      vertex 5.864376e-001 -9.646285e-002 2.024445e+000
      vertex 5.209581e-001 -2.002006e-001 1.805869e+000
      vertex 6.236789e-001 -9.093991e-002 1.863992e+000
    endloop 
  endfacet
  facet normal -6.709319E-001 7.251232E-001 1.550704E-001
    outer loop 
      vertex -7.027402e-001 3.307611e-002 1.761220e+000
      vertex -6.052752e-001 9.751898e-002 1.881575e+000
      vertex -6.104944e-001 1.288593e-001 1.712443e+000
    endloop 
  endfacet
  facet normal -6.757570E-001 7.207699E-001 1.544126E-001
    outer loop 
      vertex -6.052752e-001 9.751898e-002 1.881575e+000
      vertex -5.107254e-001 2.034662e-001 1.800811e+000
      vertex -6.104944e-001 1.288593e-001 1.712443e+000
    endloop 
  endfacet
  facet normal -7.005352E-001 6.848392E-001 2.006134E-001
    outer loop 
      vertex -7.027402e-001 3.307611e-002 1.761220e+000
      vertex -7.041631e-001 -1.519001e-002 1.921019e+000
      vertex -6.052752e-001 9.751898e-002 1.881575e+000
    endloop 
  endfacet
  facet normal -7.076281E-001 7.007257E-001 9.080657E-002
    outer loop 
      vertex -4.883143e-001 2.051515e-001 1.962449e+000
      vertex -5.107254e-001 2.034662e-001 1.800811e+000
      vertex -6.052752e-001 9.751898e-002 1.881575e+000
    endloop 
  endfacet
  facet normal -7.258582E-001 -6.710433E-001 1.510983E-001
    outer loop 
      vertex -1.348481e-001 -6.091169e-001 1.713054e+000
      vertex -3.502467e-002 -7.066217e-001 1.759565e+000
      vertex -9.427640e-002 -6.161927e-001 1.876531e+000
    endloop 
  endfacet
  facet normal -7.201688E-001 -6.775210E-001 1.494059E-001
    outer loop 
      vertex -2.096177e-001 -5.103022e-001 1.800750e+000
      vertex -1.348481e-001 -6.091169e-001 1.713054e+000
      vertex -9.427640e-002 -6.161927e-001 1.876531e+000
    endloop 
  endfacet
  facet normal -6.822484E-001 -7.036803E-001 1.984219E-001
    outer loop 
      vertex 1.262701e-002 -7.078183e-001 1.919165e+000
      vertex -9.427640e-002 -6.161927e-001 1.876531e+000
      vertex -3.502467e-002 -7.066217e-001 1.759565e+000
    endloop 
  endfacet
  facet normal -7.062762E-001 -7.015819E-001 9.464028E-002
    outer loop 
      vertex -1.717215e-001 -5.255389e-001 1.970608e+000
      vertex -2.096177e-001 -5.103022e-001 1.800750e+000
      vertex -9.427640e-002 -6.161927e-001 1.876531e+000
    endloop 
  endfacet
  facet normal -2.291750E-001 -9.710265E-001 -6.772131E-002
    outer loop 
      vertex -3.082650e-001 -4.425718e-001 3.148484e+000
      vertex -1.523117e-001 -4.837162e-001 3.210675e+000
      vertex -2.435067e-001 -4.687246e-001 3.304329e+000
    endloop 
  endfacet
  facet normal -1.813622E-001 -9.832287E-001 -1.921102E-002
    outer loop 
      vertex -2.435067e-001 -4.687246e-001 3.304329e+000
      vertex -1.523117e-001 -4.837162e-001 3.210675e+000
      vertex -1.002932e-001 -4.958156e-001 3.338845e+000
    endloop 
  endfacet
  facet normal -1.926164E-001 -9.767681E-001 -9.393138E-002
    outer loop 
      vertex -2.435067e-001 -4.687246e-001 3.304329e+000
      vertex -2.861810e-001 -4.723704e-001 3.429750e+000
      vertex -4.205019e-001 -4.304153e-001 3.268909e+000
    endloop 
  endfacet
  facet normal -1.949175E-001 -9.773007E-001 -8.300915E-002
    outer loop 
      vertex -3.082650e-001 -4.425718e-001 3.148484e+000
      vertex -2.435067e-001 -4.687246e-001 3.304329e+000
      vertex -4.205019e-001 -4.304153e-001 3.268909e+000
    endloop 
  endfacet
  facet normal 9.706358E-001 -2.308798E-001 -6.753211E-002
    outer loop 
      vertex 4.344228e-001 -3.280060e-001 3.158998e+000
      vertex 4.763345e-001 -1.659360e-001 3.207306e+000
      vertex 4.614044e-001 -2.579968e-001 3.307455e+000
    endloop 
  endfacet
  facet normal 9.833313E-001 -1.807666E-001 -1.957356E-002
    outer loop 
      vertex 4.614044e-001 -2.579968e-001 3.307455e+000
      vertex 4.763345e-001 -1.659360e-001 3.207306e+000
      vertex 4.860752e-001 -1.275426e-001 3.342083e+000
    endloop 
  endfacet
  facet normal 9.759469E-001 -1.880994E-001 -1.102104E-001
    outer loop 
      vertex 4.614044e-001 -2.579968e-001 3.307455e+000
      vertex 4.605689e-001 -3.296457e-001 3.422342e+000
      vertex 4.230647e-001 -4.351517e-001 3.270300e+000
    endloop 
  endfacet
  facet normal 9.773093E-001 -1.933821E-001 -8.642811E-002
    outer loop 
      vertex 4.614044e-001 -2.579968e-001 3.307455e+000
      vertex 4.230647e-001 -4.351517e-001 3.270300e+000
      vertex 4.344228e-001 -3.280060e-001 3.158998e+000
    endloop 
  endfacet
  facet normal 5.725262E-001 -8.196288E-001 2.055642E-002
    outer loop 
      vertex 4.236500e-001 -3.157031e-001 1.462906e+000
      vertex 2.915865e-001 -4.073270e-001 1.487825e+000
      vertex 3.259623e-001 -3.873460e-001 1.327093e+000
    endloop 
  endfacet
  facet normal 5.174422E-001 -8.522136E-001 7.736634E-002
    outer loop 
      vertex 3.259623e-001 -3.873460e-001 1.327093e+000
      vertex 4.496633e-001 -3.144928e-001 1.302256e+000
      vertex 4.236500e-001 -3.157031e-001 1.462906e+000
    endloop 
  endfacet
  facet normal -4.808426E-001 -8.749251E-001 5.741550E-002
    outer loop 
      vertex -1.993526e-001 -4.655483e-001 2.549180e+000
      vertex -5.129871e-002 -5.457272e-001 2.567295e+000
      vertex -9.858733e-002 -5.111328e-001 2.698428e+000
    endloop 
  endfacet
  facet normal -4.368594E-001 -8.993012E-001 2.027498E-002
    outer loop 
      vertex -9.858733e-002 -5.111328e-001 2.698428e+000
      vertex -2.698754e-001 -4.286186e-001 2.667668e+000
      vertex -1.993526e-001 -4.655483e-001 2.549180e+000
    endloop 
  endfacet
  facet normal -4.883684E-001 -8.724359E-001 -1.875591E-002
    outer loop 
      vertex -1.993526e-001 -4.655483e-001 2.549180e+000
      vertex -2.698754e-001 -4.286186e-001 2.667668e+000
      vertex -3.382654e-001 -3.871874e-001 2.521230e+000
    endloop 
  endfacet
  facet normal -4.890778E-001 -8.721221E-001 -1.435061E-002
    outer loop 
      vertex -1.993526e-001 -4.655483e-001 2.549180e+000
      vertex -3.382654e-001 -3.871874e-001 2.521230e+000
      vertex -2.851790e-001 -4.146884e-001 2.383318e+000
    endloop 
  endfacet
  facet normal -5.456690E-001 -8.364339E-001 -5.122172E-002
    outer loop 
      vertex -3.842472e-001 -3.381247e-001 2.188439e+000
      vertex -2.851790e-001 -4.146884e-001 2.383318e+000
      vertex -4.167745e-001 -3.268013e-001 2.350048e+000
    endloop 
  endfacet
  facet normal -5.471455E-001 -8.358840E-001 -4.392888E-002
    outer loop 
      vertex -2.851790e-001 -4.146884e-001 2.383318e+000
      vertex -3.382654e-001 -3.871874e-001 2.521230e+000
      vertex -4.167745e-001 -3.268013e-001 2.350048e+000
    endloop 
  endfacet
  facet normal 8.626127E-001 -5.051755E-001 -2.640074E-002
    outer loop 
      vertex 3.707979e-001 -3.586547e-001 2.460141e+000
      vertex 4.559285e-001 -2.152381e-001 2.497418e+000
      vertex 4.155077e-001 -2.904029e-001 2.614990e+000
    endloop 
  endfacet
  facet normal 8.908554E-001 -4.540044E-001 1.602316E-002
    outer loop 
      vertex 4.559285e-001 -2.152381e-001 2.497418e+000
      vertex 4.915664e-001 -1.394702e-001 2.662850e+000
      vertex 4.155077e-001 -2.904029e-001 2.614990e+000
    endloop 
  endfacet
  facet normal 8.942441E-001 -4.474686E-001 -9.973410E-003
    outer loop 
      vertex 4.155077e-001 -2.904029e-001 2.614990e+000
      vertex 4.915664e-001 -1.394702e-001 2.662850e+000
      vertex 4.505224e-001 -2.242860e-001 2.788086e+000
    endloop 
  endfacet
  facet normal 9.081013E-001 -4.180618E-001 -2.400891E-002
    outer loop 
      vertex 4.505224e-001 -2.242860e-001 2.788086e+000
      vertex 3.690145e-001 -3.962707e-001 2.699905e+000
      vertex 4.155077e-001 -2.904029e-001 2.614990e+000
    endloop 
  endfacet
  facet normal 8.836902E-001 -4.653916E-001 -5.002176E-002
    outer loop 
      vertex 4.155077e-001 -2.904029e-001 2.614990e+000
      vertex 3.450768e-001 -4.192165e-001 2.569201e+000
      vertex 3.707979e-001 -3.586547e-001 2.460141e+000
    endloop 
  endfacet
  facet normal 8.864659E-001 -4.553984E-001 -8.240394E-002
    outer loop 
      vertex 3.690145e-001 -3.962707e-001 2.699905e+000
      vertex 3.450768e-001 -4.192165e-001 2.569201e+000
      vertex 4.155077e-001 -2.904029e-001 2.614990e+000
    endloop 
  endfacet
  facet normal 8.298500E-001 -5.509316E-001 8.845072E-002
    outer loop 
      vertex 5.931021e-001 -1.292375e-002 2.371521e+000
      vertex 5.361052e-001 -7.357687e-002 2.528480e+000
      vertex 4.986000e-001 -1.575688e-001 2.357197e+000
    endloop 
  endfacet
  facet normal 7.860680E-001 -6.143349E-001 6.848066E-002
    outer loop 
      vertex 5.359108e-001 -1.279960e-001 2.194213e+000
      vertex 4.986000e-001 -1.575688e-001 2.357197e+000
      vertex 4.443681e-001 -2.468866e-001 2.178443e+000
    endloop 
  endfacet
  facet normal 8.282391E-001 -5.596566E-001 2.836520E-002
    outer loop 
      vertex 4.443681e-001 -2.468866e-001 2.178443e+000
      vertex 4.986000e-001 -1.575688e-001 2.357197e+000
      vertex 4.059618e-001 -2.961862e-001 2.327174e+000
    endloop 
  endfacet
  facet normal 8.296675E-001 -5.509619E-001 8.996037E-002
    outer loop 
      vertex 5.931021e-001 -1.292375e-002 2.371521e+000
      vertex 4.986000e-001 -1.575688e-001 2.357197e+000
      vertex 5.359108e-001 -1.279960e-001 2.194213e+000
    endloop 
  endfacet
  facet normal 8.949937E-001 -4.385523E-001 8.159746E-002
    outer loop 
      vertex 5.590509e-001 3.345847e-003 2.690229e+000
      vertex 4.915664e-001 -1.394702e-001 2.662850e+000
      vertex 5.361052e-001 -7.357687e-002 2.528480e+000
    endloop 
  endfacet
  facet normal -8.548322E-001 4.783368E-001 2.011361E-001
    outer loop 
      vertex -6.867024e-001 -1.576908e-001 2.401604e+000
      vertex -6.749182e-001 -2.038358e-001 2.561428e+000
      vertex -6.070094e-001 -6.071252e-002 2.509669e+000
    endloop 
  endfacet
  facet normal -8.380362E-001 5.256328E-001 1.463064E-001
    outer loop 
      vertex -5.928621e-001 2.151936e-003 2.364852e+000
      vertex -6.867024e-001 -1.576908e-001 2.401604e+000
      vertex -6.070094e-001 -6.071252e-002 2.509669e+000
    endloop 
  endfacet
  facet normal -8.992687E-001 4.261143E-001 9.870325E-002
    outer loop 
      vertex -5.602931e-001 -3.399915e-002 2.741781e+000
      vertex -5.043039e-001 9.416151e-002 2.698603e+000
      vertex -5.515215e-001 1.692083e-002 2.601869e+000
    endloop 
  endfacet
  facet normal -8.491087E-001 -5.273213E-001 3.076811E-002
    outer loop 
      vertex -3.844637e-001 -3.234443e-001 1.439544e+000
      vertex -4.608294e-001 -2.061933e-001 1.341591e+000
      vertex -3.712552e-001 -3.527091e-001 1.302503e+000
    endloop 
  endfacet
  facet normal -8.296612E-001 -5.569062E-001 3.896029E-002
    outer loop 
      vertex -3.844637e-001 -3.234443e-001 1.439544e+000
      vertex -3.712552e-001 -3.527091e-001 1.302503e+000
      vertex -3.054734e-001 -4.422936e-001 1.422791e+000
    endloop 
  endfacet
  facet normal 9.718711E-001 -1.792571E-001 -1.527528E-001
    outer loop 
      vertex 4.415560e-001 -4.600950e-001 3.417221e+000
      vertex 4.104740e-001 -5.800433e-001 3.360226e+000
      vertex 4.230647e-001 -4.351517e-001 3.270300e+000
    endloop 
  endfacet
  facet normal 9.796638E-001 -1.370315E-001 -1.465648E-001
    outer loop 
      vertex 4.605689e-001 -3.296457e-001 3.422342e+000
      vertex 4.415560e-001 -4.600950e-001 3.417221e+000
      vertex 4.230647e-001 -4.351517e-001 3.270300e+000
    endloop 
  endfacet
  facet normal 9.814293E-001 -1.023476E-001 -1.622389E-001
    outer loop 
      vertex 4.490491e-001 -5.510119e-001 3.519902e+000
      vertex 4.415560e-001 -4.600950e-001 3.417221e+000
      vertex 4.691747e-001 -4.066789e-001 3.550596e+000
    endloop 
  endfacet
  facet normal 9.794636E-001 -1.369470E-001 -1.479750E-001
    outer loop 
      vertex 4.605689e-001 -3.296457e-001 3.422342e+000
      vertex 4.691747e-001 -4.066789e-001 3.550596e+000
      vertex 4.415560e-001 -4.600950e-001 3.417221e+000
    endloop 
  endfacet
  facet normal 9.666153E-001 -1.527122E-001 -2.057518E-001
    outer loop 
      vertex 4.415560e-001 -4.600950e-001 3.417221e+000
      vertex 4.490491e-001 -5.510119e-001 3.519902e+000
      vertex 4.104740e-001 -5.800433e-001 3.360226e+000
    endloop 
  endfacet
  facet normal 1.763687E-001 -9.727575E-001 -1.504557E-001
    outer loop 
      vertex -2.241890e-001 -5.720325e-001 6.041889e-001
      vertex -3.948247e-001 -5.837497e-001 4.799210e-001
      vertex -2.051039e-001 -5.481595e-001 4.722129e-001
    endloop 
  endfacet
  facet normal 2.323834E-001 -9.624249E-001 -1.404863E-001
    outer loop 
      vertex -6.417649e-002 -5.291450e-001 5.750637e-001
      vertex -2.241890e-001 -5.720325e-001 6.041889e-001
      vertex -2.051039e-001 -5.481595e-001 4.722129e-001
    endloop 
  endfacet
  facet normal 2.774831E-001 -9.486964E-001 -1.515862E-001
    outer loop 
      vertex -2.241890e-001 -5.720325e-001 6.041889e-001
      vertex -9.059626e-002 -5.485759e-001 7.019324e-001
      vertex -1.896704e-001 -5.913242e-001 7.881125e-001
    endloop 
  endfacet
  facet normal 2.404114E-001 -9.596619E-001 -1.457788E-001
    outer loop 
      vertex -1.896704e-001 -5.913242e-001 7.881125e-001
      vertex -3.535526e-001 -6.098547e-001 6.398325e-001
      vertex -2.241890e-001 -5.720325e-001 6.041889e-001
    endloop 
  endfacet
  facet normal 2.410205E-001 -9.655902E-001 -9.769599E-002
    outer loop 
      vertex -2.241890e-001 -5.720325e-001 6.041889e-001
      vertex -6.417649e-002 -5.291450e-001 5.750637e-001
      vertex -9.059626e-002 -5.485759e-001 7.019324e-001
    endloop 
  endfacet
  facet normal 2.199180E-001 -9.521600E-001 -2.121966E-001
    outer loop 
      vertex -2.241890e-001 -5.720325e-001 6.041889e-001
      vertex -3.535526e-001 -6.098547e-001 6.398325e-001
      vertex -3.948247e-001 -5.837497e-001 4.799210e-001
    endloop 
  endfacet
  facet normal 8.208416E-001 5.676041E-001 6.359747E-002
    outer loop 
      vertex 3.008926e-001 4.204254e-001 1.626396e+000
      vertex 3.701730e-001 3.416520e-001 1.435254e+000
      vertex 2.709624e-001 4.795832e-001 1.484720e+000
    endloop 
  endfacet
  facet normal 7.777942E-001 6.212819E-001 9.510516E-002
    outer loop 
      vertex 2.709624e-001 4.795832e-001 1.484720e+000
      vertex 2.164110e-001 5.248618e-001 1.635069e+000
      vertex 3.008926e-001 4.204254e-001 1.626396e+000
    endloop 
  endfacet
  facet normal 7.851403E-001 6.186083E-001 2.963753E-002
    outer loop 
      vertex 3.701730e-001 3.416520e-001 1.435254e+000
      vertex 3.008926e-001 4.204254e-001 1.626396e+000
      vertex 4.112776e-001 2.818826e-001 1.593870e+000
    endloop 
  endfacet
  facet normal 7.320250E-001 6.790411E-001 5.516063E-002
    outer loop 
      vertex 1.998136e-001 5.144538e-001 1.810281e+000
      vertex 3.228037e-001 3.835826e-001 1.789162e+000
      vertex 3.008926e-001 4.204254e-001 1.626396e+000
    endloop 
  endfacet
  facet normal 7.855369E-001 6.178739E-001 3.411153E-002
    outer loop 
      vertex 4.112776e-001 2.818826e-001 1.593870e+000
      vertex 3.008926e-001 4.204254e-001 1.626396e+000
      vertex 3.228037e-001 3.835826e-001 1.789162e+000
    endloop 
  endfacet
  facet normal 7.771807E-001 6.195137E-001 1.104212E-001
    outer loop 
      vertex 1.998136e-001 5.144538e-001 1.810281e+000
      vertex 3.008926e-001 4.204254e-001 1.626396e+000
      vertex 2.164110e-001 5.248618e-001 1.635069e+000
    endloop 
  endfacet
  facet normal 8.228935E-001 5.620862E-001 8.309900E-002
    outer loop 
      vertex 3.701730e-001 3.416520e-001 1.435254e+000
      vertex 3.244753e-001 4.277218e-001 1.305598e+000
      vertex 2.709624e-001 4.795832e-001 1.484720e+000
    endloop 
  endfacet
  facet normal -9.264620E-002 -9.843252E-001 -1.500689E-001
    outer loop 
      vertex -3.480203e-001 -4.846869e-001 3.585851e+000
      vertex -5.418744e-001 -4.563584e-001 3.519717e+000
      vertex -4.359249e-001 -4.522240e-001 3.427191e+000
    endloop 
  endfacet
  facet normal -1.300553E-001 -9.830679E-001 -1.290854E-001
    outer loop 
      vertex -3.480203e-001 -4.846869e-001 3.585851e+000
      vertex -4.359249e-001 -4.522240e-001 3.427191e+000
      vertex -2.861810e-001 -4.723704e-001 3.429750e+000
    endloop 
  endfacet
  facet normal -2.624661E-002 -9.899444E-001 -1.390006E-001
    outer loop 
      vertex -5.106719e-001 -4.934871e-001 3.679238e+000
      vertex -3.480203e-001 -4.846869e-001 3.585851e+000
      vertex -2.890728e-001 -5.162181e-001 3.799282e+000
    endloop 
  endfacet
  facet normal -1.557790E-002 -9.897556E-001 -1.419193E-001
    outer loop 
      vertex -1.886290e-001 -5.031502e-001 3.697120e+000
      vertex -2.890728e-001 -5.162181e-001 3.799282e+000
      vertex -3.480203e-001 -4.846869e-001 3.585851e+000
    endloop 
  endfacet
  facet normal -6.815050E-002 -9.921052E-001 -1.052750E-001
    outer loop 
      vertex -1.541725e-001 -4.962892e-001 3.569702e+000
      vertex -3.480203e-001 -4.846869e-001 3.585851e+000
      vertex -2.861810e-001 -4.723704e-001 3.429750e+000
    endloop 
  endfacet
  facet normal -6.551207E-002 -9.953005E-001 -7.130938E-002
    outer loop 
      vertex -1.541725e-001 -4.962892e-001 3.569702e+000
      vertex -1.886290e-001 -5.031502e-001 3.697120e+000
      vertex -3.480203e-001 -4.846869e-001 3.585851e+000
    endloop 
  endfacet
  facet normal -6.967875E-002 -9.745222E-001 -2.131930E-001
    outer loop 
      vertex -5.418744e-001 -4.563584e-001 3.519717e+000
      vertex -3.480203e-001 -4.846869e-001 3.585851e+000
      vertex -5.106719e-001 -4.934871e-001 3.679238e+000
    endloop 
  endfacet
  facet normal -3.039086E-002 9.938920E-001 -1.060901E-001
    outer loop 
      vertex 3.558593e-001 5.148976e-001 1.289155e-001
      vertex 2.011451e-001 5.107901e-001 1.347550e-001
      vertex 2.363471e-001 5.256060e-001 2.634721e-001
    endloop 
  endfacet
  facet normal -3.050899E-002 9.935206E-001 -1.094811E-001
    outer loop 
      vertex 3.558593e-001 5.148976e-001 1.289155e-001
      vertex 3.333333e-001 5.000000e-001 0.000000e+000
      vertex 2.011451e-001 5.107901e-001 1.347550e-001
    endloop 
  endfacet
  facet normal 0.000000E+000 9.933890E-001 -1.147969E-001
    outer loop 
      vertex 5.000000e-001 5.000000e-001 0.000000e+000
      vertex 3.333333e-001 5.000000e-001 0.000000e+000
      vertex 3.558593e-001 5.148976e-001 1.289155e-001
    endloop 
  endfacet
  facet normal -8.729290E-002 9.839182E-001 -1.558363E-001
    outer loop 
      vertex 3.558593e-001 5.148976e-001 1.289155e-001
      vertex 2.363471e-001 5.256060e-001 2.634721e-001
      vertex 3.571677e-001 5.347388e-001 2.534558e-001
    endloop 
  endfacet
  facet normal -1.499442E-002 9.874593E-001 -1.571600E-001
    outer loop 
      vertex 3.558593e-001 5.148976e-001 1.289155e-001
      vertex 3.571677e-001 5.347388e-001 2.534558e-001
      vertex 4.728476e-001 5.218686e-001 1.615536e-001
    endloop 
  endfacet
  facet normal -2.064246E-002 9.902840E-001 -1.375184E-001
    outer loop 
      vertex 4.728476e-001 5.218686e-001 1.615536e-001
      vertex 5.000000e-001 5.000000e-001 0.000000e+000
      vertex 3.558593e-001 5.148976e-001 1.289155e-001
    endloop 
  endfacet
  facet normal -1.776031E-001 -9.724039E-001 -1.512872E-001
    outer loop 
      vertex -5.715513e-001 -4.171975e-001 3.361275e+000
      vertex -4.205019e-001 -4.304153e-001 3.268909e+000
      vertex -4.359249e-001 -4.522240e-001 3.427191e+000
    endloop 
  endfacet
  facet normal -1.293956E-001 -9.805298E-001 -1.477095E-001
    outer loop 
      vertex -4.205019e-001 -4.304153e-001 3.268909e+000
      vertex -2.861810e-001 -4.723704e-001 3.429750e+000
      vertex -4.359249e-001 -4.522240e-001 3.427191e+000
    endloop 
  endfacet
  facet normal -1.468497E-001 -9.663200E-001 -2.113313E-001
    outer loop 
      vertex -5.715513e-001 -4.171975e-001 3.361275e+000
      vertex -4.359249e-001 -4.522240e-001 3.427191e+000
      vertex -5.418744e-001 -4.563584e-001 3.519717e+000
    endloop 
  endfacet
  facet normal 1.520477E-001 -9.794651E-001 -1.323990E-001
    outer loop 
      vertex -2.051039e-001 -5.481595e-001 4.722129e-001
      vertex -2.697713e-001 -5.386947e-001 3.279291e-001
      vertex -6.130368e-002 -5.159810e-001 3.993022e-001
    endloop 
  endfacet
  facet normal 1.768560E-001 -9.737718E-001 -1.431445E-001
    outer loop 
      vertex -2.697713e-001 -5.386947e-001 3.279291e-001
      vertex -2.051039e-001 -5.481595e-001 4.722129e-001
      vertex -3.948247e-001 -5.837497e-001 4.799210e-001
    endloop 
  endfacet
  facet normal 1.836893E-001 -9.804579E-001 -7.043114E-002
    outer loop 
      vertex -6.130368e-002 -5.159810e-001 3.993022e-001
      vertex -6.417649e-002 -5.291450e-001 5.750637e-001
      vertex -2.051039e-001 -5.481595e-001 4.722129e-001
    endloop 
  endfacet
  facet normal 1.478752E-001 9.884165E-001 -3.414322E-002
    outer loop 
      vertex 1.871847e-001 4.651278e-001 3.298635e+000
      vertex 1.352199e-001 4.794819e-001 3.489114e+000
      vertex 3.030522e-001 4.505944e-001 3.379731e+000
    endloop 
  endfacet
  facet normal 1.556815E-001 9.872911E-001 -3.192875E-002
    outer loop 
      vertex 1.871847e-001 4.651278e-001 3.298635e+000
      vertex 4.501826e-002 4.907349e-001 3.397260e+000
      vertex 1.352199e-001 4.794819e-001 3.489114e+000
    endloop 
  endfacet
  facet normal 1.881636E-001 9.776642E-001 -9.363303E-002
    outer loop 
      vertex 3.352128e-001 4.266398e-001 3.194240e+000
      vertex 1.871847e-001 4.651278e-001 3.298635e+000
      vertex 3.030522e-001 4.505944e-001 3.379731e+000
    endloop 
  endfacet
  facet normal -9.925351E-001 -3.484777E-002 -1.168751E-001
    outer loop 
      vertex -5.076173e-001 2.077611e-001 1.021291e-001
      vertex -5.183759e-001 3.347178e-001 1.556406e-001
      vertex -5.000000e-001 3.333333e-001 0.000000e+000
    endloop 
  endfacet
  facet normal -9.782648E-001 -1.715122E-002 -2.066492E-001
    outer loop 
      vertex -5.183759e-001 3.347178e-001 1.556406e-001
      vertex -5.552324e-001 4.330303e-001 3.219573e-001
      vertex -5.224509e-001 4.733773e-001 1.634228e-001
    endloop 
  endfacet
  facet normal -9.899980E-001 -2.126647E-002 -1.394694E-001
    outer loop 
      vertex -5.183759e-001 3.347178e-001 1.556406e-001
      vertex -5.224509e-001 4.733773e-001 1.634228e-001
      vertex -5.000000e-001 5.000000e-001 0.000000e+000
    endloop 
  endfacet
  facet normal -9.931021E-001 0.000000E+000 -1.172521E-001
    outer loop 
      vertex -5.183759e-001 3.347178e-001 1.556406e-001
      vertex -5.000000e-001 5.000000e-001 0.000000e+000
      vertex -5.000000e-001 3.333333e-001 0.000000e+000
    endloop 
  endfacet
  facet normal 9.817712E-001 1.122434E-001 -1.533838E-001
    outer loop 
      vertex 5.552857e-001 -4.340648e-001 3.201815e-001
      vertex 5.273406e-001 -3.306966e-001 2.169549e-001
      vertex 5.363908e-001 -2.393981e-001 3.416938e-001
    endloop 
  endfacet
  facet normal 9.906735E-001 1.834305E-002 -1.350161E-001
    outer loop 
      vertex 5.273406e-001 -3.306966e-001 2.169549e-001
      vertex 5.225233e-001 -4.724180e-001 1.623542e-001
      vertex 5.108050e-001 -3.191679e-001 9.719177e-002
    endloop 
  endfacet
  facet normal 9.754657E-001 4.948922E-002 -2.145171E-001
    outer loop 
      vertex 5.552857e-001 -4.340648e-001 3.201815e-001
      vertex 5.225233e-001 -4.724180e-001 1.623542e-001
      vertex 5.273406e-001 -3.306966e-001 2.169549e-001
    endloop 
  endfacet
  facet normal 9.879847E-001 -1.383171E-002 1.539321E-001
    outer loop 
      vertex 5.127615e-001 4.775723e-001 3.679496e+000
      vertex 4.860353e-001 3.879575e-001 3.842981e+000
      vertex 5.156960e-001 3.486708e-001 3.649079e+000
    endloop 
  endfacet
  facet normal 9.885228E-001 7.014424E-004 1.510698E-001
    outer loop 
      vertex 5.156960e-001 3.486708e-001 3.649079e+000
      vertex 4.860353e-001 3.879575e-001 3.842981e+000
      vertex 5.023838e-001 2.631885e-001 3.736584e+000
    endloop 
  endfacet
  facet normal 9.923582E-001 5.183906E-002 1.119731E-001
    outer loop 
      vertex 4.909647e-001 2.372948e-001 3.869045e+000
      vertex 4.860353e-001 3.879575e-001 3.842981e+000
      vertex 4.685908e-001 3.827349e-001 4.000000e+000
    endloop 
  endfacet
  facet normal 9.942419E-001 4.901501E-002 9.529237E-002
    outer loop 
      vertex 5.023838e-001 2.631885e-001 3.736584e+000
      vertex 4.860353e-001 3.879575e-001 3.842981e+000
      vertex 4.909647e-001 2.372948e-001 3.869045e+000
    endloop 
  endfacet
  facet normal 9.806582E-001 1.589332E-001 1.142352E-001
    outer loop 
      vertex 4.685908e-001 3.827349e-001 4.000000e+000
      vertex 4.860353e-001 3.879575e-001 3.842981e+000
      vertex 4.410307e-001 5.527878e-001 4.000000e+000
    endloop 
  endfacet
  facet normal 9.753110E-001 8.269112E-002 2.047695E-001
    outer loop 
      vertex 4.767380e-001 5.160875e-001 3.835521e+000
      vertex 4.860353e-001 3.879575e-001 3.842981e+000
      vertex 5.127615e-001 4.775723e-001 3.679496e+000
    endloop 
  endfacet
  facet normal 9.775737E-001 8.222128E-002 1.938794E-001
    outer loop 
      vertex 4.860353e-001 3.879575e-001 3.842981e+000
      vertex 4.767380e-001 5.160875e-001 3.835521e+000
      vertex 4.410307e-001 5.527878e-001 4.000000e+000
    endloop 
  endfacet
  facet normal 2.953096E-002 -9.759092E-001 2.161692E-001
    outer loop 
      vertex 5.243524e-001 -4.837804e-001 3.836330e+000
      vertex 3.987379e-001 -5.059865e-001 3.753240e+000
      vertex 4.861721e-001 -5.198930e-001 3.678513e+000
    endloop 
  endfacet
  facet normal 4.267691E-002 -9.972022E-001 6.137055E-002
    outer loop 
      vertex 1.666667e-001 -5.000000e-001 0.000000e+000
      vertex 3.466561e-001 -4.852471e-001 1.145542e-001
      vertex 1.663718e-001 -4.906403e-001 1.522889e-001
    endloop 
  endfacet
  facet normal 0.000000E+000 -9.918090E-001 1.277306E-001
    outer loop 
      vertex 3.333333e-001 -5.000000e-001 0.000000e+000
      vertex 3.466561e-001 -4.852471e-001 1.145542e-001
      vertex 1.666667e-001 -5.000000e-001 0.000000e+000
    endloop 
  endfacet
  facet normal 0.000000E+000 -9.918090E-001 1.277306E-001
    outer loop 
      vertex 3.333333e-001 -5.000000e-001 0.000000e+000
      vertex 5.000000e-001 -5.000000e-001 0.000000e+000
      vertex 3.466561e-001 -4.852471e-001 1.145542e-001
    endloop 
  endfacet
  facet normal 2.743594E-002 -9.861245E-001 1.637247E-001
    outer loop 
      vertex 5.000000e-001 -5.000000e-001 0.000000e+000
      vertex 5.225233e-001 -4.724180e-001 1.623542e-001
      vertex 3.466561e-001 -4.852471e-001 1.145542e-001
    endloop 
  endfacet
  facet normal -3.449947E-002 9.972649E-001 6.536379E-002
    outer loop 
      vertex -3.486578e-001 4.865137e-001 1.097057e-001
      vertex -1.756283e-001 4.885512e-001 1.699455e-001
      vertex -1.666667e-001 5.000000e-001 0.000000e+000
    endloop 
  endfacet
  facet normal 0.000000E+000 9.925286E-001 1.220128E-001
    outer loop 
      vertex -3.333333e-001 5.000000e-001 0.000000e+000
      vertex -3.486578e-001 4.865137e-001 1.097057e-001
      vertex -1.666667e-001 5.000000e-001 0.000000e+000
    endloop 
  endfacet
  facet normal 0.000000E+000 9.925286E-001 1.220128E-001
    outer loop 
      vertex -5.000000e-001 5.000000e-001 0.000000e+000
      vertex -3.486578e-001 4.865137e-001 1.097057e-001
      vertex -3.333333e-001 5.000000e-001 0.000000e+000
    endloop 
  endfacet
  facet normal -2.601662E-002 9.872160E-001 1.572504E-001
    outer loop 
      vertex -3.486578e-001 4.865137e-001 1.097057e-001
      vertex -5.000000e-001 5.000000e-001 0.000000e+000
      vertex -5.224509e-001 4.733773e-001 1.634228e-001
    endloop 
  endfacet
  facet normal -9.953042E-001 -5.442416E-002 -8.004750E-002
    outer loop 
      vertex -5.183641e-001 1.154625e-001 4.000000e+000
      vertex -5.170395e-001 2.878475e-001 3.866326e+000
      vertex -5.039850e-001 8.687967e-002 3.840645e+000
    endloop 
  endfacet
  facet normal -9.920677E-001 -4.968777E-002 -1.154674E-001
    outer loop 
      vertex -4.947865e-001 2.224474e-001 3.703276e+000
      vertex -5.039850e-001 8.687967e-002 3.840645e+000
      vertex -5.170395e-001 2.878475e-001 3.866326e+000
    endloop 
  endfacet
  facet normal -9.865036E-001 -9.553689E-002 -1.329789E-001
    outer loop 
      vertex -5.340704e-001 2.776441e-001 4.000000e+000
      vertex -5.170395e-001 2.878475e-001 3.866326e+000
      vertex -5.183641e-001 1.154625e-001 4.000000e+000
    endloop 
  endfacet
  facet normal -9.775026E-001 -1.605486E-001 -1.367945E-001
    outer loop 
      vertex -5.592942e-001 4.312199e-001 4.000000e+000
      vertex -5.170395e-001 2.878475e-001 3.866326e+000
      vertex -5.340704e-001 2.776441e-001 4.000000e+000
    endloop 
  endfacet
  facet normal -9.698924E-001 -6.775023E-002 -2.339199E-001
    outer loop 
      vertex -5.226903e-001 4.685416e-001 3.837421e+000
      vertex -5.170395e-001 2.878475e-001 3.866326e+000
      vertex -5.592942e-001 4.312199e-001 4.000000e+000
    endloop 
  endfacet
  facet normal -9.863065E-001 -8.148151E-002 -1.433882E-001
    outer loop 
      vertex -5.152948e-001 1.505068e-001 2.391261e-001
      vertex -5.404924e-001 2.762075e-001 3.410195e-001
      vertex -5.183759e-001 3.347178e-001 1.556406e-001
    endloop 
  endfacet
  facet normal -9.877896E-001 -1.350581E-001 -7.766014E-002
    outer loop 
      vertex -5.404924e-001 2.762075e-001 3.410195e-001
      vertex -5.152948e-001 1.505068e-001 2.391261e-001
      vertex -5.186613e-001 8.131084e-002 4.022845e-001
    endloop 
  endfacet
  facet normal -9.956549E-001 -5.174150E-002 -7.742177E-002
    outer loop 
      vertex -5.183759e-001 3.347178e-001 1.556406e-001
      vertex -5.076173e-001 2.077611e-001 1.021291e-001
      vertex -5.152948e-001 1.505068e-001 2.391261e-001
    endloop 
  endfacet
  facet normal -9.963267E-001 -4.324874E-002 -7.391010E-002
    outer loop 
      vertex -5.076173e-001 2.077611e-001 1.021291e-001
      vertex -5.027925e-001 3.978948e-002 1.353785e-001
      vertex -5.152948e-001 1.505068e-001 2.391261e-001
    endloop 
  endfacet
  facet normal 1.625035E-001 -9.797454E-001 1.170110E-001
    outer loop 
      vertex 2.722228e-001 -4.609370e-001 4.148111e-001
      vertex 4.379348e-001 -4.323474e-001 4.240561e-001
      vertex 3.786849e-001 -4.271245e-001 5.500736e-001
    endloop 
  endfacet
  facet normal 1.655589E-001 -9.852790E-001 4.260829E-002
    outer loop 
      vertex 2.722228e-001 -4.609370e-001 4.148111e-001
      vertex 1.081374e-001 -4.883992e-001 4.173428e-001
      vertex 1.753667e-001 -4.821828e-001 2.998654e-001
    endloop 
  endfacet
  facet normal 0.000000E+000 0.000000E+000 1.000000E+000
    outer loop 
      vertex -3.415404e-001 -4.225323e-001 4.000000e+000
      vertex -2.845985e-001 -5.438085e-001 4.000000e+000
      vertex -2.174298e-001 -4.317144e-001 4.000000e+000
    endloop 
  endfacet
  facet normal 0.000000E+000 0.000000E+000 1.000000E+000
    outer loop 
      vertex -2.378028e-001 -3.131225e-001 4.000000e+000
      vertex -3.415404e-001 -4.225323e-001 4.000000e+000
      vertex -2.174298e-001 -4.317144e-001 4.000000e+000
    endloop 
  endfacet
  facet normal 0.000000E+000 0.000000E+000 1.000000E+000
    outer loop 
      vertex -4.406545e-001 -5.689570e-001 4.000000e+000
      vertex -3.415404e-001 -4.225323e-001 4.000000e+000
      vertex -4.667842e-001 -3.981429e-001 4.000000e+000
    endloop 
  endfacet
  facet normal 0.000000E+000 0.000000E+000 1.000000E+000
    outer loop 
      vertex -2.845985e-001 -5.438085e-001 4.000000e+000
      vertex -3.415404e-001 -4.225323e-001 4.000000e+000
      vertex -4.406545e-001 -5.689570e-001 4.000000e+000
    endloop 
  endfacet
  facet normal 2.605417E-001 9.607162E-001 -9.561609E-002
    outer loop 
      vertex 4.879534e-001 3.769163e-001 3.110835e+000
      vertex 3.786761e-001 3.965327e-001 3.010166e+000
      vertex 3.352128e-001 4.266398e-001 3.194240e+000
    endloop 
  endfacet
  facet normal 3.435655E-001 9.340370E-001 -9.766119E-002
    outer loop 
      vertex 3.786761e-001 3.965327e-001 3.010166e+000
      vertex 4.146414e-001 3.654269e-001 2.839192e+000
      vertex 2.864178e-001 4.204262e-001 2.914127e+000
    endloop 
  endfacet
  facet normal 4.587147E-002 -9.982228E-001 3.803849E-002
    outer loop 
      vertex 2.164786e-001 -4.936409e-001 4.000000e+000
      vertex 8.308351e-002 -5.051664e-001 3.858408e+000
      vertex 2.385779e-001 -4.976725e-001 3.867552e+000
    endloop 
  endfacet
  facet normal 1.032955E-001 -9.935170E-001 4.747656E-002
    outer loop 
      vertex 2.164786e-001 -4.936409e-001 4.000000e+000
      vertex 2.385779e-001 -4.976725e-001 3.867552e+000
      vertex 3.907409e-001 -4.755229e-001 4.000000e+000
    endloop 
  endfacet
  facet normal 3.815163E-002 9.859421E-001 -1.626734E-001
    outer loop 
      vertex 3.963999e-001 4.703492e-001 3.608428e+000
      vertex 3.827010e-001 4.930570e-001 3.742844e+000
      vertex 5.127615e-001 4.775723e-001 3.679496e+000
    endloop 
  endfacet
  facet normal -1.285684E-003 9.707873E-001 -2.399382E-001
    outer loop 
      vertex 3.827010e-001 4.930570e-001 3.742844e+000
      vertex 4.767380e-001 5.160875e-001 3.835521e+000
      vertex 5.127615e-001 4.775723e-001 3.679496e+000
    endloop 
  endfacet
  facet normal 0.000000E+000 0.000000E+000 1.000000E+000
    outer loop 
      vertex 4.661208e-002 3.697913e-001 4.000000e+000
      vertex -1.368323e-001 3.572343e-001 4.000000e+000
      vertex -6.671011e-002 2.281319e-001 4.000000e+000
    endloop 
  endfacet
  facet normal 0.000000E+000 0.000000E+000 1.000000E+000
    outer loop 
      vertex -4.275608e-002 4.948457e-001 4.000000e+000
      vertex -1.368323e-001 3.572343e-001 4.000000e+000
      vertex 4.661208e-002 3.697913e-001 4.000000e+000
    endloop 
  endfacet
  facet normal 0.000000E+000 0.000000E+000 1.000000E+000
    outer loop 
      vertex -4.275608e-002 4.948457e-001 4.000000e+000
      vertex -2.146143e-001 4.779851e-001 4.000000e+000
      vertex -1.368323e-001 3.572343e-001 4.000000e+000
    endloop 
  endfacet
  facet normal 0.000000E+000 0.000000E+000 1.000000E+000
    outer loop 
      vertex -2.346575e-001 2.073732e-001 4.000000e+000
      vertex -6.671011e-002 2.281319e-001 4.000000e+000
      vertex -1.368323e-001 3.572343e-001 4.000000e+000
    endloop 
  endfacet
  facet normal 0.000000E+000 0.000000E+000 1.000000E+000
    outer loop 
      vertex -5.340704e-001 2.776441e-001 4.000000e+000
      vertex -5.183641e-001 1.154625e-001 4.000000e+000
      vertex -3.987287e-001 2.122779e-001 4.000000e+000
    endloop 
  endfacet
  facet normal 0.000000E+000 0.000000E+000 -1.000000E+000
    outer loop 
      vertex -3.333333e-001 5.000000e-001 0.000000e+000
      vertex -1.666667e-001 5.000000e-001 0.000000e+000
      vertex -2.453599e-001 3.902999e-001 0.000000e+000
    endloop 
  endfacet
  facet normal 0.000000E+000 0.000000E+000 1.000000E+000
    outer loop 
      vertex 7.502399e-002 -1.429243e-001 4.000000e+000
      vertex -2.030343e-003 -2.800916e-001 4.000000e+000
      vertex 1.416478e-001 -3.137652e-001 4.000000e+000
    endloop 
  endfacet
  facet normal 0.000000E+000 0.000000E+000 1.000000E+000
    outer loop 
      vertex 2.930153e-001 -3.045557e-001 4.000000e+000
      vertex 1.416478e-001 -3.137652e-001 4.000000e+000
      vertex 2.164786e-001 -4.936409e-001 4.000000e+000
    endloop 
  endfacet
  facet normal 0.000000E+000 0.000000E+000 1.000000E+000
    outer loop 
      vertex 4.449928e-002 -5.102245e-001 4.000000e+000
      vertex 2.164786e-001 -4.936409e-001 4.000000e+000
      vertex 1.416478e-001 -3.137652e-001 4.000000e+000
    endloop 
  endfacet
  facet normal 0.000000E+000 0.000000E+000 1.000000E+000
    outer loop 
      vertex 4.449928e-002 -5.102245e-001 4.000000e+000
      vertex 1.416478e-001 -3.137652e-001 4.000000e+000
      vertex -2.030343e-003 -2.800916e-001 4.000000e+000
    endloop 
  endfacet
  facet normal 0.000000E+000 0.000000E+000 1.000000E+000
    outer loop 
      vertex -3.695189e-001 -1.099133e-001 4.000000e+000
      vertex -5.009949e-001 -5.206335e-002 4.000000e+000
      vertex -4.843305e-001 -2.240839e-001 4.000000e+000
    endloop 
  endfacet
  facet normal 0.000000E+000 0.000000E+000 -1.000000E+000
    outer loop 
      vertex 3.739951e-001 3.607144e-001 0.000000e+000
      vertex 2.542583e-001 3.949247e-001 0.000000e+000
      vertex 3.333333e-001 5.000000e-001 0.000000e+000
    endloop 
  endfacet
  facet normal 0.000000E+000 0.000000E+000 -1.000000E+000
    outer loop 
      vertex 2.514211e-001 2.763562e-001 0.000000e+000
      vertex 2.542583e-001 3.949247e-001 0.000000e+000
      vertex 3.739951e-001 3.607144e-001 0.000000e+000
    endloop 
  endfacet
  facet normal 0.000000E+000 0.000000E+000 -1.000000E+000
    outer loop 
      vertex 5.000000e-001 3.333333e-001 0.000000e+000
      vertex 3.775123e-001 2.188884e-001 0.000000e+000
      vertex 3.739951e-001 3.607144e-001 0.000000e+000
    endloop 
  endfacet
  facet normal 0.000000E+000 0.000000E+000 -1.000000E+000
    outer loop 
      vertex 3.775123e-001 2.188884e-001 0.000000e+000
      vertex 2.514211e-001 2.763562e-001 0.000000e+000
      vertex 3.739951e-001 3.607144e-001 0.000000e+000
    endloop 
  endfacet
  facet normal 0.000000E+000 0.000000E+000 -1.000000E+000
    outer loop 
      vertex 3.739951e-001 3.607144e-001 0.000000e+000
      vertex 3.333333e-001 5.000000e-001 0.000000e+000
      vertex 5.000000e-001 5.000000e-001 0.000000e+000
    endloop 
  endfacet
  facet normal 0.000000E+000 0.000000E+000 -1.000000E+000
    outer loop 
      vertex 5.000000e-001 3.333333e-001 0.000000e+000
      vertex 3.739951e-001 3.607144e-001 0.000000e+000
      vertex 5.000000e-001 5.000000e-001 0.000000e+000
    endloop 
  endfacet
  facet normal 0.000000E+000 0.000000E+000 -1.000000E+000
    outer loop 
      vertex -3.766828e-001 6.072977e-002 0.000000e+000
      vertex -2.533354e-001 -3.212956e-002 0.000000e+000
      vertex -3.789835e-001 -8.326499e-002 0.000000e+000
    endloop 
  endfacet
  facet normal 0.000000E+000 0.000000E+000 -1.000000E+000
    outer loop 
      vertex -3.766828e-001 6.072977e-002 0.000000e+000
      vertex -3.789835e-001 -8.326499e-002 0.000000e+000
      vertex -5.000000e-001 0.000000e+000 0.000000e+000
    endloop 
  endfacet
  facet normal 0.000000E+000 0.000000E+000 -1.000000E+000
    outer loop 
      vertex -3.766828e-001 6.072977e-002 0.000000e+000
      vertex -5.000000e-001 0.000000e+000 0.000000e+000
      vertex -5.000000e-001 1.666667e-001 0.000000e+000
    endloop 
  endfacet
  facet normal 0.000000E+000 0.000000E+000 -1.000000E+000
    outer loop 
      vertex -1.666667e-001 -5.000000e-001 0.000000e+000
      vertex -6.641074e-002 -3.674450e-001 0.000000e+000
      vertex 0.000000e+000 -5.000000e-001 0.000000e+000
    endloop 
  endfacet
  facet normal 0.000000E+000 0.000000E+000 -1.000000E+000
    outer loop 
      vertex 1.666667e-001 5.000000e-001 0.000000e+000
      vertex 1.274870e-001 3.588903e-001 0.000000e+000
      vertex 0.000000e+000 5.000000e-001 0.000000e+000
    endloop 
  endfacet
  facet normal 0.000000E+000 0.000000E+000 -1.000000E+000
    outer loop 
      vertex 5.137601e-003 2.877174e-001 0.000000e+000
      vertex 0.000000e+000 5.000000e-001 0.000000e+000
      vertex 1.274870e-001 3.588903e-001 0.000000e+000
    endloop 
  endfacet
  facet normal 0.000000E+000 0.000000E+000 -1.000000E+000
    outer loop 
      vertex 5.000000e-001 0.000000e+000 0.000000e+000
      vertex 3.779213e-001 8.281100e-002 0.000000e+000
      vertex 5.000000e-001 1.666667e-001 0.000000e+000
    endloop 
  endfacet
  facet normal 0.000000E+000 0.000000E+000 -1.000000E+000
    outer loop 
      vertex -3.789835e-001 -8.326499e-002 0.000000e+000
      vertex -5.000000e-001 -1.666667e-001 0.000000e+000
      vertex -5.000000e-001 0.000000e+000 0.000000e+000
    endloop 
  endfacet
  facet normal 0.000000E+000 0.000000E+000 1.000000E+000
    outer loop 
      vertex 2.912942e-001 1.052192e-002 4.000000e+000
      vertex 3.115559e-001 1.729931e-001 4.000000e+000
      vertex 1.638460e-001 1.070141e-001 4.000000e+000
    endloop 
  endfacet
  facet normal 0.000000E+000 0.000000E+000 1.000000E+000
    outer loop 
      vertex 3.115559e-001 1.729931e-001 4.000000e+000
      vertex 5.037910e-001 3.567922e-002 4.000000e+000
      vertex 4.867643e-001 2.079731e-001 4.000000e+000
    endloop 
  endfacet
  facet normal 0.000000E+000 0.000000E+000 1.000000E+000
    outer loop 
      vertex 5.037910e-001 3.567922e-002 4.000000e+000
      vertex 3.115559e-001 1.729931e-001 4.000000e+000
      vertex 2.912942e-001 1.052192e-002 4.000000e+000
    endloop 
  endfacet
  facet normal 0.000000E+000 0.000000E+000 -1.000000E+000
    outer loop 
      vertex 2.567876e-001 -3.806878e-001 0.000000e+000
      vertex 3.333333e-001 -5.000000e-001 0.000000e+000
      vertex 1.666667e-001 -5.000000e-001 0.000000e+000
    endloop 
  endfacet
  facet normal 0.000000E+000 0.000000E+000 1.000000E+000
    outer loop 
      vertex -2.845985e-001 -5.438085e-001 4.000000e+000
      vertex -1.229422e-001 -5.255485e-001 4.000000e+000
      vertex -2.174298e-001 -4.317144e-001 4.000000e+000
    endloop 
  endfacet
  facet normal 0.000000E+000 0.000000E+000 1.000000E+000
    outer loop 
      vertex 1.250242e-001 5.117773e-001 4.000000e+000
      vertex 4.661208e-002 3.697913e-001 4.000000e+000
      vertex 2.136309e-001 3.494952e-001 4.000000e+000
    endloop 
  endfacet
  facet normal 0.000000E+000 0.000000E+000 1.000000E+000
    outer loop 
      vertex 1.250242e-001 5.117773e-001 4.000000e+000
      vertex -4.275608e-002 4.948457e-001 4.000000e+000
      vertex 4.661208e-002 3.697913e-001 4.000000e+000
    endloop 
  endfacet
  facet normal 0.000000E+000 0.000000E+000 -1.000000E+000
    outer loop 
      vertex 2.463146e-001 -1.167427e-001 0.000000e+000
      vertex 2.407040e-001 -2.523085e-001 0.000000e+000
      vertex 1.197696e-001 -1.840909e-001 0.000000e+000
    endloop 
  endfacet
  facet normal 0.000000E+000 0.000000E+000 1.000000E+000
    outer loop 
      vertex -3.987287e-001 2.122779e-001 4.000000e+000
      vertex -3.058098e-001 3.391100e-001 4.000000e+000
      vertex -4.377420e-001 3.428592e-001 4.000000e+000
    endloop 
  endfacet
  facet normal 0.000000E+000 0.000000E+000 1.000000E+000
    outer loop 
      vertex -4.377420e-001 3.428592e-001 4.000000e+000
      vertex -3.058098e-001 3.391100e-001 4.000000e+000
      vertex -3.900558e-001 4.578591e-001 4.000000e+000
    endloop 
  endfacet
  facet normal 0.000000E+000 0.000000E+000 1.000000E+000
    outer loop 
      vertex -4.377420e-001 3.428592e-001 4.000000e+000
      vertex -5.340704e-001 2.776441e-001 4.000000e+000
      vertex -3.987287e-001 2.122779e-001 4.000000e+000
    endloop 
  endfacet
  facet normal 0.000000E+000 0.000000E+000 1.000000E+000
    outer loop 
      vertex -5.592942e-001 4.312199e-001 4.000000e+000
      vertex -5.340704e-001 2.776441e-001 4.000000e+000
      vertex -4.377420e-001 3.428592e-001 4.000000e+000
    endloop 
  endfacet
  facet normal 0.000000E+000 0.000000E+000 1.000000E+000
    outer loop 
      vertex -4.377420e-001 3.428592e-001 4.000000e+000
      vertex -3.900558e-001 4.578591e-001 4.000000e+000
      vertex -5.592942e-001 4.312199e-001 4.000000e+000
    endloop 
  endfacet
  facet normal 0.000000E+000 0.000000E+000 1.000000E+000
    outer loop 
      vertex 5.195872e-001 -1.317582e-001 4.000000e+000
      vertex 5.037910e-001 3.567922e-002 4.000000e+000
      vertex 3.725699e-001 -1.180076e-001 4.000000e+000
    endloop 
  endfacet
  facet normal 0.000000E+000 0.000000E+000 1.000000E+000
    outer loop 
      vertex 5.037910e-001 3.567922e-002 4.000000e+000
      vertex 2.912942e-001 1.052192e-002 4.000000e+000
      vertex 3.725699e-001 -1.180076e-001 4.000000e+000
    endloop 
  endfacet
  facet normal 9.166965E-001 -3.901204E-001 -8.644957E-002
    outer loop 
      vertex 4.505224e-001 -2.242860e-001 2.788086e+000
      vertex 3.902563e-001 -3.777198e-001 2.841434e+000
      vertex 3.690145e-001 -3.962707e-001 2.699905e+000
    endloop 
  endfacet
  facet normal -4.370909E-001 -8.959527E-001 -7.886896E-002
    outer loop 
      vertex -4.195108e-001 -3.535103e-001 2.643714e+000
      vertex -2.698754e-001 -4.286186e-001 2.667668e+000
      vertex -3.614810e-001 -3.945168e-001 2.787948e+000
    endloop 
  endfacet
  facet normal -3.855018E-001 -9.221467E-001 -3.215207E-002
    outer loop 
      vertex -1.886831e-001 -4.676402e-001 2.813346e+000
      vertex -3.614810e-001 -3.945168e-001 2.787948e+000
      vertex -2.698754e-001 -4.286186e-001 2.667668e+000
    endloop 
  endfacet
  facet normal -4.309721E-001 9.013688E-001 -4.239652E-002
    outer loop 
      vertex -2.420152e-001 4.360343e-001 1.075787e+000
      vertex -1.272577e-001 4.935373e-001 1.131787e+000
      vertex -1.043757e-001 4.982788e-001 9.999903e-001
    endloop 
  endfacet
  facet normal -4.502712E-001 8.928725E-001 5.876498E-003
    outer loop 
      vertex -1.272577e-001 4.935373e-001 1.131787e+000
      vertex -2.420152e-001 4.360343e-001 1.075787e+000
      vertex -2.332392e-001 4.393910e-001 1.238208e+000
    endloop 
  endfacet
  facet normal -4.458397E-001 8.939686E-001 -4.524400E-002
    outer loop 
      vertex -1.272577e-001 4.935373e-001 1.131787e+000
      vertex -7.549152e-003 5.519277e-001 1.105891e+000
      vertex -1.043757e-001 4.982788e-001 9.999903e-001
    endloop 
  endfacet
  facet normal -4.504125E-001 8.895504E-001 -7.634490E-002
    outer loop 
      vertex -7.549152e-003 5.519277e-001 1.105891e+000
      vertex -1.272577e-001 4.935373e-001 1.131787e+000
      vertex -8.137837e-002 5.281241e-001 1.264108e+000
    endloop 
  endfacet
  facet normal -4.968608E-001 8.661410E-001 -5.412109E-002
    outer loop 
      vertex -1.272577e-001 4.935373e-001 1.131787e+000
      vertex -2.332392e-001 4.393910e-001 1.238208e+000
      vertex -8.137837e-002 5.281241e-001 1.264108e+000
    endloop 
  endfacet
  facet normal -8.842223E-001 -4.664598E-001 -2.379613E-002
    outer loop 
      vertex -4.608294e-001 -2.061933e-001 1.341591e+000
      vertex -5.274009e-001 -7.137299e-002 1.172479e+000
      vertex -4.411970e-001 -2.350905e-001 1.178538e+000
    endloop 
  endfacet
  facet normal -8.838594E-001 -4.666016E-001 -3.279301E-002
    outer loop 
      vertex -4.411970e-001 -2.350905e-001 1.178538e+000
      vertex -5.274009e-001 -7.137299e-002 1.172479e+000
      vertex -4.824668e-001 -1.461286e-001 1.025061e+000
    endloop 
  endfacet
  facet normal 9.039447E-001 4.236623E-001 -5.826073E-002
    outer loop 
      vertex 5.030219e-001 1.153361e-001 1.168341e+000
      vertex 5.184204e-001 5.592826e-002 9.752525e-001
      vertex 4.488907e-001 2.163955e-001 1.063355e+000
    endloop 
  endfacet
  facet normal 8.807283E-001 4.736184E-001 1.797453E-003
    outer loop 
      vertex 4.187297e-001 2.717709e-001 1.250734e+000
      vertex 5.030219e-001 1.153361e-001 1.168341e+000
      vertex 4.488907e-001 2.163955e-001 1.063355e+000
    endloop 
  endfacet
  facet normal 8.964545E-001 4.385706E-001 -6.344495E-002
    outer loop 
      vertex 5.878656e-001 -7.127063e-002 1.077211e+000
      vertex 5.184204e-001 5.592826e-002 9.752525e-001
      vertex 5.030219e-001 1.153361e-001 1.168341e+000
    endloop 
  endfacet
  facet normal 8.830022E-001 4.559294E-001 -1.115150E-001
    outer loop 
      vertex 5.878656e-001 -7.127063e-002 1.077211e+000
      vertex 5.030219e-001 1.153361e-001 1.168341e+000
      vertex 5.579869e-001 3.166750e-002 1.261487e+000
    endloop 
  endfacet
  facet normal 4.235448E-001 -9.039993E-001 -5.826813E-002
    outer loop 
      vertex 2.202094e-001 -4.491305e-001 1.066400e+000
      vertex 1.178904e-001 -5.029922e-001 1.158290e+000
      vertex 5.709372e-002 -5.216765e-001 1.006242e+000
    endloop 
  endfacet
  facet normal 4.613046E-001 -8.872188E-001 -6.386803E-003
    outer loop 
      vertex 1.178904e-001 -5.029922e-001 1.158290e+000
      vertex 2.202094e-001 -4.491305e-001 1.066400e+000
      vertex 2.400561e-001 -4.397996e-001 1.203678e+000
    endloop 
  endfacet
  facet normal 4.538694E-001 -8.881267E-001 -7.234395E-002
    outer loop 
      vertex 5.709372e-002 -5.216765e-001 1.006242e+000
      vertex 1.178904e-001 -5.029922e-001 1.158290e+000
      vertex -3.538990e-002 -5.785033e-001 1.123652e+000
    endloop 
  endfacet
  facet normal 4.576716E-001 -8.835846E-001 -9.907082E-002
    outer loop 
      vertex 1.178904e-001 -5.029922e-001 1.158290e+000
      vertex 5.823435e-002 -5.473462e-001 1.278281e+000
      vertex -3.538990e-002 -5.785033e-001 1.123652e+000
    endloop 
  endfacet
  facet normal -3.050083E-001 9.404681E-001 -1.499659E-001
    outer loop 
      vertex 1.731321e-001 5.987147e-001 8.801312e-001
      vertex 3.108350e-001 6.308271e-001 8.014479e-001
      vertex 1.954288e-001 5.810326e-001 7.238951e-001
    endloop 
  endfacet
  facet normal -3.231785E-001 9.340779E-001 -1.518358E-001
    outer loop 
      vertex 1.731321e-001 5.987147e-001 8.801312e-001
      vertex 1.954288e-001 5.810326e-001 7.238951e-001
      vertex 7.505912e-002 5.548089e-001 8.187728e-001
    endloop 
  endfacet
  facet normal -3.526620E-001 9.301834E-001 -1.019236E-001
    outer loop 
      vertex 3.436698e-002 5.535572e-001 9.481468e-001
      vertex 1.731321e-001 5.987147e-001 8.801312e-001
      vertex 7.505912e-002 5.548089e-001 8.187728e-001
    endloop 
  endfacet
  facet normal -3.298692E-001 9.224145E-001 -2.008429E-001
    outer loop 
      vertex 3.108350e-001 6.308271e-001 8.014479e-001
      vertex 1.731321e-001 5.987147e-001 8.801312e-001
      vertex 2.674203e-001 6.502110e-001 9.617777e-001
    endloop 
  endfacet
  facet normal -2.884249E-001 9.519681E-001 -1.027998E-001
    outer loop 
      vertex 4.701392e-002 5.334135e-001 6.993290e-001
      vertex 7.505912e-002 5.548089e-001 8.187728e-001
      vertex 1.954288e-001 5.810326e-001 7.238951e-001
    endloop 
  endfacet
  facet normal -2.705258E-001 9.413194E-001 -2.018258E-001
    outer loop 
      vertex 3.108350e-001 6.308271e-001 8.014479e-001
      vertex 3.531402e-001 6.086293e-001 6.412115e-001
      vertex 1.954288e-001 5.810326e-001 7.238951e-001
    endloop 
  endfacet
  facet normal -9.593950E-001 2.375074E-001 -1.521561E-001
    outer loop 
      vertex -3.718939e-001 4.796964e-001 3.039201e+000
      vertex -4.088589e-001 4.546730e-001 3.233218e+000
      vertex -3.701013e-001 5.917138e-001 3.202751e+000
    endloop 
  endfacet
  facet normal -9.580178E-001 2.436611E-001 -1.511000E-001
    outer loop 
      vertex -3.718939e-001 4.796964e-001 3.039201e+000
      vertex -4.304106e-001 3.240424e-001 3.159209e+000
      vertex -4.088589e-001 4.546730e-001 3.233218e+000
    endloop 
  endfacet
  facet normal -9.312835E-001 2.979701E-001 -2.095828E-001
    outer loop 
      vertex -3.718939e-001 4.796964e-001 3.039201e+000
      vertex -3.293165e-001 6.156060e-001 3.043235e+000
      vertex -2.863877e-001 6.367533e-001 2.882546e+000
    endloop 
  endfacet
  facet normal -9.212957E-001 3.633178E-001 -1.386159E-001
    outer loop 
      vertex -2.863877e-001 6.367533e-001 2.882546e+000
      vertex -3.612021e-001 4.398413e-001 2.863678e+000
      vertex -3.718939e-001 4.796964e-001 3.039201e+000
    endloop 
  endfacet
  facet normal -9.344410E-001 2.985029E-001 -1.942062E-001
    outer loop 
      vertex -3.293165e-001 6.156060e-001 3.043235e+000
      vertex -3.718939e-001 4.796964e-001 3.039201e+000
      vertex -3.701013e-001 5.917138e-001 3.202751e+000
    endloop 
  endfacet
  facet normal 2.220344E-001 9.636570E-001 1.485457E-001
    outer loop 
      vertex -3.701013e-001 5.917138e-001 3.202751e+000
      vertex -2.741530e-001 5.590380e-001 3.271312e+000
      vertex -1.902081e-001 5.633960e-001 3.117567e+000
    endloop 
  endfacet
  facet normal 1.996422E-001 9.703136E-001 1.365082E-001
    outer loop 
      vertex -2.741530e-001 5.590380e-001 3.271312e+000
      vertex -1.320292e-001 5.315422e-001 3.258901e+000
      vertex -1.902081e-001 5.633960e-001 3.117567e+000
    endloop 
  endfacet
  facet normal 1.443064E-001 9.775450E-001 1.535628E-001
    outer loop 
      vertex -2.741530e-001 5.590380e-001 3.271312e+000
      vertex -4.100583e-001 5.648287e-001 3.362164e+000
      vertex -2.750323e-001 5.369003e-001 3.413063e+000
    endloop 
  endfacet
  facet normal 2.005351E-001 9.677628E-001 1.523839E-001
    outer loop 
      vertex -2.741530e-001 5.590380e-001 3.271312e+000
      vertex -2.750323e-001 5.369003e-001 3.413063e+000
      vertex -1.320292e-001 5.315422e-001 3.258901e+000
    endloop 
  endfacet
  facet normal 1.794720E-001 9.617003E-001 2.071773E-001
    outer loop 
      vertex -2.741530e-001 5.590380e-001 3.271312e+000
      vertex -3.701013e-001 5.917138e-001 3.202751e+000
      vertex -4.100583e-001 5.648287e-001 3.362164e+000
    endloop 
  endfacet
  facet normal 0.000000E+000 0.000000E+000 -1.000000E+000
    outer loop 
      vertex -3.700074e-001 -3.688355e-001 0.000000e+000
      vertex -2.201840e-001 -3.768720e-001 0.000000e+000
      vertex -3.333333e-001 -5.000000e-001 0.000000e+000
    endloop 
  endfacet
  facet normal 0.000000E+000 0.000000E+000 -1.000000E+000
    outer loop 
      vertex -2.751296e-001 -2.709708e-001 0.000000e+000
      vertex -2.201840e-001 -3.768720e-001 0.000000e+000
      vertex -3.700074e-001 -3.688355e-001 0.000000e+000
    endloop 
  endfacet
  facet normal 0.000000E+000 0.000000E+000 -1.000000E+000
    outer loop 
      vertex -3.700074e-001 -3.688355e-001 0.000000e+000
      vertex -5.000000e-001 -3.333333e-001 0.000000e+000
      vertex -3.818465e-001 -2.199804e-001 0.000000e+000
    endloop 
  endfacet
  facet normal 0.000000E+000 0.000000E+000 -1.000000E+000
    outer loop 
      vertex -2.751296e-001 -2.709708e-001 0.000000e+000
      vertex -3.700074e-001 -3.688355e-001 0.000000e+000
      vertex -3.818465e-001 -2.199804e-001 0.000000e+000
    endloop 
  endfacet
  facet normal 0.000000E+000 0.000000E+000 -1.000000E+000
    outer loop 
      vertex -5.000000e-001 -5.000000e-001 0.000000e+000
      vertex -5.000000e-001 -3.333333e-001 0.000000e+000
      vertex -3.700074e-001 -3.688355e-001 0.000000e+000
    endloop 
  endfacet
  facet normal 0.000000E+000 0.000000E+000 -1.000000E+000
    outer loop 
      vertex -5.000000e-001 -5.000000e-001 0.000000e+000
      vertex -3.700074e-001 -3.688355e-001 0.000000e+000
      vertex -3.333333e-001 -5.000000e-001 0.000000e+000
    endloop 
  endfacet
  facet normal -2.333429E-001 -9.625073E-001 -1.383140E-001
    outer loop 
      vertex -4.555929e-001 -3.947072e-001 3.079621e+000
      vertex -4.205019e-001 -4.304153e-001 3.268909e+000
      vertex -5.978299e-001 -3.777525e-001 3.201597e+000
    endloop 
  endfacet
  facet normal -2.485873E-001 -9.591753E-001 -1.348594E-001
    outer loop 
      vertex -3.082650e-001 -4.425718e-001 3.148484e+000
      vertex -4.205019e-001 -4.304153e-001 3.268909e+000
      vertex -4.555929e-001 -3.947072e-001 3.079621e+000
    endloop 
  endfacet
  facet normal -2.838835E-001 -9.376171E-001 -2.007095E-001
    outer loop 
      vertex -6.214699e-001 -3.362948e-001 3.041364e+000
      vertex -4.555929e-001 -3.947072e-001 3.079621e+000
      vertex -5.978299e-001 -3.777525e-001 3.201597e+000
    endloop 
  endfacet
  facet normal -2.993656E-001 -9.434412E-001 -1.424750E-001
    outer loop 
      vertex -4.555929e-001 -3.947072e-001 3.079621e+000
      vertex -6.214699e-001 -3.362948e-001 3.041364e+000
      vertex -4.830314e-001 -3.604819e-001 2.910642e+000
    endloop 
  endfacet
  facet normal -2.215210E-001 -9.743837E-001 3.879185E-002
    outer loop 
      vertex -3.916490e-002 -5.127885e-001 3.126553e+000
      vertex 2.279639e-003 -5.155471e-001 3.293932e+000
      vertex -1.523117e-001 -4.837162e-001 3.210675e+000
    endloop 
  endfacet
  facet normal -1.946236E-001 -9.807838E-001 -1.359802E-002
    outer loop 
      vertex 2.279639e-003 -5.155471e-001 3.293932e+000
      vertex -1.002932e-001 -4.958156e-001 3.338845e+000
      vertex -1.523117e-001 -4.837162e-001 3.210675e+000
    endloop 
  endfacet
  facet normal -2.278962E-001 -9.728471E-001 4.039574E-002
    outer loop 
      vertex 1.050772e-001 -5.427437e-001 3.218900e+000
      vertex 2.279639e-003 -5.155471e-001 3.293932e+000
      vertex -3.916490e-002 -5.127885e-001 3.126553e+000
    endloop 
  endfacet
  facet normal -1.902536E-001 -9.772657E-001 9.357010E-002
    outer loop 
      vertex 1.050772e-001 -5.427437e-001 3.218900e+000
      vertex 1.506109e-001 -5.348203e-001 3.394236e+000
      vertex 2.279639e-003 -5.155471e-001 3.293932e+000
    endloop 
  endfacet
  facet normal 9.745972E-001 -2.212845E-001 3.454660E-002
    outer loop 
      vertex 4.763345e-001 -1.659360e-001 3.207306e+000
      vertex 5.043049e-001 -5.587602e-002 3.123209e+000
      vertex 5.079411e-001 -1.294208e-002 3.295635e+000
    endloop 
  endfacet
  facet normal 9.809626E-001 -1.935561E-001 -1.575907E-002
    outer loop 
      vertex 5.079411e-001 -1.294208e-002 3.295635e+000
      vertex 4.860752e-001 -1.275426e-001 3.342083e+000
      vertex 4.763345e-001 -1.659360e-001 3.207306e+000
    endloop 
  endfacet
  facet normal 9.710274E-001 -2.358856E-001 3.825752E-002
    outer loop 
      vertex 5.393375e-001 1.016629e-001 3.205376e+000
      vertex 5.079411e-001 -1.294208e-002 3.295635e+000
      vertex 5.043049e-001 -5.587602e-002 3.123209e+000
    endloop 
  endfacet
  facet normal 9.766811E-001 -1.921716E-001 9.572913E-002
    outer loop 
      vertex 5.393375e-001 1.016629e-001 3.205376e+000
      vertex 5.251783e-001 1.354520e-001 3.417666e+000
      vertex 5.079411e-001 -1.294208e-002 3.295635e+000
    endloop 
  endfacet
  facet normal -7.308064E-001 -6.523458E-001 2.009156E-001
    outer loop 
      vertex -1.348481e-001 -6.091169e-001 1.713054e+000
      vertex -8.320463e-002 -7.020859e-001 1.599043e+000
      vertex -3.502467e-002 -7.066217e-001 1.759565e+000
    endloop 
  endfacet
  facet normal 6.439738E-001 -7.390321E-001 -1.978113E-001
    outer loop 
      vertex 1.262701e-002 -7.078183e-001 1.919165e+000
      vertex -3.502467e-002 -7.066217e-001 1.759565e+000
      vertex 4.265290e-002 -6.359283e-001 1.748330e+000
    endloop 
  endfacet
  facet normal 6.405758E-001 -7.377300E-001 -2.131126E-001
    outer loop 
      vertex 4.265290e-002 -6.359283e-001 1.748330e+000
      vertex -3.502467e-002 -7.066217e-001 1.759565e+000
      vertex -8.320463e-002 -7.020859e-001 1.599043e+000
    endloop 
  endfacet
  facet normal 7.309606E-001 6.516217E-001 2.026960E-001
    outer loop 
      vertex 3.581381e-002 7.002147e-001 1.763105e+000
      vertex 1.322357e-001 6.090245e-001 1.708545e+000
      vertex 8.349890e-002 6.967188e-001 1.602382e+000
    endloop 
  endfacet
  facet normal 7.490610E-001 6.533442E-001 1.097671E-001
    outer loop 
      vertex 2.164110e-001 5.248618e-001 1.635069e+000
      vertex 1.322357e-001 6.090245e-001 1.708545e+000
      vertex 1.998136e-001 5.144538e-001 1.810281e+000
    endloop 
  endfacet
  facet normal -6.520123E-001 7.308037E-001 2.020048E-001
    outer loop 
      vertex -6.104944e-001 1.288593e-001 1.712443e+000
      vertex -6.986613e-001 8.093786e-002 1.601234e+000
      vertex -7.027402e-001 3.307611e-002 1.761220e+000
    endloop 
  endfacet
  facet normal 6.020575E-001 -7.735813E-001 1.977342E-001
    outer loop 
      vertex 6.130624e-001 -1.656478e-001 1.553340e+000
      vertex 6.926389e-001 -1.326300e-001 1.440220e+000
      vertex 6.997280e-001 -8.614504e-002 1.600495e+000
    endloop 
  endfacet
  facet normal 7.382203E-001 6.463037E-001 -1.931898E-001
    outer loop 
      vertex 7.039925e-001 -3.850466e-002 1.760653e+000
      vertex 6.209636e-001 5.231205e-002 1.747203e+000
      vertex 7.048843e-001 8.507907e-003 1.921338e+000
    endloop 
  endfacet
  facet normal 7.438972E-001 6.609270E-001 -9.895673E-002
    outer loop 
      vertex 5.388348e-001 1.508696e-001 1.788069e+000
      vertex 6.209636e-001 5.231205e-002 1.747203e+000
      vertex 5.274752e-001 1.358572e-001 1.602407e+000
    endloop 
  endfacet
  facet normal -6.563368E-001 7.487527E-001 -9.268974E-002
    outer loop 
      vertex -1.312626e-001 5.291956e-001 1.599582e+000
      vertex -2.839168e-001 4.113093e-001 1.728236e+000
      vertex -1.819643e-001 5.072165e-001 1.781053e+000
    endloop 
  endfacet
  facet normal 9.916943E-001 1.285528E-001 -4.058761E-003
    outer loop 
      vertex 4.780994e-001 1.838418e-001 3.597289e-001
      vertex 4.908593e-001 8.819889e-002 4.481166e-001
      vertex 5.012543e-001 8.610897e-004 2.217321e-001
    endloop 
  endfacet
  facet normal 9.869674E-001 1.600785E-001 -1.643823E-002
    outer loop 
      vertex 5.147460e-001 -6.647345e-002 3.760703e-001
      vertex 5.012543e-001 8.610897e-004 2.217321e-001
      vertex 4.908593e-001 8.819889e-002 4.481166e-001
    endloop 
  endfacet
  facet normal 9.811757E-001 1.842772E-001 5.775822E-002
    outer loop 
      vertex 4.908593e-001 8.819889e-002 4.481166e-001
      vertex 4.780994e-001 1.838418e-001 3.597289e-001
      vertex 4.533342e-001 2.596076e-001 5.387011e-001
    endloop 
  endfacet
  facet normal 9.774721E-001 2.109881E-001 5.680287E-003
    outer loop 
      vertex 4.773574e-001 1.456973e-001 6.358243e-001
      vertex 4.908593e-001 8.819889e-002 4.481166e-001
      vertex 4.533342e-001 2.596076e-001 5.387011e-001
    endloop 
  endfacet
  facet normal 9.830266E-001 1.759764E-001 -5.187509E-002
    outer loop 
      vertex 5.143716e-001 -7.241406e-003 5.699082e-001
      vertex 5.147460e-001 -6.647345e-002 3.760703e-001
      vertex 4.908593e-001 8.819889e-002 4.481166e-001
    endloop 
  endfacet
  facet normal 9.716934E-001 2.362326E-001 -2.468260E-003
    outer loop 
      vertex 4.773574e-001 1.456973e-001 6.358243e-001
      vertex 5.143716e-001 -7.241406e-003 5.699082e-001
      vertex 4.908593e-001 8.819889e-002 4.481166e-001
    endloop 
  endfacet
  facet normal -4.739379E-001 -8.742504E-001 1.052104E-001
    outer loop 
      vertex -3.809851e-002 -5.750893e-001 2.382771e+000
      vertex 8.399391e-002 -6.200960e-001 2.558773e+000
      vertex -5.129871e-002 -5.457272e-001 2.567295e+000
    endloop 
  endfacet
  facet normal -4.704953E-001 -8.716609E-001 1.372641E-001
    outer loop 
      vertex 8.381391e-002 -5.934475e-001 2.727380e+000
      vertex -5.129871e-002 -5.457272e-001 2.567295e+000
      vertex 8.399391e-002 -6.200960e-001 2.558773e+000
    endloop 
  endfacet
  facet normal -4.614608E-001 -8.620916E-001 2.094086E-001
    outer loop 
      vertex 2.445081e-001 -6.668534e-001 2.719997e+000
      vertex 8.399391e-002 -6.200960e-001 2.558773e+000
      vertex 1.987705e-001 -6.813502e-001 2.559528e+000
    endloop 
  endfacet
  facet normal -4.058653E-001 -9.027941E-001 1.422538E-001
    outer loop 
      vertex 8.381391e-002 -5.934475e-001 2.727380e+000
      vertex 8.399391e-002 -6.200960e-001 2.558773e+000
      vertex 2.445081e-001 -6.668534e-001 2.719997e+000
    endloop 
  endfacet
  facet normal -4.631058E-001 -8.653964E-001 1.913691E-001
    outer loop 
      vertex 1.987705e-001 -6.813502e-001 2.559528e+000
      vertex 8.399391e-002 -6.200960e-001 2.558773e+000
      vertex 1.536739e-001 -6.925247e-001 2.399863e+000
    endloop 
  endfacet
  facet normal -5.259976E-001 -8.370011E-001 1.508496E-001
    outer loop 
      vertex -3.809851e-002 -5.750893e-001 2.382771e+000
      vertex 1.536739e-001 -6.925247e-001 2.399863e+000
      vertex 8.399391e-002 -6.200960e-001 2.558773e+000
    endloop 
  endfacet
  facet normal -9.872208E-001 1.362011E-001 8.273069E-002
    outer loop 
      vertex -5.215390e-001 -1.690592e-001 3.467198e+000
      vertex -5.059894e-001 -2.793777e-002 3.420419e+000
      vertex -5.269439e-001 -1.135961e-001 3.311392e+000
    endloop 
  endfacet
  facet normal -9.754505E-001 1.968455E-001 9.873296E-002
    outer loop 
      vertex -5.269439e-001 -1.135961e-001 3.311392e+000
      vertex -5.435432e-001 -1.277193e-001 3.175553e+000
      vertex -5.605210e-001 -2.591941e-001 3.269941e+000
    endloop 
  endfacet
  facet normal -9.636065E-001 2.511260E-001 9.164207E-002
    outer loop 
      vertex -5.269439e-001 -1.135961e-001 3.311392e+000
      vertex -5.092421e-001 1.458293e-002 3.146276e+000
      vertex -5.435432e-001 -1.277193e-001 3.175553e+000
    endloop 
  endfacet
  facet normal -9.474809E-001 3.140201E-001 6.059149E-002
    outer loop 
      vertex -5.172513e-001 4.169452e-002 2.853216e+000
      vertex -5.410733e-001 -6.121701e-002 3.014053e+000
      vertex -4.802451e-001 1.285975e-001 2.981507e+000
    endloop 
  endfacet
  facet normal -9.252868E-001 3.665282E-001 9.747607E-002
    outer loop 
      vertex -5.648875e-001 -8.319485e-002 2.870639e+000
      vertex -5.410733e-001 -6.121701e-002 3.014053e+000
      vertex -5.172513e-001 4.169452e-002 2.853216e+000
    endloop 
  endfacet
  facet normal -9.060262E-001 4.180452E-001 6.599032E-002
    outer loop 
      vertex -5.602931e-001 -3.399915e-002 2.741781e+000
      vertex -5.172513e-001 4.169452e-002 2.853216e+000
      vertex -5.043039e-001 9.416151e-002 2.698603e+000
    endloop 
  endfacet
  facet normal -9.187634E-001 3.908599E-001 5.569852E-002
    outer loop 
      vertex -4.612597e-001 1.817893e-001 2.793710e+000
      vertex -5.043039e-001 9.416151e-002 2.698603e+000
      vertex -5.172513e-001 4.169452e-002 2.853216e+000
    endloop 
  endfacet
  facet normal -9.266285E-001 3.757620E-001 1.275336E-002
    outer loop 
      vertex -4.612597e-001 1.817893e-001 2.793710e+000
      vertex -5.172513e-001 4.169452e-002 2.853216e+000
      vertex -4.802451e-001 1.285975e-001 2.981507e+000
    endloop 
  endfacet
  facet normal -9.238678E-001 3.673590E-001 1.073109E-001
    outer loop 
      vertex -5.602931e-001 -3.399915e-002 2.741781e+000
      vertex -5.648875e-001 -8.319485e-002 2.870639e+000
      vertex -5.172513e-001 4.169452e-002 2.853216e+000
    endloop 
  endfacet
  facet normal 9.437572E-001 -3.242608E-001 6.463259E-002
    outer loop 
      vertex 4.890931e-001 -1.216874e-001 2.955354e+000
      vertex 5.211997e-001 -5.344996e-002 2.828884e+000
      vertex 5.399497e-001 3.585809e-002 3.003157e+000
    endloop 
  endfacet
  facet normal 9.246632E-001 -3.699701E-001 9.011114E-002
    outer loop 
      vertex 5.211997e-001 -5.344996e-002 2.828884e+000
      vertex 5.888053e-001 1.209365e-001 2.851139e+000
      vertex 5.399497e-001 3.585809e-002 3.003157e+000
    endloop 
  endfacet
  facet normal 8.972132E-001 -4.366259E-001 6.607833E-002
    outer loop 
      vertex 5.590509e-001 3.345847e-003 2.690229e+000
      vertex 5.211997e-001 -5.344996e-002 2.828884e+000
      vertex 4.915664e-001 -1.394702e-001 2.662850e+000
    endloop 
  endfacet
  facet normal 9.201780E-001 -3.896847E-001 3.765996E-002
    outer loop 
      vertex 4.915664e-001 -1.394702e-001 2.662850e+000
      vertex 5.211997e-001 -5.344996e-002 2.828884e+000
      vertex 4.505224e-001 -2.242860e-001 2.788086e+000
    endloop 
  endfacet
  facet normal 9.216284E-001 -3.872662E-001 2.502005E-002
    outer loop 
      vertex 4.890931e-001 -1.216874e-001 2.955354e+000
      vertex 4.505224e-001 -2.242860e-001 2.788086e+000
      vertex 5.211997e-001 -5.344996e-002 2.828884e+000
    endloop 
  endfacet
  facet normal 9.233180E-001 -3.707354E-001 1.001947E-001
    outer loop 
      vertex 5.590509e-001 3.345847e-003 2.690229e+000
      vertex 5.888053e-001 1.209365e-001 2.851139e+000
      vertex 5.211997e-001 -5.344996e-002 2.828884e+000
    endloop 
  endfacet
  facet normal 3.261717E-001 9.438834E-001 5.192415E-002
    outer loop 
      vertex 1.289224e-001 4.771706e-001 2.961058e+000
      vertex 7.583782e-002 5.031564e-001 2.822147e+000
      vertex -3.633308e-002 5.336593e-001 2.972286e+000
    endloop 
  endfacet
  facet normal 3.757477E-001 9.220025E-001 9.340853E-002
    outer loop 
      vertex 7.583782e-002 5.031564e-001 2.822147e+000
      vertex -5.955148e-002 5.553483e-001 2.851600e+000
      vertex -3.633308e-002 5.336593e-001 2.972286e+000
    endloop 
  endfacet
  facet normal 4.347322E-001 8.989917E-001 5.312112E-002
    outer loop 
      vertex 7.583782e-002 5.031564e-001 2.822147e+000
      vertex 1.818507e-001 4.615947e-001 2.657927e+000
      vertex 7.213145e-003 5.432553e-001 2.705147e+000
    endloop 
  endfacet
  facet normal 3.845211E-001 9.230003E-001 1.463101E-002
    outer loop 
      vertex 2.010454e-001 4.510892e-001 2.816211e+000
      vertex 1.818507e-001 4.615947e-001 2.657927e+000
      vertex 7.583782e-002 5.031564e-001 2.822147e+000
    endloop 
  endfacet
  facet normal 3.848768E-001 9.226153E-001 2.551155E-002
    outer loop 
      vertex 7.583782e-002 5.031564e-001 2.822147e+000
      vertex 1.289224e-001 4.771706e-001 2.961058e+000
      vertex 2.010454e-001 4.510892e-001 2.816211e+000
    endloop 
  endfacet
  facet normal 3.760423E-001 9.216864E-001 9.532283E-002
    outer loop 
      vertex -5.955148e-002 5.553483e-001 2.851600e+000
      vertex 7.583782e-002 5.031564e-001 2.822147e+000
      vertex 7.213145e-003 5.432553e-001 2.705147e+000
    endloop 
  endfacet
  facet normal -3.197585E-001 -9.431696E-001 9.047434E-002
    outer loop 
      vertex -1.041846e-001 -4.981324e-001 2.965571e+000
      vertex 2.054793e-002 -5.504588e-001 2.860919e+000
      vertex 1.081347e-001 -5.638262e-001 3.031121e+000
    endloop 
  endfacet
  facet normal -3.530805E-001 -9.292552E-001 1.087149E-001
    outer loop 
      vertex 1.081347e-001 -5.638262e-001 3.031121e+000
      vertex 2.054793e-002 -5.504588e-001 2.860919e+000
      vertex 2.879561e-001 -6.497356e-001 2.880816e+000
    endloop 
  endfacet
  facet normal -4.215692E-001 -9.022462E-001 9.072554E-002
    outer loop 
      vertex 8.381391e-002 -5.934475e-001 2.727380e+000
      vertex 2.054793e-002 -5.504588e-001 2.860919e+000
      vertex -9.858733e-002 -5.111328e-001 2.698428e+000
    endloop 
  endfacet
  facet normal -3.779981E-001 -9.242620E-001 5.345171E-002
    outer loop 
      vertex 2.054793e-002 -5.504588e-001 2.860919e+000
      vertex -1.886831e-001 -4.676402e-001 2.813346e+000
      vertex -9.858733e-002 -5.111328e-001 2.698428e+000
    endloop 
  endfacet
  facet normal -3.720106E-001 -9.279996E-001 2.061139E-002
    outer loop 
      vertex -1.886831e-001 -4.676402e-001 2.813346e+000
      vertex 2.054793e-002 -5.504588e-001 2.860919e+000
      vertex -1.041846e-001 -4.981324e-001 2.965571e+000
    endloop 
  endfacet
  facet normal -3.535901E-001 -9.262310E-001 1.306528E-001
    outer loop 
      vertex 2.054793e-002 -5.504588e-001 2.860919e+000
      vertex 8.381391e-002 -5.934475e-001 2.727380e+000
      vertex 2.879561e-001 -6.497356e-001 2.880816e+000
    endloop 
  endfacet
  facet normal -4.017956E-001 9.155175E-001 1.969872E-002
    outer loop 
      vertex -2.276214e-001 4.459681e-001 9.076961e-001
      vertex -3.745562e-001 3.793091e-001 1.008702e+000
      vertex -2.420152e-001 4.360343e-001 1.075787e+000
    endloop 
  endfacet
  facet normal -3.606185E-001 9.285347E-001 8.819015E-002
    outer loop 
      vertex -3.710205e-001 3.956348e-001 8.512700e-001
      vertex -3.745562e-001 3.793091e-001 1.008702e+000
      vertex -2.276214e-001 4.459681e-001 9.076961e-001
    endloop 
  endfacet
  facet normal -8.989142E-001 -4.181089E-001 1.309135E-001
    outer loop 
      vertex -3.682277e-001 -3.943114e-001 1.049898e+000
      vertex -3.401292e-001 -4.790873e-001 9.720802e-001
      vertex -3.000444e-001 -5.232786e-001 1.106184e+000
    endloop 
  endfacet
  facet normal 3.913351E-001 -9.130313E-001 1.150245E-001
    outer loop 
      vertex 4.590042e-001 -3.287702e-001 1.133616e+000
      vertex 3.364120e-001 -3.996918e-001 9.877425e-001
      vertex 4.668316e-001 -3.435462e-001 9.896981e-001
    endloop 
  endfacet
  facet normal 3.924210E-001 -9.148588E-001 9.507436E-002
    outer loop 
      vertex 4.668316e-001 -3.435462e-001 9.896981e-001
      vertex 3.364120e-001 -3.996918e-001 9.877425e-001
      vertex 3.963453e-001 -3.889577e-001 8.436556e-001
    endloop 
  endfacet
  facet normal 3.895242E-001 -9.210098E-001 -3.430760E-003
    outer loop 
      vertex 2.202094e-001 -4.491305e-001 1.066400e+000
      vertex 1.548949e-001 -4.761539e-001 9.052765e-001
      vertex 3.364120e-001 -3.996918e-001 9.877425e-001
    endloop 
  endfacet
  facet normal 3.733205E-001 -9.141988E-001 -1.577096E-001
    outer loop 
      vertex -1.896704e-001 -5.913242e-001 7.881125e-001
      vertex -1.117921e-001 -5.906960e-001 9.688200e-001
      vertex -2.673653e-001 -6.526420e-001 9.596406e-001
    endloop 
  endfacet
  facet normal 3.349681E-001 -9.316015E-001 -1.411206E-001
    outer loop 
      vertex -1.685296e-002 -5.382469e-001 8.479303e-001
      vertex -1.117921e-001 -5.906960e-001 9.688200e-001
      vertex -1.896704e-001 -5.913242e-001 7.881125e-001
    endloop 
  endfacet
  facet normal 3.989945E-001 -9.083444E-001 -1.253545E-001
    outer loop 
      vertex 5.709372e-002 -5.216765e-001 1.006242e+000
      vertex -3.538990e-002 -5.785033e-001 1.123652e+000
      vertex -1.117921e-001 -5.906960e-001 9.688200e-001
    endloop 
  endfacet
  facet normal 3.934841E-001 -9.151089E-001 -8.801035E-002
    outer loop 
      vertex -1.685296e-002 -5.382469e-001 8.479303e-001
      vertex 5.709372e-002 -5.216765e-001 1.006242e+000
      vertex -1.117921e-001 -5.906960e-001 9.688200e-001
    endloop 
  endfacet
  facet normal 3.726635E-001 -9.065394E-001 -1.982630E-001
    outer loop 
      vertex -2.232396e-001 -6.694943e-001 1.119637e+000
      vertex -2.673653e-001 -6.526420e-001 9.596406e-001
      vertex -1.117921e-001 -5.906960e-001 9.688200e-001
    endloop 
  endfacet
  facet normal 4.338787E-001 -8.893793E-001 -1.440617E-001
    outer loop 
      vertex -1.117921e-001 -5.906960e-001 9.688200e-001
      vertex -3.538990e-002 -5.785033e-001 1.123652e+000
      vertex -2.232396e-001 -6.694943e-001 1.119637e+000
    endloop 
  endfacet
  facet normal -9.855987E-001 -1.610909E-001 5.142866E-002
    outer loop 
      vertex -4.858498e-001 -1.229807e-001 4.105678e-001
      vertex -4.567603e-001 -2.978486e-001 4.203074e-001
      vertex -4.643359e-001 -2.162309e-001 5.307789e-001
    endloop 
  endfacet
  facet normal -9.737399E-001 -2.098549E-001 8.826932E-002
    outer loop 
      vertex -4.324222e-001 -3.513657e-001 5.615585e-001
      vertex -4.643359e-001 -2.162309e-001 5.307789e-001
      vertex -4.567603e-001 -2.978486e-001 4.203074e-001
    endloop 
  endfacet
  facet normal -9.744196E-001 -2.159368E-001 6.227230E-002
    outer loop 
      vertex -4.324222e-001 -3.513657e-001 5.615585e-001
      vertex -4.456083e-001 -2.657558e-001 6.520901e-001
      vertex -4.643359e-001 -2.162309e-001 5.307789e-001
    endloop 
  endfacet
  facet normal -9.659647E-001 -2.547050E-001 4.514004E-002
    outer loop 
      vertex -4.456083e-001 -2.657558e-001 6.520901e-001
      vertex -4.755474e-001 -1.540177e-001 6.419023e-001
      vertex -4.643359e-001 -2.162309e-001 5.307789e-001
    endloop 
  endfacet
  facet normal -9.784908E-001 -2.057035E-001 1.554971E-002
    outer loop 
      vertex -4.991623e-001 -5.182906e-002 5.141063e-001
      vertex -4.858498e-001 -1.229807e-001 4.105678e-001
      vertex -4.643359e-001 -2.162309e-001 5.307789e-001
    endloop 
  endfacet
  facet normal -9.784948E-001 -2.056187E-001 1.639453E-002
    outer loop 
      vertex -4.991623e-001 -5.182906e-002 5.141063e-001
      vertex -4.643359e-001 -2.162309e-001 5.307789e-001
      vertex -4.755474e-001 -1.540177e-001 6.419023e-001
    endloop 
  endfacet
  facet normal 9.645559E-001 -2.628569E-001 -2.319986E-002
    outer loop 
      vertex 5.043049e-001 -5.587602e-002 3.123209e+000
      vertex 4.763345e-001 -1.659360e-001 3.207306e+000
      vertex 4.593627e-001 -2.153338e-001 3.061367e+000
    endloop 
  endfacet
  facet normal 9.698879E-001 -2.415677E-001 -3.102595E-002
    outer loop 
      vertex 4.763345e-001 -1.659360e-001 3.207306e+000
      vertex 4.344228e-001 -3.280060e-001 3.158998e+000
      vertex 4.593627e-001 -2.153338e-001 3.061367e+000
    endloop 
  endfacet
  facet normal -2.616645E-001 -9.649825E-001 -1.845158E-002
    outer loop 
      vertex -3.916490e-002 -5.127885e-001 3.126553e+000
      vertex -1.523117e-001 -4.837162e-001 3.210675e+000
      vertex -1.923379e-001 -4.702908e-001 3.076169e+000
    endloop 
  endfacet
  facet normal -2.462839E-001 -9.689147E-001 -2.342103E-002
    outer loop 
      vertex -3.082650e-001 -4.425718e-001 3.148484e+000
      vertex -1.923379e-001 -4.702908e-001 3.076169e+000
      vertex -1.523117e-001 -4.837162e-001 3.210675e+000
    endloop 
  endfacet
  facet normal -8.206303E-001 5.706055E-001 -3.123054E-002
    outer loop 
      vertex -3.620767e-001 3.509350e-001 2.361416e+000
      vertex -3.558365e-001 3.506271e-001 2.191821e+000
      vertex -4.713398e-001 1.907628e-001 2.306007e+000
    endloop 
  endfacet
  facet normal -8.178338E-001 5.746115E-001 -3.113492E-002
    outer loop 
      vertex -3.558365e-001 3.506271e-001 2.191821e+000
      vertex -3.620767e-001 3.509350e-001 2.361416e+000
      vertex -2.749227e-001 4.712728e-001 2.293005e+000
    endloop 
  endfacet
  facet normal -7.903999E-001 6.101437E-001 5.470373E-002
    outer loop 
      vertex -3.558365e-001 3.506271e-001 2.191821e+000
      vertex -4.721104e-001 2.055763e-001 2.129650e+000
      vertex -4.713398e-001 1.907628e-001 2.306007e+000
    endloop 
  endfacet
  facet normal -7.898993E-001 6.063921E-001 -9.136631E-002
    outer loop 
      vertex -2.416224e-001 4.843167e-001 2.091682e+000
      vertex -3.558365e-001 3.506271e-001 2.191821e+000
      vertex -2.749227e-001 4.712728e-001 2.293005e+000
    endloop 
  endfacet
  facet normal 1.730354E-001 -9.619632E-001 2.113893E-001
    outer loop 
      vertex 4.379348e-001 -4.323474e-001 4.240561e-001
      vertex 5.552857e-001 -4.340648e-001 3.201815e-001
      vertex 5.842935e-001 -3.935948e-001 4.806024e-001
    endloop 
  endfacet
  facet normal -1.718949E-001 9.630272E-001 2.074385E-001
    outer loop 
      vertex -4.289572e-001 4.326571e-001 4.283283e-001
      vertex -5.552324e-001 4.330303e-001 3.219573e-001
      vertex -5.832314e-001 3.936921e-001 4.813823e-001
    endloop 
  endfacet
  facet normal 9.845281E-001 1.432843E-001 -1.008668E-001
    outer loop 
      vertex 5.363908e-001 -2.393981e-001 3.416938e-001
      vertex 5.147460e-001 -6.647345e-002 3.760703e-001
      vertex 5.363953e-001 -1.381642e-001 4.855433e-001
    endloop 
  endfacet
  facet normal -9.870842E-001 -1.592458E-001 -1.748095E-002
    outer loop 
      vertex -5.186613e-001 8.131084e-002 4.022845e-001
      vertex -4.858498e-001 -1.229807e-001 4.105678e-001
      vertex -4.991623e-001 -5.182906e-002 5.141063e-001
    endloop 
  endfacet
  facet normal -9.746555E-001 -2.092348E-001 -7.916740E-002
    outer loop 
      vertex -4.991623e-001 -5.182906e-002 5.141063e-001
      vertex -5.322480e-001 8.239617e-002 5.666863e-001
      vertex -5.186613e-001 8.131084e-002 4.022845e-001
    endloop 
  endfacet
  facet normal -9.736394E-001 8.389647E-002 -2.121034E-001
    outer loop 
      vertex -4.850489e-001 5.039116e-001 3.679661e+000
      vertex -4.477174e-001 5.360956e-001 3.521025e+000
      vertex -4.715065e-001 3.693612e-001 3.564276e+000
    endloop 
  endfacet
  facet normal 1.057738E-001 9.826806E-001 -1.521542E-001
    outer loop 
      vertex 5.443920e-001 4.409551e-001 3.521468e+000
      vertex 4.225931e-001 4.442762e-001 3.458246e+000
      vertex 3.963999e-001 4.703492e-001 3.608428e+000
    endloop 
  endfacet
  facet normal 6.900822E-002 9.748161E-001 -2.120650E-001
    outer loop 
      vertex 5.443920e-001 4.409551e-001 3.521468e+000
      vertex 3.963999e-001 4.703492e-001 3.608428e+000
      vertex 5.127615e-001 4.775723e-001 3.679496e+000
    endloop 
  endfacet
  facet normal -2.127074E-001 9.659188E-001 1.475010E-001
    outer loop 
      vertex -4.289572e-001 4.326571e-001 4.283283e-001
      vertex -4.710658e-001 3.979282e-001 5.950290e-001
      vertex -3.162605e-001 4.415307e-001 5.327359e-001
    endloop 
  endfacet
  facet normal -2.334563E-001 9.675117E-001 9.705260E-002
    outer loop 
      vertex -3.592759e-001 4.151765e-001 6.919876e-001
      vertex -3.162605e-001 4.415307e-001 5.327359e-001
      vertex -4.710658e-001 3.979282e-001 5.950290e-001
    endloop 
  endfacet
  facet normal -1.608502E-001 9.828588E-001 9.008697E-002
    outer loop 
      vertex -4.289572e-001 4.326571e-001 4.283283e-001
      vertex -3.162605e-001 4.415307e-001 5.327359e-001
      vertex -2.558292e-001 4.671837e-001 3.607591e-001
    endloop 
  endfacet
  facet normal -2.524132E-001 9.633086E-001 9.123660E-002
    outer loop 
      vertex -3.162605e-001 4.415307e-001 5.327359e-001
      vertex -3.592759e-001 4.151765e-001 6.919876e-001
      vertex -1.982906e-001 4.639522e-001 6.223747e-001
    endloop 
  endfacet
  facet normal -1.896819E-001 9.786359E-001 7.932583E-002
    outer loop 
      vertex -2.558292e-001 4.671837e-001 3.607591e-001
      vertex -3.162605e-001 4.415307e-001 5.327359e-001
      vertex -1.486324e-001 4.792506e-001 4.682173e-001
    endloop 
  endfacet
  facet normal -2.084831E-001 9.775702E-001 2.985465E-002
    outer loop 
      vertex -3.162605e-001 4.415307e-001 5.327359e-001
      vertex -1.982906e-001 4.639522e-001 6.223747e-001
      vertex -1.486324e-001 4.792506e-001 4.682173e-001
    endloop 
  endfacet
  facet normal -3.025662E-001 9.484764E-001 9.405506E-002
    outer loop 
      vertex -4.918710e-001 3.664502e-001 7.568111e-001
      vertex -3.710205e-001 3.956348e-001 8.512700e-001
      vertex -3.592759e-001 4.151765e-001 6.919876e-001
    endloop 
  endfacet
  facet normal -9.947648E-001 9.350180E-002 4.123681E-002
    outer loop 
      vertex -4.956134e-001 3.755289e-002 3.522226e+000
      vertex -5.059894e-001 -2.793777e-002 3.420419e+000
      vertex -5.072300e-001 -1.096154e-001 3.575689e+000
    endloop 
  endfacet
  facet normal -9.899098E-001 1.413487E-001 9.962684E-003
    outer loop 
      vertex -4.956134e-001 3.755289e-002 3.522226e+000
      vertex -4.843981e-001 1.242068e-001 3.407171e+000
      vertex -5.059894e-001 -2.793777e-002 3.420419e+000
    endloop 
  endfacet
  facet normal -9.898428E-001 1.289257E-001 5.991039E-002
    outer loop 
      vertex -5.059894e-001 -2.793777e-002 3.420419e+000
      vertex -5.215390e-001 -1.690592e-001 3.467198e+000
      vertex -5.072300e-001 -1.096154e-001 3.575689e+000
    endloop 
  endfacet
  facet normal 9.790899E-001 -2.534005E-002 2.018438E-001
    outer loop 
      vertex 5.443920e-001 4.409551e-001 3.521468e+000
      vertex 5.127615e-001 4.775723e-001 3.679496e+000
      vertex 5.156960e-001 3.486708e-001 3.649079e+000
    endloop 
  endfacet
  facet normal -9.613547E-001 1.849820E-001 2.039084E-001
    outer loop 
      vertex -5.978299e-001 -3.777525e-001 3.201597e+000
      vertex -5.715513e-001 -4.171975e-001 3.361275e+000
      vertex -5.605210e-001 -2.591941e-001 3.269941e+000
    endloop 
  endfacet
  facet normal 9.628379E-001 -1.774673E-001 2.035891E-001
    outer loop 
      vertex 5.612479e-001 2.542980e-001 3.290403e+000
      vertex 6.000282e-001 3.633821e-001 3.202086e+000
      vertex 5.735130e-001 4.029946e-001 3.362015e+000
    endloop 
  endfacet
  facet normal 9.763788E-001 -1.935993E-001 9.593622E-002
    outer loop 
      vertex 5.612479e-001 2.542980e-001 3.290403e+000
      vertex 5.251783e-001 1.354520e-001 3.417666e+000
      vertex 5.393375e-001 1.016629e-001 3.205376e+000
    endloop 
  endfacet
  facet normal -2.652243E-001 -9.586360E-001 1.033100E-001
    outer loop 
      vertex 1.081347e-001 -5.638262e-001 3.031121e+000
      vertex 1.050772e-001 -5.427437e-001 3.218900e+000
      vertex -3.916490e-002 -5.127885e-001 3.126553e+000
    endloop 
  endfacet
  facet normal 9.290675E-001 3.096274E-001 2.023968E-001
    outer loop 
      vertex 3.108350e-001 6.308271e-001 8.014479e-001
      vertex 3.678265e-001 4.882737e-001 7.579170e-001
      vertex 3.531402e-001 6.086293e-001 6.412115e-001
    endloop 
  endfacet
  facet normal -3.108348E-001 9.280352E-001 2.052618E-001
    outer loop 
      vertex -6.321067e-001 3.097354e-001 8.008680e-001
      vertex -4.918710e-001 3.664502e-001 7.568111e-001
      vertex -6.090525e-001 3.529736e-001 6.402898e-001
    endloop 
  endfacet
  facet normal 2.967158E-001 -9.338737E-001 1.995988E-001
    outer loop 
      vertex 6.319261e-001 -3.118166e-001 7.994215e-001
      vertex 4.804010e-001 -3.779332e-001 7.153296e-001
      vertex 6.095334e-001 -3.530222e-001 6.399190e-001
    endloop 
  endfacet
  facet normal 8.724083E-001 -4.615970E-001 1.607229E-001
    outer loop 
      vertex 6.762723e-001 1.931941e-001 2.561792e+000
      vertex 6.177499e-001 1.225364e-001 2.676524e+000
      vertex 6.110333e-001 6.231397e-002 2.540022e+000
    endloop 
  endfacet
  facet normal 8.943042E-001 -4.239776E-001 1.430484E-001
    outer loop 
      vertex 5.590509e-001 3.345847e-003 2.690229e+000
      vertex 6.110333e-001 6.231397e-002 2.540022e+000
      vertex 6.177499e-001 1.225364e-001 2.676524e+000
    endloop 
  endfacet
  facet normal 8.642242E-001 -4.871854E-001 1.255663E-001
    outer loop 
      vertex 5.931021e-001 -1.292375e-002 2.371521e+000
      vertex 6.110333e-001 6.231397e-002 2.540022e+000
      vertex 5.361052e-001 -7.357687e-002 2.528480e+000
    endloop 
  endfacet
  facet normal 8.665827E-001 -4.870526E-001 1.086929E-001
    outer loop 
      vertex 6.110333e-001 6.231397e-002 2.540022e+000
      vertex 5.590509e-001 3.345847e-003 2.690229e+000
      vertex 5.361052e-001 -7.357687e-002 2.528480e+000
    endloop 
  endfacet
  facet normal 8.638108E-001 -4.634463E-001 1.976065E-001
    outer loop 
      vertex 6.882265e-001 1.473855e-001 2.402101e+000
      vertex 6.762723e-001 1.931941e-001 2.561792e+000
      vertex 6.110333e-001 6.231397e-002 2.540022e+000
    endloop 
  endfacet
  facet normal 8.384567E-001 -5.252409E-001 1.453005E-001
    outer loop 
      vertex 6.882265e-001 1.473855e-001 2.402101e+000
      vertex 6.110333e-001 6.231397e-002 2.540022e+000
      vertex 5.931021e-001 -1.292375e-002 2.371521e+000
    endloop 
  endfacet
  facet normal 5.751845E-001 8.177273E-001 2.202443E-002
    outer loop 
      vertex 2.770773e-001 4.135598e-001 2.137348e+000
      vertex 1.830889e-001 4.744248e-001 2.332116e+000
      vertex 3.458570e-001 3.615305e-001 2.272866e+000
    endloop 
  endfacet
  facet normal 6.216887E-001 7.812701E-001 5.585862E-002
    outer loop 
      vertex 1.356161e-001 5.226989e-001 2.185285e+000
      vertex 1.830889e-001 4.744248e-001 2.332116e+000
      vertex 2.770773e-001 4.135598e-001 2.137348e+000
    endloop 
  endfacet
  facet normal -3.993684E-001 9.116761E-001 -9.670413E-002
    outer loop 
      vertex -7.549152e-003 5.519277e-001 1.105891e+000
      vertex 3.436698e-002 5.535572e-001 9.481468e-001
      vertex -1.043757e-001 4.982788e-001 9.999903e-001
    endloop 
  endfacet
  facet normal -9.396539E-001 -3.111286E-001 -1.423011E-001
    outer loop 
      vertex -6.321067e-001 3.097354e-001 8.008680e-001
      vertex -5.718310e-001 1.782568e-001 6.903169e-001
      vertex -5.913568e-001 1.545416e-001 8.711019e-001
    endloop 
  endfacet
  facet normal -9.351750E-001 -3.238217E-001 -1.434825E-001
    outer loop 
      vertex -5.913568e-001 1.545416e-001 8.711019e-001
      vertex -5.718310e-001 1.782568e-001 6.903169e-001
      vertex -5.480126e-001 5.330831e-002 8.170686e-001
    endloop 
  endfacet
  facet normal -9.204092E-001 -3.337913E-001 -2.035443E-001
    outer loop 
      vertex -6.321067e-001 3.097354e-001 8.008680e-001
      vertex -5.913568e-001 1.545416e-001 8.711019e-001
      vertex -6.516054e-001 2.656288e-001 9.613696e-001
    endloop 
  endfacet
  facet normal -9.144891E-001 -3.773606E-001 -1.459747E-001
    outer loop 
      vertex -5.913568e-001 1.545416e-001 8.711019e-001
      vertex -5.997660e-001 1.052675e-001 1.051162e+000
      vertex -6.516054e-001 2.656288e-001 9.613696e-001
    endloop 
  endfacet
  facet normal 9.409646E-001 3.125590E-001 -1.299712E-001
    outer loop 
      vertex 5.622320e-001 -1.599227e-001 6.601301e-001
      vertex 5.755695e-001 -1.149722e-001 8.647892e-001
      vertex 6.319261e-001 -3.118166e-001 7.994215e-001
    endloop 
  endfacet
  facet normal 9.108798E-001 3.906216E-001 -1.330893E-001
    outer loop 
      vertex 5.755695e-001 -1.149722e-001 8.647892e-001
      vertex 5.184204e-001 5.592826e-002 9.752525e-001
      vertex 5.878656e-001 -7.127063e-002 1.077211e+000
    endloop 
  endfacet
  facet normal 9.209852E-001 3.315963E-001 -2.045242E-001
    outer loop 
      vertex 6.518396e-001 -2.683944e-001 9.594942e-001
      vertex 6.319261e-001 -3.118166e-001 7.994215e-001
      vertex 5.755695e-001 -1.149722e-001 8.647892e-001
    endloop 
  endfacet
  facet normal 9.175446E-001 3.756452E-001 -1.303941E-001
    outer loop 
      vertex 6.518396e-001 -2.683944e-001 9.594942e-001
      vertex 5.755695e-001 -1.149722e-001 8.647892e-001
      vertex 5.878656e-001 -7.127063e-002 1.077211e+000
    endloop 
  endfacet
  facet normal 9.619728E-001 -2.317662E-001 -1.445434E-001
    outer loop 
      vertex 4.230647e-001 -4.351517e-001 3.270300e+000
      vertex 3.715094e-001 -6.055959e-001 3.200484e+000
      vertex 3.857566e-001 -4.812626e-001 3.095942e+000
    endloop 
  endfacet
  facet normal 9.588827E-001 -2.469427E-001 -1.398687E-001
    outer loop 
      vertex 4.344228e-001 -3.280060e-001 3.158998e+000
      vertex 4.230647e-001 -4.351517e-001 3.270300e+000
      vertex 3.857566e-001 -4.812626e-001 3.095942e+000
    endloop 
  endfacet
  facet normal 9.395810E-001 -2.769029E-001 -2.012768E-001
    outer loop 
      vertex 3.715094e-001 -6.055959e-001 3.200484e+000
      vertex 3.303980e-001 -6.288275e-001 3.040532e+000
      vertex 3.857566e-001 -4.812626e-001 3.095942e+000
    endloop 
  endfacet
  facet normal 2.762676E-001 9.400656E-001 -1.998826E-001
    outer loop 
      vertex 4.879534e-001 3.769163e-001 3.110835e+000
      vertex 6.000282e-001 3.633821e-001 3.202086e+000
      vertex 6.235062e-001 3.223999e-001 3.041793e+000
    endloop 
  endfacet
  facet normal 3.225371E-001 -9.416460E-001 -9.629408E-002
    outer loop 
      vertex -1.685296e-002 -5.382469e-001 8.479303e-001
      vertex -1.896704e-001 -5.913242e-001 7.881125e-001
      vertex -9.059626e-002 -5.485759e-001 7.019324e-001
    endloop 
  endfacet
  facet normal 3.023470E-001 -9.327279E-001 -1.964813E-001
    outer loop 
      vertex -2.673653e-001 -6.526420e-001 9.596406e-001
      vertex -3.106603e-001 -6.329573e-001 7.995714e-001
      vertex -1.896704e-001 -5.913242e-001 7.881125e-001
    endloop 
  endfacet
  facet normal 2.995222E-001 -9.295794E-001 -2.148686E-001
    outer loop 
      vertex -3.106603e-001 -6.329573e-001 7.995714e-001
      vertex -3.535526e-001 -6.098547e-001 6.398325e-001
      vertex -1.896704e-001 -5.913242e-001 7.881125e-001
    endloop 
  endfacet
  facet normal -1.008043E-001 9.911375E-001 -8.651613E-002
    outer loop 
      vertex 2.011451e-001 5.107901e-001 1.347550e-001
      vertex 9.055807e-002 5.117546e-001 2.746546e-001
      vertex 2.363471e-001 5.256060e-001 2.634721e-001
    endloop 
  endfacet
  facet normal 9.947153E-001 -1.365904E-002 -1.017599E-001
    outer loop 
      vertex 4.979383e-001 -1.601021e-001 3.707705e+000
      vertex 5.112826e-001 -2.209709e-001 3.846318e+000
      vertex 4.942756e-001 -3.245484e-001 3.693975e+000
    endloop 
  endfacet
  facet normal 9.889509E-001 9.861387E-002 -1.106857E-001
    outer loop 
      vertex 5.195872e-001 -1.317582e-001 4.000000e+000
      vertex 5.356107e-001 -2.924503e-001 4.000000e+000
      vertex 5.112826e-001 -2.209709e-001 3.846318e+000
    endloop 
  endfacet
  facet normal 9.882271E-001 1.162904E-001 9.941664E-002
    outer loop 
      vertex 4.831914e-001 2.886123e-001 1.573568e-001
      vertex 4.516874e-001 4.152983e-001 3.223270e-001
      vertex 4.710279e-001 2.745751e-001 2.946848e-001
    endloop 
  endfacet
  facet normal 9.943433E-001 0.000000E+000 1.062139E-001
    outer loop 
      vertex 5.000000e-001 3.333333e-001 0.000000e+000
      vertex 4.831914e-001 2.886123e-001 1.573568e-001
      vertex 5.000000e-001 1.666667e-001 0.000000e+000
    endloop 
  endfacet
  facet normal -6.381148E-001 7.659750E-001 7.804982E-002
    outer loop 
      vertex -4.153608e-001 2.991992e-001 1.689310e+000
      vertex -4.590388e-001 2.790416e-001 1.530035e+000
      vertex -5.248820e-001 2.111218e-001 1.658278e+000
    endloop 
  endfacet
  facet normal -6.410730E-001 7.603307E-001 1.045107E-001
    outer loop 
      vertex -5.107254e-001 2.034662e-001 1.800811e+000
      vertex -4.153608e-001 2.991992e-001 1.689310e+000
      vertex -5.248820e-001 2.111218e-001 1.658278e+000
    endloop 
  endfacet
  facet normal -6.302149E-001 7.601112E-001 1.583034E-001
    outer loop 
      vertex -5.248820e-001 2.111218e-001 1.658278e+000
      vertex -5.982561e-001 1.704022e-001 1.561692e+000
      vertex -6.104944e-001 1.288593e-001 1.712443e+000
    endloop 
  endfacet
  facet normal -5.944892E-001 7.956672E-001 1.161737E-001
    outer loop 
      vertex -4.590388e-001 2.790416e-001 1.530035e+000
      vertex -5.982561e-001 1.704022e-001 1.561692e+000
      vertex -5.248820e-001 2.111218e-001 1.658278e+000
    endloop 
  endfacet
  facet normal -6.536161E-001 7.494829E-001 1.051738E-001
    outer loop 
      vertex -5.107254e-001 2.034662e-001 1.800811e+000
      vertex -5.248820e-001 2.111218e-001 1.658278e+000
      vertex -6.104944e-001 1.288593e-001 1.712443e+000
    endloop 
  endfacet
  facet normal -9.090899E-001 -3.913743E-001 1.427650E-001
    outer loop 
      vertex -3.401292e-001 -4.790873e-001 9.720802e-001
      vertex -2.673653e-001 -6.526420e-001 9.596406e-001
      vertex -3.000444e-001 -5.232786e-001 1.106184e+000
    endloop 
  endfacet
  facet normal -9.088845E-001 -4.170205E-001 4.793103E-003
    outer loop 
      vertex -4.824668e-001 -1.461286e-001 1.025061e+000
      vertex -4.561183e-001 -2.049741e-001 9.015579e-001
      vertex -4.200664e-001 -2.818916e-001 1.045686e+000
    endloop 
  endfacet
  facet normal -9.087583E-001 -4.173154E-001 2.470723E-003
    outer loop 
      vertex -4.200664e-001 -2.818916e-001 1.045686e+000
      vertex -4.411970e-001 -2.350905e-001 1.178538e+000
      vertex -4.824668e-001 -1.461286e-001 1.025061e+000
    endloop 
  endfacet
  facet normal 4.104809E-001 -9.117696E-001 -1.347575E-002
    outer loop 
      vertex 2.202094e-001 -4.491305e-001 1.066400e+000
      vertex 5.709372e-002 -5.216765e-001 1.006242e+000
      vertex 1.548949e-001 -4.761539e-001 9.052765e-001
    endloop 
  endfacet
  facet normal -4.030098E-001 9.149866E-001 1.956337E-002
    outer loop 
      vertex -1.043757e-001 4.982788e-001 9.999903e-001
      vertex -2.276214e-001 4.459681e-001 9.076961e-001
      vertex -2.420152e-001 4.360343e-001 1.075787e+000
    endloop 
  endfacet
  facet normal -3.057564E-001 -9.513953E-001 3.687648E-002
    outer loop 
      vertex -3.916490e-002 -5.127885e-001 3.126553e+000
      vertex -1.041846e-001 -4.981324e-001 2.965571e+000
      vertex 1.081347e-001 -5.638262e-001 3.031121e+000
    endloop 
  endfacet
  facet normal -2.828510E-001 -9.385006E-001 1.980203E-001
    outer loop 
      vertex 3.303980e-001 -6.288275e-001 3.040532e+000
      vertex 1.081347e-001 -5.638262e-001 3.031121e+000
      vertex 2.879561e-001 -6.497356e-001 2.880816e+000
    endloop 
  endfacet
  facet normal 9.474476E-001 -3.175678E-001 3.864802E-002
    outer loop 
      vertex 4.890931e-001 -1.216874e-001 2.955354e+000
      vertex 5.399497e-001 3.585809e-002 3.003157e+000
      vertex 5.043049e-001 -5.587602e-002 3.123209e+000
    endloop 
  endfacet
  facet normal 9.618046E-001 -2.594315E-001 8.733417E-002
    outer loop 
      vertex 5.399497e-001 3.585809e-002 3.003157e+000
      vertex 5.393375e-001 1.016629e-001 3.205376e+000
      vertex 5.043049e-001 -5.587602e-002 3.123209e+000
    endloop 
  endfacet
  facet normal -9.486552E-001 3.124531E-001 4.925724E-002
    outer loop 
      vertex -5.410733e-001 -6.121701e-002 3.014053e+000
      vertex -5.092421e-001 1.458293e-002 3.146276e+000
      vertex -4.802451e-001 1.285975e-001 2.981507e+000
    endloop 
  endfacet
  facet normal -9.640497E-001 2.505735E-001 8.843704E-002
    outer loop 
      vertex -5.435432e-001 -1.277193e-001 3.175553e+000
      vertex -5.092421e-001 1.458293e-002 3.146276e+000
      vertex -5.410733e-001 -6.121701e-002 3.014053e+000
    endloop 
  endfacet
  facet normal -7.685847E-001 -6.387031E-001 3.655028E-002
    outer loop 
      vertex -2.354357e-001 -5.006406e-001 1.662814e+000
      vertex -3.313394e-001 -3.835982e-001 1.691410e+000
      vertex -3.296436e-001 -3.931682e-001 1.559837e+000
    endloop 
  endfacet
  facet normal -7.948399E-001 -5.980065E-001 1.030429E-001
    outer loop 
      vertex -2.354357e-001 -5.006406e-001 1.662814e+000
      vertex -3.296436e-001 -3.931682e-001 1.559837e+000
      vertex -2.520924e-001 -5.003694e-001 1.535903e+000
    endloop 
  endfacet
  facet normal -7.589999E-001 -6.327665E-001 1.533811E-001
    outer loop 
      vertex -2.354357e-001 -5.006406e-001 1.662814e+000
      vertex -1.683433e-001 -6.025097e-001 1.574562e+000
      vertex -1.348481e-001 -6.091169e-001 1.713054e+000
    endloop 
  endfacet
  facet normal -7.878491E-001 -6.073454E-001 1.021055E-001
    outer loop 
      vertex -1.683433e-001 -6.025097e-001 1.574562e+000
      vertex -2.354357e-001 -5.006406e-001 1.662814e+000
      vertex -2.520924e-001 -5.003694e-001 1.535903e+000
    endloop 
  endfacet
  facet normal -7.514925E-001 -6.528761E-001 9.492978E-002
    outer loop 
      vertex -1.348481e-001 -6.091169e-001 1.713054e+000
      vertex -2.096177e-001 -5.103022e-001 1.800750e+000
      vertex -2.354357e-001 -5.006406e-001 1.662814e+000
    endloop 
  endfacet
  facet normal -7.581533E-001 -6.448607E-001 9.673795E-002
    outer loop 
      vertex -2.354357e-001 -5.006406e-001 1.662814e+000
      vertex -2.096177e-001 -5.103022e-001 1.800750e+000
      vertex -3.313394e-001 -3.835982e-001 1.691410e+000
    endloop 
  endfacet
  facet normal 3.267577E-001 9.428011E-001 6.599518E-002
    outer loop 
      vertex 1.289224e-001 4.771706e-001 2.961058e+000
      vertex -3.633308e-002 5.336593e-001 2.972286e+000
      vertex -2.870560e-003 5.126247e-001 3.107103e+000
    endloop 
  endfacet
  facet normal -4.567338E-002 9.982870E-001 -3.656368E-002
    outer loop 
      vertex 9.875953e-002 4.982526e-001 3.856334e+000
      vertex 5.729532e-002 4.902184e-001 3.688774e+000
      vertex -8.469313e-002 4.898676e-001 3.856560e+000
    endloop 
  endfacet
  facet normal -4.567479E-002 9.987291E-001 -2.130715E-002
    outer loop 
      vertex -4.275608e-002 4.948457e-001 4.000000e+000
      vertex 9.875953e-002 4.982526e-001 3.856334e+000
      vertex -8.469313e-002 4.898676e-001 3.856560e+000
    endloop 
  endfacet
  facet normal -5.275770E-002 9.979977E-001 3.488768E-002
    outer loop 
      vertex -2.663120e-001 4.794320e-001 3.880434e+000
      vertex -2.146143e-001 4.779851e-001 4.000000e+000
      vertex -8.469313e-002 4.898676e-001 3.856560e+000
    endloop 
  endfacet
  facet normal -4.968426E-002 9.970869E-001 5.787080E-002
    outer loop 
      vertex -2.663120e-001 4.794320e-001 3.880434e+000
      vertex -8.469313e-002 4.898676e-001 3.856560e+000
      vertex -1.603766e-001 4.936768e-001 3.725952e+000
    endloop 
  endfacet
  facet normal -9.763659E-002 9.952041E-001 -5.992925E-003
    outer loop 
      vertex -4.275608e-002 4.948457e-001 4.000000e+000
      vertex -8.469313e-002 4.898676e-001 3.856560e+000
      vertex -2.146143e-001 4.779851e-001 4.000000e+000
    endloop 
  endfacet
  facet normal 1.898335E-002 9.996549E-001 1.815488E-002
    outer loop 
      vertex -1.603766e-001 4.936768e-001 3.725952e+000
      vertex -8.469313e-002 4.898676e-001 3.856560e+000
      vertex 5.729532e-002 4.902184e-001 3.688774e+000
    endloop 
  endfacet
  facet normal -9.986776E-001 -4.499131E-002 -2.487671E-002
    outer loop 
      vertex -4.960725e-001 -9.581751e-002 3.853420e+000
      vertex -5.039850e-001 8.687967e-002 3.840645e+000
      vertex -4.973116e-001 2.654484e-002 3.681862e+000
    endloop 
  endfacet
  facet normal -9.987974E-001 -4.466997E-002 -2.020678E-002
    outer loop 
      vertex -4.960725e-001 -9.581751e-002 3.853420e+000
      vertex -5.009949e-001 -5.206335e-002 4.000000e+000
      vertex -5.039850e-001 8.687967e-002 3.840645e+000
    endloop 
  endfacet
  facet normal -9.981564E-001 -4.559446E-002 4.006073E-002
    outer loop 
      vertex -4.960725e-001 -9.581751e-002 3.853420e+000
      vertex -4.867853e-001 -2.747438e-001 3.881179e+000
      vertex -4.843305e-001 -2.240839e-001 4.000000e+000
    endloop 
  endfacet
  facet normal -9.973068E-001 -4.249125E-002 5.977851E-002
    outer loop 
      vertex -4.960725e-001 -9.581751e-002 3.853420e+000
      vertex -5.000437e-001 -1.768552e-001 3.729564e+000
      vertex -4.867853e-001 -2.747438e-001 3.881179e+000
    endloop 
  endfacet
  facet normal -9.953298E-001 -9.642161E-002 -4.642475E-003
    outer loop 
      vertex -4.843305e-001 -2.240839e-001 4.000000e+000
      vertex -5.009949e-001 -5.206335e-002 4.000000e+000
      vertex -4.960725e-001 -9.581751e-002 3.853420e+000
    endloop 
  endfacet
  facet normal -9.996316E-001 1.815786E-002 2.017091E-002
    outer loop 
      vertex -4.960725e-001 -9.581751e-002 3.853420e+000
      vertex -4.973116e-001 2.654484e-002 3.681862e+000
      vertex -5.000437e-001 -1.768552e-001 3.729564e+000
    endloop 
  endfacet
  facet normal 8.484466E-002 -9.950440E-001 5.185436E-002
    outer loop 
      vertex 1.753667e-001 -4.821828e-001 2.998654e-001
      vertex 1.245532e-003 -5.014354e-001 2.153217e-001
      vertex 1.663718e-001 -4.906403e-001 1.522889e-001
    endloop 
  endfacet
  facet normal 6.256707E-002 -9.980161E-001 -7.014993E-003
    outer loop 
      vertex 0.000000e+000 -5.000000e-001 0.000000e+000
      vertex 1.663718e-001 -4.906403e-001 1.522889e-001
      vertex 1.245532e-003 -5.014354e-001 2.153217e-001
    endloop 
  endfacet
  facet normal 1.629667E-001 -9.863732E-001 -2.257803E-002
    outer loop 
      vertex 1.081374e-001 -4.883992e-001 4.173428e-001
      vertex -6.130368e-002 -5.159810e-001 3.993022e-001
      vertex 1.245532e-003 -5.014354e-001 2.153217e-001
    endloop 
  endfacet
  facet normal 1.060290E-001 -9.943303E-001 8.061897E-003
    outer loop 
      vertex 1.081374e-001 -4.883992e-001 4.173428e-001
      vertex 1.245532e-003 -5.014354e-001 2.153217e-001
      vertex 1.753667e-001 -4.821828e-001 2.998654e-001
    endloop 
  endfacet
  facet normal 7.435381E-002 -9.957985E-001 -5.344956E-002
    outer loop 
      vertex 1.245532e-003 -5.014354e-001 2.153217e-001
      vertex -6.130368e-002 -5.159810e-001 3.993022e-001
      vertex -1.869379e-001 -5.137932e-001 1.837733e-001
    endloop 
  endfacet
  facet normal 7.643713E-002 -9.948717E-001 -6.623932E-002
    outer loop 
      vertex -1.869379e-001 -5.137932e-001 1.837733e-001
      vertex -1.666667e-001 -5.000000e-001 0.000000e+000
      vertex 1.245532e-003 -5.014354e-001 2.153217e-001
    endloop 
  endfacet
  facet normal 0.000000E+000 -9.999778E-001 -6.666150E-003
    outer loop 
      vertex 1.245532e-003 -5.014354e-001 2.153217e-001
      vertex -1.666667e-001 -5.000000e-001 0.000000e+000
      vertex 0.000000e+000 -5.000000e-001 0.000000e+000
    endloop 
  endfacet
  facet normal 9.979934E-001 4.692060E-002 4.251707E-002
    outer loop 
      vertex 4.984134e-001 8.934581e-002 3.857476e+000
      vertex 4.909647e-001 2.372948e-001 3.869045e+000
      vertex 4.867643e-001 2.079731e-001 4.000000e+000
    endloop 
  endfacet
  facet normal 9.951522E-001 9.834502E-002 -5.173804E-004
    outer loop 
      vertex 5.037910e-001 3.567922e-002 4.000000e+000
      vertex 4.984134e-001 8.934581e-002 3.857476e+000
      vertex 4.867643e-001 2.079731e-001 4.000000e+000
    endloop 
  endfacet
  facet normal -6.363953E-002 9.978661E-001 1.460441E-002
    outer loop 
      vertex 2.998105e-002 5.020154e-001 1.459453e-001
      vertex -1.756283e-001 4.885512e-001 1.699455e-001
      vertex -8.017811e-002 4.927261e-001 3.006202e-001
    endloop 
  endfacet
  facet normal -6.538446E-002 9.978601E-001 -3.476979E-004
    outer loop 
      vertex 2.998105e-002 5.020154e-001 1.459453e-001
      vertex 0.000000e+000 5.000000e-001 0.000000e+000
      vertex -1.756283e-001 4.885512e-001 1.699455e-001
    endloop 
  endfacet
  facet normal -5.536541E-002 9.963081E-001 -6.561064E-002
    outer loop 
      vertex 1.666667e-001 5.000000e-001 0.000000e+000
      vertex 2.998105e-002 5.020154e-001 1.459453e-001
      vertex 2.011451e-001 5.107901e-001 1.347550e-001
    endloop 
  endfacet
  facet normal -5.438555E-002 9.972742E-001 -4.986556E-002
    outer loop 
      vertex 2.011451e-001 5.107901e-001 1.347550e-001
      vertex 2.998105e-002 5.020154e-001 1.459453e-001
      vertex 9.055807e-002 5.117546e-001 2.746546e-001
    endloop 
  endfacet
  facet normal 0.000000E+000 9.999047E-001 -1.380764E-002
    outer loop 
      vertex 2.998105e-002 5.020154e-001 1.459453e-001
      vertex 1.666667e-001 5.000000e-001 0.000000e+000
      vertex 0.000000e+000 5.000000e-001 0.000000e+000
    endloop 
  endfacet
  facet normal -1.139698E-001 9.932511E-001 -2.151784E-002
    outer loop 
      vertex 2.998105e-002 5.020154e-001 1.459453e-001
      vertex -8.017811e-002 4.927261e-001 3.006202e-001
      vertex 9.055807e-002 5.117546e-001 2.746546e-001
    endloop 
  endfacet
  facet normal -9.974943E-001 -4.017868E-002 -5.823112E-002
    outer loop 
      vertex -5.000000e-001 1.666667e-001 0.000000e+000
      vertex -5.027925e-001 3.978948e-002 1.353785e-001
      vertex -5.076173e-001 2.077611e-001 1.021291e-001
    endloop 
  endfacet
  facet normal -9.997873E-001 0.000000E+000 -2.062281E-002
    outer loop 
      vertex -5.000000e-001 1.666667e-001 0.000000e+000
      vertex -5.000000e-001 0.000000e+000 0.000000e+000
      vertex -5.027925e-001 3.978948e-002 1.353785e-001
    endloop 
  endfacet
  facet normal 9.999840E-001 0.000000E+000 -5.656826E-003
    outer loop 
      vertex 5.012543e-001 8.610897e-004 2.217321e-001
      vertex 5.000000e-001 -1.666667e-001 0.000000e+000
      vertex 5.000000e-001 0.000000e+000 0.000000e+000
    endloop 
  endfacet
  facet normal 9.597818E-002 -9.953390E-001 -9.402310E-003
    outer loop 
      vertex 8.308351e-002 -5.051664e-001 3.858408e+000
      vertex 2.164786e-001 -4.936409e-001 4.000000e+000
      vertex 4.449928e-002 -5.102245e-001 4.000000e+000
    endloop 
  endfacet
  facet normal 9.931321E-001 1.032755E-001 5.497940E-002
    outer loop 
      vertex 4.867643e-001 2.079731e-001 4.000000e+000
      vertex 4.909647e-001 2.372948e-001 3.869045e+000
      vertex 4.685908e-001 3.827349e-001 4.000000e+000
    endloop 
  endfacet
  facet normal 8.635043E-001 -5.011476E-001 5.666899E-002
    outer loop 
      vertex 4.559285e-001 -2.152381e-001 2.497418e+000
      vertex 4.986000e-001 -1.575688e-001 2.357197e+000
      vertex 5.361052e-001 -7.357687e-002 2.528480e+000
    endloop 
  endfacet
  facet normal 8.289630E-001 -5.588537E-001 2.242451E-002
    outer loop 
      vertex 4.986000e-001 -1.575688e-001 2.357197e+000
      vertex 4.559285e-001 -2.152381e-001 2.497418e+000
      vertex 4.059618e-001 -2.961862e-001 2.327174e+000
    endloop 
  endfacet
  facet normal 8.655187E-001 -4.991010E-001 4.213544E-002
    outer loop 
      vertex 4.559285e-001 -2.152381e-001 2.497418e+000
      vertex 5.361052e-001 -7.357687e-002 2.528480e+000
      vertex 4.915664e-001 -1.394702e-001 2.662850e+000
    endloop 
  endfacet
  facet normal 8.611223E-001 -5.082775E-001 -1.106246E-002
    outer loop 
      vertex 4.559285e-001 -2.152381e-001 2.497418e+000
      vertex 3.707979e-001 -3.586547e-001 2.460141e+000
      vertex 4.059618e-001 -2.961862e-001 2.327174e+000
    endloop 
  endfacet
  facet normal 0.000000E+000 9.977385E-001 6.721494E-002
    outer loop 
      vertex -1.666667e-001 5.000000e-001 0.000000e+000
      vertex -1.756283e-001 4.885512e-001 1.699455e-001
      vertex 0.000000e+000 5.000000e-001 0.000000e+000
    endloop 
  endfacet
  facet normal -1.238926E-001 9.905490E-001 5.884949E-002
    outer loop 
      vertex -1.756283e-001 4.885512e-001 1.699455e-001
      vertex -2.558292e-001 4.671837e-001 3.607591e-001
      vertex -8.017811e-002 4.927261e-001 3.006202e-001
    endloop 
  endfacet
  facet normal 0.000000E+000 -9.981167E-001 6.134412E-002
    outer loop 
      vertex 1.666667e-001 -5.000000e-001 0.000000e+000
      vertex 1.663718e-001 -4.906403e-001 1.522889e-001
      vertex 0.000000e+000 -5.000000e-001 0.000000e+000
    endloop 
  endfacet
  facet normal -9.972301E-001 0.000000E+000 -7.437839E-002
    outer loop 
      vertex -5.076173e-001 2.077611e-001 1.021291e-001
      vertex -5.000000e-001 3.333333e-001 0.000000e+000
      vertex -5.000000e-001 1.666667e-001 0.000000e+000
    endloop 
  endfacet
  facet normal 9.900081E-001 1.613699E-002 -1.400846E-001
    outer loop 
      vertex 5.108050e-001 -3.191679e-001 9.719177e-002
      vertex 5.225233e-001 -4.724180e-001 1.623542e-001
      vertex 5.000000e-001 -5.000000e-001 0.000000e+000
    endloop 
  endfacet
  facet normal 9.938771E-001 0.000000E+000 -1.104908E-001
    outer loop 
      vertex 5.000000e-001 -3.333333e-001 0.000000e+000
      vertex 5.000000e-001 -1.666667e-001 0.000000e+000
      vertex 5.108050e-001 -3.191679e-001 9.719177e-002
    endloop 
  endfacet
  facet normal 9.938771E-001 0.000000E+000 -1.104908E-001
    outer loop 
      vertex 5.108050e-001 -3.191679e-001 9.719177e-002
      vertex 5.000000e-001 -5.000000e-001 0.000000e+000
      vertex 5.000000e-001 -3.333333e-001 0.000000e+000
    endloop 
  endfacet
  facet normal -9.921526E-001 -1.028671E-001 -7.107410E-002
    outer loop 
      vertex -5.183641e-001 1.154625e-001 4.000000e+000
      vertex -5.039850e-001 8.687967e-002 3.840645e+000
      vertex -5.009949e-001 -5.206335e-002 4.000000e+000
    endloop 
  endfacet
  facet normal -9.986379E-001 1.821682E-002 -4.889306E-002
    outer loop 
      vertex -5.039850e-001 8.687967e-002 3.840645e+000
      vertex -4.947865e-001 2.224474e-001 3.703276e+000
      vertex -4.973116e-001 2.654484e-002 3.681862e+000
    endloop 
  endfacet
  facet normal -1.001223E-001 9.921371E-001 -7.509603E-002
    outer loop 
      vertex 9.875953e-002 4.982526e-001 3.856334e+000
      vertex -4.275608e-002 4.948457e-001 4.000000e+000
      vertex 1.250242e-001 5.117773e-001 4.000000e+000
    endloop 
  endfacet
  facet normal -8.553385E-001 5.162475E-001 -4.341222E-002
    outer loop 
      vertex -3.620767e-001 3.509350e-001 2.361416e+000
      vertex -4.390566e-001 2.316013e-001 2.459043e+000
      vertex -3.790763e-001 3.385026e-001 2.548512e+000
    endloop 
  endfacet
  facet normal -8.300412E-001 5.570750E-001 2.644029E-002
    outer loop 
      vertex -3.620767e-001 3.509350e-001 2.361416e+000
      vertex -4.713398e-001 1.907628e-001 2.306007e+000
      vertex -4.390566e-001 2.316013e-001 2.459043e+000
    endloop 
  endfacet
  facet normal -6.052575E-001 -7.953718E-001 3.235975E-002
    outer loop 
      vertex -3.842472e-001 -3.381247e-001 2.188439e+000
      vertex -2.735240e-001 -4.244382e-001 2.137907e+000
      vertex -2.075828e-001 -4.685268e-001 2.287616e+000
    endloop 
  endfacet
  facet normal -5.864655E-001 -8.097275E-001 -1.999015E-002
    outer loop 
      vertex -3.842472e-001 -3.381247e-001 2.188439e+000
      vertex -2.075828e-001 -4.685268e-001 2.287616e+000
      vertex -2.851790e-001 -4.146884e-001 2.383318e+000
    endloop 
  endfacet
  facet normal -6.245477E-001 -7.796611E-001 4.548308E-002
    outer loop 
      vertex -1.422064e-001 -5.283922e-001 2.159128e+000
      vertex -2.075828e-001 -4.685268e-001 2.287616e+000
      vertex -2.735240e-001 -4.244382e-001 2.137907e+000
    endloop 
  endfacet
  facet normal -5.668550E-001 -8.185560E-001 9.295975E-002
    outer loop 
      vertex -2.075828e-001 -4.685268e-001 2.287616e+000
      vertex -1.422064e-001 -5.283922e-001 2.159128e+000
      vertex -3.809851e-002 -5.750893e-001 2.382771e+000
    endloop 
  endfacet
  facet normal -4.211521E-001 -9.028736E-001 8.631389E-002
    outer loop 
      vertex 8.381391e-002 -5.934475e-001 2.727380e+000
      vertex -9.858733e-002 -5.111328e-001 2.698428e+000
      vertex -5.129871e-002 -5.457272e-001 2.567295e+000
    endloop 
  endfacet
  facet normal -7.965298E-001 -6.044673E-001 1.263565E-002
    outer loop 
      vertex -4.387168e-001 -2.497470e-001 1.545072e+000
      vertex -3.844637e-001 -3.234443e-001 1.439544e+000
      vertex -3.296436e-001 -3.931682e-001 1.559837e+000
    endloop 
  endfacet
  facet normal -7.971806E-001 -6.028069E-001 3.357078E-002
    outer loop 
      vertex -3.313394e-001 -3.835982e-001 1.691410e+000
      vertex -4.387168e-001 -2.497470e-001 1.545072e+000
      vertex -3.296436e-001 -3.931682e-001 1.559837e+000
    endloop 
  endfacet
  facet normal -8.285400E-001 -5.591449E-001 -2.964232E-002
    outer loop 
      vertex -4.387168e-001 -2.497470e-001 1.545072e+000
      vertex -5.463049e-001 -8.356743e-002 1.417639e+000
      vertex -4.608294e-001 -2.061933e-001 1.341591e+000
    endloop 
  endfacet
  facet normal -8.255444E-001 -5.634906E-001 -3.089804E-002
    outer loop 
      vertex -3.844637e-001 -3.234443e-001 1.439544e+000
      vertex -4.387168e-001 -2.497470e-001 1.545072e+000
      vertex -4.608294e-001 -2.061933e-001 1.341591e+000
    endloop 
  endfacet
  facet normal -7.634208E-001 -6.452053E-001 -2.998153E-002
    outer loop 
      vertex -4.160593e-001 -2.850728e-001 1.728358e+000
      vertex -4.387168e-001 -2.497470e-001 1.545072e+000
      vertex -3.313394e-001 -3.835982e-001 1.691410e+000
    endloop 
  endfacet
  facet normal -2.743870E-001 -9.613370E-001 2.330139E-002
    outer loop 
      vertex -1.041846e-001 -4.981324e-001 2.965571e+000
      vertex -3.916490e-002 -5.127885e-001 3.126553e+000
      vertex -1.923379e-001 -4.702908e-001 3.076169e+000
    endloop 
  endfacet
  facet normal 9.599451E-001 -2.792828E-001 2.250482E-002
    outer loop 
      vertex 4.890931e-001 -1.216874e-001 2.955354e+000
      vertex 5.043049e-001 -5.587602e-002 3.123209e+000
      vertex 4.593627e-001 -2.153338e-001 3.061367e+000
    endloop 
  endfacet
  facet normal 3.387700E-001 9.408690E-001 -7.329266E-004
    outer loop 
      vertex 1.289224e-001 4.771706e-001 2.961058e+000
      vertex 2.864178e-001 4.204262e-001 2.914127e+000
      vertex 2.010454e-001 4.510892e-001 2.816211e+000
    endloop 
  endfacet
  facet normal -9.366535E-001 3.502284E-001 4.507742E-003
    outer loop 
      vertex -4.248132e-001 2.781298e-001 2.881673e+000
      vertex -4.612597e-001 1.817893e-001 2.793710e+000
      vertex -4.802451e-001 1.285975e-001 2.981507e+000
    endloop 
  endfacet
  facet normal 7.588900E-002 9.940563E-001 7.805836E-002
    outer loop 
      vertex -2.670388e-001 5.114105e-001 3.587440e+000
      vertex -5.609679e-002 4.974136e-001 3.560608e+000
      vertex -1.100226e-001 5.131491e-001 3.412647e+000
    endloop 
  endfacet
  facet normal 7.487248E-002 9.947541E-001 6.970290E-002
    outer loop 
      vertex -5.609679e-002 4.974136e-001 3.560608e+000
      vertex -2.670388e-001 5.114105e-001 3.587440e+000
      vertex -1.603766e-001 4.936768e-001 3.725952e+000
    endloop 
  endfacet
  facet normal 5.573035E-002 9.758745E-001 2.110998E-001
    outer loop 
      vertex -2.670388e-001 5.114105e-001 3.587440e+000
      vertex -4.477174e-001 5.360956e-001 3.521025e+000
      vertex -4.850489e-001 5.039116e-001 3.679661e+000
    endloop 
  endfacet
  facet normal -9.932796E-001 6.748572E-002 9.402737E-002
    outer loop 
      vertex -5.072300e-001 -1.096154e-001 3.575689e+000
      vertex -5.215390e-001 -1.690592e-001 3.467198e+000
      vertex -5.172554e-001 -2.923287e-001 3.600922e+000
    endloop 
  endfacet
  facet normal -9.950784E-001 6.493577E-002 7.484789E-002
    outer loop 
      vertex -5.000437e-001 -1.768552e-001 3.729564e+000
      vertex -5.072300e-001 -1.096154e-001 3.575689e+000
      vertex -5.172554e-001 -2.923287e-001 3.600922e+000
    endloop 
  endfacet
  facet normal -9.782264E-001 4.671216E-002 2.022157E-001
    outer loop 
      vertex -5.418744e-001 -4.563584e-001 3.519717e+000
      vertex -5.106719e-001 -4.934871e-001 3.679238e+000
      vertex -5.172554e-001 -2.923287e-001 3.600922e+000
    endloop 
  endfacet
  facet normal 1.385238E-001 -9.861917E-001 -9.075744E-002
    outer loop 
      vertex -6.130368e-002 -5.159810e-001 3.993022e-001
      vertex -2.697713e-001 -5.386947e-001 3.279291e-001
      vertex -1.869379e-001 -5.137932e-001 1.837733e-001
    endloop 
  endfacet
  facet normal 1.020804E-001 -9.735104E-001 -2.045897E-001
    outer loop 
      vertex -2.697713e-001 -5.386947e-001 3.279291e-001
      vertex -3.948247e-001 -5.837497e-001 4.799210e-001
      vertex -4.346059e-001 -5.544869e-001 3.208297e-001
    endloop 
  endfacet
  facet normal -7.168504E-001 -6.965073E-001 -3.167288E-002
    outer loop 
      vertex -4.160593e-001 -2.850728e-001 1.728358e+000
      vertex -3.749446e-001 -3.342927e-001 1.880189e+000
      vertex -4.765207e-001 -2.279633e-001 1.840903e+000
    endloop 
  endfacet
  facet normal 7.362478E-001 6.764530E-001 -1.872362E-002
    outer loop 
      vertex 4.413244e-001 2.540465e-001 1.769694e+000
      vertex 4.112776e-001 2.818826e-001 1.593870e+000
      vertex 3.228037e-001 3.835826e-001 1.789162e+000
    endloop 
  endfacet
  facet normal 7.375915E-001 6.752426E-001 -2.489576E-003
    outer loop 
      vertex 3.621170e-001 3.412470e-001 1.953978e+000
      vertex 4.413244e-001 2.540465e-001 1.769694e+000
      vertex 3.228037e-001 3.835826e-001 1.789162e+000
    endloop 
  endfacet
  facet normal 7.313113E-001 6.780934E-001 -7.330132E-002
    outer loop 
      vertex 5.388348e-001 1.508696e-001 1.788069e+000
      vertex 4.413244e-001 2.540465e-001 1.769694e+000
      vertex 4.891852e-001 2.195337e-001 1.927921e+000
    endloop 
  endfacet
  facet normal 6.856406E-001 7.262909E-001 -4.897382E-002
    outer loop 
      vertex 4.413244e-001 2.540465e-001 1.769694e+000
      vertex 3.621170e-001 3.412470e-001 1.953978e+000
      vertex 4.891852e-001 2.195337e-001 1.927921e+000
    endloop 
  endfacet
  facet normal 7.319580E-001 6.740764E-001 -9.928949E-002
    outer loop 
      vertex 5.388348e-001 1.508696e-001 1.788069e+000
      vertex 5.274752e-001 1.358572e-001 1.602407e+000
      vertex 4.413244e-001 2.540465e-001 1.769694e+000
    endloop 
  endfacet
  facet normal 7.830107E-001 6.209946E-001 -3.549508E-002
    outer loop 
      vertex 4.413244e-001 2.540465e-001 1.769694e+000
      vertex 5.274752e-001 1.358572e-001 1.602407e+000
      vertex 4.112776e-001 2.818826e-001 1.593870e+000
    endloop 
  endfacet
  facet normal 9.971629E-001 -7.505449E-002 5.740498E-003
    outer loop 
      vertex 5.006437e-001 -4.740357e-003 3.713324e+000
      vertex 4.948530e-001 -9.205922e-002 3.577564e+000
      vertex 5.065929e-001 6.395543e-002 3.578086e+000
    endloop 
  endfacet
  facet normal 1.598866E-001 -9.871071E-001 7.472986E-003
    outer loop 
      vertex 1.081374e-001 -4.883992e-001 4.173428e-001
      vertex 1.174342e-001 -4.855193e-001 5.988444e-001
      vertex -6.130368e-002 -5.159810e-001 3.993022e-001
    endloop 
  endfacet
  facet normal -1.694641E-001 9.854854E-001 1.002041E-002
    outer loop 
      vertex -1.902878e-004 5.053968e-001 4.072279e-001
      vertex -8.017811e-002 4.927261e-001 3.006202e-001
      vertex -1.486324e-001 4.792506e-001 4.682173e-001
    endloop 
  endfacet
  facet normal -1.357437E-001 9.904485E-001 2.419243E-002
    outer loop 
      vertex -8.017811e-002 4.927261e-001 3.006202e-001
      vertex -2.558292e-001 4.671837e-001 3.607591e-001
      vertex -1.486324e-001 4.792506e-001 4.682173e-001
    endloop 
  endfacet
  facet normal -2.074524E-001 -9.571008E-001 -2.022907E-001
    outer loop 
      vertex -5.978299e-001 -3.777525e-001 3.201597e+000
      vertex -4.205019e-001 -4.304153e-001 3.268909e+000
      vertex -5.715513e-001 -4.171975e-001 3.361275e+000
    endloop 
  endfacet
  facet normal 1.335523E-001 9.693165E-001 -2.063721E-001
    outer loop 
      vertex 4.225931e-001 4.442762e-001 3.458246e+000
      vertex 5.443920e-001 4.409551e-001 3.521468e+000
      vertex 5.735130e-001 4.029946e-001 3.362015e+000
    endloop 
  endfacet
  facet normal -9.534063E-001 2.249471E-001 -2.010353E-001
    outer loop 
      vertex -4.100583e-001 5.648287e-001 3.362164e+000
      vertex -3.701013e-001 5.917138e-001 3.202751e+000
      vertex -4.088589e-001 4.546730e-001 3.233218e+000
    endloop 
  endfacet
  facet normal 9.574875E-001 -2.075493E-001 -2.003523E-001
    outer loop 
      vertex 4.104740e-001 -5.800433e-001 3.360226e+000
      vertex 3.715094e-001 -6.055959e-001 3.200484e+000
      vertex 4.230647e-001 -4.351517e-001 3.270300e+000
    endloop 
  endfacet
  facet normal 9.470106E-001 2.527281E-001 -1.982405E-001
    outer loop 
      vertex 6.319261e-001 -3.118166e-001 7.994215e-001
      vertex 6.095334e-001 -3.530222e-001 6.399190e-001
      vertex 5.622320e-001 -1.599227e-001 6.601301e-001
    endloop 
  endfacet
  facet normal -9.294969E-001 -3.661138E-001 4.467855E-002
    outer loop 
      vertex -4.387852e-001 -2.632256e-001 7.848209e-001
      vertex -4.039646e-001 -3.336149e-001 9.324346e-001
      vertex -4.561183e-001 -2.049741e-001 9.015579e-001
    endloop 
  endfacet
  facet normal -9.429235E-001 -3.262275E-001 6.686541E-002
    outer loop 
      vertex -4.039646e-001 -3.336149e-001 9.324346e-001
      vertex -4.387852e-001 -2.632256e-001 7.848209e-001
      vertex -3.830915e-001 -4.131792e-001 8.385990e-001
    endloop 
  endfacet
  facet normal -9.206820E-001 -3.813781E-001 8.303869E-002
    outer loop 
      vertex -3.682277e-001 -3.943114e-001 1.049898e+000
      vertex -4.039646e-001 -3.336149e-001 9.324346e-001
      vertex -3.401292e-001 -4.790873e-001 9.720802e-001
    endloop 
  endfacet
  facet normal -9.072796E-001 -4.160754E-001 6.103219E-002
    outer loop 
      vertex -4.200664e-001 -2.818916e-001 1.045686e+000
      vertex -4.039646e-001 -3.336149e-001 9.324346e-001
      vertex -3.682277e-001 -3.943114e-001 1.049898e+000
    endloop 
  endfacet
  facet normal -9.208254E-001 -3.735693E-001 1.119226E-001
    outer loop 
      vertex -4.039646e-001 -3.336149e-001 9.324346e-001
      vertex -3.830915e-001 -4.131792e-001 8.385990e-001
      vertex -3.401292e-001 -4.790873e-001 9.720802e-001
    endloop 
  endfacet
  facet normal -9.291120E-001 -3.680429E-001 3.599097E-002
    outer loop 
      vertex -4.561183e-001 -2.049741e-001 9.015579e-001
      vertex -4.039646e-001 -3.336149e-001 9.324346e-001
      vertex -4.200664e-001 -2.818916e-001 1.045686e+000
    endloop 
  endfacet
  facet normal -6.823715E-002 -9.862053E-001 1.508071E-001
    outer loop 
      vertex 3.010095e-001 -5.458174e-001 3.470686e+000
      vertex 3.434247e-001 -5.252067e-001 3.624662e+000
      vertex 1.799932e-001 -5.214885e-001 3.575028e+000
    endloop 
  endfacet
  facet normal -8.621707E-002 -9.840703E-001 1.554742E-001
    outer loop 
      vertex 3.010095e-001 -5.458174e-001 3.470686e+000
      vertex 4.490491e-001 -5.510119e-001 3.519902e+000
      vertex 3.434247e-001 -5.252067e-001 3.624662e+000
    endloop 
  endfacet
  facet normal -2.259024E-002 -9.872921E-001 1.573027E-001
    outer loop 
      vertex 4.861721e-001 -5.198930e-001 3.678513e+000
      vertex 3.987379e-001 -5.059865e-001 3.753240e+000
      vertex 3.434247e-001 -5.252067e-001 3.624662e+000
    endloop 
  endfacet
  facet normal 6.496726E-003 -9.893950E-001 1.451040E-001
    outer loop 
      vertex 3.434247e-001 -5.252067e-001 3.624662e+000
      vertex 3.987379e-001 -5.059865e-001 3.753240e+000
      vertex 2.704432e-001 -5.094425e-001 3.735419e+000
    endloop 
  endfacet
  facet normal -5.458718E-002 -9.929351E-001 1.053574E-001
    outer loop 
      vertex 3.434247e-001 -5.252067e-001 3.624662e+000
      vertex 2.704432e-001 -5.094425e-001 3.735419e+000
      vertex 1.799932e-001 -5.214885e-001 3.575028e+000
    endloop 
  endfacet
  facet normal -3.949478E-002 -9.787395E-001 2.012689E-001
    outer loop 
      vertex 4.490491e-001 -5.510119e-001 3.519902e+000
      vertex 4.861721e-001 -5.198930e-001 3.678513e+000
      vertex 3.434247e-001 -5.252067e-001 3.624662e+000
    endloop 
  endfacet
  facet normal -9.435492E-001 -2.598338E-001 -2.054299E-001
    outer loop 
      vertex -5.718310e-001 1.782568e-001 6.903169e-001
      vertex -6.321067e-001 3.097354e-001 8.008680e-001
      vertex -6.090525e-001 3.529736e-001 6.402898e-001
    endloop 
  endfacet
  facet normal -8.738669E-001 4.861399E-001 4.983016E-003
    outer loop 
      vertex -4.432692e-001 2.223269e-001 2.625094e+000
      vertex -3.790763e-001 3.385026e-001 2.548512e+000
      vertex -4.390566e-001 2.316013e-001 2.459043e+000
    endloop 
  endfacet
  facet normal 4.661765E-001 8.846877E-001 2.700327E-003
    outer loop 
      vertex 1.818507e-001 4.615947e-001 2.657927e+000
      vertex 3.564336e-001 3.698480e-001 2.576742e+000
      vertex 2.583480e-001 4.218748e-001 2.464789e+000
    endloop 
  endfacet
  facet normal -9.009990E-001 4.337446E-001 8.146023E-003
    outer loop 
      vertex -4.612597e-001 1.817893e-001 2.793710e+000
      vertex -4.432692e-001 2.223269e-001 2.625094e+000
      vertex -5.043039e-001 9.416151e-002 2.698603e+000
    endloop 
  endfacet
  facet normal -9.821507E-001 -1.152714E-001 1.486347E-001
    outer loop 
      vertex -4.287868e-001 -4.437257e-001 4.451807e-001
      vertex -4.670590e-001 -3.625222e-001 2.552611e-001
      vertex -4.346059e-001 -5.544869e-001 3.208297e-001
    endloop 
  endfacet
  facet normal -9.917447E-001 -3.089541E-002 1.244501E-001
    outer loop 
      vertex -4.737183e-001 -5.211465e-001 1.628132e-001
      vertex -4.670590e-001 -3.625222e-001 2.552611e-001
      vertex -5.000000e-001 -3.333333e-001 0.000000e+000
    endloop 
  endfacet
  facet normal -9.710944E-001 -8.844376E-002 2.217055E-001
    outer loop 
      vertex -4.737183e-001 -5.211465e-001 1.628132e-001
      vertex -4.346059e-001 -5.544869e-001 3.208297e-001
      vertex -4.670590e-001 -3.625222e-001 2.552611e-001
    endloop 
  endfacet
  facet normal 9.872689E-001 -2.856948E-002 -1.564729E-001
    outer loop 
      vertex 4.861721e-001 -5.198930e-001 3.678513e+000
      vertex 4.691747e-001 -4.066789e-001 3.550596e+000
      vertex 4.942756e-001 -3.245484e-001 3.693975e+000
    endloop 
  endfacet
  facet normal -9.929689E-001 -1.000981E-001 6.319153E-002
    outer loop 
      vertex -4.843305e-001 -2.240839e-001 4.000000e+000
      vertex -4.867853e-001 -2.747438e-001 3.881179e+000
      vertex -4.667842e-001 -3.981429e-001 4.000000e+000
    endloop 
  endfacet
  facet normal -2.987403E-001 9.539580E-001 2.680209E-002
    outer loop 
      vertex -1.186610e-001 4.849167e-001 7.358987e-001
      vertex -2.578494e-001 4.405282e-001 7.643906e-001
      vertex -2.276214e-001 4.459681e-001 9.076961e-001
    endloop 
  endfacet
  facet normal -2.976166E-001 9.541301E-001 3.255928E-002
    outer loop 
      vertex -1.186610e-001 4.849167e-001 7.358987e-001
      vertex -1.982906e-001 4.639522e-001 6.223747e-001
      vertex -2.578494e-001 4.405282e-001 7.643906e-001
    endloop 
  endfacet
  facet normal -3.039899E-001 9.480367E-001 9.389615E-002
    outer loop 
      vertex -2.578494e-001 4.405282e-001 7.643906e-001
      vertex -3.592759e-001 4.151765e-001 6.919876e-001
      vertex -3.710205e-001 3.956348e-001 8.512700e-001
    endloop 
  endfacet
  facet normal -2.720155E-001 9.612646E-001 4.447268E-002
    outer loop 
      vertex -3.592759e-001 4.151765e-001 6.919876e-001
      vertex -2.578494e-001 4.405282e-001 7.643906e-001
      vertex -1.982906e-001 4.639522e-001 6.223747e-001
    endloop 
  endfacet
  facet normal -3.438674E-001 9.382923E-001 3.691562E-002
    outer loop 
      vertex -2.578494e-001 4.405282e-001 7.643906e-001
      vertex -3.710205e-001 3.956348e-001 8.512700e-001
      vertex -2.276214e-001 4.459681e-001 9.076961e-001
    endloop 
  endfacet
  facet normal -1.137556E-001 9.916230E-001 6.118457E-002
    outer loop 
      vertex -3.900558e-001 4.578591e-001 4.000000e+000
      vertex -2.146143e-001 4.779851e-001 4.000000e+000
      vertex -2.663120e-001 4.794320e-001 3.880434e+000
    endloop 
  endfacet
  facet normal 0.000000E+000 -9.971951E-001 -7.484515E-002
    outer loop 
      vertex -3.333333e-001 -5.000000e-001 0.000000e+000
      vertex -1.666667e-001 -5.000000e-001 0.000000e+000
      vertex -1.869379e-001 -5.137932e-001 1.837733e-001
    endloop 
  endfacet
  facet normal 0.000000E+000 9.968096E-001 -7.981661E-002
    outer loop 
      vertex 1.666667e-001 5.000000e-001 0.000000e+000
      vertex 2.011451e-001 5.107901e-001 1.347550e-001
      vertex 3.333333e-001 5.000000e-001 0.000000e+000
    endloop 
  endfacet
  facet normal 0.000000E+000 0.000000E+000 1.000000E+000
    outer loop 
      vertex -2.346575e-001 2.073732e-001 4.000000e+000
      vertex -1.396244e-001 6.433071e-002 4.000000e+000
      vertex -6.671011e-002 2.281319e-001 4.000000e+000
    endloop 
  endfacet
  facet normal -8.816181E-001 4.686111E-001 5.615458E-002
    outer loop 
      vertex -5.043039e-001 9.416151e-002 2.698603e+000
      vertex -4.913494e-001 1.349908e-001 2.561266e+000
      vertex -5.515215e-001 1.692083e-002 2.601869e+000
    endloop 
  endfacet
  facet normal -8.900895E-001 4.529569E-001 5.070162E-002
    outer loop 
      vertex -4.432692e-001 2.223269e-001 2.625094e+000
      vertex -4.913494e-001 1.349908e-001 2.561266e+000
      vertex -5.043039e-001 9.416151e-002 2.698603e+000
    endloop 
  endfacet
  facet normal -8.767824E-001 4.742391E-001 7.968678E-002
    outer loop 
      vertex -4.913494e-001 1.349908e-001 2.561266e+000
      vertex -5.250207e-001 8.988765e-002 2.459207e+000
      vertex -5.515215e-001 1.692083e-002 2.601869e+000
    endloop 
  endfacet
  facet normal -8.537732E-001 5.179637E-001 5.277229E-002
    outer loop 
      vertex -4.913494e-001 1.349908e-001 2.561266e+000
      vertex -4.390566e-001 2.316013e-001 2.459043e+000
      vertex -5.250207e-001 8.988765e-002 2.459207e+000
    endloop 
  endfacet
  facet normal -8.774111E-001 4.797178E-001 4.534407E-003
    outer loop 
      vertex -4.432692e-001 2.223269e-001 2.625094e+000
      vertex -4.390566e-001 2.316013e-001 2.459043e+000
      vertex -4.913494e-001 1.349908e-001 2.561266e+000
    endloop 
  endfacet
  facet normal 8.587002E-002 9.961045E-001 -2.005035E-002
    outer loop 
      vertex 1.352199e-001 4.794819e-001 3.489114e+000
      vertex -5.609679e-002 4.974136e-001 3.560608e+000
      vertex 5.729532e-002 4.902184e-001 3.688774e+000
    endloop 
  endfacet
  facet normal 1.015045E-001 9.945881E-001 2.216773E-002
    outer loop 
      vertex 1.352199e-001 4.794819e-001 3.489114e+000
      vertex 4.501826e-002 4.907349e-001 3.397260e+000
      vertex -5.609679e-002 4.974136e-001 3.560608e+000
    endloop 
  endfacet
  facet normal -9.970347E-001 7.677035E-002 -5.312681E-003
    outer loop 
      vertex -5.072300e-001 -1.096154e-001 3.575689e+000
      vertex -4.973116e-001 2.654484e-002 3.681862e+000
      vertex -4.956134e-001 3.755289e-002 3.522226e+000
    endloop 
  endfacet
  facet normal -9.613114E-001 -1.818195E-001 2.069349E-001
    outer loop 
      vertex -3.948247e-001 -5.837497e-001 4.799210e-001
      vertex -4.287868e-001 -4.437257e-001 4.451807e-001
      vertex -4.346059e-001 -5.544869e-001 3.208297e-001
    endloop 
  endfacet
  facet normal 9.675522E-001 1.300183E-001 2.166517E-001
    outer loop 
      vertex 4.330941e-001 5.549507e-001 3.215544e-001
      vertex 3.934787e-001 5.836287e-001 4.812639e-001
      vertex 4.516874e-001 4.152983e-001 3.223270e-001
    endloop 
  endfacet
  facet normal 1.111717E-001 -9.842061E-001 -1.377654E-001
    outer loop 
      vertex -2.845985e-001 -5.438085e-001 4.000000e+000
      vertex -2.890728e-001 -5.162181e-001 3.799282e+000
      vertex -1.229422e-001 -5.255485e-001 4.000000e+000
    endloop 
  endfacet
  facet normal 5.336644E-002 -9.891115E-001 -1.371511E-001
    outer loop 
      vertex -4.753710e-001 -5.314399e-001 3.836569e+000
      vertex -2.890728e-001 -5.162181e-001 3.799282e+000
      vertex -2.845985e-001 -5.438085e-001 4.000000e+000
    endloop 
  endfacet
  facet normal 3.103009E-002 -9.700381E-001 -2.409632E-001
    outer loop 
      vertex -5.106719e-001 -4.934871e-001 3.679238e+000
      vertex -2.890728e-001 -5.162181e-001 3.799282e+000
      vertex -4.753710e-001 -5.314399e-001 3.836569e+000
    endloop 
  endfacet
  facet normal 9.734561E-001 -9.108576E-002 -2.099681E-001
    outer loop 
      vertex 4.490491e-001 -5.510119e-001 3.519902e+000
      vertex 4.691747e-001 -4.066789e-001 3.550596e+000
      vertex 4.861721e-001 -5.198930e-001 3.678513e+000
    endloop 
  endfacet
  facet normal -1.315279E-001 9.695201E-001 -2.067154E-001
    outer loop 
      vertex 4.330941e-001 5.549507e-001 3.215544e-001
      vertex 2.922590e-001 5.498950e-001 3.874526e-001
      vertex 3.934787e-001 5.836287e-001 4.812639e-001
    endloop 
  endfacet
  facet normal -1.154242E-001 9.928200E-001 -3.139754E-002
    outer loop 
      vertex -1.902878e-004 5.053968e-001 4.072279e-001
      vertex 9.055807e-002 5.117546e-001 2.746546e-001
      vertex -8.017811e-002 4.927261e-001 3.006202e-001
    endloop 
  endfacet
  facet normal -8.603082E-001 5.006086E-001 9.623416E-002
    outer loop 
      vertex -6.070094e-001 -6.071252e-002 2.509669e+000
      vertex -5.515215e-001 1.692083e-002 2.601869e+000
      vertex -5.250207e-001 8.988765e-002 2.459207e+000
    endloop 
  endfacet
  facet normal -8.497647E-001 5.088166E-001 1.378608E-001
    outer loop 
      vertex -5.250207e-001 8.988765e-002 2.459207e+000
      vertex -5.928621e-001 2.151936e-003 2.364852e+000
      vertex -6.070094e-001 -6.071252e-002 2.509669e+000
    endloop 
  endfacet
  facet normal -8.270490E-001 5.568500E-001 7.686418E-002
    outer loop 
      vertex -4.713398e-001 1.907628e-001 2.306007e+000
      vertex -5.928621e-001 2.151936e-003 2.364852e+000
      vertex -5.250207e-001 8.988765e-002 2.459207e+000
    endloop 
  endfacet
  facet normal -8.542190E-001 5.182216E-001 4.190889E-002
    outer loop 
      vertex -4.713398e-001 1.907628e-001 2.306007e+000
      vertex -5.250207e-001 8.988765e-002 2.459207e+000
      vertex -4.390566e-001 2.316013e-001 2.459043e+000
    endloop 
  endfacet
  facet normal 2.414996E-001 -9.679766E-001 -6.855142E-002
    outer loop 
      vertex -6.417649e-002 -5.291450e-001 5.750637e-001
      vertex -6.130368e-002 -5.159810e-001 3.993022e-001
      vertex 1.174342e-001 -4.855193e-001 5.988444e-001
    endloop 
  endfacet
  facet normal 9.993501E-001 -1.623874E-002 -3.218215E-002
    outer loop 
      vertex 5.006437e-001 -4.740357e-003 3.713324e+000
      vertex 4.979383e-001 -1.601021e-001 3.707705e+000
      vertex 4.948530e-001 -9.205922e-002 3.577564e+000
    endloop 
  endfacet
  facet normal -1.421041E-002 -9.982389E-001 -5.759461E-002
    outer loop 
      vertex -1.886290e-001 -5.031502e-001 3.697120e+000
      vertex -1.541725e-001 -4.962892e-001 3.569702e+000
      vertex -3.558630e-002 -5.063398e-001 3.714643e+000
    endloop 
  endfacet
  facet normal -4.340868E-001 -9.008709E-001 6.253174E-004
    outer loop 
      vertex -1.886831e-001 -4.676402e-001 2.813346e+000
      vertex -2.698754e-001 -4.286186e-001 2.667668e+000
      vertex -9.858733e-002 -5.111328e-001 2.698428e+000
    endloop 
  endfacet
  facet normal -8.544178E-001 -5.194741E-001 -1.081205E-002
    outer loop 
      vertex -4.608294e-001 -2.061933e-001 1.341591e+000
      vertex -4.411970e-001 -2.350905e-001 1.178538e+000
      vertex -3.712552e-001 -3.527091e-001 1.302503e+000
    endloop 
  endfacet
  facet normal -5.422390E-001 8.400573E-001 -1.674858E-002
    outer loop 
      vertex -2.332392e-001 4.393910e-001 1.238208e+000
      vertex -3.695267e-001 3.539568e-001 1.365433e+000
      vertex -1.859592e-001 4.733152e-001 1.409042e+000
    endloop 
  endfacet
  facet normal -4.999507E-001 8.654062E-001 -3.348615E-002
    outer loop 
      vertex -8.137837e-002 5.281241e-001 1.264108e+000
      vertex -2.332392e-001 4.393910e-001 1.238208e+000
      vertex -1.859592e-001 4.733152e-001 1.409042e+000
    endloop 
  endfacet
  facet normal -9.979219E-001 2.711289E-002 5.845293E-002
    outer loop 
      vertex -4.973116e-001 2.654484e-002 3.681862e+000
      vertex -5.072300e-001 -1.096154e-001 3.575689e+000
      vertex -5.000437e-001 -1.768552e-001 3.729564e+000
    endloop 
  endfacet
  facet normal 2.211199E-002 9.990880E-001 3.652560E-002
    outer loop 
      vertex -5.609679e-002 4.974136e-001 3.560608e+000
      vertex -1.603766e-001 4.936768e-001 3.725952e+000
      vertex 5.729532e-002 4.902184e-001 3.688774e+000
    endloop 
  endfacet
  facet normal 1.478654E-001 9.876840E-001 5.114820E-002
    outer loop 
      vertex 4.501826e-002 4.907349e-001 3.397260e+000
      vertex -1.100226e-001 5.131491e-001 3.412647e+000
      vertex -5.609679e-002 4.974136e-001 3.560608e+000
    endloop 
  endfacet
  facet normal -1.276405E-001 -9.891903E-001 -7.218440E-002
    outer loop 
      vertex -2.435067e-001 -4.687246e-001 3.304329e+000
      vertex -1.212990e-001 -4.950553e-001 3.449062e+000
      vertex -2.861810e-001 -4.723704e-001 3.429750e+000
    endloop 
  endfacet
  facet normal -1.794166E-001 -9.833912E-001 -2.741131E-002
    outer loop 
      vertex -1.212990e-001 -4.950553e-001 3.449062e+000
      vertex -2.435067e-001 -4.687246e-001 3.304329e+000
      vertex -1.002932e-001 -4.958156e-001 3.338845e+000
    endloop 
  endfacet
  facet normal -1.308894E-001 -9.903387E-001 -4.579511E-002
    outer loop 
      vertex -1.212990e-001 -4.950553e-001 3.449062e+000
      vertex -1.541725e-001 -4.962892e-001 3.569702e+000
      vertex -2.861810e-001 -4.723704e-001 3.429750e+000
    endloop 
  endfacet
  facet normal -1.232404E-001 -9.922372E-001 -1.664389E-002
    outer loop 
      vertex 2.660280e-002 -5.133901e-001 3.446954e+000
      vertex -1.212990e-001 -4.950553e-001 3.449062e+000
      vertex -1.002932e-001 -4.958156e-001 3.338845e+000
    endloop 
  endfacet
  facet normal -6.232332E-001 -7.815272E-001 2.820685E-002
    outer loop 
      vertex -2.745410e-001 -4.285736e-001 2.000855e+000
      vertex -1.422064e-001 -5.283922e-001 2.159128e+000
      vertex -2.735240e-001 -4.244382e-001 2.137907e+000
    endloop 
  endfacet
  facet normal 5.703636E-001 8.213903E-001 1.801497E-003
    outer loop 
      vertex 3.458570e-001 3.615305e-001 2.272866e+000
      vertex 1.830889e-001 4.744248e-001 2.332116e+000
      vertex 2.583480e-001 4.218748e-001 2.464789e+000
    endloop 
  endfacet
  facet normal -4.420917E-001 -8.957396E-001 -4.696148E-002
    outer loop 
      vertex -4.195108e-001 -3.535103e-001 2.643714e+000
      vertex -3.382654e-001 -3.871874e-001 2.521230e+000
      vertex -2.698754e-001 -4.286186e-001 2.667668e+000
    endloop 
  endfacet
  facet normal 9.962013E-001 -7.076373E-002 -5.074752E-002
    outer loop 
      vertex 4.823104e-001 -1.771904e-001 3.450056e+000
      vertex 4.948530e-001 -9.205922e-002 3.577564e+000
      vertex 4.829030e-001 -2.520561e-001 3.566083e+000
    endloop 
  endfacet
  facet normal 9.883873E-001 -1.253340E-001 -8.591875E-002
    outer loop 
      vertex 4.823104e-001 -1.771904e-001 3.450056e+000
      vertex 4.829030e-001 -2.520561e-001 3.566083e+000
      vertex 4.605689e-001 -3.296457e-001 3.422342e+000
    endloop 
  endfacet
  facet normal 9.891336E-001 -1.278703E-001 -7.255265E-002
    outer loop 
      vertex 4.823104e-001 -1.771904e-001 3.450056e+000
      vertex 4.605689e-001 -3.296457e-001 3.422342e+000
      vertex 4.614044e-001 -2.579968e-001 3.307455e+000
    endloop 
  endfacet
  facet normal 9.837021E-001 -1.739102E-001 -4.566742E-002
    outer loop 
      vertex 4.823104e-001 -1.771904e-001 3.450056e+000
      vertex 4.614044e-001 -2.579968e-001 3.307455e+000
      vertex 4.860752e-001 -1.275426e-001 3.342083e+000
    endloop 
  endfacet
  facet normal 9.921041E-001 -1.245867E-001 -1.440920E-002
    outer loop 
      vertex 4.823104e-001 -1.771904e-001 3.450056e+000
      vertex 5.010175e-001 -2.806422e-002 3.448680e+000
      vertex 4.948530e-001 -9.205922e-002 3.577564e+000
    endloop 
  endfacet
  facet normal 9.919413E-001 -1.246430E-001 -2.272631E-002
    outer loop 
      vertex 5.010175e-001 -2.806422e-002 3.448680e+000
      vertex 4.823104e-001 -1.771904e-001 3.450056e+000
      vertex 4.860752e-001 -1.275426e-001 3.342083e+000
    endloop 
  endfacet
  facet normal 8.605900E-001 5.081612E-001 3.401558E-002
    outer loop 
      vertex 3.701730e-001 3.416520e-001 1.435254e+000
      vertex 4.187297e-001 2.717709e-001 1.250734e+000
      vertex 3.244753e-001 4.277218e-001 1.305598e+000
    endloop 
  endfacet
  facet normal -6.908231E-001 7.176117E-001 8.830048E-002
    outer loop 
      vertex -5.107254e-001 2.034662e-001 1.800811e+000
      vertex -4.883143e-001 2.051515e-001 1.962449e+000
      vertex -3.876838e-001 3.151534e-001 1.855759e+000
    endloop 
  endfacet
  facet normal 9.872103E-001 4.720643E-002 1.522743E-001
    outer loop 
      vertex 4.754878e-001 4.256222e-001 1.648262e-001
      vertex 4.516874e-001 4.152983e-001 3.223270e-001
      vertex 4.831914e-001 2.886123e-001 1.573568e-001
    endloop 
  endfacet
  facet normal 9.915648E-001 4.921597E-002 1.199044E-001
    outer loop 
      vertex 5.000000e-001 3.333333e-001 0.000000e+000
      vertex 4.754878e-001 4.256222e-001 1.648262e-001
      vertex 4.831914e-001 2.886123e-001 1.573568e-001
    endloop 
  endfacet
  facet normal 9.789208E-001 1.311993E-001 1.565272E-001
    outer loop 
      vertex 4.754878e-001 4.256222e-001 1.648262e-001
      vertex 4.330941e-001 5.549507e-001 3.215544e-001
      vertex 4.516874e-001 4.152983e-001 3.223270e-001
    endloop 
  endfacet
  facet normal 9.715634E-001 3.461558E-002 2.342357E-001
    outer loop 
      vertex 4.728476e-001 5.218686e-001 1.615536e-001
      vertex 4.330941e-001 5.549507e-001 3.215544e-001
      vertex 4.754878e-001 4.256222e-001 1.648262e-001
    endloop 
  endfacet
  facet normal 9.863569E-001 3.254390E-002 1.613722E-001
    outer loop 
      vertex 4.728476e-001 5.218686e-001 1.615536e-001
      vertex 4.754878e-001 4.256222e-001 1.648262e-001
      vertex 5.000000e-001 5.000000e-001 0.000000e+000
    endloop 
  endfacet
  facet normal 9.891220E-001 0.000000E+000 1.470979E-001
    outer loop 
      vertex 5.000000e-001 3.333333e-001 0.000000e+000
      vertex 5.000000e-001 5.000000e-001 0.000000e+000
      vertex 4.754878e-001 4.256222e-001 1.648262e-001
    endloop 
  endfacet
  facet normal 5.572336E-001 8.253339E-001 9.118485E-002
    outer loop 
      vertex 1.830889e-001 4.744248e-001 2.332116e+000
      vertex 1.356161e-001 5.226989e-001 2.185285e+000
      vertex 2.643061e-002 5.756091e-001 2.373619e+000
    endloop 
  endfacet
  facet normal 3.599575E-001 -9.302813E-001 -7.076213E-002
    outer loop 
      vertex -1.685296e-002 -5.382469e-001 8.479303e-001
      vertex 1.548949e-001 -4.761539e-001 9.052765e-001
      vertex 5.709372e-002 -5.216765e-001 1.006242e+000
    endloop 
  endfacet
  facet normal 9.867673E-001 5.970249E-002 -1.507511E-001
    outer loop 
      vertex 5.185062e-001 -3.690258e-001 3.834966e+000
      vertex 4.942756e-001 -3.245484e-001 3.693975e+000
      vertex 5.112826e-001 -2.209709e-001 3.846318e+000
    endloop 
  endfacet
  facet normal 9.898536E-001 5.823222E-002 -1.296105E-001
    outer loop 
      vertex 5.185062e-001 -3.690258e-001 3.834966e+000
      vertex 5.112826e-001 -2.209709e-001 3.846318e+000
      vertex 5.356107e-001 -2.924503e-001 4.000000e+000
    endloop 
  endfacet
  facet normal 9.837554E-001 -2.675869E-002 -1.775088E-001
    outer loop 
      vertex 4.861721e-001 -5.198930e-001 3.678513e+000
      vertex 4.942756e-001 -3.245484e-001 3.693975e+000
      vertex 5.185062e-001 -3.690258e-001 3.834966e+000
    endloop 
  endfacet
  facet normal 9.699202E-001 1.663527E-001 -1.777123E-001
    outer loop 
      vertex 5.185062e-001 -3.690258e-001 3.834966e+000
      vertex 5.356107e-001 -2.924503e-001 4.000000e+000
      vertex 5.625859e-001 -4.497298e-001 4.000000e+000
    endloop 
  endfacet
  facet normal 9.684325E-001 4.642648E-002 -2.449143E-001
    outer loop 
      vertex 5.243524e-001 -4.837804e-001 3.836330e+000
      vertex 4.861721e-001 -5.198930e-001 3.678513e+000
      vertex 5.185062e-001 -3.690258e-001 3.834966e+000
    endloop 
  endfacet
  facet normal 9.705313E-001 4.663437E-002 -2.364196E-001
    outer loop 
      vertex 5.243524e-001 -4.837804e-001 3.836330e+000
      vertex 5.185062e-001 -3.690258e-001 3.834966e+000
      vertex 5.625859e-001 -4.497298e-001 4.000000e+000
    endloop 
  endfacet
  facet normal 0.000000E+000 0.000000E+000 1.000000E+000
    outer loop 
      vertex 2.164786e-001 -4.936409e-001 4.000000e+000
      vertex 3.907409e-001 -4.755229e-001 4.000000e+000
      vertex 2.930153e-001 -3.045557e-001 4.000000e+000
    endloop 
  endfacet
  facet normal 0.000000E+000 0.000000E+000 1.000000E+000
    outer loop 
      vertex 3.907409e-001 -4.755229e-001 4.000000e+000
      vertex 5.625859e-001 -4.497298e-001 4.000000e+000
      vertex 5.356107e-001 -2.924503e-001 4.000000e+000
    endloop 
  endfacet
  facet normal -8.713085E-002 9.842936E-001 -1.535393E-001
    outer loop 
      vertex 2.363471e-001 5.256060e-001 2.634721e-001
      vertex 2.922590e-001 5.498950e-001 3.874526e-001
      vertex 3.571677e-001 5.347388e-001 2.534558e-001
    endloop 
  endfacet
  facet normal -1.125351E-001 9.797958E-001 -1.653365E-001
    outer loop 
      vertex 4.330941e-001 5.549507e-001 3.215544e-001
      vertex 3.571677e-001 5.347388e-001 2.534558e-001
      vertex 2.922590e-001 5.498950e-001 3.874526e-001
    endloop 
  endfacet
  facet normal -6.432265E-002 9.739695E-001 -2.173617E-001
    outer loop 
      vertex 3.571677e-001 5.347388e-001 2.534558e-001
      vertex 4.330941e-001 5.549507e-001 3.215544e-001
      vertex 4.728476e-001 5.218686e-001 1.615536e-001
    endloop 
  endfacet
  facet normal 1.539624E-001 -9.553947E-001 -2.520248E-001
    outer loop 
      vertex -4.753710e-001 -5.314399e-001 3.836569e+000
      vertex -2.845985e-001 -5.438085e-001 4.000000e+000
      vertex -4.406545e-001 -5.689570e-001 4.000000e+000
    endloop 
  endfacet
  facet normal -4.343563E-001 8.785424E-001 1.987408E-001
    outer loop 
      vertex -5.171812e-001 3.049308e-001 1.081423e+000
      vertex -6.516054e-001 2.656288e-001 9.613696e-001
      vertex -6.679291e-001 2.212852e-001 1.121716e+000
    endloop 
  endfacet
  facet normal -8.931310E-001 -4.018586E-001 -2.020562E-001
    outer loop 
      vertex -6.516054e-001 2.656288e-001 9.613696e-001
      vertex -5.997660e-001 1.052675e-001 1.051162e+000
      vertex -6.679291e-001 2.212852e-001 1.121716e+000
    endloop 
  endfacet
  facet normal 4.991183E-002 -9.885947E-001 -1.420899E-001
    outer loop 
      vertex -1.869379e-001 -5.137932e-001 1.837733e-001
      vertex -2.697713e-001 -5.386947e-001 3.279291e-001
      vertex -3.610218e-001 -5.186012e-001 1.560748e-001
    endloop 
  endfacet
  facet normal 1.011917E-001 -9.805154E-001 -1.683736E-001
    outer loop 
      vertex -3.610218e-001 -5.186012e-001 1.560748e-001
      vertex -2.697713e-001 -5.386947e-001 3.279291e-001
      vertex -4.346059e-001 -5.544869e-001 3.208297e-001
    endloop 
  endfacet
  facet normal 4.498029E-002 -9.928741E-001 -1.103525E-001
    outer loop 
      vertex -3.333333e-001 -5.000000e-001 0.000000e+000
      vertex -1.869379e-001 -5.137932e-001 1.837733e-001
      vertex -3.610218e-001 -5.186012e-001 1.560748e-001
    endloop 
  endfacet
  facet normal 9.606843E-003 -9.779294E-001 -2.087147E-001
    outer loop 
      vertex -4.737183e-001 -5.211465e-001 1.628132e-001
      vertex -3.610218e-001 -5.186012e-001 1.560748e-001
      vertex -4.346059e-001 -5.544869e-001 3.208297e-001
    endloop 
  endfacet
  facet normal 1.454903E-002 -9.912630E-001 -1.310955E-001
    outer loop 
      vertex -4.737183e-001 -5.211465e-001 1.628132e-001
      vertex -5.000000e-001 -5.000000e-001 0.000000e+000
      vertex -3.610218e-001 -5.186012e-001 1.560748e-001
    endloop 
  endfacet
  facet normal 0.000000E+000 -9.929726E-001 -1.183440E-001
    outer loop 
      vertex -5.000000e-001 -5.000000e-001 0.000000e+000
      vertex -3.333333e-001 -5.000000e-001 0.000000e+000
      vertex -3.610218e-001 -5.186012e-001 1.560748e-001
    endloop 
  endfacet
  facet normal -6.649088E-001 -7.188345E-001 -2.029120E-001
    outer loop 
      vertex -7.015321e-001 -6.291419e-002 2.081465e+000
      vertex -7.041631e-001 -1.519001e-002 1.921019e+000
      vertex -5.421553e-001 -1.855728e-001 1.993743e+000
    endloop 
  endfacet
  facet normal -8.239855E-001 5.298844E-001 2.006750E-001
    outer loop 
      vertex -6.955361e-001 -1.106698e-001 2.241173e+000
      vertex -6.867024e-001 -1.576908e-001 2.401604e+000
      vertex -5.928621e-001 2.151936e-003 2.364852e+000
    endloop 
  endfacet
  facet normal -3.484305E-001 -9.158489E-001 -1.995417E-001
    outer loop 
      vertex -4.830314e-001 -3.604819e-001 2.910642e+000
      vertex -6.214699e-001 -3.362948e-001 3.041364e+000
      vertex -6.422067e-001 -2.935085e-001 2.881194e+000
    endloop 
  endfacet
  facet normal 6.229035E-001 7.797690E-001 6.286098E-002
    outer loop 
      vertex 2.770773e-001 4.135598e-001 2.137348e+000
      vertex 2.326316e-001 4.617614e-001 1.979846e+000
      vertex 1.356161e-001 5.226989e-001 2.185285e+000
    endloop 
  endfacet
  facet normal 6.841871E-001 7.286919E-001 2.993587E-002
    outer loop 
      vertex 3.621170e-001 3.412470e-001 1.953978e+000
      vertex 2.326316e-001 4.617614e-001 1.979846e+000
      vertex 2.770773e-001 4.135598e-001 2.137348e+000
    endloop 
  endfacet
  facet normal 7.324947E-001 6.772974E-001 6.870177E-002
    outer loop 
      vertex 2.326316e-001 4.617614e-001 1.979846e+000
      vertex 3.228037e-001 3.835826e-001 1.789162e+000
      vertex 1.998136e-001 5.144538e-001 1.810281e+000
    endloop 
  endfacet
  facet normal 6.836875E-001 7.293711E-001 2.427171E-002
    outer loop 
      vertex 3.621170e-001 3.412470e-001 1.953978e+000
      vertex 3.228037e-001 3.835826e-001 1.789162e+000
      vertex 2.326316e-001 4.617614e-001 1.979846e+000
    endloop 
  endfacet
  facet normal 6.681489E-001 7.377166E-001 9.670106E-002
    outer loop 
      vertex 2.326316e-001 4.617614e-001 1.979846e+000
      vertex 9.480292e-002 5.801817e-001 2.028754e+000
      vertex 1.356161e-001 5.226989e-001 2.185285e+000
    endloop 
  endfacet
  facet normal 6.685438E-001 7.369698E-001 9.962218E-002
    outer loop 
      vertex 9.480292e-002 5.801817e-001 2.028754e+000
      vertex 2.326316e-001 4.617614e-001 1.979846e+000
      vertex 1.998136e-001 5.144538e-001 1.810281e+000
    endloop 
  endfacet
  facet normal 7.369711E-001 -6.720332E-001 -7.242107E-002
    outer loop 
      vertex 1.986977e-001 -5.267410e-001 1.982417e+000
      vertex 2.400797e-001 -4.691902e-001 1.869484e+000
      vertex 2.951817e-001 -4.232636e-001 2.004036e+000
    endloop 
  endfacet
  facet normal 6.904554E-001 -7.198294E-001 -7.153338E-002
    outer loop 
      vertex 2.400797e-001 -4.691902e-001 1.869484e+000
      vertex 1.517056e-001 -5.490859e-001 1.820456e+000
      vertex 2.241539e-001 -4.712645e-001 1.736638e+000
    endloop 
  endfacet
  facet normal 6.983292E-001 -7.080436E-001 -1.049318E-001
    outer loop 
      vertex 2.400797e-001 -4.691902e-001 1.869484e+000
      vertex 1.986977e-001 -5.267410e-001 1.982417e+000
      vertex 1.517056e-001 -5.490859e-001 1.820456e+000
    endloop 
  endfacet
  facet normal 7.024603E-001 -7.102841E-001 -4.523196E-002
    outer loop 
      vertex 3.197574e-001 -3.890910e-001 1.849082e+000
      vertex 2.951817e-001 -4.232636e-001 2.004036e+000
      vertex 2.400797e-001 -4.691902e-001 1.869484e+000
    endloop 
  endfacet
  facet normal 6.978055E-001 -7.126060E-001 -7.252733E-002
    outer loop 
      vertex 3.197574e-001 -3.890910e-001 1.849082e+000
      vertex 2.400797e-001 -4.691902e-001 1.869484e+000
      vertex 2.241539e-001 -4.712645e-001 1.736638e+000
    endloop 
  endfacet
  facet normal -9.872206E-001 0.000000E+000 1.593592E-001
    outer loop 
      vertex -4.737183e-001 -5.211465e-001 1.628132e-001
      vertex -5.000000e-001 -3.333333e-001 0.000000e+000
      vertex -5.000000e-001 -5.000000e-001 0.000000e+000
    endloop 
  endfacet
  facet normal 6.886957E-001 7.134251E-001 -1.293168E-001
    outer loop 
      vertex 6.060634e-001 1.054206e-001 1.920825e+000
      vertex 4.891852e-001 2.195337e-001 1.927921e+000
      vertex 5.724411e-001 1.662213e-001 2.077195e+000
    endloop 
  endfacet
  facet normal 6.914122E-001 7.147232E-001 -1.054504E-001
    outer loop 
      vertex 6.060634e-001 1.054206e-001 1.920825e+000
      vertex 5.388348e-001 1.508696e-001 1.788069e+000
      vertex 4.891852e-001 2.195337e-001 1.927921e+000
    endloop 
  endfacet
  facet normal 6.394882E-001 7.642280E-001 -8.372774E-002
    outer loop 
      vertex 4.891852e-001 2.195337e-001 1.927921e+000
      vertex 4.260371e-001 2.909859e-001 2.097797e+000
      vertex 5.724411e-001 1.662213e-001 2.077195e+000
    endloop 
  endfacet
  facet normal 6.853868E-001 7.264079E-001 -5.075822E-002
    outer loop 
      vertex 3.621170e-001 3.412470e-001 1.953978e+000
      vertex 4.260371e-001 2.909859e-001 2.097797e+000
      vertex 4.891852e-001 2.195337e-001 1.927921e+000
    endloop 
  endfacet
  facet normal -3.991223E-001 -8.941425E-001 2.030038E-001
    outer loop 
      vertex 8.381391e-002 -5.934475e-001 2.727380e+000
      vertex 2.445081e-001 -6.668534e-001 2.719997e+000
      vertex 2.879561e-001 -6.497356e-001 2.880816e+000
    endloop 
  endfacet
  facet normal 0.000000E+000 0.000000E+000 -1.000000E+000
    outer loop 
      vertex 5.137601e-003 2.877174e-001 0.000000e+000
      vertex 2.232202e-002 1.391538e-001 0.000000e+000
      vertex -1.085704e-001 1.559337e-001 0.000000e+000
    endloop 
  endfacet
  facet normal 0.000000E+000 0.000000E+000 -1.000000E+000
    outer loop 
      vertex 2.232202e-002 1.391538e-001 0.000000e+000
      vertex 1.016581e-003 2.434756e-002 0.000000e+000
      vertex -1.085704e-001 1.559337e-001 0.000000e+000
    endloop 
  endfacet
  facet normal 0.000000E+000 0.000000E+000 -1.000000E+000
    outer loop 
      vertex 1.266406e-001 8.004968e-002 0.000000e+000
      vertex 1.016581e-003 2.434756e-002 0.000000e+000
      vertex 2.232202e-002 1.391538e-001 0.000000e+000
    endloop 
  endfacet
  facet normal 0.000000E+000 0.000000E+000 -1.000000E+000
    outer loop 
      vertex 2.232202e-002 1.391538e-001 0.000000e+000
      vertex 1.315549e-001 2.099927e-001 0.000000e+000
      vertex 1.266406e-001 8.004968e-002 0.000000e+000
    endloop 
  endfacet
  facet normal 0.000000E+000 0.000000E+000 -1.000000E+000
    outer loop 
      vertex 5.137601e-003 2.877174e-001 0.000000e+000
      vertex 1.315549e-001 2.099927e-001 0.000000e+000
      vertex 2.232202e-002 1.391538e-001 0.000000e+000
    endloop 
  endfacet
  facet normal 8.338689E-001 -5.146461E-001 -1.995047E-001
    outer loop 
      vertex 1.987705e-001 -6.813502e-001 2.559528e+000
      vertex 1.536739e-001 -6.925247e-001 2.399863e+000
      vertex 2.679570e-001 -5.280731e-001 2.453310e+000
    endloop 
  endfacet
  facet normal 0.000000E+000 0.000000E+000 -1.000000E+000
    outer loop 
      vertex 1.263364e-001 -4.950204e-002 0.000000e+000
      vertex 2.463146e-001 -1.167427e-001 0.000000e+000
      vertex 1.197696e-001 -1.840909e-001 0.000000e+000
    endloop 
  endfacet
  facet normal 0.000000E+000 0.000000E+000 -1.000000E+000
    outer loop 
      vertex 2.514290e-001 2.113478e-002 0.000000e+000
      vertex 2.463146e-001 -1.167427e-001 0.000000e+000
      vertex 1.263364e-001 -4.950204e-002 0.000000e+000
    endloop 
  endfacet
  facet normal 0.000000E+000 0.000000E+000 -1.000000E+000
    outer loop 
      vertex 2.514290e-001 2.113478e-002 0.000000e+000
      vertex 1.263364e-001 -4.950204e-002 0.000000e+000
      vertex 1.266406e-001 8.004968e-002 0.000000e+000
    endloop 
  endfacet
  facet normal 0.000000E+000 0.000000E+000 -1.000000E+000
    outer loop 
      vertex 1.266406e-001 8.004968e-002 0.000000e+000
      vertex 1.263364e-001 -4.950204e-002 0.000000e+000
      vertex 1.016581e-003 2.434756e-002 0.000000e+000
    endloop 
  endfacet
  facet normal 0.000000E+000 0.000000E+000 -1.000000E+000
    outer loop 
      vertex -1.117158e-003 -1.113729e-001 0.000000e+000
      vertex 1.263364e-001 -4.950204e-002 0.000000e+000
      vertex 1.197696e-001 -1.840909e-001 0.000000e+000
    endloop 
  endfacet
  facet normal 0.000000E+000 0.000000E+000 -1.000000E+000
    outer loop 
      vertex 1.016581e-003 2.434756e-002 0.000000e+000
      vertex 1.263364e-001 -4.950204e-002 0.000000e+000
      vertex -1.117158e-003 -1.113729e-001 0.000000e+000
    endloop 
  endfacet
  facet normal -8.755826E-001 -4.419953E-001 1.949236E-001
    outer loop 
      vertex -2.232396e-001 -6.694943e-001 1.119637e+000
      vertex -3.000444e-001 -5.232786e-001 1.106184e+000
      vertex -2.673653e-001 -6.526420e-001 9.596406e-001
    endloop 
  endfacet
  facet normal 0.000000E+000 0.000000E+000 -1.000000E+000
    outer loop 
      vertex 1.274870e-001 3.588903e-001 0.000000e+000
      vertex 1.315549e-001 2.099927e-001 0.000000e+000
      vertex 5.137601e-003 2.877174e-001 0.000000e+000
    endloop 
  endfacet
  facet normal 0.000000E+000 0.000000E+000 -1.000000E+000
    outer loop 
      vertex 2.514211e-001 2.763562e-001 0.000000e+000
      vertex 1.315549e-001 2.099927e-001 0.000000e+000
      vertex 1.274870e-001 3.588903e-001 0.000000e+000
    endloop 
  endfacet
  facet normal 0.000000E+000 0.000000E+000 -1.000000E+000
    outer loop 
      vertex 1.315549e-001 2.099927e-001 0.000000e+000
      vertex 2.504312e-001 1.480949e-001 0.000000e+000
      vertex 1.266406e-001 8.004968e-002 0.000000e+000
    endloop 
  endfacet
  facet normal 0.000000E+000 0.000000E+000 -1.000000E+000
    outer loop 
      vertex 2.514211e-001 2.763562e-001 0.000000e+000
      vertex 2.504312e-001 1.480949e-001 0.000000e+000
      vertex 1.315549e-001 2.099927e-001 0.000000e+000
    endloop 
  endfacet
  facet normal 0.000000E+000 0.000000E+000 1.000000E+000
    outer loop 
      vertex 2.857398e-001 5.286177e-001 4.000000e+000
      vertex 1.250242e-001 5.117773e-001 4.000000e+000
      vertex 2.136309e-001 3.494952e-001 4.000000e+000
    endloop 
  endfacet
  facet normal 0.000000E+000 0.000000E+000 1.000000E+000
    outer loop 
      vertex 7.502399e-002 -1.429243e-001 4.000000e+000
      vertex 1.299714e-001 -5.155444e-003 4.000000e+000
      vertex 8.936455e-004 -1.045516e-002 4.000000e+000
    endloop 
  endfacet
  facet normal 0.000000E+000 0.000000E+000 1.000000E+000
    outer loop 
      vertex 1.638460e-001 1.070141e-001 4.000000e+000
      vertex 1.299714e-001 -5.155444e-003 4.000000e+000
      vertex 2.912942e-001 1.052192e-002 4.000000e+000
    endloop 
  endfacet
  facet normal 0.000000E+000 0.000000E+000 1.000000E+000
    outer loop 
      vertex 7.502399e-002 -1.429243e-001 4.000000e+000
      vertex 2.207262e-001 -1.369855e-001 4.000000e+000
      vertex 1.299714e-001 -5.155444e-003 4.000000e+000
    endloop 
  endfacet
  facet normal 0.000000E+000 0.000000E+000 1.000000E+000
    outer loop 
      vertex 2.207262e-001 -1.369855e-001 4.000000e+000
      vertex 2.912942e-001 1.052192e-002 4.000000e+000
      vertex 1.299714e-001 -5.155444e-003 4.000000e+000
    endloop 
  endfacet
  facet normal 0.000000E+000 0.000000E+000 1.000000E+000
    outer loop 
      vertex 1.638460e-001 1.070141e-001 4.000000e+000
      vertex 2.368155e-002 1.105350e-001 4.000000e+000
      vertex 1.299714e-001 -5.155444e-003 4.000000e+000
    endloop 
  endfacet
  facet normal 0.000000E+000 0.000000E+000 1.000000E+000
    outer loop 
      vertex 2.368155e-002 1.105350e-001 4.000000e+000
      vertex 8.936455e-004 -1.045516e-002 4.000000e+000
      vertex 1.299714e-001 -5.155444e-003 4.000000e+000
    endloop 
  endfacet
  facet normal 8.575892E-001 4.725572E-001 2.030529E-001
    outer loop 
      vertex 1.767358e-001 6.798757e-001 1.282730e+000
      vertex 2.824577e-001 5.297471e-001 1.185604e+000
      vertex 2.220351e-001 6.669945e-001 1.121387e+000
    endloop 
  endfacet
  facet normal 6.408637E-001 7.410149E-001 2.004763E-001
    outer loop 
      vertex -1.109260e-002 7.003813e-001 1.922980e+000
      vertex -5.827934e-002 6.977906e-001 2.083398e+000
      vertex 9.480292e-002 5.801817e-001 2.028754e+000
    endloop 
  endfacet
  facet normal 0.000000E+000 0.000000E+000 1.000000E+000
    outer loop 
      vertex 3.115559e-001 1.729931e-001 4.000000e+000
      vertex 1.051799e-001 2.307223e-001 4.000000e+000
      vertex 1.638460e-001 1.070141e-001 4.000000e+000
    endloop 
  endfacet
  facet normal 0.000000E+000 0.000000E+000 1.000000E+000
    outer loop 
      vertex 1.051799e-001 2.307223e-001 4.000000e+000
      vertex 3.115559e-001 1.729931e-001 4.000000e+000
      vertex 2.136309e-001 3.494952e-001 4.000000e+000
    endloop 
  endfacet
  facet normal 0.000000E+000 0.000000E+000 1.000000E+000
    outer loop 
      vertex 4.661208e-002 3.697913e-001 4.000000e+000
      vertex -6.671011e-002 2.281319e-001 4.000000e+000
      vertex 1.051799e-001 2.307223e-001 4.000000e+000
    endloop 
  endfacet
  facet normal 0.000000E+000 0.000000E+000 1.000000E+000
    outer loop 
      vertex 4.661208e-002 3.697913e-001 4.000000e+000
      vertex 1.051799e-001 2.307223e-001 4.000000e+000
      vertex 2.136309e-001 3.494952e-001 4.000000e+000
    endloop 
  endfacet
  facet normal 0.000000E+000 0.000000E+000 1.000000E+000
    outer loop 
      vertex 2.368155e-002 1.105350e-001 4.000000e+000
      vertex 1.638460e-001 1.070141e-001 4.000000e+000
      vertex 1.051799e-001 2.307223e-001 4.000000e+000
    endloop 
  endfacet
  facet normal 0.000000E+000 0.000000E+000 1.000000E+000
    outer loop 
      vertex 2.368155e-002 1.105350e-001 4.000000e+000
      vertex 1.051799e-001 2.307223e-001 4.000000e+000
      vertex -6.671011e-002 2.281319e-001 4.000000e+000
    endloop 
  endfacet
  facet normal 0.000000E+000 0.000000E+000 1.000000E+000
    outer loop 
      vertex 2.207262e-001 -1.369855e-001 4.000000e+000
      vertex 7.502399e-002 -1.429243e-001 4.000000e+000
      vertex 1.416478e-001 -3.137652e-001 4.000000e+000
    endloop 
  endfacet
  facet normal 0.000000E+000 0.000000E+000 1.000000E+000
    outer loop 
      vertex 2.930153e-001 -3.045557e-001 4.000000e+000
      vertex 2.207262e-001 -1.369855e-001 4.000000e+000
      vertex 1.416478e-001 -3.137652e-001 4.000000e+000
    endloop 
  endfacet
  facet normal 0.000000E+000 0.000000E+000 1.000000E+000
    outer loop 
      vertex 2.207262e-001 -1.369855e-001 4.000000e+000
      vertex 3.725699e-001 -1.180076e-001 4.000000e+000
      vertex 2.912942e-001 1.052192e-002 4.000000e+000
    endloop 
  endfacet
  facet normal 0.000000E+000 0.000000E+000 1.000000E+000
    outer loop 
      vertex 3.725699e-001 -1.180076e-001 4.000000e+000
      vertex 2.207262e-001 -1.369855e-001 4.000000e+000
      vertex 2.930153e-001 -3.045557e-001 4.000000e+000
    endloop 
  endfacet
  facet normal 8.872946E-001 4.118816E-001 -2.075136E-001
    outer loop 
      vertex 5.878656e-001 -7.127063e-002 1.077211e+000
      vertex 6.685544e-001 -2.233550e-001 1.120360e+000
      vertex 6.518396e-001 -2.683944e-001 9.594942e-001
    endloop 
  endfacet
  facet normal 0.000000E+000 0.000000E+000 1.000000E+000
    outer loop 
      vertex -6.671011e-002 2.281319e-001 4.000000e+000
      vertex -1.396244e-001 6.433071e-002 4.000000e+000
      vertex 2.368155e-002 1.105350e-001 4.000000e+000
    endloop 
  endfacet
  facet normal 0.000000E+000 0.000000E+000 1.000000E+000
    outer loop 
      vertex -1.396244e-001 6.433071e-002 4.000000e+000
      vertex 8.936455e-004 -1.045516e-002 4.000000e+000
      vertex 2.368155e-002 1.105350e-001 4.000000e+000
    endloop 
  endfacet
  facet normal 7.407968E-001 -6.420999E-001 1.973014E-001
    outer loop 
      vertex 7.048843e-001 8.507907e-003 1.921338e+000
      vertex 7.024485e-001 5.482131e-002 2.081206e+000
      vertex 5.864376e-001 -9.646285e-002 2.024445e+000
    endloop 
  endfacet
  facet normal 8.266945E-001 -5.277547E-001 1.950670E-001
    outer loop 
      vertex 5.931021e-001 -1.292375e-002 2.371521e+000
      vertex 6.970221e-001 1.014214e-001 2.240469e+000
      vertex 6.882265e-001 1.473855e-001 2.402101e+000
    endloop 
  endfacet
  facet normal 5.412682E-001 8.160732E-001 -2.026163E-001
    outer loop 
      vertex 5.699052e-001 2.224455e-001 2.388335e+000
      vertex 6.882265e-001 1.473855e-001 2.402101e+000
      vertex 6.970221e-001 1.014214e-001 2.240469e+000
    endloop 
  endfacet
  facet normal 5.906076E-001 7.942989E-001 -1.423791E-001
    outer loop 
      vertex 5.699052e-001 2.224455e-001 2.388335e+000
      vertex 6.970221e-001 1.014214e-001 2.240469e+000
      vertex 5.096154e-001 2.395995e-001 2.233943e+000
    endloop 
  endfacet
  facet normal 5.414938E-001 8.179886E-001 -1.941110E-001
    outer loop 
      vertex 6.882265e-001 1.473855e-001 2.402101e+000
      vertex 5.699052e-001 2.224455e-001 2.388335e+000
      vertex 6.762723e-001 1.931941e-001 2.561792e+000
    endloop 
  endfacet
  facet normal 9.142149E-001 -3.535980E-001 1.979385E-001
    outer loop 
      vertex 6.438828e-001 2.807792e-001 2.882297e+000
      vertex 5.888053e-001 1.209365e-001 2.851139e+000
      vertex 6.617250e-001 2.374041e-001 2.722404e+000
    endloop 
  endfacet
  facet normal 0.000000E+000 0.000000E+000 -1.000000E+000
    outer loop 
      vertex -2.533354e-001 -3.212956e-002 0.000000e+000
      vertex -1.252241e-001 8.427107e-004 0.000000e+000
      vertex -1.298412e-001 -1.264382e-001 0.000000e+000
    endloop 
  endfacet
  facet normal 0.000000E+000 0.000000E+000 -1.000000E+000
    outer loop 
      vertex -1.085704e-001 1.559337e-001 0.000000e+000
      vertex 1.016581e-003 2.434756e-002 0.000000e+000
      vertex -1.252241e-001 8.427107e-004 0.000000e+000
    endloop 
  endfacet
  facet normal 0.000000E+000 0.000000E+000 -1.000000E+000
    outer loop 
      vertex -1.298412e-001 -1.264382e-001 0.000000e+000
      vertex -1.252241e-001 8.427107e-004 0.000000e+000
      vertex -1.117158e-003 -1.113729e-001 0.000000e+000
    endloop 
  endfacet
  facet normal 0.000000E+000 0.000000E+000 -1.000000E+000
    outer loop 
      vertex -1.252241e-001 8.427107e-004 0.000000e+000
      vertex 1.016581e-003 2.434756e-002 0.000000e+000
      vertex -1.117158e-003 -1.113729e-001 0.000000e+000
    endloop 
  endfacet
  facet normal 0.000000E+000 0.000000E+000 -1.000000E+000
    outer loop 
      vertex -1.252241e-001 8.427107e-004 0.000000e+000
      vertex -2.481997e-001 1.045120e-001 0.000000e+000
      vertex -1.085704e-001 1.559337e-001 0.000000e+000
    endloop 
  endfacet
  facet normal 0.000000E+000 0.000000E+000 -1.000000E+000
    outer loop 
      vertex -2.481997e-001 1.045120e-001 0.000000e+000
      vertex -1.252241e-001 8.427107e-004 0.000000e+000
      vertex -2.533354e-001 -3.212956e-002 0.000000e+000
    endloop 
  endfacet
  facet normal -7.771972E-001 6.290967E-001 -1.420683E-002
    outer loop 
      vertex -3.558365e-001 3.506271e-001 2.191821e+000
      vertex -3.619664e-001 3.393250e-001 2.026690e+000
      vertex -4.721104e-001 2.055763e-001 2.129650e+000
    endloop 
  endfacet
  facet normal -7.659478E-001 6.427146E-001 -1.555647E-002
    outer loop 
      vertex -3.619664e-001 3.393250e-001 2.026690e+000
      vertex -3.558365e-001 3.506271e-001 2.191821e+000
      vertex -2.416224e-001 4.843167e-001 2.091682e+000
    endloop 
  endfacet
  facet normal -7.427965E-001 6.658168E-001 7.029502E-002
    outer loop 
      vertex -4.721104e-001 2.055763e-001 2.129650e+000
      vertex -3.619664e-001 3.393250e-001 2.026690e+000
      vertex -4.883143e-001 2.051515e-001 1.962449e+000
    endloop 
  endfacet
  facet normal -7.311842E-001 6.820453E-001 1.356121E-002
    outer loop 
      vertex -3.619664e-001 3.393250e-001 2.026690e+000
      vertex -3.876838e-001 3.151534e-001 1.855759e+000
      vertex -4.883143e-001 2.051515e-001 1.962449e+000
    endloop 
  endfacet
  facet normal -7.118139E-001 7.023250E-001 7.779041E-003
    outer loop 
      vertex -3.619664e-001 3.393250e-001 2.026690e+000
      vertex -2.674382e-001 4.364434e-001 1.908136e+000
      vertex -3.876838e-001 3.151534e-001 1.855759e+000
    endloop 
  endfacet
  facet normal -7.534218E-001 6.543465E-001 -6.470015E-002
    outer loop 
      vertex -3.619664e-001 3.393250e-001 2.026690e+000
      vertex -2.416224e-001 4.843167e-001 2.091682e+000
      vertex -2.674382e-001 4.364434e-001 1.908136e+000
    endloop 
  endfacet
  facet normal 0.000000E+000 0.000000E+000 -1.000000E+000
    outer loop 
      vertex -1.298412e-001 -1.264382e-001 0.000000e+000
      vertex -1.117158e-003 -1.113729e-001 0.000000e+000
      vertex -1.770479e-002 -2.319069e-001 0.000000e+000
    endloop 
  endfacet
  facet normal 0.000000E+000 0.000000E+000 -1.000000E+000
    outer loop 
      vertex -1.117158e-003 -1.113729e-001 0.000000e+000
      vertex 1.197696e-001 -1.840909e-001 0.000000e+000
      vertex -1.770479e-002 -2.319069e-001 0.000000e+000
    endloop 
  endfacet
  facet normal 0.000000E+000 0.000000E+000 1.000000E+000
    outer loop 
      vertex 7.502399e-002 -1.429243e-001 4.000000e+000
      vertex -6.995472e-002 -1.010790e-001 4.000000e+000
      vertex -2.030343e-003 -2.800916e-001 4.000000e+000
    endloop 
  endfacet
  facet normal 0.000000E+000 0.000000E+000 1.000000E+000
    outer loop 
      vertex 7.502399e-002 -1.429243e-001 4.000000e+000
      vertex 8.936455e-004 -1.045516e-002 4.000000e+000
      vertex -6.995472e-002 -1.010790e-001 4.000000e+000
    endloop 
  endfacet
  facet normal 0.000000E+000 0.000000E+000 1.000000E+000
    outer loop 
      vertex -2.030343e-003 -2.800916e-001 4.000000e+000
      vertex -6.995472e-002 -1.010790e-001 4.000000e+000
      vertex -1.419791e-001 -2.122660e-001 4.000000e+000
    endloop 
  endfacet
  facet normal 0.000000E+000 0.000000E+000 1.000000E+000
    outer loop 
      vertex -6.995472e-002 -1.010790e-001 4.000000e+000
      vertex -2.212577e-001 -7.186723e-002 4.000000e+000
      vertex -1.419791e-001 -2.122660e-001 4.000000e+000
    endloop 
  endfacet
  facet normal 0.000000E+000 0.000000E+000 1.000000E+000
    outer loop 
      vertex -1.396244e-001 6.433071e-002 4.000000e+000
      vertex -2.212577e-001 -7.186723e-002 4.000000e+000
      vertex -6.995472e-002 -1.010790e-001 4.000000e+000
    endloop 
  endfacet
  facet normal 0.000000E+000 0.000000E+000 1.000000E+000
    outer loop 
      vertex -1.396244e-001 6.433071e-002 4.000000e+000
      vertex -6.995472e-002 -1.010790e-001 4.000000e+000
      vertex 8.936455e-004 -1.045516e-002 4.000000e+000
    endloop 
  endfacet
  facet normal 0.000000E+000 0.000000E+000 1.000000E+000
    outer loop 
      vertex -3.617904e-001 -2.661974e-001 4.000000e+000
      vertex -2.654225e-001 -1.884343e-001 4.000000e+000
      vertex -3.695189e-001 -1.099133e-001 4.000000e+000
    endloop 
  endfacet
  facet normal 0.000000E+000 0.000000E+000 1.000000E+000
    outer loop 
      vertex -2.378028e-001 -3.131225e-001 4.000000e+000
      vertex -2.654225e-001 -1.884343e-001 4.000000e+000
      vertex -3.617904e-001 -2.661974e-001 4.000000e+000
    endloop 
  endfacet
  facet normal 0.000000E+000 0.000000E+000 1.000000E+000
    outer loop 
      vertex -2.654225e-001 -1.884343e-001 4.000000e+000
      vertex -2.212577e-001 -7.186723e-002 4.000000e+000
      vertex -3.695189e-001 -1.099133e-001 4.000000e+000
    endloop 
  endfacet
  facet normal 0.000000E+000 0.000000E+000 1.000000E+000
    outer loop 
      vertex -2.212577e-001 -7.186723e-002 4.000000e+000
      vertex -2.654225e-001 -1.884343e-001 4.000000e+000
      vertex -1.419791e-001 -2.122660e-001 4.000000e+000
    endloop 
  endfacet
  facet normal 0.000000E+000 0.000000E+000 1.000000E+000
    outer loop 
      vertex -2.654225e-001 -1.884343e-001 4.000000e+000
      vertex -2.378028e-001 -3.131225e-001 4.000000e+000
      vertex -1.419791e-001 -2.122660e-001 4.000000e+000
    endloop 
  endfacet
  facet normal 0.000000E+000 0.000000E+000 -1.000000E+000
    outer loop 
      vertex -2.201840e-001 -3.768720e-001 0.000000e+000
      vertex -1.530924e-001 -2.499652e-001 0.000000e+000
      vertex -6.641074e-002 -3.674450e-001 0.000000e+000
    endloop 
  endfacet
  facet normal 0.000000E+000 0.000000E+000 -1.000000E+000
    outer loop 
      vertex -2.751296e-001 -2.709708e-001 0.000000e+000
      vertex -1.530924e-001 -2.499652e-001 0.000000e+000
      vertex -2.201840e-001 -3.768720e-001 0.000000e+000
    endloop 
  endfacet
  facet normal 0.000000E+000 0.000000E+000 -1.000000E+000
    outer loop 
      vertex -6.641074e-002 -3.674450e-001 0.000000e+000
      vertex -1.530924e-001 -2.499652e-001 0.000000e+000
      vertex -1.770479e-002 -2.319069e-001 0.000000e+000
    endloop 
  endfacet
  facet normal 0.000000E+000 0.000000E+000 -1.000000E+000
    outer loop 
      vertex -1.770479e-002 -2.319069e-001 0.000000e+000
      vertex -1.530924e-001 -2.499652e-001 0.000000e+000
      vertex -1.298412e-001 -1.264382e-001 0.000000e+000
    endloop 
  endfacet
  facet normal 0.000000E+000 0.000000E+000 -1.000000E+000
    outer loop 
      vertex -1.530924e-001 -2.499652e-001 0.000000e+000
      vertex -2.574150e-001 -1.560270e-001 0.000000e+000
      vertex -1.298412e-001 -1.264382e-001 0.000000e+000
    endloop 
  endfacet
  facet normal 0.000000E+000 0.000000E+000 -1.000000E+000
    outer loop 
      vertex -2.751296e-001 -2.709708e-001 0.000000e+000
      vertex -2.574150e-001 -1.560270e-001 0.000000e+000
      vertex -1.530924e-001 -2.499652e-001 0.000000e+000
    endloop 
  endfacet
  facet normal -6.683955E-001 -7.379088E-001 9.347696E-002
    outer loop 
      vertex -1.422064e-001 -5.283922e-001 2.159128e+000
      vertex -2.745410e-001 -4.285736e-001 2.000855e+000
      vertex -1.717215e-001 -5.255389e-001 1.970608e+000
    endloop 
  endfacet
  facet normal 0.000000E+000 0.000000E+000 -1.000000E+000
    outer loop 
      vertex -3.818465e-001 -2.199804e-001 0.000000e+000
      vertex -3.789835e-001 -8.326499e-002 0.000000e+000
      vertex -2.574150e-001 -1.560270e-001 0.000000e+000
    endloop 
  endfacet
  facet normal 0.000000E+000 0.000000E+000 -1.000000E+000
    outer loop 
      vertex -3.818465e-001 -2.199804e-001 0.000000e+000
      vertex -2.574150e-001 -1.560270e-001 0.000000e+000
      vertex -2.751296e-001 -2.709708e-001 0.000000e+000
    endloop 
  endfacet
  facet normal 0.000000E+000 0.000000E+000 -1.000000E+000
    outer loop 
      vertex -2.574150e-001 -1.560270e-001 0.000000e+000
      vertex -3.789835e-001 -8.326499e-002 0.000000e+000
      vertex -2.533354e-001 -3.212956e-002 0.000000e+000
    endloop 
  endfacet
  facet normal 0.000000E+000 0.000000E+000 -1.000000E+000
    outer loop 
      vertex -2.574150e-001 -1.560270e-001 0.000000e+000
      vertex -2.533354e-001 -3.212956e-002 0.000000e+000
      vertex -1.298412e-001 -1.264382e-001 0.000000e+000
    endloop 
  endfacet
  facet normal 0.000000E+000 0.000000E+000 -1.000000E+000
    outer loop 
      vertex -1.666667e-001 5.000000e-001 0.000000e+000
      vertex -1.229551e-001 3.372158e-001 0.000000e+000
      vertex -2.453599e-001 3.902999e-001 0.000000e+000
    endloop 
  endfacet
  facet normal 0.000000E+000 0.000000E+000 -1.000000E+000
    outer loop 
      vertex -2.457781e-001 2.525930e-001 0.000000e+000
      vertex -2.453599e-001 3.902999e-001 0.000000e+000
      vertex -1.229551e-001 3.372158e-001 0.000000e+000
    endloop 
  endfacet
  facet normal 0.000000E+000 0.000000E+000 -1.000000E+000
    outer loop 
      vertex -1.229551e-001 3.372158e-001 0.000000e+000
      vertex 5.137601e-003 2.877174e-001 0.000000e+000
      vertex -1.085704e-001 1.559337e-001 0.000000e+000
    endloop 
  endfacet
  facet normal 0.000000E+000 0.000000E+000 -1.000000E+000
    outer loop 
      vertex -1.085704e-001 1.559337e-001 0.000000e+000
      vertex -2.457781e-001 2.525930e-001 0.000000e+000
      vertex -1.229551e-001 3.372158e-001 0.000000e+000
    endloop 
  endfacet
  facet normal 0.000000E+000 0.000000E+000 -1.000000E+000
    outer loop 
      vertex -1.666667e-001 5.000000e-001 0.000000e+000
      vertex 0.000000e+000 5.000000e-001 0.000000e+000
      vertex -1.229551e-001 3.372158e-001 0.000000e+000
    endloop 
  endfacet
  facet normal 0.000000E+000 0.000000E+000 -1.000000E+000
    outer loop 
      vertex -1.229551e-001 3.372158e-001 0.000000e+000
      vertex 0.000000e+000 5.000000e-001 0.000000e+000
      vertex 5.137601e-003 2.877174e-001 0.000000e+000
    endloop 
  endfacet
  facet normal 0.000000E+000 0.000000E+000 -1.000000E+000
    outer loop 
      vertex -3.766828e-001 6.072977e-002 0.000000e+000
      vertex -3.758429e-001 2.112186e-001 0.000000e+000
      vertex -2.481997e-001 1.045120e-001 0.000000e+000
    endloop 
  endfacet
  facet normal 0.000000E+000 0.000000E+000 -1.000000E+000
    outer loop 
      vertex -3.758429e-001 2.112186e-001 0.000000e+000
      vertex -2.457781e-001 2.525930e-001 0.000000e+000
      vertex -2.481997e-001 1.045120e-001 0.000000e+000
    endloop 
  endfacet
  facet normal 0.000000E+000 0.000000E+000 -1.000000E+000
    outer loop 
      vertex -2.533354e-001 -3.212956e-002 0.000000e+000
      vertex -3.766828e-001 6.072977e-002 0.000000e+000
      vertex -2.481997e-001 1.045120e-001 0.000000e+000
    endloop 
  endfacet
  facet normal 0.000000E+000 0.000000E+000 -1.000000E+000
    outer loop 
      vertex -2.481997e-001 1.045120e-001 0.000000e+000
      vertex -2.457781e-001 2.525930e-001 0.000000e+000
      vertex -1.085704e-001 1.559337e-001 0.000000e+000
    endloop 
  endfacet
  facet normal 0.000000E+000 0.000000E+000 1.000000E+000
    outer loop 
      vertex -3.987287e-001 2.122779e-001 4.000000e+000
      vertex -5.183641e-001 1.154625e-001 4.000000e+000
      vertex -3.410060e-001 5.825594e-002 4.000000e+000
    endloop 
  endfacet
  facet normal 0.000000E+000 0.000000E+000 1.000000E+000
    outer loop 
      vertex -3.987287e-001 2.122779e-001 4.000000e+000
      vertex -3.410060e-001 5.825594e-002 4.000000e+000
      vertex -2.346575e-001 2.073732e-001 4.000000e+000
    endloop 
  endfacet
  facet normal 0.000000E+000 0.000000E+000 1.000000E+000
    outer loop 
      vertex -2.212577e-001 -7.186723e-002 4.000000e+000
      vertex -3.410060e-001 5.825594e-002 4.000000e+000
      vertex -3.695189e-001 -1.099133e-001 4.000000e+000
    endloop 
  endfacet
  facet normal 0.000000E+000 0.000000E+000 1.000000E+000
    outer loop 
      vertex -5.009949e-001 -5.206335e-002 4.000000e+000
      vertex -3.695189e-001 -1.099133e-001 4.000000e+000
      vertex -3.410060e-001 5.825594e-002 4.000000e+000
    endloop 
  endfacet
  facet normal 0.000000E+000 0.000000E+000 1.000000E+000
    outer loop 
      vertex -1.396244e-001 6.433071e-002 4.000000e+000
      vertex -3.410060e-001 5.825594e-002 4.000000e+000
      vertex -2.212577e-001 -7.186723e-002 4.000000e+000
    endloop 
  endfacet
  facet normal 0.000000E+000 0.000000E+000 1.000000E+000
    outer loop 
      vertex -2.346575e-001 2.073732e-001 4.000000e+000
      vertex -3.410060e-001 5.825594e-002 4.000000e+000
      vertex -1.396244e-001 6.433071e-002 4.000000e+000
    endloop 
  endfacet
  facet normal 0.000000E+000 0.000000E+000 1.000000E+000
    outer loop 
      vertex -3.410060e-001 5.825594e-002 4.000000e+000
      vertex -5.183641e-001 1.154625e-001 4.000000e+000
      vertex -5.009949e-001 -5.206335e-002 4.000000e+000
    endloop 
  endfacet
  facet normal 0.000000E+000 0.000000E+000 -1.000000E+000
    outer loop 
      vertex 3.775123e-001 2.188884e-001 0.000000e+000
      vertex 3.779213e-001 8.281100e-002 0.000000e+000
      vertex 2.504312e-001 1.480949e-001 0.000000e+000
    endloop 
  endfacet
  facet normal 0.000000E+000 0.000000E+000 -1.000000E+000
    outer loop 
      vertex 2.514211e-001 2.763562e-001 0.000000e+000
      vertex 3.775123e-001 2.188884e-001 0.000000e+000
      vertex 2.504312e-001 1.480949e-001 0.000000e+000
    endloop 
  endfacet
  facet normal 0.000000E+000 0.000000E+000 -1.000000E+000
    outer loop 
      vertex 2.504312e-001 1.480949e-001 0.000000e+000
      vertex 3.779213e-001 8.281100e-002 0.000000e+000
      vertex 2.514290e-001 2.113478e-002 0.000000e+000
    endloop 
  endfacet
  facet normal 0.000000E+000 0.000000E+000 -1.000000E+000
    outer loop 
      vertex 1.266406e-001 8.004968e-002 0.000000e+000
      vertex 2.504312e-001 1.480949e-001 0.000000e+000
      vertex 2.514290e-001 2.113478e-002 0.000000e+000
    endloop 
  endfacet
  facet normal 0.000000E+000 0.000000E+000 1.000000E+000
    outer loop 
      vertex -1.229422e-001 -5.255485e-001 4.000000e+000
      vertex -1.039494e-001 -3.747737e-001 4.000000e+000
      vertex -2.174298e-001 -4.317144e-001 4.000000e+000
    endloop 
  endfacet
  facet normal 0.000000E+000 0.000000E+000 1.000000E+000
    outer loop 
      vertex -1.039494e-001 -3.747737e-001 4.000000e+000
      vertex -2.378028e-001 -3.131225e-001 4.000000e+000
      vertex -2.174298e-001 -4.317144e-001 4.000000e+000
    endloop 
  endfacet
  facet normal 0.000000E+000 0.000000E+000 1.000000E+000
    outer loop 
      vertex -1.419791e-001 -2.122660e-001 4.000000e+000
      vertex -1.039494e-001 -3.747737e-001 4.000000e+000
      vertex -2.030343e-003 -2.800916e-001 4.000000e+000
    endloop 
  endfacet
  facet normal 0.000000E+000 0.000000E+000 1.000000E+000
    outer loop 
      vertex -1.039494e-001 -3.747737e-001 4.000000e+000
      vertex -1.419791e-001 -2.122660e-001 4.000000e+000
      vertex -2.378028e-001 -3.131225e-001 4.000000e+000
    endloop 
  endfacet
  facet normal 0.000000E+000 0.000000E+000 1.000000E+000
    outer loop 
      vertex -1.229422e-001 -5.255485e-001 4.000000e+000
      vertex 4.449928e-002 -5.102245e-001 4.000000e+000
      vertex -1.039494e-001 -3.747737e-001 4.000000e+000
    endloop 
  endfacet
  facet normal 0.000000E+000 0.000000E+000 1.000000E+000
    outer loop 
      vertex 4.449928e-002 -5.102245e-001 4.000000e+000
      vertex -2.030343e-003 -2.800916e-001 4.000000e+000
      vertex -1.039494e-001 -3.747737e-001 4.000000e+000
    endloop 
  endfacet
  facet normal -7.357116E-002 -9.956467E-001 5.722888E-002
    outer loop 
      vertex 1.216841e-002 -5.085995e-001 3.583518e+000
      vertex 1.799932e-001 -5.214885e-001 3.575028e+000
      vertex 1.166748e-001 -5.086890e-001 3.716310e+000
    endloop 
  endfacet
  facet normal -1.555212E-002 -9.998121E-001 1.156574E-002
    outer loop 
      vertex 1.216841e-002 -5.085995e-001 3.583518e+000
      vertex 1.166748e-001 -5.086890e-001 3.716310e+000
      vertex -3.558630e-002 -5.063398e-001 3.714643e+000
    endloop 
  endfacet
  facet normal 4.601728E-002 -9.983051E-001 3.562643E-002
    outer loop 
      vertex 8.308351e-002 -5.051664e-001 3.858408e+000
      vertex 1.166748e-001 -5.086890e-001 3.716310e+000
      vertex 2.385779e-001 -4.976725e-001 3.867552e+000
    endloop 
  endfacet
  facet normal -1.544703E-002 -9.962596E-001 8.501866E-002
    outer loop 
      vertex 1.166748e-001 -5.086890e-001 3.716310e+000
      vertex 2.704432e-001 -5.094425e-001 3.735419e+000
      vertex 2.385779e-001 -4.976725e-001 3.867552e+000
    endloop 
  endfacet
  facet normal -1.565391E-002 -9.996552E-001 2.108113E-002
    outer loop 
      vertex 1.166748e-001 -5.086890e-001 3.716310e+000
      vertex 8.308351e-002 -5.051664e-001 3.858408e+000
      vertex -3.558630e-002 -5.063398e-001 3.714643e+000
    endloop 
  endfacet
  facet normal -1.525081E-002 -9.963966E-001 8.343423E-002
    outer loop 
      vertex 1.166748e-001 -5.086890e-001 3.716310e+000
      vertex 1.799932e-001 -5.214885e-001 3.575028e+000
      vertex 2.704432e-001 -5.094425e-001 3.735419e+000
    endloop 
  endfacet
  facet normal 0.000000E+000 0.000000E+000 -1.000000E+000
    outer loop 
      vertex -1.770479e-002 -2.319069e-001 0.000000e+000
      vertex 9.831080e-002 -3.407064e-001 0.000000e+000
      vertex -6.641074e-002 -3.674450e-001 0.000000e+000
    endloop 
  endfacet
  facet normal 0.000000E+000 0.000000E+000 -1.000000E+000
    outer loop 
      vertex 9.831080e-002 -3.407064e-001 0.000000e+000
      vertex 0.000000e+000 -5.000000e-001 0.000000e+000
      vertex -6.641074e-002 -3.674450e-001 0.000000e+000
    endloop 
  endfacet
  facet normal 0.000000E+000 0.000000E+000 -1.000000E+000
    outer loop 
      vertex 9.831080e-002 -3.407064e-001 0.000000e+000
      vertex 2.567876e-001 -3.806878e-001 0.000000e+000
      vertex 1.666667e-001 -5.000000e-001 0.000000e+000
    endloop 
  endfacet
  facet normal 0.000000E+000 0.000000E+000 -1.000000E+000
    outer loop 
      vertex 2.407040e-001 -2.523085e-001 0.000000e+000
      vertex 2.567876e-001 -3.806878e-001 0.000000e+000
      vertex 9.831080e-002 -3.407064e-001 0.000000e+000
    endloop 
  endfacet
  facet normal 0.000000E+000 0.000000E+000 -1.000000E+000
    outer loop 
      vertex 1.197696e-001 -1.840909e-001 0.000000e+000
      vertex 9.831080e-002 -3.407064e-001 0.000000e+000
      vertex -1.770479e-002 -2.319069e-001 0.000000e+000
    endloop 
  endfacet
  facet normal 0.000000E+000 0.000000E+000 -1.000000E+000
    outer loop 
      vertex 1.197696e-001 -1.840909e-001 0.000000e+000
      vertex 2.407040e-001 -2.523085e-001 0.000000e+000
      vertex 9.831080e-002 -3.407064e-001 0.000000e+000
    endloop 
  endfacet
  facet normal 0.000000E+000 0.000000E+000 -1.000000E+000
    outer loop 
      vertex 1.666667e-001 -5.000000e-001 0.000000e+000
      vertex 0.000000e+000 -5.000000e-001 0.000000e+000
      vertex 9.831080e-002 -3.407064e-001 0.000000e+000
    endloop 
  endfacet
  facet normal 6.368063E-001 7.641805E-001 -1.024979E-001
    outer loop 
      vertex 5.724411e-001 1.662213e-001 2.077195e+000
      vertex 4.260371e-001 2.909859e-001 2.097797e+000
      vertex 5.096154e-001 2.395995e-001 2.233943e+000
    endloop 
  endfacet
  facet normal 6.315823E-001 7.749671E-001 -2.301618E-002
    outer loop 
      vertex 2.770773e-001 4.135598e-001 2.137348e+000
      vertex 3.458570e-001 3.615305e-001 2.272866e+000
      vertex 4.260371e-001 2.909859e-001 2.097797e+000
    endloop 
  endfacet
  facet normal 6.335799E-001 7.735956E-001 -1.124180E-002
    outer loop 
      vertex 3.621170e-001 3.412470e-001 1.953978e+000
      vertex 2.770773e-001 4.135598e-001 2.137348e+000
      vertex 4.260371e-001 2.909859e-001 2.097797e+000
    endloop 
  endfacet
  facet normal 5.876596E-001 8.071607E-001 -5.610502E-002
    outer loop 
      vertex 4.260371e-001 2.909859e-001 2.097797e+000
      vertex 3.458570e-001 3.615305e-001 2.272866e+000
      vertex 5.096154e-001 2.395995e-001 2.233943e+000
    endloop 
  endfacet
  facet normal -6.254280E-001 -7.792915E-001 -3.930312E-002
    outer loop 
      vertex -2.735240e-001 -4.244382e-001 2.137907e+000
      vertex -3.842472e-001 -3.381247e-001 2.188439e+000
      vertex -3.912894e-001 -3.233882e-001 2.008311e+000
    endloop 
  endfacet
  facet normal -6.722535E-001 -7.395297E-001 -3.421950E-002
    outer loop 
      vertex -3.912894e-001 -3.233882e-001 2.008311e+000
      vertex -3.842472e-001 -3.381247e-001 2.188439e+000
      vertex -5.421553e-001 -1.855728e-001 1.993743e+000
    endloop 
  endfacet
  facet normal -7.167503E-001 -6.965883E-001 -3.215115E-002
    outer loop 
      vertex -3.912894e-001 -3.233882e-001 2.008311e+000
      vertex -4.765207e-001 -2.279633e-001 1.840903e+000
      vertex -3.749446e-001 -3.342927e-001 1.880189e+000
    endloop 
  endfacet
  facet normal -6.699771E-001 -7.420463E-001 -2.231529E-002
    outer loop 
      vertex -3.912894e-001 -3.233882e-001 2.008311e+000
      vertex -3.749446e-001 -3.342927e-001 1.880189e+000
      vertex -2.745410e-001 -4.285736e-001 2.000855e+000
    endloop 
  endfacet
  facet normal -6.681402E-001 -7.435310E-001 2.739359E-002
    outer loop 
      vertex -2.735240e-001 -4.244382e-001 2.137907e+000
      vertex -3.912894e-001 -3.233882e-001 2.008311e+000
      vertex -2.745410e-001 -4.285736e-001 2.000855e+000
    endloop 
  endfacet
  facet normal -6.678917E-001 -7.397673E-001 -8.163862E-002
    outer loop 
      vertex -4.765207e-001 -2.279633e-001 1.840903e+000
      vertex -3.912894e-001 -3.233882e-001 2.008311e+000
      vertex -5.421553e-001 -1.855728e-001 1.993743e+000
    endloop 
  endfacet
  facet normal 7.812182E-001 -6.217970E-001 -5.537762E-002
    outer loop 
      vertex 3.502495e-001 -3.680868e-001 2.161341e+000
      vertex 2.535921e-001 -4.879155e-001 2.143258e+000
      vertex 2.951817e-001 -4.232636e-001 2.004036e+000
    endloop 
  endfacet
  facet normal 7.448735E-001 -6.666625E-001 -2.691731E-002
    outer loop 
      vertex 3.871326e-001 -3.205605e-001 2.004907e+000
      vertex 3.502495e-001 -3.680868e-001 2.161341e+000
      vertex 2.951817e-001 -4.232636e-001 2.004036e+000
    endloop 
  endfacet
  facet normal 7.815310E-001 -6.201626E-001 -6.788021E-002
    outer loop 
      vertex 2.535921e-001 -4.879155e-001 2.143258e+000
      vertex 3.502495e-001 -3.680868e-001 2.161341e+000
      vertex 3.113954e-001 -4.334806e-001 2.311445e+000
    endloop 
  endfacet
  facet normal 8.248447E-001 -5.644308E-001 -3.238860E-002
    outer loop 
      vertex 4.059618e-001 -2.961862e-001 2.327174e+000
      vertex 3.113954e-001 -4.334806e-001 2.311445e+000
      vertex 3.502495e-001 -3.680868e-001 2.161341e+000
    endloop 
  endfacet
  facet normal 7.897772E-001 -6.133935E-001 6.212430E-004
    outer loop 
      vertex 4.443681e-001 -2.468866e-001 2.178443e+000
      vertex 4.059618e-001 -2.961862e-001 2.327174e+000
      vertex 3.502495e-001 -3.680868e-001 2.161341e+000
    endloop 
  endfacet
  facet normal 7.898278E-001 -6.133288E-001 -1.149220E-004
    outer loop 
      vertex 3.871326e-001 -3.205605e-001 2.004907e+000
      vertex 4.443681e-001 -2.468866e-001 2.178443e+000
      vertex 3.502495e-001 -3.680868e-001 2.161341e+000
    endloop 
  endfacet
  facet normal 9.896178E-001 -1.403631E-001 3.090069E-002
    outer loop 
      vertex 5.079411e-001 -1.294208e-002 3.295635e+000
      vertex 5.251783e-001 1.354520e-001 3.417666e+000
      vertex 5.010175e-001 -2.806422e-002 3.448680e+000
    endloop 
  endfacet
  facet normal 9.838815E-001 -1.767646E-001 2.704441E-002
    outer loop 
      vertex 5.079411e-001 -1.294208e-002 3.295635e+000
      vertex 5.010175e-001 -2.806422e-002 3.448680e+000
      vertex 4.860752e-001 -1.275426e-001 3.342083e+000
    endloop 
  endfacet
  facet normal 9.971240E-001 -7.506722E-002 1.041900E-002
    outer loop 
      vertex 5.010175e-001 -2.806422e-002 3.448680e+000
      vertex 5.065929e-001 6.395543e-002 3.578086e+000
      vertex 4.948530e-001 -9.205922e-002 3.577564e+000
    endloop 
  endfacet
  facet normal 9.892452E-001 -1.359209E-001 5.403120E-002
    outer loop 
      vertex 5.010175e-001 -2.806422e-002 3.448680e+000
      vertex 5.251783e-001 1.354520e-001 3.417666e+000
      vertex 5.065929e-001 6.395543e-002 3.578086e+000
    endloop 
  endfacet
  facet normal -1.542740E-001 -9.872801E-001 3.843891E-002
    outer loop 
      vertex 2.279639e-003 -5.155471e-001 3.293932e+000
      vertex 1.506109e-001 -5.348203e-001 3.394236e+000
      vertex 2.660280e-002 -5.133901e-001 3.446954e+000
    endloop 
  endfacet
  facet normal -1.713538E-001 -9.843513E-001 4.111248E-002
    outer loop 
      vertex 2.279639e-003 -5.155471e-001 3.293932e+000
      vertex 2.660280e-002 -5.133901e-001 3.446954e+000
      vertex -1.002932e-001 -4.958156e-001 3.338845e+000
    endloop 
  endfacet
  facet normal -1.305980E-001 -9.869688E-001 9.400488E-002
    outer loop 
      vertex 1.506109e-001 -5.348203e-001 3.394236e+000
      vertex 1.799932e-001 -5.214885e-001 3.575028e+000
      vertex 2.660280e-002 -5.133901e-001 3.446954e+000
    endloop 
  endfacet
  facet normal -7.214918E-001 -6.918197E-001 -2.889642E-002
    outer loop 
      vertex -3.749446e-001 -3.342927e-001 1.880189e+000
      vertex -4.160593e-001 -2.850728e-001 1.728358e+000
      vertex -2.978396e-001 -4.131345e-001 1.842597e+000
    endloop 
  endfacet
  facet normal -7.061177E-001 -7.072310E-001 3.495907E-002
    outer loop 
      vertex -2.978396e-001 -4.131345e-001 1.842597e+000
      vertex -2.745410e-001 -4.285736e-001 2.000855e+000
      vertex -3.749446e-001 -3.342927e-001 1.880189e+000
    endloop 
  endfacet
  facet normal -7.507057E-001 -6.595725E-001 3.748452E-002
    outer loop 
      vertex -2.978396e-001 -4.131345e-001 1.842597e+000
      vertex -4.160593e-001 -2.850728e-001 1.728358e+000
      vertex -3.313394e-001 -3.835982e-001 1.691410e+000
    endloop 
  endfacet
  facet normal -7.335904E-001 -6.789333E-001 2.990979E-002
    outer loop 
      vertex -3.313394e-001 -3.835982e-001 1.691410e+000
      vertex -2.096177e-001 -5.103022e-001 1.800750e+000
      vertex -2.978396e-001 -4.131345e-001 1.842597e+000
    endloop 
  endfacet
  facet normal -7.155532E-001 -6.917071E-001 9.759583E-002
    outer loop 
      vertex -2.096177e-001 -5.103022e-001 1.800750e+000
      vertex -1.717215e-001 -5.255389e-001 1.970608e+000
      vertex -2.978396e-001 -4.131345e-001 1.842597e+000
    endloop 
  endfacet
  facet normal -6.812854E-001 -7.314456E-001 2.894100E-002
    outer loop 
      vertex -2.978396e-001 -4.131345e-001 1.842597e+000
      vertex -1.717215e-001 -5.255389e-001 1.970608e+000
      vertex -2.745410e-001 -4.285736e-001 2.000855e+000
    endloop 
  endfacet
  facet normal 9.612841E-001 2.706116E-001 -5.198403E-002
    outer loop 
      vertex 5.622320e-001 -1.599227e-001 6.601301e-001
      vertex 5.143716e-001 -7.241406e-003 5.699082e-001
      vertex 5.132214e-001 3.451493e-002 7.660086e-001
    endloop 
  endfacet
  facet normal 9.658065E-001 2.546750E-001 -4.856409E-002
    outer loop 
      vertex 5.143716e-001 -7.241406e-003 5.699082e-001
      vertex 4.773574e-001 1.456973e-001 6.358243e-001
      vertex 5.132214e-001 3.451493e-002 7.660086e-001
    endloop 
  endfacet
  facet normal 9.652248E-001 2.355014E-001 -1.134908E-001
    outer loop 
      vertex 5.622320e-001 -1.599227e-001 6.601301e-001
      vertex 5.363953e-001 -1.381642e-001 4.855433e-001
      vertex 5.143716e-001 -7.241406e-003 5.699082e-001
    endloop 
  endfacet
  facet normal 9.772863E-001 2.031922E-001 -6.020265E-002
    outer loop 
      vertex 5.143716e-001 -7.241406e-003 5.699082e-001
      vertex 5.363953e-001 -1.381642e-001 4.855433e-001
      vertex 5.147460e-001 -6.647345e-002 3.760703e-001
    endloop 
  endfacet
  facet normal -8.292074E-001 5.375196E-001 -1.532570E-001
    outer loop 
      vertex -2.294604e-001 5.718383e-001 2.433681e+000
      vertex -1.521632e-001 6.824718e-001 2.403485e+000
      vertex -1.862772e-001 5.865856e-001 2.251758e+000
    endloop 
  endfacet
  facet normal -8.088555E-001 5.696390E-001 -1.458223E-001
    outer loop 
      vertex -1.862772e-001 5.865856e-001 2.251758e+000
      vertex -2.749227e-001 4.712728e-001 2.293005e+000
      vertex -2.294604e-001 5.718383e-001 2.433681e+000
    endloop 
  endfacet
  facet normal -7.867362E-001 5.953382E-001 -1.631522E-001
    outer loop 
      vertex -1.049788e-001 6.918174e-001 2.243717e+000
      vertex -1.253779e-001 6.200055e-001 2.080044e+000
      vertex -1.862772e-001 5.865856e-001 2.251758e+000
    endloop 
  endfacet
  facet normal -7.575235E-001 6.365530E-001 -1.447702E-001
    outer loop 
      vertex -2.416224e-001 4.843167e-001 2.091682e+000
      vertex -1.862772e-001 5.865856e-001 2.251758e+000
      vertex -1.253779e-001 6.200055e-001 2.080044e+000
    endloop 
  endfacet
  facet normal -7.830940E-001 5.899560E-001 -1.967632E-001
    outer loop 
      vertex -1.862772e-001 5.865856e-001 2.251758e+000
      vertex -1.521632e-001 6.824718e-001 2.403485e+000
      vertex -1.049788e-001 6.918174e-001 2.243717e+000
    endloop 
  endfacet
  facet normal -8.053851E-001 5.850390E-001 -9.531126E-002
    outer loop 
      vertex -1.862772e-001 5.865856e-001 2.251758e+000
      vertex -2.416224e-001 4.843167e-001 2.091682e+000
      vertex -2.749227e-001 4.712728e-001 2.293005e+000
    endloop 
  endfacet
  facet normal 8.840415E-001 4.532242E-001 1.142737E-001
    outer loop 
      vertex 3.479349e-001 4.445035e-001 1.017148e+000
      vertex 2.824577e-001 5.297471e-001 1.185604e+000
      vertex 3.729127e-001 3.675427e-001 1.129152e+000
    endloop 
  endfacet
  facet normal 8.956133E-001 4.446507E-001 1.275403E-002
    outer loop 
      vertex 4.488907e-001 2.163955e-001 1.063355e+000
      vertex 3.729127e-001 3.675427e-001 1.129152e+000
      vertex 4.187297e-001 2.717709e-001 1.250734e+000
    endloop 
  endfacet
  facet normal 8.824680E-001 4.627327E-001 8.443157E-002
    outer loop 
      vertex 2.824577e-001 5.297471e-001 1.185604e+000
      vertex 3.244753e-001 4.277218e-001 1.305598e+000
      vertex 3.729127e-001 3.675427e-001 1.129152e+000
    endloop 
  endfacet
  facet normal 8.641837E-001 4.986752E-001 6.715360E-002
    outer loop 
      vertex 4.187297e-001 2.717709e-001 1.250734e+000
      vertex 3.729127e-001 3.675427e-001 1.129152e+000
      vertex 3.244753e-001 4.277218e-001 1.305598e+000
    endloop 
  endfacet
  facet normal 9.147044E-001 3.980930E-001 6.955347E-002
    outer loop 
      vertex 4.135100e-001 3.045475e-001 9.558092e-001
      vertex 3.479349e-001 4.445035e-001 1.017148e+000
      vertex 3.729127e-001 3.675427e-001 1.129152e+000
    endloop 
  endfacet
  facet normal 9.015407E-001 4.291615E-001 5.517980E-002
    outer loop 
      vertex 4.488907e-001 2.163955e-001 1.063355e+000
      vertex 4.135100e-001 3.045475e-001 9.558092e-001
      vertex 3.729127e-001 3.675427e-001 1.129152e+000
    endloop 
  endfacet
  facet normal 9.951146E-001 -7.252600E-002 6.698331E-002
    outer loop 
      vertex 5.160219e-001 2.095460e-001 3.595644e+000
      vertex 5.023015e-001 1.389239e-001 3.723011e+000
      vertex 5.065929e-001 6.395543e-002 3.578086e+000
    endloop 
  endfacet
  facet normal 9.948481E-001 -1.165852E-002 1.007042E-001
    outer loop 
      vertex 5.023015e-001 1.389239e-001 3.723011e+000
      vertex 5.160219e-001 2.095460e-001 3.595644e+000
      vertex 5.023838e-001 2.631885e-001 3.736584e+000
    endloop 
  endfacet
  facet normal 9.978499E-001 4.663725E-002 4.604847E-002
    outer loop 
      vertex 4.909647e-001 2.372948e-001 3.869045e+000
      vertex 4.984134e-001 8.934581e-002 3.857476e+000
      vertex 5.023015e-001 1.389239e-001 3.723011e+000
    endloop 
  endfacet
  facet normal 9.996241E-001 -1.315653E-002 2.405340E-002
    outer loop 
      vertex 4.984134e-001 8.934581e-002 3.857476e+000
      vertex 5.006437e-001 -4.740357e-003 3.713324e+000
      vertex 5.023015e-001 1.389239e-001 3.723011e+000
    endloop 
  endfacet
  facet normal 9.964193E-001 -9.832454E-003 8.397645E-002
    outer loop 
      vertex 5.023838e-001 2.631885e-001 3.736584e+000
      vertex 4.909647e-001 2.372948e-001 3.869045e+000
      vertex 5.023015e-001 1.389239e-001 3.723011e+000
    endloop 
  endfacet
  facet normal 9.992230E-001 -1.401395E-002 3.683736E-002
    outer loop 
      vertex 5.023015e-001 1.389239e-001 3.723011e+000
      vertex 5.006437e-001 -4.740357e-003 3.713324e+000
      vertex 5.065929e-001 6.395543e-002 3.578086e+000
    endloop 
  endfacet
  facet normal 5.133412E-001 -8.458439E-001 1.450137E-001
    outer loop 
      vertex 6.819977e-001 -1.780697e-001 1.280380e+000
      vertex 5.592027e-001 -2.295999e-001 1.414499e+000
      vertex 5.645854e-001 -2.577350e-001 1.231337e+000
    endloop 
  endfacet
  facet normal 5.087519E-001 -8.485638E-001 1.452966E-001
    outer loop 
      vertex 5.645854e-001 -2.577350e-001 1.231337e+000
      vertex 5.592027e-001 -2.295999e-001 1.414499e+000
      vertex 4.496633e-001 -3.144928e-001 1.302256e+000
    endloop 
  endfacet
  facet normal 4.921632E-001 -8.475659E-001 1.985131E-001
    outer loop 
      vertex 6.685544e-001 -2.233550e-001 1.120360e+000
      vertex 6.819977e-001 -1.780697e-001 1.280380e+000
      vertex 5.645854e-001 -2.577350e-001 1.231337e+000
    endloop 
  endfacet
  facet normal 4.897232E-001 -8.660722E-001 1.004490E-001
    outer loop 
      vertex 4.496633e-001 -3.144928e-001 1.302256e+000
      vertex 4.590042e-001 -3.287702e-001 1.133616e+000
      vertex 5.645854e-001 -2.577350e-001 1.231337e+000
    endloop 
  endfacet
  facet normal 4.566083E-001 -8.758028E-001 1.564557E-001
    outer loop 
      vertex 5.684479e-001 -2.859601e-001 1.062067e+000
      vertex 6.685544e-001 -2.233550e-001 1.120360e+000
      vertex 5.645854e-001 -2.577350e-001 1.231337e+000
    endloop 
  endfacet
  facet normal 4.471126E-001 -8.805850E-001 1.570365E-001
    outer loop 
      vertex 4.590042e-001 -3.287702e-001 1.133616e+000
      vertex 5.684479e-001 -2.859601e-001 1.062067e+000
      vertex 5.645854e-001 -2.577350e-001 1.231337e+000
    endloop 
  endfacet
  facet normal 8.709350E-001 -4.721949E-001 -1.360302E-001
    outer loop 
      vertex 3.450768e-001 -4.192165e-001 2.569201e+000
      vertex 2.885557e-001 -5.390416e-001 2.623268e+000
      vertex 2.679570e-001 -5.280731e-001 2.453310e+000
    endloop 
  endfacet
  facet normal 8.864929E-001 -4.553432E-001 -8.241858E-002
    outer loop 
      vertex 3.450768e-001 -4.192165e-001 2.569201e+000
      vertex 3.690145e-001 -3.962707e-001 2.699905e+000
      vertex 2.885557e-001 -5.390416e-001 2.623268e+000
    endloop 
  endfacet
  facet normal 8.532835E-001 -5.145561E-001 -8.449429E-002
    outer loop 
      vertex 3.450768e-001 -4.192165e-001 2.569201e+000
      vertex 2.679570e-001 -5.280731e-001 2.453310e+000
      vertex 3.707979e-001 -3.586547e-001 2.460141e+000
    endloop 
  endfacet
  facet normal -8.500881E-001 5.052806E-001 -1.484648E-001
    outer loop 
      vertex -2.294604e-001 5.718383e-001 2.433681e+000
      vertex -3.060928e-001 4.565588e-001 2.480128e+000
      vertex -2.698896e-001 5.527679e-001 2.600269e+000
    endloop 
  endfacet
  facet normal -8.467100E-001 5.225824E-001 -9.994917E-002
    outer loop 
      vertex -2.294604e-001 5.718383e-001 2.433681e+000
      vertex -2.749227e-001 4.712728e-001 2.293005e+000
      vertex -3.060928e-001 4.565588e-001 2.480128e+000
    endloop 
  endfacet
  facet normal -8.815557E-001 4.606520E-001 -1.032436E-001
    outer loop 
      vertex -3.393379e-001 4.341852e-001 2.664168e+000
      vertex -2.698896e-001 5.527679e-001 2.600269e+000
      vertex -3.060928e-001 4.565588e-001 2.480128e+000
    endloop 
  endfacet
  facet normal -8.610830E-001 5.065062E-001 -4.458146E-002
    outer loop 
      vertex -3.060928e-001 4.565588e-001 2.480128e+000
      vertex -3.620767e-001 3.509350e-001 2.361416e+000
      vertex -3.790763e-001 3.385026e-001 2.548512e+000
    endloop 
  endfacet
  facet normal -8.311834E-001 5.477557E-001 -9.538337E-002
    outer loop 
      vertex -3.620767e-001 3.509350e-001 2.361416e+000
      vertex -3.060928e-001 4.565588e-001 2.480128e+000
      vertex -2.749227e-001 4.712728e-001 2.293005e+000
    endloop 
  endfacet
  facet normal -8.710120E-001 4.812161E-001 -9.883899E-002
    outer loop 
      vertex -3.790763e-001 3.385026e-001 2.548512e+000
      vertex -3.393379e-001 4.341852e-001 2.664168e+000
      vertex -3.060928e-001 4.565588e-001 2.480128e+000
    endloop 
  endfacet
  facet normal -7.172645E-001 6.922317E-001 -7.966702E-002
    outer loop 
      vertex -2.416224e-001 4.843167e-001 2.091682e+000
      vertex -1.445409e-001 5.657457e-001 1.925171e+000
      vertex -2.674382e-001 4.364434e-001 1.908136e+000
    endloop 
  endfacet
  facet normal -7.152100E-001 6.923597E-001 -9.546077E-002
    outer loop 
      vertex -1.445409e-001 5.657457e-001 1.925171e+000
      vertex -1.819643e-001 5.072165e-001 1.781053e+000
      vertex -2.674382e-001 4.364434e-001 1.908136e+000
    endloop 
  endfacet
  facet normal -7.021128E-001 7.112026E-001 -3.505090E-002
    outer loop 
      vertex -2.839168e-001 4.113093e-001 1.728236e+000
      vertex -3.876838e-001 3.151534e-001 1.855759e+000
      vertex -2.674382e-001 4.364434e-001 1.908136e+000
    endloop 
  endfacet
  facet normal -6.731001E-001 7.383857E-001 -4.150625E-002
    outer loop 
      vertex -2.839168e-001 4.113093e-001 1.728236e+000
      vertex -2.674382e-001 4.364434e-001 1.908136e+000
      vertex -1.819643e-001 5.072165e-001 1.781053e+000
    endloop 
  endfacet
  facet normal 7.448410E-001 -6.666167E-001 -2.888019E-002
    outer loop 
      vertex 3.871326e-001 -3.205605e-001 2.004907e+000
      vertex 2.951817e-001 -4.232636e-001 2.004036e+000
      vertex 3.197574e-001 -3.890910e-001 1.849082e+000
    endloop 
  endfacet
  facet normal 6.606991E-001 -7.505338E-001 -1.326084E-002
    outer loop 
      vertex 3.119058e-001 -3.930803e-001 1.683678e+000
      vertex 3.197574e-001 -3.890910e-001 1.849082e+000
      vertex 2.241539e-001 -4.712645e-001 1.736638e+000
    endloop 
  endfacet
  facet normal 6.876532E-001 -7.258815E-001 -1.513489E-002
    outer loop 
      vertex 3.119058e-001 -3.930803e-001 1.683678e+000
      vertex 4.122974e-001 -3.009400e-001 1.825845e+000
      vertex 3.197574e-001 -3.890910e-001 1.849082e+000
    endloop 
  endfacet
  facet normal 6.920025E-001 -7.216662E-001 1.817636E-002
    outer loop 
      vertex 4.122974e-001 -3.009400e-001 1.825845e+000
      vertex 3.871326e-001 -3.205605e-001 2.004907e+000
      vertex 3.197574e-001 -3.890910e-001 1.849082e+000
    endloop 
  endfacet
  facet normal -4.804375E-001 -8.755164E-001 5.148738E-002
    outer loop 
      vertex -1.993526e-001 -4.655483e-001 2.549180e+000
      vertex -1.505792e-001 -4.986706e-001 2.441065e+000
      vertex -5.129871e-002 -5.457272e-001 2.567295e+000
    endloop 
  endfacet
  facet normal -5.346991E-001 -8.448589E-001 1.761645E-002
    outer loop 
      vertex -2.851790e-001 -4.146884e-001 2.383318e+000
      vertex -1.505792e-001 -4.986706e-001 2.441065e+000
      vertex -1.993526e-001 -4.655483e-001 2.549180e+000
    endloop 
  endfacet
  facet normal -5.475525E-001 -8.358521E-001 3.920979E-002
    outer loop 
      vertex -3.809851e-002 -5.750893e-001 2.382771e+000
      vertex -1.505792e-001 -4.986706e-001 2.441065e+000
      vertex -2.075828e-001 -4.685268e-001 2.287616e+000
    endloop 
  endfacet
  facet normal -5.398953E-001 -8.409893E-001 3.535610E-002
    outer loop 
      vertex -1.505792e-001 -4.986706e-001 2.441065e+000
      vertex -2.851790e-001 -4.146884e-001 2.383318e+000
      vertex -2.075828e-001 -4.685268e-001 2.287616e+000
    endloop 
  endfacet
  facet normal -5.243953E-001 -8.459211E-001 9.709293E-002
    outer loop 
      vertex -1.505792e-001 -4.986706e-001 2.441065e+000
      vertex -3.809851e-002 -5.750893e-001 2.382771e+000
      vertex -5.129871e-002 -5.457272e-001 2.567295e+000
    endloop 
  endfacet
  facet normal 9.012918E-001 4.049377E-001 1.539433E-001
    outer loop 
      vertex 3.479349e-001 4.445035e-001 1.017148e+000
      vertex 3.294002e-001 5.269923e-001 9.086821e-001
      vertex 2.883174e-001 5.669774e-001 1.044032e+000
    endloop 
  endfacet
  facet normal 9.078066E-001 3.871863E-001 1.611650E-001
    outer loop 
      vertex 2.674203e-001 6.502110e-001 9.617777e-001
      vertex 2.883174e-001 5.669774e-001 1.044032e+000
      vertex 3.294002e-001 5.269923e-001 9.086821e-001
    endloop 
  endfacet
  facet normal 9.018115E-001 4.072788E-001 1.444305E-001
    outer loop 
      vertex 2.883174e-001 5.669774e-001 1.044032e+000
      vertex 2.824577e-001 5.297471e-001 1.185604e+000
      vertex 3.479349e-001 4.445035e-001 1.017148e+000
    endloop 
  endfacet
  facet normal 8.815074E-001 4.248723E-001 2.059813E-001
    outer loop 
      vertex 2.883174e-001 5.669774e-001 1.044032e+000
      vertex 2.674203e-001 6.502110e-001 9.617777e-001
      vertex 2.220351e-001 6.669945e-001 1.121387e+000
    endloop 
  endfacet
  facet normal 8.747736E-001 4.584686E-001 1.567731E-001
    outer loop 
      vertex 2.220351e-001 6.669945e-001 1.121387e+000
      vertex 2.824577e-001 5.297471e-001 1.185604e+000
      vertex 2.883174e-001 5.669774e-001 1.044032e+000
    endloop 
  endfacet
  facet normal 4.005317E-001 -9.028957E-001 1.560565E-001
    outer loop 
      vertex 4.668316e-001 -3.435462e-001 9.896981e-001
      vertex 5.343412e-001 -3.294603e-001 8.979257e-001
      vertex 5.684479e-001 -2.859601e-001 1.062067e+000
    endloop 
  endfacet
  facet normal 3.879362E-001 -9.077017E-001 1.599473E-001
    outer loop 
      vertex 5.343412e-001 -3.294603e-001 8.979257e-001
      vertex 6.518396e-001 -2.683944e-001 9.594942e-001
      vertex 5.684479e-001 -2.859601e-001 1.062067e+000
    endloop 
  endfacet
  facet normal 4.263243E-001 -8.971919E-001 1.153013E-001
    outer loop 
      vertex 4.668316e-001 -3.435462e-001 9.896981e-001
      vertex 5.684479e-001 -2.859601e-001 1.062067e+000
      vertex 4.590042e-001 -3.287702e-001 1.133616e+000
    endloop 
  endfacet
  facet normal 4.325286E-001 -8.788995E-001 2.011334E-001
    outer loop 
      vertex 5.684479e-001 -2.859601e-001 1.062067e+000
      vertex 6.518396e-001 -2.683944e-001 9.594942e-001
      vertex 6.685544e-001 -2.233550e-001 1.120360e+000
    endloop 
  endfacet
  facet normal 9.290420E-001 3.690569E-001 2.603538E-002
    outer loop 
      vertex 4.707458e-001 1.646036e-001 8.971504e-001
      vertex 4.530921e-001 2.164033e-001 7.928312e-001
      vertex 4.135100e-001 3.045475e-001 9.558092e-001
    endloop 
  endfacet
  facet normal 9.262027E-001 3.770012E-001 4.312032E-003
    outer loop 
      vertex 4.488907e-001 2.163955e-001 1.063355e+000
      vertex 4.707458e-001 1.646036e-001 8.971504e-001
      vertex 4.135100e-001 3.045475e-001 9.558092e-001
    endloop 
  endfacet
  facet normal 9.417011E-001 3.329135E-001 4.865749E-002
    outer loop 
      vertex 4.530921e-001 2.164033e-001 7.928312e-001
      vertex 3.915055e-001 3.816132e-001 8.543962e-001
      vertex 4.135100e-001 3.045475e-001 9.558092e-001
    endloop 
  endfacet
  facet normal 9.168301E-001 3.876514E-001 9.565033E-002
    outer loop 
      vertex 4.135100e-001 3.045475e-001 9.558092e-001
      vertex 3.915055e-001 3.816132e-001 8.543962e-001
      vertex 3.479349e-001 4.445035e-001 1.017148e+000
    endloop 
  endfacet
  facet normal 6.411099E-001 -7.653524E-001 -5.668951E-002
    outer loop 
      vertex 2.241539e-001 -4.712645e-001 1.736638e+000
      vertex 1.220147e-001 -5.511488e-001 1.660032e+000
      vertex 2.041725e-001 -4.766870e-001 1.583874e+000
    endloop 
  endfacet
  facet normal 6.099758E-001 -7.848415E-001 -1.093315E-001
    outer loop 
      vertex 9.886903e-002 -5.509210e-001 1.529263e+000
      vertex 2.041725e-001 -4.766870e-001 1.583874e+000
      vertex 1.220147e-001 -5.511488e-001 1.660032e+000
    endloop 
  endfacet
  facet normal 5.786737E-001 -8.133001E-001 -6.066058E-002
    outer loop 
      vertex 2.915865e-001 -4.073270e-001 1.487825e+000
      vertex 2.041725e-001 -4.766870e-001 1.583874e+000
      vertex 1.486838e-001 -5.048289e-001 1.431846e+000
    endloop 
  endfacet
  facet normal 6.169820E-001 -7.869481E-001 -6.766547E-003
    outer loop 
      vertex 2.041725e-001 -4.766870e-001 1.583874e+000
      vertex 2.915865e-001 -4.073270e-001 1.487825e+000
      vertex 3.119058e-001 -3.930803e-001 1.683678e+000
    endloop 
  endfacet
  facet normal 6.446529E-001 -7.623280E-001 -5.726029E-002
    outer loop 
      vertex 3.119058e-001 -3.930803e-001 1.683678e+000
      vertex 2.241539e-001 -4.712645e-001 1.736638e+000
      vertex 2.041725e-001 -4.766870e-001 1.583874e+000
    endloop 
  endfacet
  facet normal 5.990627E-001 -7.975463E-001 -7.101853E-002
    outer loop 
      vertex 1.486838e-001 -5.048289e-001 1.431846e+000
      vertex 2.041725e-001 -4.766870e-001 1.583874e+000
      vertex 9.886903e-002 -5.509210e-001 1.529263e+000
    endloop 
  endfacet
  facet normal 0.000000E+000 0.000000E+000 -1.000000E+000
    outer loop 
      vertex 5.000000e-001 -1.666667e-001 0.000000e+000
      vertex 3.782346e-001 -2.876811e-001 0.000000e+000
      vertex 3.506944e-001 -1.791088e-001 0.000000e+000
    endloop 
  endfacet
  facet normal 0.000000E+000 0.000000E+000 -1.000000E+000
    outer loop 
      vertex 3.506944e-001 -1.791088e-001 0.000000e+000
      vertex 3.782346e-001 -2.876811e-001 0.000000e+000
      vertex 2.407040e-001 -2.523085e-001 0.000000e+000
    endloop 
  endfacet
  facet normal 0.000000E+000 0.000000E+000 -1.000000E+000
    outer loop 
      vertex 3.752419e-001 -5.933267e-002 0.000000e+000
      vertex 3.506944e-001 -1.791088e-001 0.000000e+000
      vertex 2.463146e-001 -1.167427e-001 0.000000e+000
    endloop 
  endfacet
  facet normal 0.000000E+000 0.000000E+000 -1.000000E+000
    outer loop 
      vertex 3.752419e-001 -5.933267e-002 0.000000e+000
      vertex 5.000000e-001 -1.666667e-001 0.000000e+000
      vertex 3.506944e-001 -1.791088e-001 0.000000e+000
    endloop 
  endfacet
  facet normal 0.000000E+000 0.000000E+000 -1.000000E+000
    outer loop 
      vertex 2.407040e-001 -2.523085e-001 0.000000e+000
      vertex 2.463146e-001 -1.167427e-001 0.000000e+000
      vertex 3.506944e-001 -1.791088e-001 0.000000e+000
    endloop 
  endfacet
  facet normal -9.267392E-001 3.414089E-001 1.568258E-001
    outer loop 
      vertex -6.086846e-001 -1.672781e-001 2.804485e+000
      vertex -6.422067e-001 -2.935085e-001 2.881194e+000
      vertex -5.935742e-001 -1.984499e-001 2.961639e+000
    endloop 
  endfacet
  facet normal -9.213187E-001 3.548262E-001 1.589660E-001
    outer loop 
      vertex -5.648875e-001 -8.319485e-002 2.870639e+000
      vertex -6.086846e-001 -1.672781e-001 2.804485e+000
      vertex -5.935742e-001 -1.984499e-001 2.961639e+000
    endloop 
  endfacet
  facet normal -9.409291E-001 3.000048E-001 1.570018E-001
    outer loop 
      vertex -5.935742e-001 -1.984499e-001 2.961639e+000
      vertex -5.782356e-001 -2.303272e-001 3.114477e+000
      vertex -5.410733e-001 -6.121701e-002 3.014053e+000
    endloop 
  endfacet
  facet normal -9.474604E-001 2.805782E-001 1.536054E-001
    outer loop 
      vertex -6.214699e-001 -3.362948e-001 3.041364e+000
      vertex -5.782356e-001 -2.303272e-001 3.114477e+000
      vertex -5.935742e-001 -1.984499e-001 2.961639e+000
    endloop 
  endfacet
  facet normal -9.415827E-001 3.191852E-001 1.074373E-001
    outer loop 
      vertex -5.648875e-001 -8.319485e-002 2.870639e+000
      vertex -5.935742e-001 -1.984499e-001 2.961639e+000
      vertex -5.410733e-001 -6.121701e-002 3.014053e+000
    endloop 
  endfacet
  facet normal -9.306279E-001 3.051647E-001 2.020054E-001
    outer loop 
      vertex -5.935742e-001 -1.984499e-001 2.961639e+000
      vertex -6.422067e-001 -2.935085e-001 2.881194e+000
      vertex -6.214699e-001 -3.362948e-001 3.041364e+000
    endloop 
  endfacet
  facet normal 9.636078E-001 -2.219761E-001 1.489521E-001
    outer loop 
      vertex 5.847387e-001 2.020774e-001 3.060613e+000
      vertex 6.000282e-001 3.633821e-001 3.202086e+000
      vertex 5.612479e-001 2.542980e-001 3.290403e+000
    endloop 
  endfacet
  facet normal 9.637986E-001 -2.212449E-001 1.488054E-001
    outer loop 
      vertex 5.847387e-001 2.020774e-001 3.060613e+000
      vertex 5.612479e-001 2.542980e-001 3.290403e+000
      vertex 5.393375e-001 1.016629e-001 3.205376e+000
    endloop 
  endfacet
  facet normal 9.440262E-001 -3.010142E-001 1.349257E-001
    outer loop 
      vertex 5.847387e-001 2.020774e-001 3.060613e+000
      vertex 5.399497e-001 3.585809e-002 3.003157e+000
      vertex 5.888053e-001 1.209365e-001 2.851139e+000
    endloop 
  endfacet
  facet normal 9.520172E-001 -2.901633E-001 9.730513E-002
    outer loop 
      vertex 5.847387e-001 2.020774e-001 3.060613e+000
      vertex 5.393375e-001 1.016629e-001 3.205376e+000
      vertex 5.399497e-001 3.585809e-002 3.003157e+000
    endloop 
  endfacet
  facet normal 9.425020E-001 -2.736670E-001 1.918235E-001
    outer loop 
      vertex 5.847387e-001 2.020774e-001 3.060613e+000
      vertex 6.438828e-001 2.807792e-001 2.882297e+000
      vertex 6.235062e-001 3.223999e-001 3.041793e+000
    endloop 
  endfacet
  facet normal 9.247640E-001 -3.484593E-001 1.529298E-001
    outer loop 
      vertex 5.847387e-001 2.020774e-001 3.060613e+000
      vertex 5.888053e-001 1.209365e-001 2.851139e+000
      vertex 6.438828e-001 2.807792e-001 2.882297e+000
    endloop 
  endfacet
  facet normal 9.402066E-001 -2.705712E-001 2.068882E-001
    outer loop 
      vertex 5.847387e-001 2.020774e-001 3.060613e+000
      vertex 6.235062e-001 3.223999e-001 3.041793e+000
      vertex 6.000282e-001 3.633821e-001 3.202086e+000
    endloop 
  endfacet
  facet normal 3.424562E-001 9.273543E-001 1.507901E-001
    outer loop 
      vertex -2.863877e-001 6.367533e-001 2.882546e+000
      vertex -1.785862e-001 5.850334e-001 2.955796e+000
      vertex -1.475952e-001 6.000116e-001 2.793298e+000
    endloop 
  endfacet
  facet normal 3.639518E-001 9.185849E-001 1.540813E-001
    outer loop 
      vertex -5.955148e-002 5.553483e-001 2.851600e+000
      vertex -1.475952e-001 6.000116e-001 2.793298e+000
      vertex -1.785862e-001 5.850334e-001 2.955796e+000
    endloop 
  endfacet
  facet normal 3.206852E-001 9.355251E-001 1.481680E-001
    outer loop 
      vertex -1.785862e-001 5.850334e-001 2.955796e+000
      vertex -1.902081e-001 5.633960e-001 3.117567e+000
      vertex -3.633308e-002 5.336593e-001 2.972286e+000
    endloop 
  endfacet
  facet normal 2.777905E-001 9.493381E-001 1.469340E-001
    outer loop 
      vertex -1.785862e-001 5.850334e-001 2.955796e+000
      vertex -3.293165e-001 6.156060e-001 3.043235e+000
      vertex -1.902081e-001 5.633960e-001 3.117567e+000
    endloop 
  endfacet
  facet normal 3.268830E-001 9.391144E-001 1.058847E-001
    outer loop 
      vertex -1.785862e-001 5.850334e-001 2.955796e+000
      vertex -3.633308e-002 5.336593e-001 2.972286e+000
      vertex -5.955148e-002 5.553483e-001 2.851600e+000
    endloop 
  endfacet
  facet normal 3.070771E-001 9.294838E-001 2.043612E-001
    outer loop 
      vertex -3.293165e-001 6.156060e-001 3.043235e+000
      vertex -1.785862e-001 5.850334e-001 2.955796e+000
      vertex -2.863877e-001 6.367533e-001 2.882546e+000
    endloop 
  endfacet
  facet normal 2.222096E-002 9.908532E-001 1.331018E-001
    outer loop 
      vertex -3.541703e-001 4.888397e-001 3.770011e+000
      vertex -2.670388e-001 5.114105e-001 3.587440e+000
      vertex -4.850489e-001 5.039116e-001 3.679661e+000
    endloop 
  endfacet
  facet normal 3.502665E-003 9.922336E-001 1.243392E-001
    outer loop 
      vertex -2.670388e-001 5.114105e-001 3.587440e+000
      vertex -3.541703e-001 4.888397e-001 3.770011e+000
      vertex -1.603766e-001 4.936768e-001 3.725952e+000
    endloop 
  endfacet
  facet normal -4.715027E-003 9.960549E-001 8.861318E-002
    outer loop 
      vertex -3.541703e-001 4.888397e-001 3.770011e+000
      vertex -2.663120e-001 4.794320e-001 3.880434e+000
      vertex -1.603766e-001 4.936768e-001 3.725952e+000
    endloop 
  endfacet
  facet normal -3.322663E-002 9.769008E-001 2.110945E-001
    outer loop 
      vertex -5.226903e-001 4.685416e-001 3.837421e+000
      vertex -3.541703e-001 4.888397e-001 3.770011e+000
      vertex -4.850489e-001 5.039116e-001 3.679661e+000
    endloop 
  endfacet
  facet normal -9.907153E-001 1.993376E-002 1.344841E-001
    outer loop 
      vertex -5.106719e-001 -4.934871e-001 3.679238e+000
      vertex -4.954936e-001 -3.634735e-001 3.771782e+000
      vertex -5.172554e-001 -2.923287e-001 3.600922e+000
    endloop 
  endfacet
  facet normal -9.917194E-001 4.851626E-003 1.283319E-001
    outer loop 
      vertex -5.000437e-001 -1.768552e-001 3.729564e+000
      vertex -5.172554e-001 -2.923287e-001 3.600922e+000
      vertex -4.954936e-001 -3.634735e-001 3.771782e+000
    endloop 
  endfacet
  facet normal -9.964787E-001 -5.366946E-003 8.367493E-002
    outer loop 
      vertex -4.954936e-001 -3.634735e-001 3.771782e+000
      vertex -4.867853e-001 -2.747438e-001 3.881179e+000
      vertex -5.000437e-001 -1.768552e-001 3.729564e+000
    endloop 
  endfacet
  facet normal -9.769257E-001 -3.582267E-002 2.105539E-001
    outer loop 
      vertex -5.106719e-001 -4.934871e-001 3.679238e+000
      vertex -4.753710e-001 -5.314399e-001 3.836569e+000
      vertex -4.954936e-001 -3.634735e-001 3.771782e+000
    endloop 
  endfacet
  facet normal 8.230965E-001 5.466540E-001 -1.538879E-001
    outer loop 
      vertex 5.860194e-001 2.242437e-002 1.420745e+000
      vertex 6.346288e-001 -5.725682e-003 1.580744e+000
      vertex 6.926389e-001 -1.326300e-001 1.440220e+000
    endloop 
  endfacet
  facet normal 7.809790E-001 6.109236E-001 -1.297847E-001
    outer loop 
      vertex 6.346288e-001 -5.725682e-003 1.580744e+000
      vertex 5.860194e-001 2.242437e-002 1.420745e+000
      vertex 5.274752e-001 1.358572e-001 1.602407e+000
    endloop 
  endfacet
  facet normal 7.398967E-001 6.517874E-001 -1.665117E-001
    outer loop 
      vertex 6.346288e-001 -5.725682e-003 1.580744e+000
      vertex 6.209636e-001 5.231205e-002 1.747203e+000
      vertex 7.039925e-001 -3.850466e-002 1.760653e+000
    endloop 
  endfacet
  facet normal 7.773228E-001 6.111374E-001 -1.492662E-001
    outer loop 
      vertex 6.209636e-001 5.231205e-002 1.747203e+000
      vertex 6.346288e-001 -5.725682e-003 1.580744e+000
      vertex 5.274752e-001 1.358572e-001 1.602407e+000
    endloop 
  endfacet
  facet normal 7.847909E-001 5.850827E-001 -2.044052E-001
    outer loop 
      vertex 6.926389e-001 -1.326300e-001 1.440220e+000
      vertex 6.346288e-001 -5.725682e-003 1.580744e+000
      vertex 6.997280e-001 -8.614504e-002 1.600495e+000
    endloop 
  endfacet
  facet normal 7.851793E-001 5.875410E-001 -1.956758E-001
    outer loop 
      vertex 7.039925e-001 -3.850466e-002 1.760653e+000
      vertex 6.997280e-001 -8.614504e-002 1.600495e+000
      vertex 6.346288e-001 -5.725682e-003 1.580744e+000
    endloop 
  endfacet
  facet normal 6.295534E-001 -7.595677E-001 -1.634608E-001
    outer loop 
      vertex 6.058753e-003 -6.257163e-001 1.559938e+000
      vertex 1.220147e-001 -5.511488e-001 1.660032e+000
      vertex 4.265290e-002 -6.359283e-001 1.748330e+000
    endloop 
  endfacet
  facet normal 6.019562E-001 -7.912024E-001 -1.079232E-001
    outer loop 
      vertex 6.058753e-003 -6.257163e-001 1.559938e+000
      vertex 9.886903e-002 -5.509210e-001 1.529263e+000
      vertex 1.220147e-001 -5.511488e-001 1.660032e+000
    endloop 
  endfacet
  facet normal 5.457411E-001 -8.245096E-001 -1.495008E-001
    outer loop 
      vertex 1.307210e-002 -5.936175e-001 1.408512e+000
      vertex 6.058753e-003 -6.257163e-001 1.559938e+000
      vertex -1.306189e-001 -6.941978e-001 1.438688e+000
    endloop 
  endfacet
  facet normal 5.926493E-001 -7.930824E-001 -1.406664E-001
    outer loop 
      vertex 1.307210e-002 -5.936175e-001 1.408512e+000
      vertex 9.886903e-002 -5.509210e-001 1.529263e+000
      vertex 6.058753e-003 -6.257163e-001 1.559938e+000
    endloop 
  endfacet
  facet normal 6.006317E-001 -7.835277E-001 -1.591417E-001
    outer loop 
      vertex 4.265290e-002 -6.359283e-001 1.748330e+000
      vertex -8.320463e-002 -7.020859e-001 1.599043e+000
      vertex 6.058753e-003 -6.257163e-001 1.559938e+000
    endloop 
  endfacet
  facet normal 5.806952E-001 -7.864664E-001 -2.103890E-001
    outer loop 
      vertex -8.320463e-002 -7.020859e-001 1.599043e+000
      vertex -1.306189e-001 -6.941978e-001 1.438688e+000
      vertex 6.058753e-003 -6.257163e-001 1.559938e+000
    endloop 
  endfacet
  facet normal 1.656726E-001 -9.843513E-001 6.004213E-002
    outer loop 
      vertex 1.081374e-001 -4.883992e-001 4.173428e-001
      vertex 2.722228e-001 -4.609370e-001 4.148111e-001
      vertex 2.386853e-001 -4.591514e-001 5.366235e-001
    endloop 
  endfacet
  facet normal 2.156688E-001 -9.736850E-001 7.365075E-002
    outer loop 
      vertex 3.786849e-001 -4.271245e-001 5.500736e-001
      vertex 2.386853e-001 -4.591514e-001 5.366235e-001
      vertex 2.722228e-001 -4.609370e-001 4.148111e-001
    endloop 
  endfacet
  facet normal 2.147003E-001 -9.766696E-001 4.499743E-003
    outer loop 
      vertex 1.081374e-001 -4.883992e-001 4.173428e-001
      vertex 2.386853e-001 -4.591514e-001 5.366235e-001
      vertex 1.174342e-001 -4.855193e-001 5.988444e-001
    endloop 
  endfacet
  facet normal 9.871927E-001 -5.517854E-002 1.496855E-001
    outer loop 
      vertex 5.156960e-001 3.486708e-001 3.649079e+000
      vertex 5.160219e-001 2.095460e-001 3.595644e+000
      vertex 5.390191e-001 2.968602e-001 3.476162e+000
    endloop 
  endfacet
  facet normal 9.874175E-001 -1.213973E-001 1.013381E-001
    outer loop 
      vertex 5.251783e-001 1.354520e-001 3.417666e+000
      vertex 5.390191e-001 2.968602e-001 3.476162e+000
      vertex 5.160219e-001 2.095460e-001 3.595644e+000
    endloop 
  endfacet
  facet normal 9.835449E-001 -8.653754E-002 1.585895E-001
    outer loop 
      vertex 5.156960e-001 3.486708e-001 3.649079e+000
      vertex 5.390191e-001 2.968602e-001 3.476162e+000
      vertex 5.443920e-001 4.409551e-001 3.521468e+000
    endloop 
  endfacet
  facet normal 9.763360E-001 -1.537666E-001 1.520652E-001
    outer loop 
      vertex 5.612479e-001 2.542980e-001 3.290403e+000
      vertex 5.735130e-001 4.029946e-001 3.362015e+000
      vertex 5.390191e-001 2.968602e-001 3.476162e+000
    endloop 
  endfacet
  facet normal 9.792117E-001 -1.378835E-001 1.487701E-001
    outer loop 
      vertex 5.612479e-001 2.542980e-001 3.290403e+000
      vertex 5.390191e-001 2.968602e-001 3.476162e+000
      vertex 5.251783e-001 1.354520e-001 3.417666e+000
    endloop 
  endfacet
  facet normal 9.743561E-001 -9.974785E-002 2.016942E-001
    outer loop 
      vertex 5.390191e-001 2.968602e-001 3.476162e+000
      vertex 5.735130e-001 4.029946e-001 3.362015e+000
      vertex 5.443920e-001 4.409551e-001 3.521468e+000
    endloop 
  endfacet
  facet normal 7.491055E-001 -6.425970E-001 -1.609663E-001
    outer loop 
      vertex 6.028485e-002 -7.057662e-001 2.079286e+000
      vertex 1.037465e-001 -6.202266e-001 1.940063e+000
      vertex 1.549793e-001 -6.046202e-001 2.116188e+000
    endloop 
  endfacet
  facet normal 7.270502E-001 -6.695099E-001 -1.521659E-001
    outer loop 
      vertex 1.549793e-001 -6.046202e-001 2.116188e+000
      vertex 1.037465e-001 -6.202266e-001 1.940063e+000
      vertex 1.986977e-001 -5.267410e-001 1.982417e+000
    endloop 
  endfacet
  facet normal 7.029191E-001 -6.912987E-001 -1.673642E-001
    outer loop 
      vertex 4.265290e-002 -6.359283e-001 1.748330e+000
      vertex 1.037465e-001 -6.202266e-001 1.940063e+000
      vertex 1.262701e-002 -7.078183e-001 1.919165e+000
    endloop 
  endfacet
  facet normal 6.765836E-001 -7.195078E-001 -1.566626E-001
    outer loop 
      vertex 1.517056e-001 -5.490859e-001 1.820456e+000
      vertex 1.037465e-001 -6.202266e-001 1.940063e+000
      vertex 4.265290e-002 -6.359283e-001 1.748330e+000
    endloop 
  endfacet
  facet normal 7.024562E-001 -6.829535E-001 -2.003243E-001
    outer loop 
      vertex 1.262701e-002 -7.078183e-001 1.919165e+000
      vertex 1.037465e-001 -6.202266e-001 1.940063e+000
      vertex 6.028485e-002 -7.057662e-001 2.079286e+000
    endloop 
  endfacet
  facet normal 7.225924E-001 -6.815351E-001 -1.156289E-001
    outer loop 
      vertex 1.037465e-001 -6.202266e-001 1.940063e+000
      vertex 1.517056e-001 -5.490859e-001 1.820456e+000
      vertex 1.986977e-001 -5.267410e-001 1.982417e+000
    endloop 
  endfacet
endsolid
