solid ASCII
; Created 4/30/2025 7:56:41 AM by Nastran FNO Reader 1.84
; NAS File: C:\Users\Sam\Documents\Inventor\1x1x4_block\InCAD\FEA\py5ys2o95.nas
; Results from: C:\Users\Sam\Documents\Inventor\1x1x4_block\InCAD\FEA\py5ys2o95.FNO
; Subcase: [1] INCR 9, LOAD=1.0
; Deformed positions, scale factor 1.0
;
; Property ID = 1  Element Type = Solid
  facet normal -9.957139E-001 -8.305042E-002 4.069893E-002
    outer loop 
      vertex -4.570719e-001 -5.394121e-001 7.999144e-001
      vertex -4.636983e-001 -4.303975e-001 8.602530e-001
      vertex -4.699852e-001 -4.148778e-001 7.381109e-001
    endloop 
  endfacet
  facet normal -9.954972E-001 -8.577802E-002 4.034121E-002
    outer loop 
      vertex -4.699852e-001 -4.148778e-001 7.381109e-001
      vertex -4.636983e-001 -4.303975e-001 8.602530e-001
      vertex -4.760764e-001 -3.022173e-001 8.273515e-001
    endloop 
  endfacet
  facet normal -9.966195E-001 -7.183998E-002 3.985896E-002
    outer loop 
      vertex -4.811950e-001 -2.817107e-001 6.978390e-001
      vertex -4.767118e-001 -3.989675e-001 5.985990e-001
      vertex -4.699852e-001 -4.148778e-001 7.381109e-001
    endloop 
  endfacet
  facet normal -9.970341E-001 -6.536964E-002 4.061684E-002
    outer loop 
      vertex -4.767118e-001 -3.989675e-001 5.985990e-001
      vertex -4.663427e-001 -5.314287e-001 6.399463e-001
      vertex -4.699852e-001 -4.148778e-001 7.381109e-001
    endloop 
  endfacet
  facet normal -9.967601E-001 -7.561290E-002 2.742220E-002
    outer loop 
      vertex -4.811950e-001 -2.817107e-001 6.978390e-001
      vertex -4.699852e-001 -4.148778e-001 7.381109e-001
      vertex -4.760764e-001 -3.022173e-001 8.273515e-001
    endloop 
  endfacet
  facet normal -9.956128E-001 -7.649758E-002 5.388179E-002
    outer loop 
      vertex -4.699852e-001 -4.148778e-001 7.381109e-001
      vertex -4.663427e-001 -5.314287e-001 6.399463e-001
      vertex -4.570719e-001 -5.394121e-001 7.999144e-001
    endloop 
  endfacet
  facet normal 9.993014E-001 1.858135E-002 -3.242522E-002
    outer loop 
      vertex 5.103946e-001 -2.929031e-001 3.518542e-001
      vertex 5.075800e-001 -3.624688e-001 2.252494e-001
      vertex 5.041023e-001 -2.009645e-001 2.106220e-001
    endloop 
  endfacet
  facet normal 9.992950E-001 1.856229E-002 -3.263417E-002
    outer loop 
      vertex 5.029851e-001 -3.324519e-001 1.016213e-001
      vertex 5.041023e-001 -2.009645e-001 2.106220e-001
      vertex 5.075800e-001 -3.624688e-001 2.252494e-001
    endloop 
  endfacet
  facet normal 9.991366E-001 3.567507E-002 -2.129030E-002
    outer loop 
      vertex 5.103946e-001 -2.929031e-001 3.518542e-001
      vertex 5.041023e-001 -2.009645e-001 2.106220e-001
      vertex 5.050424e-001 -1.247688e-001 3.824138e-001
    endloop 
  endfacet
  facet normal 9.996522E-001 2.091534E-002 -1.606466E-002
    outer loop 
      vertex 5.007978e-001 -3.345067e-002 2.230852e-001
      vertex 5.041023e-001 -2.009645e-001 2.106220e-001
      vertex 5.000000e-001 -1.666667e-001 0.000000e+000
    endloop 
  endfacet
  facet normal 9.996753E-001 2.081441E-002 -1.470203E-002
    outer loop 
      vertex 5.050424e-001 -1.247688e-001 3.824138e-001
      vertex 5.041023e-001 -2.009645e-001 2.106220e-001
      vertex 5.007978e-001 -3.345067e-002 2.230852e-001
    endloop 
  endfacet
  facet normal 9.998084E-001 6.738391E-003 -1.837629E-002
    outer loop 
      vertex 5.029851e-001 -3.324519e-001 1.016213e-001
      vertex 5.000000e-001 -1.666667e-001 0.000000e+000
      vertex 5.041023e-001 -2.009645e-001 2.106220e-001
    endloop 
  endfacet
  facet normal -1.996279E-001 9.789559E-001 -4.235481E-002
    outer loop 
      vertex 3.896355e-001 5.895238e-001 1.920125e+000
      vertex 2.033576e-001 5.521204e-001 1.933583e+000
      vertex 2.781578e-001 5.739844e-001 2.086380e+000
    endloop 
  endfacet
  facet normal -2.177414E-001 9.754490E-001 -3.298568E-002
    outer loop 
      vertex 2.033576e-001 5.521204e-001 1.933583e+000
      vertex 1.053314e-001 5.358453e-001 2.099379e+000
      vertex 2.781578e-001 5.739844e-001 2.086380e+000
    endloop 
  endfacet
  facet normal -1.994142E-001 9.791439E-001 -3.887422E-002
    outer loop 
      vertex 3.896355e-001 5.895238e-001 1.920125e+000
      vertex 2.706594e-001 5.590075e-001 1.761811e+000
      vertex 2.033576e-001 5.521204e-001 1.933583e+000
    endloop 
  endfacet
  facet normal -1.851727E-001 9.821459E-001 -3.317390E-002
    outer loop 
      vertex 2.033576e-001 5.521204e-001 1.933583e+000
      vertex 2.706594e-001 5.590075e-001 1.761811e+000
      vertex 1.151228e-001 5.305876e-001 1.788600e+000
    endloop 
  endfacet
  facet normal 9.757071E-001 2.156408E-001 -3.866158E-002
    outer loop 
      vertex 5.959827e-001 -3.799573e-001 2.080119e+000
      vertex 5.620757e-001 -2.534070e-001 1.930257e+000
      vertex 5.590084e-001 -2.113914e-001 2.087195e+000
    endloop 
  endfacet
  facet normal 9.789661E-001 2.001859E-001 -3.938206E-002
    outer loop 
      vertex 5.597565e-001 -2.762639e-001 1.756419e+000
      vertex 5.620757e-001 -2.534070e-001 1.930257e+000
      vertex 5.895872e-001 -3.899263e-001 1.920191e+000
    endloop 
  endfacet
  facet normal 9.817615E-001 1.863612E-001 -3.760164E-002
    outer loop 
      vertex 5.597565e-001 -2.762639e-001 1.756419e+000
      vertex 5.384779e-001 -1.559025e-001 1.797380e+000
      vertex 5.620757e-001 -2.534070e-001 1.930257e+000
    endloop 
  endfacet
  facet normal 9.782404E-001 2.009439E-001 -5.164552E-002
    outer loop 
      vertex 5.895872e-001 -3.899263e-001 1.920191e+000
      vertex 5.620757e-001 -2.534070e-001 1.930257e+000
      vertex 5.959827e-001 -3.799573e-001 2.080119e+000
    endloop 
  endfacet
  facet normal -2.656273E-001 9.632699E-001 -3.941097E-002
    outer loop 
      vertex 2.323018e-001 5.776501e-001 2.440605e+000
      vertex 2.208050e-001 5.813115e-001 2.607585e+000
      vertex 3.484918e-001 6.145804e-001 2.560131e+000
    endloop 
  endfacet
  facet normal -2.531813E-001 9.660012E-001 -5.235353E-002
    outer loop 
      vertex 3.484918e-001 6.145804e-001 2.560131e+000
      vertex 3.588839e-001 6.086385e-001 2.400237e+000
      vertex 2.323018e-001 5.776501e-001 2.440605e+000
    endloop 
  endfacet
  facet normal -9.676450E-001 -2.487832E-001 -4.207023E-002
    outer loop 
      vertex -6.091216e-001 3.590598e-001 2.400014e+000
      vertex -5.814025e-001 2.644435e-001 2.321972e+000
      vertex -5.842401e-001 2.494192e-001 2.476085e+000
    endloop 
  endfacet
  facet normal -9.683373E-001 -2.461174E-001 -4.182309E-002
    outer loop 
      vertex -5.842401e-001 2.494192e-001 2.476085e+000
      vertex -5.814025e-001 2.644435e-001 2.321972e+000
      vertex -5.578301e-001 1.627023e-001 2.374914e+000
    endloop 
  endfacet
  facet normal -9.645310E-001 -2.609481E-001 -3.982416E-002
    outer loop 
      vertex -5.842401e-001 2.494192e-001 2.476085e+000
      vertex -5.497911e-001 1.154422e-001 2.519624e+000
      vertex -5.824627e-001 2.213050e-001 2.617254e+000
    endloop 
  endfacet
  facet normal -9.655887E-001 -2.582555E-001 -3.070161E-002
    outer loop 
      vertex -5.497911e-001 1.154422e-001 2.519624e+000
      vertex -5.842401e-001 2.494192e-001 2.476085e+000
      vertex -5.578301e-001 1.627023e-001 2.374914e+000
    endloop 
  endfacet
  facet normal -9.631717E-001 -2.657733E-001 -4.080223E-002
    outer loop 
      vertex -6.151777e-001 3.486574e-001 2.559986e+000
      vertex -5.842401e-001 2.494192e-001 2.476085e+000
      vertex -5.824627e-001 2.213050e-001 2.617254e+000
    endloop 
  endfacet
  facet normal -9.652271E-001 -2.559457E-001 -5.318433E-002
    outer loop 
      vertex -6.091216e-001 3.590598e-001 2.400014e+000
      vertex -5.842401e-001 2.494192e-001 2.476085e+000
      vertex -6.151777e-001 3.486574e-001 2.559986e+000
    endloop 
  endfacet
  facet normal -2.198064E-001 9.749475E-001 3.409625E-002
    outer loop 
      vertex -4.291770e-001 4.184758e-001 2.034623e+000
      vertex -4.170738e-001 4.153681e-001 2.201511e+000
      vertex -2.431285e-001 4.574228e-001 2.120362e+000
    endloop 
  endfacet
  facet normal -2.170886E-001 9.755627E-001 3.391061E-002
    outer loop 
      vertex -4.170738e-001 4.153681e-001 2.201511e+000
      vertex -4.291770e-001 4.184758e-001 2.034623e+000
      vertex -5.965411e-001 3.796573e-001 2.079949e+000
    endloop 
  endfacet
  facet normal -2.007193E-001 9.789950E-001 3.578483E-002
    outer loop 
      vertex -5.899986e-001 3.896977e-001 1.919872e+000
      vertex -4.291770e-001 4.184758e-001 2.034623e+000
      vertex -4.499133e-001 4.202799e-001 1.868957e+000
    endloop 
  endfacet
  facet normal -2.025370E-001 9.786124E-001 3.600819E-002
    outer loop 
      vertex -4.291770e-001 4.184758e-001 2.034623e+000
      vertex -2.808470e-001 4.522377e-001 1.951379e+000
      vertex -4.499133e-001 4.202799e-001 1.868957e+000
    endloop 
  endfacet
  facet normal -2.125716E-001 9.769893E-001 1.746967E-002
    outer loop 
      vertex -4.291770e-001 4.184758e-001 2.034623e+000
      vertex -2.431285e-001 4.574228e-001 2.120362e+000
      vertex -2.808470e-001 4.522377e-001 1.951379e+000
    endloop 
  endfacet
  facet normal -2.121068E-001 9.758332E-001 5.253719E-002
    outer loop 
      vertex -4.291770e-001 4.184758e-001 2.034623e+000
      vertex -5.899986e-001 3.896977e-001 1.919872e+000
      vertex -5.965411e-001 3.796573e-001 2.079949e+000
    endloop 
  endfacet
  facet normal -1.157660E-001 9.925058E-001 -3.912205E-002
    outer loop 
      vertex 4.383378e-001 5.544939e-001 1.120061e+000
      vertex 3.158491e-001 5.376865e-001 1.056122e+000
      vertex 3.003161e-001 5.440017e-001 1.262299e+000
    endloop 
  endfacet
  facet normal -1.149164E-001 9.926069E-001 -3.906114E-002
    outer loop 
      vertex 3.003161e-001 5.440017e-001 1.262299e+000
      vertex 3.158491e-001 5.376865e-001 1.056122e+000
      vertex 1.796861e-001 5.242286e-001 1.114721e+000
    endloop 
  endfacet
  facet normal -9.855828E-002 9.943465E-001 -3.951434E-002
    outer loop 
      vertex 1.936936e-001 5.216572e-001 9.574425e-001
      vertex 3.158491e-001 5.376865e-001 1.056122e+000
      vertex 3.286067e-001 5.323094e-001 8.889905e-001
    endloop 
  endfacet
  facet normal -9.810575E-002 9.943925E-001 -3.948128E-002
    outer loop 
      vertex 4.477650e-001 5.468881e-001 9.600847e-001
      vertex 3.286067e-001 5.323094e-001 8.889905e-001
      vertex 3.158491e-001 5.376865e-001 1.056122e+000
    endloop 
  endfacet
  facet normal -1.093944E-001 9.936587E-001 -2.598856E-002
    outer loop 
      vertex 3.158491e-001 5.376865e-001 1.056122e+000
      vertex 1.936936e-001 5.216572e-001 9.574425e-001
      vertex 1.796861e-001 5.242286e-001 1.114721e+000
    endloop 
  endfacet
  facet normal -1.082459E-001 9.926795E-001 -5.357387E-002
    outer loop 
      vertex 3.158491e-001 5.376865e-001 1.056122e+000
      vertex 4.383378e-001 5.544939e-001 1.120061e+000
      vertex 4.477650e-001 5.468881e-001 9.600847e-001
    endloop 
  endfacet
  facet normal 1.829900E-001 -9.827117E-001 -2.815014E-002
    outer loop 
      vertex -2.945689e-001 -5.636088e-001 1.758278e+000
      vertex -1.674993e-001 -5.374582e-001 1.671386e+000
      vertex -1.683342e-001 -5.422147e-001 1.832005e+000
    endloop 
  endfacet
  facet normal 1.824073E-001 -9.828198E-001 -2.815636E-002
    outer loop 
      vertex -5.118351e-002 -5.179607e-001 1.744346e+000
      vertex -1.683342e-001 -5.422147e-001 1.832005e+000
      vertex -1.674993e-001 -5.374582e-001 1.671386e+000
    endloop 
  endfacet
  facet normal 0.000000E+000 0.000000E+000 1.000000E+000
    outer loop 
      vertex -4.949367e-001 1.929878e-001 4.000000e+000
      vertex -3.563655e-001 2.595302e-001 4.000000e+000
      vertex -5.097368e-001 3.194416e-001 4.000000e+000
    endloop 
  endfacet
  facet normal 0.000000E+000 0.000000E+000 1.000000E+000
    outer loop 
      vertex -3.563655e-001 2.595302e-001 4.000000e+000
      vertex -4.949367e-001 1.929878e-001 4.000000e+000
      vertex -3.597284e-001 1.276021e-001 4.000000e+000
    endloop 
  endfacet
  facet normal 0.000000E+000 0.000000E+000 1.000000E+000
    outer loop 
      vertex -3.563655e-001 2.595302e-001 4.000000e+000
      vertex -2.136871e-001 3.141399e-001 4.000000e+000
      vertex -3.560113e-001 3.883158e-001 4.000000e+000
    endloop 
  endfacet
  facet normal 0.000000E+000 0.000000E+000 1.000000E+000
    outer loop 
      vertex -3.563655e-001 2.595302e-001 4.000000e+000
      vertex -3.560113e-001 3.883158e-001 4.000000e+000
      vertex -5.097368e-001 3.194416e-001 4.000000e+000
    endloop 
  endfacet
  facet normal 0.000000E+000 0.000000E+000 1.000000E+000
    outer loop 
      vertex 5.043365e-002 -5.253472e-001 4.000000e+000
      vertex 1.480141e-002 -3.809020e-001 4.000000e+000
      vertex -1.044644e-001 -4.711608e-001 4.000000e+000
    endloop 
  endfacet
  facet normal 0.000000E+000 0.000000E+000 1.000000E+000
    outer loop 
      vertex 1.480141e-002 -3.809020e-001 4.000000e+000
      vertex -1.877204e-001 -3.656355e-001 4.000000e+000
      vertex -1.044644e-001 -4.711608e-001 4.000000e+000
    endloop 
  endfacet
  facet normal 0.000000E+000 0.000000E+000 1.000000E+000
    outer loop 
      vertex -1.044644e-001 -4.711608e-001 4.000000e+000
      vertex -3.202075e-001 -5.094986e-001 4.000000e+000
      vertex -9.976064e-002 -5.927029e-001 4.000000e+000
    endloop 
  endfacet
  facet normal 0.000000E+000 0.000000E+000 1.000000E+000
    outer loop 
      vertex -1.044644e-001 -4.711608e-001 4.000000e+000
      vertex -1.877204e-001 -3.656355e-001 4.000000e+000
      vertex -3.202075e-001 -5.094986e-001 4.000000e+000
    endloop 
  endfacet
  facet normal 0.000000E+000 0.000000E+000 1.000000E+000
    outer loop 
      vertex 5.043365e-002 -5.253472e-001 4.000000e+000
      vertex -1.044644e-001 -4.711608e-001 4.000000e+000
      vertex -9.976064e-002 -5.927029e-001 4.000000e+000
    endloop 
  endfacet
  facet normal 0.000000E+000 0.000000E+000 -1.000000E+000
    outer loop 
      vertex -6.641074e-002 -3.674450e-001 0.000000e+000
      vertex -1.666667e-001 -5.000000e-001 0.000000e+000
      vertex -2.201840e-001 -3.768720e-001 0.000000e+000
    endloop 
  endfacet
  facet normal 0.000000E+000 0.000000E+000 -1.000000E+000
    outer loop 
      vertex -2.201840e-001 -3.768720e-001 0.000000e+000
      vertex -1.666667e-001 -5.000000e-001 0.000000e+000
      vertex -3.333333e-001 -5.000000e-001 0.000000e+000
    endloop 
  endfacet
  facet normal -9.999086E-001 -1.351824E-002 -2.058371E-004
    outer loop 
      vertex -5.001224e-001 3.940808e-004 2.772510e-001
      vertex -5.009189e-001 6.144645e-002 1.368636e-001
      vertex -4.980433e-001 -1.513251e-001 1.415489e-001
    endloop 
  endfacet
  facet normal -9.995230E-001 -2.704141E-002 1.491939E-002
    outer loop 
      vertex -4.980433e-001 -1.513251e-001 1.415489e-001
      vertex -4.954690e-001 -1.608834e-001 2.966850e-001
      vertex -5.001224e-001 3.940808e-004 2.772510e-001
    endloop 
  endfacet
  facet normal -9.994896E-001 -2.667403E-002 -1.758101E-002
    outer loop 
      vertex -5.062708e-001 1.440023e-001 4.089105e-001
      vertex -5.045466e-001 1.870618e-001 2.455596e-001
      vertex -5.001224e-001 3.940808e-004 2.772510e-001
    endloop 
  endfacet
  facet normal -9.996863E-001 -2.454304E-002 -5.001618E-003
    outer loop 
      vertex -5.045466e-001 1.870618e-001 2.455596e-001
      vertex -5.009189e-001 6.144645e-002 1.368636e-001
      vertex -5.001224e-001 3.940808e-004 2.772510e-001
    endloop 
  endfacet
  facet normal -9.991701E-001 -4.066602E-002 -2.304279E-003
    outer loop 
      vertex -5.062708e-001 1.440023e-001 4.089105e-001
      vertex -5.001224e-001 3.940808e-004 2.772510e-001
      vertex -4.978735e-001 -6.227937e-002 4.081780e-001
    endloop 
  endfacet
  facet normal -9.995900E-001 -2.841104E-002 3.569270E-003
    outer loop 
      vertex -5.001224e-001 3.940808e-004 2.772510e-001
      vertex -4.954690e-001 -1.608834e-001 2.966850e-001
      vertex -4.978735e-001 -6.227937e-002 4.081780e-001
    endloop 
  endfacet
  facet normal 0.000000E+000 0.000000E+000 -1.000000E+000
    outer loop 
      vertex 2.542583e-001 3.949247e-001 0.000000e+000
      vertex 1.274870e-001 3.588903e-001 0.000000e+000
      vertex 1.666667e-001 5.000000e-001 0.000000e+000
    endloop 
  endfacet
  facet normal 0.000000E+000 0.000000E+000 -1.000000E+000
    outer loop 
      vertex 2.514211e-001 2.763562e-001 0.000000e+000
      vertex 1.274870e-001 3.588903e-001 0.000000e+000
      vertex 2.542583e-001 3.949247e-001 0.000000e+000
    endloop 
  endfacet
  facet normal 0.000000E+000 0.000000E+000 -1.000000E+000
    outer loop 
      vertex 1.666667e-001 5.000000e-001 0.000000e+000
      vertex 3.333333e-001 5.000000e-001 0.000000e+000
      vertex 2.542583e-001 3.949247e-001 0.000000e+000
    endloop 
  endfacet
  facet normal 0.000000E+000 0.000000E+000 -1.000000E+000
    outer loop 
      vertex -3.758429e-001 2.112186e-001 0.000000e+000
      vertex -5.000000e-001 3.333333e-001 0.000000e+000
      vertex -3.725906e-001 3.661245e-001 0.000000e+000
    endloop 
  endfacet
  facet normal 0.000000E+000 0.000000E+000 -1.000000E+000
    outer loop 
      vertex -3.725906e-001 3.661245e-001 0.000000e+000
      vertex -2.457781e-001 2.525930e-001 0.000000e+000
      vertex -3.758429e-001 2.112186e-001 0.000000e+000
    endloop 
  endfacet
  facet normal 0.000000E+000 0.000000E+000 -1.000000E+000
    outer loop 
      vertex -3.333333e-001 5.000000e-001 0.000000e+000
      vertex -2.453599e-001 3.902999e-001 0.000000e+000
      vertex -3.725906e-001 3.661245e-001 0.000000e+000
    endloop 
  endfacet
  facet normal 0.000000E+000 0.000000E+000 -1.000000E+000
    outer loop 
      vertex -3.725906e-001 3.661245e-001 0.000000e+000
      vertex -2.453599e-001 3.902999e-001 0.000000e+000
      vertex -2.457781e-001 2.525930e-001 0.000000e+000
    endloop 
  endfacet
  facet normal 0.000000E+000 0.000000E+000 -1.000000E+000
    outer loop 
      vertex -3.725906e-001 3.661245e-001 0.000000e+000
      vertex -5.000000e-001 5.000000e-001 0.000000e+000
      vertex -3.333333e-001 5.000000e-001 0.000000e+000
    endloop 
  endfacet
  facet normal 0.000000E+000 0.000000E+000 -1.000000E+000
    outer loop 
      vertex -3.725906e-001 3.661245e-001 0.000000e+000
      vertex -5.000000e-001 3.333333e-001 0.000000e+000
      vertex -5.000000e-001 5.000000e-001 0.000000e+000
    endloop 
  endfacet
  facet normal 0.000000E+000 0.000000E+000 -1.000000E+000
    outer loop 
      vertex -3.758429e-001 2.112186e-001 0.000000e+000
      vertex -3.766828e-001 6.072977e-002 0.000000e+000
      vertex -5.000000e-001 1.666667e-001 0.000000e+000
    endloop 
  endfacet
  facet normal 0.000000E+000 0.000000E+000 -1.000000E+000
    outer loop 
      vertex -5.000000e-001 1.666667e-001 0.000000e+000
      vertex -5.000000e-001 3.333333e-001 0.000000e+000
      vertex -3.758429e-001 2.112186e-001 0.000000e+000
    endloop 
  endfacet
  facet normal 0.000000E+000 0.000000E+000 -1.000000E+000
    outer loop 
      vertex 3.782346e-001 -2.876811e-001 0.000000e+000
      vertex 3.952537e-001 -4.042868e-001 0.000000e+000
      vertex 2.567876e-001 -3.806878e-001 0.000000e+000
    endloop 
  endfacet
  facet normal 0.000000E+000 0.000000E+000 -1.000000E+000
    outer loop 
      vertex 5.000000e-001 -3.333333e-001 0.000000e+000
      vertex 3.952537e-001 -4.042868e-001 0.000000e+000
      vertex 3.782346e-001 -2.876811e-001 0.000000e+000
    endloop 
  endfacet
  facet normal 0.000000E+000 0.000000E+000 -1.000000E+000
    outer loop 
      vertex 2.407040e-001 -2.523085e-001 0.000000e+000
      vertex 3.782346e-001 -2.876811e-001 0.000000e+000
      vertex 2.567876e-001 -3.806878e-001 0.000000e+000
    endloop 
  endfacet
  facet normal 0.000000E+000 0.000000E+000 -1.000000E+000
    outer loop 
      vertex 5.000000e-001 -3.333333e-001 0.000000e+000
      vertex 3.782346e-001 -2.876811e-001 0.000000e+000
      vertex 5.000000e-001 -1.666667e-001 0.000000e+000
    endloop 
  endfacet
  facet normal 0.000000E+000 0.000000E+000 -1.000000E+000
    outer loop 
      vertex -5.000000e-001 -1.666667e-001 0.000000e+000
      vertex -3.789835e-001 -8.326499e-002 0.000000e+000
      vertex -3.818465e-001 -2.199804e-001 0.000000e+000
    endloop 
  endfacet
  facet normal 0.000000E+000 0.000000E+000 -1.000000E+000
    outer loop 
      vertex -5.000000e-001 -3.333333e-001 0.000000e+000
      vertex -5.000000e-001 -1.666667e-001 0.000000e+000
      vertex -3.818465e-001 -2.199804e-001 0.000000e+000
    endloop 
  endfacet
  facet normal 0.000000E+000 0.000000E+000 1.000000E+000
    outer loop 
      vertex 2.298087e-001 3.950407e-001 4.000000e+000
      vertex 2.974397e-001 2.444289e-001 4.000000e+000
      vertex 3.882975e-001 3.551098e-001 4.000000e+000
    endloop 
  endfacet
  facet normal 0.000000E+000 0.000000E+000 1.000000E+000
    outer loop 
      vertex 2.298087e-001 3.950407e-001 4.000000e+000
      vertex 1.265539e-001 2.871863e-001 4.000000e+000
      vertex 2.974397e-001 2.444289e-001 4.000000e+000
    endloop 
  endfacet
  facet normal 0.000000E+000 0.000000E+000 1.000000E+000
    outer loop 
      vertex 2.298087e-001 3.950407e-001 4.000000e+000
      vertex 7.981943e-002 4.416161e-001 4.000000e+000
      vertex 1.265539e-001 2.871863e-001 4.000000e+000
    endloop 
  endfacet
  facet normal 0.000000E+000 0.000000E+000 1.000000E+000
    outer loop 
      vertex 3.187133e-001 5.088915e-001 4.000000e+000
      vertex 2.298087e-001 3.950407e-001 4.000000e+000
      vertex 3.882975e-001 3.551098e-001 4.000000e+000
    endloop 
  endfacet
  facet normal 0.000000E+000 0.000000E+000 -1.000000E+000
    outer loop 
      vertex 2.567876e-001 -3.806878e-001 0.000000e+000
      vertex 3.952537e-001 -4.042868e-001 0.000000e+000
      vertex 3.333333e-001 -5.000000e-001 0.000000e+000
    endloop 
  endfacet
  facet normal 0.000000E+000 0.000000E+000 -1.000000E+000
    outer loop 
      vertex 3.333333e-001 -5.000000e-001 0.000000e+000
      vertex 3.952537e-001 -4.042868e-001 0.000000e+000
      vertex 5.000000e-001 -5.000000e-001 0.000000e+000
    endloop 
  endfacet
  facet normal 0.000000E+000 0.000000E+000 -1.000000E+000
    outer loop 
      vertex 5.000000e-001 -5.000000e-001 0.000000e+000
      vertex 3.952537e-001 -4.042868e-001 0.000000e+000
      vertex 5.000000e-001 -3.333333e-001 0.000000e+000
    endloop 
  endfacet
  facet normal 0.000000E+000 0.000000E+000 1.000000E+000
    outer loop 
      vertex 3.549308e-001 -3.891033e-001 4.000000e+000
      vertex 4.590659e-001 -2.199364e-001 4.000000e+000
      vertex 2.665443e-001 -2.338975e-001 4.000000e+000
    endloop 
  endfacet
  facet normal 0.000000E+000 0.000000E+000 1.000000E+000
    outer loop 
      vertex 4.590659e-001 -2.199364e-001 4.000000e+000
      vertex 3.992099e-001 -8.707847e-002 4.000000e+000
      vertex 2.665443e-001 -2.338975e-001 4.000000e+000
    endloop 
  endfacet
  facet normal 0.000000E+000 0.000000E+000 1.000000E+000
    outer loop 
      vertex 3.549308e-001 -3.891033e-001 4.000000e+000
      vertex 5.088789e-001 -3.202053e-001 4.000000e+000
      vertex 4.590659e-001 -2.199364e-001 4.000000e+000
    endloop 
  endfacet
  facet normal 0.000000E+000 0.000000E+000 1.000000E+000
    outer loop 
      vertex 5.088789e-001 -3.202053e-001 4.000000e+000
      vertex 6.613969e-001 -2.485134e-001 4.000000e+000
      vertex 4.590659e-001 -2.199364e-001 4.000000e+000
    endloop 
  endfacet
  facet normal 0.000000E+000 0.000000E+000 1.000000E+000
    outer loop 
      vertex 5.922465e-001 -9.970288e-002 4.000000e+000
      vertex 3.992099e-001 -8.707847e-002 4.000000e+000
      vertex 4.590659e-001 -2.199364e-001 4.000000e+000
    endloop 
  endfacet
  facet normal 0.000000E+000 0.000000E+000 1.000000E+000
    outer loop 
      vertex 6.613969e-001 -2.485134e-001 4.000000e+000
      vertex 5.922465e-001 -9.970288e-002 4.000000e+000
      vertex 4.590659e-001 -2.199364e-001 4.000000e+000
    endloop 
  endfacet
  facet normal 0.000000E+000 0.000000E+000 -1.000000E+000
    outer loop 
      vertex 5.000000e-001 1.666667e-001 0.000000e+000
      vertex 3.779213e-001 8.281100e-002 0.000000e+000
      vertex 3.775123e-001 2.188884e-001 0.000000e+000
    endloop 
  endfacet
  facet normal 0.000000E+000 0.000000E+000 -1.000000E+000
    outer loop 
      vertex 5.000000e-001 3.333333e-001 0.000000e+000
      vertex 5.000000e-001 1.666667e-001 0.000000e+000
      vertex 3.775123e-001 2.188884e-001 0.000000e+000
    endloop 
  endfacet
  facet normal -9.888709E-001 -1.482150E-001 1.290807E-002
    outer loop 
      vertex -4.753259e-001 -1.920261e-001 1.553552e+000
      vertex -4.871511e-001 -1.233156e-001 1.436594e+000
      vertex -4.657630e-001 -2.680280e-001 1.413470e+000
    endloop 
  endfacet
  facet normal -9.869703E-001 -1.597417E-001 1.929164E-002
    outer loop 
      vertex -4.753259e-001 -1.920261e-001 1.553552e+000
      vertex -4.657630e-001 -2.680280e-001 1.413470e+000
      vertex -4.540198e-001 -3.270919e-001 1.525186e+000
    endloop 
  endfacet
  facet normal 8.255726E-002 -9.963782E-001 2.036909E-002
    outer loop 
      vertex 2.842724e-001 -4.774002e-001 8.328499e-001
      vertex 1.229901e-001 -4.915823e-001 7.928042e-001
      vertex 2.168664e-001 -4.863753e-001 6.670254e-001
    endloop 
  endfacet
  facet normal 6.510079E-002 -9.978521E-001 7.279253E-003
    outer loop 
      vertex 2.733226e-002 -4.992361e-001 5.991119e-001
      vertex 2.168664e-001 -4.863753e-001 6.670254e-001
      vertex 1.229901e-001 -4.915823e-001 7.928042e-001
    endloop 
  endfacet
  facet normal 6.978323E-002 -9.971051E-001 3.019425E-002
    outer loop 
      vertex 3.883536e-001 -4.732345e-001 7.046418e-001
      vertex 2.168664e-001 -4.863753e-001 6.670254e-001
      vertex 3.039441e-001 -4.841511e-001 5.392272e-001
    endloop 
  endfacet
  facet normal 7.089380E-002 -9.971667E-001 2.515285E-002
    outer loop 
      vertex 3.883536e-001 -4.732345e-001 7.046418e-001
      vertex 2.842724e-001 -4.774002e-001 8.328499e-001
      vertex 2.168664e-001 -4.863753e-001 6.670254e-001
    endloop 
  endfacet
  facet normal 5.366145E-002 -9.983748E-001 1.918726E-002
    outer loop 
      vertex 2.168664e-001 -4.863753e-001 6.670254e-001
      vertex 1.619863e-001 -4.919555e-001 5.301563e-001
      vertex 3.039441e-001 -4.841511e-001 5.392272e-001
    endloop 
  endfacet
  facet normal 6.205219E-002 -9.979478E-001 1.580543E-002
    outer loop 
      vertex 1.619863e-001 -4.919555e-001 5.301563e-001
      vertex 2.168664e-001 -4.863753e-001 6.670254e-001
      vertex 2.733226e-002 -4.992361e-001 5.991119e-001
    endloop 
  endfacet
  facet normal -9.911815E-001 -1.315243E-001 1.614421E-002
    outer loop 
      vertex -4.761977e-001 -2.272492e-001 1.159180e+000
      vertex -4.553978e-001 -3.716162e-001 1.260069e+000
      vertex -4.806567e-001 -1.767482e-001 1.296840e+000
    endloop 
  endfacet
  facet normal -9.922966E-001 -1.190737E-001 3.419041E-002
    outer loop 
      vertex -4.761977e-001 -2.272492e-001 1.159180e+000
      vertex -4.586197e-001 -3.922111e-001 1.094835e+000
      vertex -4.553978e-001 -3.716162e-001 1.260069e+000
    endloop 
  endfacet
  facet normal -9.940477E-001 -1.074050E-001 1.825640E-002
    outer loop 
      vertex -4.885602e-001 -1.328651e-001 1.041329e+000
      vertex -4.752509e-001 -2.562842e-001 1.039917e+000
      vertex -4.761977e-001 -2.272492e-001 1.159180e+000
    endloop 
  endfacet
  facet normal -9.933352E-001 -1.135554E-001 1.975937E-002
    outer loop 
      vertex -4.752509e-001 -2.562842e-001 1.039917e+000
      vertex -4.586197e-001 -3.922111e-001 1.094835e+000
      vertex -4.761977e-001 -2.272492e-001 1.159180e+000
    endloop 
  endfacet
  facet normal -9.926206E-001 -1.210489E-001 7.179676E-003
    outer loop 
      vertex -4.963986e-001 -6.045273e-002 1.178498e+000
      vertex -4.885602e-001 -1.328651e-001 1.041329e+000
      vertex -4.761977e-001 -2.272492e-001 1.159180e+000
    endloop 
  endfacet
  facet normal -9.924949E-001 -1.216474E-001 1.247826E-002
    outer loop 
      vertex -4.963986e-001 -6.045273e-002 1.178498e+000
      vertex -4.761977e-001 -2.272492e-001 1.159180e+000
      vertex -4.806567e-001 -1.767482e-001 1.296840e+000
    endloop 
  endfacet
  facet normal -1.292025E-001 9.915020E-001 1.517906E-002
    outer loop 
      vertex -1.915417e-001 4.775880e-001 1.357245e+000
      vertex -2.212122e-001 4.767317e-001 1.160631e+000
      vertex -3.764811e-001 4.553312e-001 1.236885e+000
    endloop 
  endfacet
  facet normal -1.196760E-001 9.922038E-001 3.477408E-002
    outer loop 
      vertex -2.212122e-001 4.767317e-001 1.160631e+000
      vertex -3.894415e-001 4.596520e-001 1.068996e+000
      vertex -3.764811e-001 4.553312e-001 1.236885e+000
    endloop 
  endfacet
  facet normal -1.101303E-001 9.937423E-001 1.864323E-002
    outer loop 
      vertex -2.410104e-001 4.775838e-001 9.982568e-001
      vertex -2.212122e-001 4.767317e-001 1.160631e+000
      vertex -8.634614e-002 4.933341e-001 1.072355e+000
    endloop 
  endfacet
  facet normal -1.110984E-001 9.936323E-001 1.876070E-002
    outer loop 
      vertex -3.894415e-001 4.596520e-001 1.068996e+000
      vertex -2.212122e-001 4.767317e-001 1.160631e+000
      vertex -2.410104e-001 4.775838e-001 9.982568e-001
    endloop 
  endfacet
  facet normal -1.212319E-001 9.926231E-001 1.472051E-003
    outer loop 
      vertex -5.127645e-002 4.973732e-001 1.236962e+000
      vertex -8.634614e-002 4.933341e-001 1.072355e+000
      vertex -2.212122e-001 4.767317e-001 1.160631e+000
    endloop 
  endfacet
  facet normal -1.271455E-001 9.917726E-001 1.486744E-002
    outer loop 
      vertex -1.915417e-001 4.775880e-001 1.357245e+000
      vertex -5.127645e-002 4.973732e-001 1.236962e+000
      vertex -2.212122e-001 4.767317e-001 1.160631e+000
    endloop 
  endfacet
  facet normal 1.351342E-001 -9.907458E-001 1.270046E-002
    outer loop 
      vertex 2.905959e-001 -4.652218e-001 1.292037e+000
      vertex 1.437245e-001 -4.848564e-001 1.323095e+000
      vertex 1.898712e-001 -4.805638e-001 1.166950e+000
    endloop 
  endfacet
  facet normal 1.241162E-001 -9.922232E-001 9.403624E-003
    outer loop 
      vertex 6.312590e-002 -4.960667e-001 1.204043e+000
      vertex 1.898712e-001 -4.805638e-001 1.166950e+000
      vertex 1.437245e-001 -4.848564e-001 1.323095e+000
    endloop 
  endfacet
  facet normal 1.098347E-001 -9.938407E-001 1.473152E-002
    outer loop 
      vertex 6.247310e-002 -4.961342e-001 1.066367e+000
      vertex 2.017656e-001 -4.820240e-001 9.797606e-001
      vertex 1.898712e-001 -4.805638e-001 1.166950e+000
    endloop 
  endfacet
  facet normal 1.166395E-001 -9.930586E-001 1.515781E-002
    outer loop 
      vertex 3.187500e-001 -4.661015e-001 1.122722e+000
      vertex 1.898712e-001 -4.805638e-001 1.166950e+000
      vertex 2.017656e-001 -4.820240e-001 9.797606e-001
    endloop 
  endfacet
  facet normal 1.213848E-001 -9.926056E-001 -8.908805E-005
    outer loop 
      vertex 6.247310e-002 -4.961342e-001 1.066367e+000
      vertex 1.898712e-001 -4.805638e-001 1.166950e+000
      vertex 6.312590e-002 -4.960667e-001 1.204043e+000
    endloop 
  endfacet
  facet normal 1.199867E-001 -9.924580E-001 2.510772E-002
    outer loop 
      vertex 3.187500e-001 -4.661015e-001 1.122722e+000
      vertex 2.905959e-001 -4.652218e-001 1.292037e+000
      vertex 1.898712e-001 -4.805638e-001 1.166950e+000
    endloop 
  endfacet
  facet normal -9.970331E-001 -7.604866E-002 -1.190258E-002
    outer loop 
      vertex -5.074751e-001 5.988294e-002 8.688289e-001
      vertex -5.111341e-001 1.314945e-001 7.177905e-001
      vertex -5.011786e-001 -4.928350e-003 7.554953e-001
    endloop 
  endfacet
  facet normal -9.971154E-001 -7.533078E-002 -9.283440E-003
    outer loop 
      vertex -5.049882e-001 6.046812e-002 6.340117e-001
      vertex -5.011786e-001 -4.928350e-003 7.554953e-001
      vertex -5.111341e-001 1.314945e-001 7.177905e-001
    endloop 
  endfacet
  facet normal -9.960536E-001 -8.707917E-002 -1.715618E-002
    outer loop 
      vertex -5.074751e-001 5.988294e-002 8.688289e-001
      vertex -5.180906e-001 1.896434e-001 8.265235e-001
      vertex -5.111341e-001 1.314945e-001 7.177905e-001
    endloop 
  endfacet
  facet normal -9.978011E-001 -6.334873E-002 -1.949194E-002
    outer loop 
      vertex -5.049882e-001 6.046812e-002 6.340117e-001
      vertex -5.111341e-001 1.314945e-001 7.177905e-001
      vertex -5.110446e-001 1.737018e-001 5.760309e-001
    endloop 
  endfacet
  facet normal -9.971554E-001 -7.206361E-002 -2.208629E-002
    outer loop 
      vertex -5.226363e-001 2.959687e-001 7.004415e-001
      vertex -5.110446e-001 1.737018e-001 5.760309e-001
      vertex -5.111341e-001 1.314945e-001 7.177905e-001
    endloop 
  endfacet
  facet normal -9.970621E-001 -7.237340E-002 -2.508513E-002
    outer loop 
      vertex -5.111341e-001 1.314945e-001 7.177905e-001
      vertex -5.180906e-001 1.896434e-001 8.265235e-001
      vertex -5.226363e-001 2.959687e-001 7.004415e-001
    endloop 
  endfacet
  facet normal -9.754698E-001 -2.166274E-001 3.912855E-002
    outer loop 
      vertex -3.800140e-001 -5.964751e-001 2.079868e+000
      vertex -4.000704e-001 -4.803636e-001 2.222694e+000
      vertex -4.106762e-001 -4.654438e-001 2.040892e+000
    endloop 
  endfacet
  facet normal -9.738020E-001 -2.241294E-001 3.841559E-002
    outer loop 
      vertex -4.000704e-001 -4.803636e-001 2.222694e+000
      vertex -4.396979e-001 -3.208449e-001 2.148856e+000
      vertex -4.106762e-001 -4.654438e-001 2.040892e+000
    endloop 
  endfacet
  facet normal -9.787425E-001 -2.012386E-001 3.957292E-002
    outer loop 
      vertex -3.899650e-001 -5.899622e-001 1.919926e+000
      vertex -4.106762e-001 -4.654438e-001 2.040892e+000
      vertex -4.189435e-001 -4.594824e-001 1.866737e+000
    endloop 
  endfacet
  facet normal -9.780757E-001 -2.044827E-001 3.943022E-002
    outer loop 
      vertex -4.106762e-001 -4.654438e-001 2.040892e+000
      vertex -4.427709e-001 -3.274825e-001 1.960236e+000
      vertex -4.189435e-001 -4.594824e-001 1.866737e+000
    endloop 
  endfacet
  facet normal -9.757000E-001 -2.128415E-001 5.203749E-002
    outer loop 
      vertex -3.899650e-001 -5.899622e-001 1.919926e+000
      vertex -3.800140e-001 -5.964751e-001 2.079868e+000
      vertex -4.106762e-001 -4.654438e-001 2.040892e+000
    endloop 
  endfacet
  facet normal -9.766599E-001 -2.135104E-001 2.342506E-002
    outer loop 
      vertex -4.396979e-001 -3.208449e-001 2.148856e+000
      vertex -4.427709e-001 -3.274825e-001 1.960236e+000
      vertex -4.106762e-001 -4.654438e-001 2.040892e+000
    endloop 
  endfacet
  facet normal -1.426429E-002 9.993452E-001 3.325230E-002
    outer loop 
      vertex -3.357622e-001 4.969490e-001 1.045604e-001
      vertex -3.478312e-001 4.918168e-001 2.536241e-001
      vertex -1.505266e-001 4.975653e-001 1.654989e-001
    endloop 
  endfacet
  facet normal -7.146674E-003 9.994020E-001 3.383054E-002
    outer loop 
      vertex -3.357622e-001 4.969490e-001 1.045604e-001
      vertex -5.059950e-001 4.938416e-001 1.603949e-001
      vertex -3.478312e-001 4.918168e-001 2.536241e-001
    endloop 
  endfacet
  facet normal -2.987547E-002 9.988421E-001 3.770726E-002
    outer loop 
      vertex -3.727291e-001 4.849088e-001 4.168854e-001
      vertex -3.478312e-001 4.918168e-001 2.536241e-001
      vertex -5.150146e-001 4.843047e-001 3.201545e-001
    endloop 
  endfacet
  facet normal -3.443921E-002 9.987215E-001 3.700617E-002
    outer loop 
      vertex -3.478312e-001 4.918168e-001 2.536241e-001
      vertex -3.727291e-001 4.849088e-001 4.168854e-001
      vertex -2.052419e-001 4.930866e-001 3.520529e-001
    endloop 
  endfacet
  facet normal -2.117995E-002 9.996175E-001 1.778650E-002
    outer loop 
      vertex -3.478312e-001 4.918168e-001 2.536241e-001
      vertex -2.052419e-001 4.930866e-001 3.520529e-001
      vertex -1.505266e-001 4.975653e-001 1.654989e-001
    endloop 
  endfacet
  facet normal -2.162207E-002 9.980615E-001 5.835900E-002
    outer loop 
      vertex -3.478312e-001 4.918168e-001 2.536241e-001
      vertex -5.059950e-001 4.938416e-001 1.603949e-001
      vertex -5.150146e-001 4.843047e-001 3.201545e-001
    endloop 
  endfacet
  facet normal 1.310417E-002 -9.994682E-001 2.985781E-002
    outer loop 
      vertex 3.323035e-001 -4.966350e-001 1.091615e-001
      vertex 3.143697e-001 -4.922214e-001 2.647745e-001
      vertex 1.433453e-001 -4.979096e-001 1.494267e-001
    endloop 
  endfacet
  facet normal 8.372231E-003 -9.995352E-001 2.931438E-002
    outer loop 
      vertex 3.323035e-001 -4.966350e-001 1.091615e-001
      vertex 5.059130e-001 -4.936852e-001 1.601571e-001
      vertex 3.143697e-001 -4.922214e-001 2.647745e-001
    endloop 
  endfacet
  facet normal 4.007753E-002 -9.986662E-001 3.255088E-002
    outer loop 
      vertex 3.816906e-001 -4.846827e-001 4.131759e-001
      vertex 2.139661e-001 -4.916436e-001 4.061214e-001
      vertex 3.143697e-001 -4.922214e-001 2.647745e-001
    endloop 
  endfacet
  facet normal 2.627649E-002 -9.993958E-001 2.275050E-002
    outer loop 
      vertex 3.143697e-001 -4.922214e-001 2.647745e-001
      vertex 2.139661e-001 -4.916436e-001 4.061214e-001
      vertex 1.317228e-001 -4.963416e-001 2.947372e-001
    endloop 
  endfacet
  facet normal 2.881962E-002 -9.988746E-001 3.766851E-002
    outer loop 
      vertex 5.149729e-001 -4.843509e-001 3.200034e-001
      vertex 3.816906e-001 -4.846827e-001 4.131759e-001
      vertex 3.143697e-001 -4.922214e-001 2.647745e-001
    endloop 
  endfacet
  facet normal 2.464217E-002 -9.996149E-001 1.275784E-002
    outer loop 
      vertex 1.317228e-001 -4.963416e-001 2.947372e-001
      vertex 1.433453e-001 -4.979096e-001 1.494267e-001
      vertex 3.143697e-001 -4.922214e-001 2.647745e-001
    endloop 
  endfacet
  facet normal 2.347961E-002 -9.981007E-001 5.695430E-002
    outer loop 
      vertex 5.149729e-001 -4.843509e-001 3.200034e-001
      vertex 3.143697e-001 -4.922214e-001 2.647745e-001
      vertex 5.059130e-001 -4.936852e-001 1.601571e-001
    endloop 
  endfacet
  facet normal -3.994821E-001 9.157326E-001 -4.298788E-002
    outer loop 
      vertex 2.604253e-001 6.567360e-001 3.839826e+000
      vertex 1.640613e-001 6.098666e-001 3.736909e+000
      vertex 9.580727e-002 5.865562e-001 3.874627e+000
    endloop 
  endfacet
  facet normal -3.835754E-001 9.228874E-001 -3.389340E-002
    outer loop 
      vertex 1.640613e-001 6.098666e-001 3.736909e+000
      vertex 1.409675e-002 5.465940e-001 3.711218e+000
      vertex 9.580727e-002 5.865562e-001 3.874627e+000
    endloop 
  endfacet
  facet normal -3.770986E-001 9.253218E-001 -3.970243E-002
    outer loop 
      vertex 1.640613e-001 6.098666e-001 3.736909e+000
      vertex 2.726870e-001 6.516919e-001 3.679969e+000
      vertex 1.329411e-001 5.901909e-001 3.573924e+000
    endloop 
  endfacet
  facet normal -3.828677E-001 9.230080E-001 -3.832157E-002
    outer loop 
      vertex 1.409675e-002 5.465940e-001 3.711218e+000
      vertex 1.640613e-001 6.098666e-001 3.736909e+000
      vertex 1.329411e-001 5.901909e-001 3.573924e+000
    endloop 
  endfacet
  facet normal -3.853171E-001 9.209208E-001 -5.861367E-002
    outer loop 
      vertex 2.604253e-001 6.567360e-001 3.839826e+000
      vertex 2.726870e-001 6.516919e-001 3.679969e+000
      vertex 1.640613e-001 6.098666e-001 3.736909e+000
    endloop 
  endfacet
  facet normal 3.741643E-001 -9.269208E-001 2.861760E-002
    outer loop 
      vertex 4.178351e-001 -3.722286e-001 3.583806e+000
      vertex 5.377012e-001 -3.221575e-001 3.638396e+000
      vertex 4.442104e-001 -3.571939e-001 3.725929e+000
    endloop 
  endfacet
  facet normal 3.678319E-001 -9.296156E-001 2.268219E-002
    outer loop 
      vertex 4.178351e-001 -3.722286e-001 3.583806e+000
      vertex 2.848258e-001 -4.251707e-001 3.570985e+000
      vertex 3.775108e-001 -3.925262e-001 3.405849e+000
    endloop 
  endfacet
  facet normal -9.372600E-001 -3.465247E-001 3.826672E-002
    outer loop 
      vertex -3.382300e-001 -5.175660e-001 3.459676e+000
      vertex -3.480126e-001 -5.089363e-001 3.298219e+000
      vertex -2.961177e-001 -6.424845e-001 3.359924e+000
    endloop 
  endfacet
  facet normal -9.364305E-001 -3.487790E-001 3.809597E-002
    outer loop 
      vertex -3.480126e-001 -5.089363e-001 3.298219e+000
      vertex -3.382300e-001 -5.175660e-001 3.459676e+000
      vertex -3.892393e-001 -3.889705e-001 3.383153e+000
    endloop 
  endfacet
  facet normal -9.339812E-001 -3.565554E-001 2.339522E-002
    outer loop 
      vertex -3.892393e-001 -3.889705e-001 3.383153e+000
      vertex -3.382300e-001 -5.175660e-001 3.459676e+000
      vertex -3.855957e-001 -3.866455e-001 3.564044e+000
    endloop 
  endfacet
  facet normal -9.325806E-001 -3.569967E-001 5.335624E-002
    outer loop 
      vertex -2.850494e-001 -6.474788e-001 3.519964e+000
      vertex -3.382300e-001 -5.175660e-001 3.459676e+000
      vertex -2.961177e-001 -6.424845e-001 3.359924e+000
    endloop 
  endfacet
  facet normal 3.036368E-001 -9.525392E-001 -2.176827E-002
    outer loop 
      vertex -4.471676e-002 -5.373822e-001 2.850107e+000
      vertex -4.670572e-002 -5.416254e-001 3.008040e+000
      vertex -1.824148e-001 -5.832822e-001 2.937911e+000
    endloop 
  endfacet
  facet normal 3.108445E-001 -9.497252E-001 -3.738737E-002
    outer loop 
      vertex -1.824148e-001 -5.832822e-001 2.937911e+000
      vertex -4.670572e-002 -5.416254e-001 3.008040e+000
      vertex -1.751287e-001 -5.875161e-001 3.106040e+000
    endloop 
  endfacet
  facet normal 2.951311E-001 -9.547681E-001 -3.627255E-002
    outer loop 
      vertex -1.921023e-001 -5.803381e-001 2.781595e+000
      vertex -4.471676e-002 -5.373822e-001 2.850107e+000
      vertex -1.824148e-001 -5.832822e-001 2.937911e+000
    endloop 
  endfacet
  facet normal 2.973656E-001 -9.540697E-001 -3.639788E-002
    outer loop 
      vertex -1.921023e-001 -5.803381e-001 2.781595e+000
      vertex -1.824148e-001 -5.832822e-001 2.937911e+000
      vertex -3.283934e-001 -6.265745e-001 2.880073e+000
    endloop 
  endfacet
  facet normal 3.139138E-001 -9.487109E-001 -3.749483E-002
    outer loop 
      vertex -1.824148e-001 -5.832822e-001 2.937911e+000
      vertex -1.751287e-001 -5.875161e-001 3.106040e+000
      vertex -3.176390e-001 -6.320615e-001 3.040025e+000
    endloop 
  endfacet
  facet normal 3.031781E-001 -9.514576E-001 -5.302356E-002
    outer loop 
      vertex -1.824148e-001 -5.832822e-001 2.937911e+000
      vertex -3.176390e-001 -6.320615e-001 3.040025e+000
      vertex -3.283934e-001 -6.265745e-001 2.880073e+000
    endloop 
  endfacet
  facet normal -4.710520E-002 9.981391E-001 3.872354E-002
    outer loop 
      vertex -5.232378e-001 4.753545e-001 4.800718e-001
      vertex -3.939663e-001 4.774273e-001 5.838944e-001
      vertex -3.727291e-001 4.849088e-001 4.168854e-001
    endloop 
  endfacet
  facet normal -6.960832E-002 9.968288E-001 3.856305E-002
    outer loop 
      vertex -3.961091e-001 4.710254e-001 7.455104e-001
      vertex -2.653631e-001 4.826634e-001 6.806797e-001
      vertex -3.939663e-001 4.774273e-001 5.838944e-001
    endloop 
  endfacet
  facet normal -6.599569E-002 9.970722E-001 3.862059E-002
    outer loop 
      vertex -5.315015e-001 4.661528e-001 6.399453e-001
      vertex -3.961091e-001 4.710254e-001 7.455104e-001
      vertex -3.939663e-001 4.774273e-001 5.838944e-001
    endloop 
  endfacet
  facet normal -5.958366E-002 9.967459E-001 5.428853E-002
    outer loop 
      vertex -5.315015e-001 4.661528e-001 6.399453e-001
      vertex -3.939663e-001 4.774273e-001 5.838944e-001
      vertex -5.232378e-001 4.753545e-001 4.800718e-001
    endloop 
  endfacet
  facet normal 4.712560E-002 -9.980299E-001 4.141757E-002
    outer loop 
      vertex 3.816906e-001 -4.846827e-001 4.131759e-001
      vertex 5.233336e-001 -4.752180e-001 4.800812e-001
      vertex 4.335385e-001 -4.765675e-001 5.497335e-001
    endloop 
  endfacet
  facet normal 5.528009E-002 -9.977359E-001 3.830400E-002
    outer loop 
      vertex 3.816906e-001 -4.846827e-001 4.131759e-001
      vertex 4.335385e-001 -4.765675e-001 5.497335e-001
      vertex 3.039441e-001 -4.841511e-001 5.392272e-001
    endloop 
  endfacet
  facet normal 6.819317E-002 -9.968153E-001 4.133822E-002
    outer loop 
      vertex 3.883536e-001 -4.732345e-001 7.046418e-001
      vertex 4.335385e-001 -4.765675e-001 5.497335e-001
      vertex 5.314185e-001 -4.661284e-001 6.399900e-001
    endloop 
  endfacet
  facet normal 5.533782E-002 -9.977592E-001 3.760877E-002
    outer loop 
      vertex 4.335385e-001 -4.765675e-001 5.497335e-001
      vertex 3.883536e-001 -4.732345e-001 7.046418e-001
      vertex 3.039441e-001 -4.841511e-001 5.392272e-001
    endloop 
  endfacet
  facet normal 5.671459E-002 -9.969398E-001 5.380072E-002
    outer loop 
      vertex 4.335385e-001 -4.765675e-001 5.497335e-001
      vertex 5.233336e-001 -4.752180e-001 4.800812e-001
      vertex 5.314185e-001 -4.661284e-001 6.399900e-001
    endloop 
  endfacet
  facet normal 9.967758E-001 8.021152E-002 -2.040423E-003
    outer loop 
      vertex 4.991637e-001 3.062095e-002 8.972104e-001
      vertex 5.083312e-001 -8.649211e-002 7.718189e-001
      vertex 4.932176e-001 1.017557e-001 7.888919e-001
    endloop 
  endfacet
  facet normal 9.955070E-001 9.355603E-002 -1.459668E-002
    outer loop 
      vertex 4.991637e-001 3.062095e-002 8.972104e-001
      vertex 5.127846e-001 -1.009707e-001 9.827469e-001
      vertex 5.083312e-001 -8.649211e-002 7.718189e-001
    endloop 
  endfacet
  facet normal 9.968061E-001 7.982777E-002 2.217702E-003
    outer loop 
      vertex 4.976174e-001 5.111500e-002 6.341405e-001
      vertex 4.932176e-001 1.017557e-001 7.888919e-001
      vertex 5.083312e-001 -8.649211e-002 7.718189e-001
    endloop 
  endfacet
  facet normal 9.963019E-001 7.947295E-002 -3.266074E-002
    outer loop 
      vertex 5.258539e-001 -2.632184e-001 8.763171e-001
      vertex 5.196847e-001 -2.701929e-001 6.711555e-001
      vertex 5.083312e-001 -8.649211e-002 7.718189e-001
    endloop 
  endfacet
  facet normal 9.958349E-001 8.995779E-002 -1.485060E-002
    outer loop 
      vertex 5.258539e-001 -2.632184e-001 8.763171e-001
      vertex 5.083312e-001 -8.649211e-002 7.718189e-001
      vertex 5.127846e-001 -1.009707e-001 9.827469e-001
    endloop 
  endfacet
  facet normal -3.391120E-001 9.407254E-001 -6.234355E-003
    outer loop 
      vertex -1.138825e-001 4.893405e-001 3.144091e+000
      vertex -2.013145e-001 4.587155e-001 3.278753e+000
      vertex -5.917751e-002 5.100040e-001 3.286461e+000
    endloop 
  endfacet
  facet normal -3.264879E-001 9.451286E-001 -1.172415E-002
    outer loop 
      vertex 4.067452e-002 5.430160e-001 3.167051e+000
      vertex -1.138825e-001 4.893405e-001 3.144091e+000
      vertex -5.917751e-002 5.100040e-001 3.286461e+000
    endloop 
  endfacet
  facet normal -3.391355E-001 9.407198E-001 -5.762176E-003
    outer loop 
      vertex -2.013145e-001 4.587155e-001 3.278753e+000
      vertex -1.193074e-001 4.890702e-001 3.407826e+000
      vertex -5.917751e-002 5.100040e-001 3.286461e+000
    endloop 
  endfacet
  facet normal -3.397830E-001 9.402426E-001 -2.216498E-002
    outer loop 
      vertex 6.246531e-002 5.543969e-001 3.304864e+000
      vertex -5.917751e-002 5.100040e-001 3.286461e+000
      vertex 2.308317e-002 5.430272e-001 3.426274e+000
    endloop 
  endfacet
  facet normal -3.395281E-001 9.402906E-001 -2.396601E-002
    outer loop 
      vertex -5.917751e-002 5.100040e-001 3.286461e+000
      vertex 6.246531e-002 5.543969e-001 3.304864e+000
      vertex 4.067452e-002 5.430160e-001 3.167051e+000
    endloop 
  endfacet
  facet normal -3.527964E-001 9.356040E-001 -1.341283E-002
    outer loop 
      vertex -1.193074e-001 4.890702e-001 3.407826e+000
      vertex 2.308317e-002 5.430272e-001 3.426274e+000
      vertex -5.917751e-002 5.100040e-001 3.286461e+000
    endloop 
  endfacet
  facet normal -9.947271E-001 -1.020316E-001 -1.037182E-002
    outer loop 
      vertex -5.042999e-001 1.270484e-002 1.028421e+000
      vertex -5.192714e-001 1.638114e-001 9.777878e-001
      vertex -5.074751e-001 5.988294e-002 8.688289e-001
    endloop 
  endfacet
  facet normal -9.957713E-001 -8.894931E-002 -2.296321E-002
    outer loop 
      vertex -5.180906e-001 1.896434e-001 8.265235e-001
      vertex -5.074751e-001 5.988294e-002 8.688289e-001
      vertex -5.192714e-001 1.638114e-001 9.777878e-001
    endloop 
  endfacet
  facet normal -9.942445E-001 -1.052362E-001 -2.007805E-002
    outer loop 
      vertex -5.042999e-001 1.270484e-002 1.028421e+000
      vertex -5.190251e-001 1.227015e-001 1.181064e+000
      vertex -5.192714e-001 1.638114e-001 9.777878e-001
    endloop 
  endfacet
  facet normal -9.935778E-001 -1.111332E-001 -2.127145E-002
    outer loop 
      vertex -5.190251e-001 1.227015e-001 1.181064e+000
      vertex -5.355992e-001 2.938546e-001 1.061037e+000
      vertex -5.192714e-001 1.638114e-001 9.777878e-001
    endloop 
  endfacet
  facet normal -9.942004E-001 -1.007525E-001 -3.760939E-002
    outer loop 
      vertex -5.355992e-001 2.938546e-001 1.061037e+000
      vertex -5.302511e-001 3.081558e-001 8.813503e-001
      vertex -5.192714e-001 1.638114e-001 9.777878e-001
    endloop 
  endfacet
  facet normal -9.955454E-001 -9.134128E-002 -2.336994E-002
    outer loop 
      vertex -5.302511e-001 3.081558e-001 8.813503e-001
      vertex -5.180906e-001 1.896434e-001 8.265235e-001
      vertex -5.192714e-001 1.638114e-001 9.777878e-001
    endloop 
  endfacet
  facet normal -9.968637E-001 -7.910220E-002 2.372125E-003
    outer loop 
      vertex -5.011786e-001 -4.928350e-003 7.554953e-001
      vertex -4.895446e-001 -1.508471e-001 7.786872e-001
      vertex -4.955807e-001 -7.114150e-002 8.999891e-001
    endloop 
  endfacet
  facet normal -9.968676E-001 -7.904101E-002 2.759015E-003
    outer loop 
      vertex -4.972302e-001 -5.876429e-002 6.397927e-001
      vertex -4.895446e-001 -1.508471e-001 7.786872e-001
      vertex -5.011786e-001 -4.928350e-003 7.554953e-001
    endloop 
  endfacet
  facet normal -9.958311E-001 -9.116089E-002 -3.193682E-003
    outer loop 
      vertex -5.074751e-001 5.988294e-002 8.688289e-001
      vertex -5.011786e-001 -4.928350e-003 7.554953e-001
      vertex -4.955807e-001 -7.114150e-002 8.999891e-001
    endloop 
  endfacet
  facet normal -9.978710E-001 -6.510954E-002 -3.757491E-003
    outer loop 
      vertex -5.011786e-001 -4.928350e-003 7.554953e-001
      vertex -5.049882e-001 6.046812e-002 6.340117e-001
      vertex -4.972302e-001 -5.876429e-002 6.397927e-001
    endloop 
  endfacet
  facet normal -9.428287E-001 -3.310119E-001 3.879722E-002
    outer loop 
      vertex -3.548372e-001 -5.064838e-001 3.153294e+000
      vertex -3.480126e-001 -5.089363e-001 3.298219e+000
      vertex -3.983827e-001 -3.760362e-001 3.208036e+000
    endloop 
  endfacet
  facet normal -9.427317E-001 -3.312890E-001 3.878797E-002
    outer loop 
      vertex -3.480126e-001 -5.089363e-001 3.298219e+000
      vertex -3.548372e-001 -5.064838e-001 3.153294e+000
      vertex -3.069251e-001 -6.373686e-001 3.199896e+000
    endloop 
  endfacet
  facet normal -9.401051E-001 -3.400410E-001 2.397018E-002
    outer loop 
      vertex -3.983827e-001 -3.760362e-001 3.208036e+000
      vertex -3.480126e-001 -5.089363e-001 3.298219e+000
      vertex -3.892393e-001 -3.889705e-001 3.383153e+000
    endloop 
  endfacet
  facet normal -9.387668E-001 -3.405279E-001 5.251302E-002
    outer loop 
      vertex -2.961177e-001 -6.424845e-001 3.359924e+000
      vertex -3.480126e-001 -5.089363e-001 3.298219e+000
      vertex -3.069251e-001 -6.373686e-001 3.199896e+000
    endloop 
  endfacet
  facet normal 7.997310E-002 -9.967880E-001 -4.244260E-003
    outer loop 
      vertex -4.972346e-002 -5.052073e-001 7.383228e-001
      vertex 1.229901e-001 -4.915823e-001 7.928042e-001
      vertex 1.750054e-002 -5.005324e-001 9.070861e-001
    endloop 
  endfacet
  facet normal 7.843775E-002 -9.969188E-001 6.557169E-004
    outer loop 
      vertex -4.972346e-002 -5.052073e-001 7.383228e-001
      vertex 2.733226e-002 -4.992361e-001 5.991119e-001
      vertex 1.229901e-001 -4.915823e-001 7.928042e-001
    endloop 
  endfacet
  facet normal 9.583247E-002 -9.953420E-001 1.050820E-002
    outer loop 
      vertex 1.750054e-002 -5.005324e-001 9.070861e-001
      vertex 1.229901e-001 -4.915823e-001 7.928042e-001
      vertex 2.017656e-001 -4.820240e-001 9.797606e-001
    endloop 
  endfacet
  facet normal 8.372489E-002 -9.963658E-001 1.566217E-002
    outer loop 
      vertex 2.842724e-001 -4.774002e-001 8.328499e-001
      vertex 2.017656e-001 -4.820240e-001 9.797606e-001
      vertex 1.229901e-001 -4.915823e-001 7.928042e-001
    endloop 
  endfacet
  facet normal -1.410755E-001 9.894215E-001 3.380715E-002
    outer loop 
      vertex -3.764811e-001 4.553312e-001 1.236885e+000
      vertex -4.022496e-001 4.462396e-001 1.395436e+000
      vertex -1.915417e-001 4.775880e-001 1.357245e+000
    endloop 
  endfacet
  facet normal -1.326290E-001 9.905390E-001 3.524398E-002
    outer loop 
      vertex -4.022496e-001 4.462396e-001 1.395436e+000
      vertex -3.764811e-001 4.553312e-001 1.236885e+000
      vertex -5.619814e-001 4.289570e-001 1.280067e+000
    endloop 
  endfacet
  facet normal -1.284873E-001 9.902998E-001 5.288931E-002
    outer loop 
      vertex -3.764811e-001 4.553312e-001 1.236885e+000
      vertex -5.545967e-001 4.384624e-001 1.120028e+000
      vertex -5.619814e-001 4.289570e-001 1.280067e+000
    endloop 
  endfacet
  facet normal -1.166714E-001 9.925694E-001 3.455155E-002
    outer loop 
      vertex -3.894415e-001 4.596520e-001 1.068996e+000
      vertex -5.545967e-001 4.384624e-001 1.120028e+000
      vertex -3.764811e-001 4.553312e-001 1.236885e+000
    endloop 
  endfacet
  facet normal -9.886908E-001 -1.464895E-001 3.211545E-002
    outer loop 
      vertex -4.424029e-001 -4.261626e-001 1.411319e+000
      vertex -4.657630e-001 -2.680280e-001 1.413470e+000
      vertex -4.553978e-001 -3.716162e-001 1.260069e+000
    endloop 
  endfacet
  facet normal -9.904417E-001 -1.328223E-001 3.719477E-002
    outer loop 
      vertex -4.291226e-001 -5.619548e-001 1.280038e+000
      vertex -4.424029e-001 -4.261626e-001 1.411319e+000
      vertex -4.553978e-001 -3.716162e-001 1.260069e+000
    endloop 
  endfacet
  facet normal -9.908947E-001 -1.327180E-001 2.266690E-002
    outer loop 
      vertex -4.806567e-001 -1.767482e-001 1.296840e+000
      vertex -4.553978e-001 -3.716162e-001 1.260069e+000
      vertex -4.657630e-001 -2.680280e-001 1.413470e+000
    endloop 
  endfacet
  facet normal -9.899591E-001 -1.311170E-001 5.281366E-002
    outer loop 
      vertex -4.553978e-001 -3.716162e-001 1.260069e+000
      vertex -4.386508e-001 -5.545341e-001 1.119861e+000
      vertex -4.291226e-001 -5.619548e-001 1.280038e+000
    endloop 
  endfacet
  facet normal -9.925672E-001 -1.168749E-001 3.392163E-002
    outer loop 
      vertex -4.586197e-001 -3.922111e-001 1.094835e+000
      vertex -4.386508e-001 -5.545341e-001 1.119861e+000
      vertex -4.553978e-001 -3.716162e-001 1.260069e+000
    endloop 
  endfacet
  facet normal 9.537372E-001 2.980892E-001 -3.909191E-002
    outer loop 
      vertex 5.861068e-001 -2.141606e-001 2.778083e+000
      vertex 5.900326e-001 -2.045303e-001 2.947297e+000
      vertex 6.259170e-001 -3.281519e-001 2.880121e+000
    endloop 
  endfacet
  facet normal 9.547269E-001 2.949251E-001 -3.893480E-002
    outer loop 
      vertex 5.900326e-001 -2.045303e-001 2.947297e+000
      vertex 5.861068e-001 -2.141606e-001 2.778083e+000
      vertex 5.500196e-001 -8.819564e-002 2.847346e+000
    endloop 
  endfacet
  facet normal 9.493511E-001 3.117358E-001 -3.941241E-002
    outer loop 
      vertex 5.900326e-001 -2.045303e-001 2.947297e+000
      vertex 5.488405e-001 -7.007077e-002 3.018594e+000
      vertex 5.919361e-001 -1.886240e-001 3.118959e+000
    endloop 
  endfacet
  facet normal 9.519143E-001 3.052800E-001 -2.575652E-002
    outer loop 
      vertex 5.500196e-001 -8.819564e-002 2.847346e+000
      vertex 5.488405e-001 -7.007077e-002 3.018594e+000
      vertex 5.900326e-001 -2.045303e-001 2.947297e+000
    endloop 
  endfacet
  facet normal 9.486788E-001 3.137531E-001 -3.959187E-002
    outer loop 
      vertex 5.919361e-001 -1.886240e-001 3.118959e+000
      vertex 6.313024e-001 -3.176147e-001 3.040021e+000
      vertex 5.900326e-001 -2.045303e-001 2.947297e+000
    endloop 
  endfacet
  facet normal 9.511206E-001 3.043943E-001 -5.209254E-002
    outer loop 
      vertex 5.900326e-001 -2.045303e-001 2.947297e+000
      vertex 6.313024e-001 -3.176147e-001 3.040021e+000
      vertex 6.259170e-001 -3.281519e-001 2.880121e+000
    endloop 
  endfacet
  facet normal 3.036020E-001 -9.525502E-001 -2.176901E-002
    outer loop 
      vertex -4.471676e-002 -5.373822e-001 2.850107e+000
      vertex 7.298386e-002 -5.016024e-001 2.925997e+000
      vertex -4.670572e-002 -5.416254e-001 3.008040e+000
    endloop 
  endfacet
  facet normal 3.121127E-001 -9.500105E-001 -8.114124E-003
    outer loop 
      vertex 9.188829e-002 -4.965691e-001 3.063860e+000
      vertex -4.670572e-002 -5.416254e-001 3.008040e+000
      vertex 7.298386e-002 -5.016024e-001 2.925997e+000
    endloop 
  endfacet
  facet normal 3.213234E-001 -9.467082E-001 -2.224262E-002
    outer loop 
      vertex -3.150991e-002 -5.402111e-001 3.167365e+000
      vertex -1.751287e-001 -5.875161e-001 3.106040e+000
      vertex -4.670572e-002 -5.416254e-001 3.008040e+000
    endloop 
  endfacet
  facet normal 3.170326E-001 -9.481636E-001 -2.182046E-002
    outer loop 
      vertex 9.188829e-002 -4.965691e-001 3.063860e+000
      vertex -3.150991e-002 -5.402111e-001 3.167365e+000
      vertex -4.670572e-002 -5.416254e-001 3.008040e+000
    endloop 
  endfacet
  facet normal 2.945124E-001 -9.556274E-001 -6.220780E-003
    outer loop 
      vertex -4.471676e-002 -5.373822e-001 2.850107e+000
      vertex 1.214968e-001 -4.857542e-001 2.788189e+000
      vertex 7.298386e-002 -5.016024e-001 2.925997e+000
    endloop 
  endfacet
  facet normal 3.054369E-001 -9.521857E-001 -7.119302E-003
    outer loop 
      vertex 9.188829e-002 -4.965691e-001 3.063860e+000
      vertex 7.298386e-002 -5.016024e-001 2.925997e+000
      vertex 2.020417e-001 -4.603906e-001 2.950971e+000
    endloop 
  endfacet
  facet normal 3.045991E-001 -9.524779E-001 -2.307713E-003
    outer loop 
      vertex 2.020417e-001 -4.603906e-001 2.950971e+000
      vertex 7.298386e-002 -5.016024e-001 2.925997e+000
      vertex 1.214968e-001 -4.857542e-001 2.788189e+000
    endloop 
  endfacet
  facet normal 9.888507E-001 1.473469E-001 -2.152415E-002
    outer loop 
      vertex 5.294628e-001 -1.322984e-001 1.611249e+000
      vertex 5.401736e-001 -2.304397e-001 1.431479e+000
      vertex 5.115616e-001 -4.333142e-002 1.397880e+000
    endloop 
  endfacet
  facet normal 9.888611E-001 1.462224E-001 -2.779532E-002
    outer loop 
      vertex 5.115616e-001 -4.333142e-002 1.397880e+000
      vertex 5.401736e-001 -2.304397e-001 1.431479e+000
      vertex 5.288402e-001 -1.841456e-001 1.271815e+000
    endloop 
  endfacet
  facet normal 9.909824E-001 1.333481E-001 -1.312408E-002
    outer loop 
      vertex 5.122285e-001 -7.025962e-002 1.174633e+000
      vertex 5.115616e-001 -4.333142e-002 1.397880e+000
      vertex 5.288402e-001 -1.841456e-001 1.271815e+000
    endloop 
  endfacet
  facet normal 9.915537E-001 1.290826E-001 -1.260787E-002
    outer loop 
      vertex 5.122285e-001 -7.025962e-002 1.174633e+000
      vertex 4.917549e-001 9.422767e-002 1.248530e+000
      vertex 5.115616e-001 -4.333142e-002 1.397880e+000
    endloop 
  endfacet
  facet normal 9.890543E-001 1.475184E-001 -3.161684E-003
    outer loop 
      vertex 5.115616e-001 -4.333142e-002 1.397880e+000
      vertex 4.828029e-001 1.501736e-001 1.430001e+000
      vertex 4.977370e-001 5.356900e-002 1.594389e+000
    endloop 
  endfacet
  facet normal 9.892172E-001 1.464100E-001 3.661330E-003
    outer loop 
      vertex 4.828029e-001 1.501736e-001 1.430001e+000
      vertex 5.115616e-001 -4.333142e-002 1.397880e+000
      vertex 4.917549e-001 9.422767e-002 1.248530e+000
    endloop 
  endfacet
  facet normal 9.858549E-001 1.670932E-001 -1.303932E-002
    outer loop 
      vertex 5.294628e-001 -1.322984e-001 1.611249e+000
      vertex 5.115616e-001 -4.333142e-002 1.397880e+000
      vertex 4.977370e-001 5.356900e-002 1.594389e+000
    endloop 
  endfacet
  facet normal 1.537614E-001 -9.880037E-001 1.435641E-002
    outer loop 
      vertex 7.913811e-002 -4.937244e-001 1.488217e+000
      vertex 2.427985e-001 -4.687409e-001 1.454725e+000
      vertex 2.094314e-001 -4.713549e-001 1.632199e+000
    endloop 
  endfacet
  facet normal 1.699872E-001 -9.854460E-001 -7.241801E-004
    outer loop 
      vertex 7.913811e-002 -4.937244e-001 1.488217e+000
      vertex 2.094314e-001 -4.713549e-001 1.632199e+000
      vertex 7.353964e-002 -4.948346e-001 1.684855e+000
    endloop 
  endfacet
  facet normal 1.661464E-001 -9.859595E-001 1.671503E-002
    outer loop 
      vertex 3.489031e-001 -4.486246e-001 1.586639e+000
      vertex 2.094314e-001 -4.713549e-001 1.632199e+000
      vertex 2.427985e-001 -4.687409e-001 1.454725e+000
    endloop 
  endfacet
  facet normal 1.870812E-001 -9.822645E-001 1.253115E-002
    outer loop 
      vertex 2.094314e-001 -4.713549e-001 1.632199e+000
      vertex 3.352374e-001 -4.453172e-001 1.794988e+000
      vertex 1.858404e-001 -4.734401e-001 1.820950e+000
    endloop 
  endfacet
  facet normal 1.743548E-001 -9.846224E-001 1.091450E-002
    outer loop 
      vertex 7.353964e-002 -4.948346e-001 1.684855e+000
      vertex 2.094314e-001 -4.713549e-001 1.632199e+000
      vertex 1.858404e-001 -4.734401e-001 1.820950e+000
    endloop 
  endfacet
  facet normal 1.692988E-001 -9.852019E-001 2.674346E-002
    outer loop 
      vertex 2.094314e-001 -4.713549e-001 1.632199e+000
      vertex 3.489031e-001 -4.486246e-001 1.586639e+000
      vertex 3.352374e-001 -4.453172e-001 1.794988e+000
    endloop 
  endfacet
  facet normal -1.785727E-001 9.838962E-001 7.752263E-003
    outer loop 
      vertex -3.111080e-002 5.024302e-001 1.729436e+000
      vertex -2.087246e-001 4.705751e-001 1.681081e+000
      vertex -1.512960e-001 4.796611e-001 1.850769e+000
    endloop 
  endfacet
  facet normal -1.876751E-001 9.821703E-001 1.092527E-002
    outer loop 
      vertex -2.087246e-001 4.705751e-001 1.681081e+000
      vertex -3.242112e-001 4.473091e-001 1.788829e+000
      vertex -1.512960e-001 4.796611e-001 1.850769e+000
    endloop 
  endfacet
  facet normal 2.333285E-001 -9.716516E-001 -3.809289E-002
    outer loop 
      vertex -3.698879e-001 -6.028583e-001 2.239889e+000
      vertex -2.491733e-001 -5.694373e-001 2.126812e+000
      vertex -2.165025e-001 -5.683230e-001 2.298507e+000
    endloop 
  endfacet
  facet normal 2.235582E-001 -9.740174E-001 -3.621842E-002
    outer loop 
      vertex -2.491733e-001 -5.694373e-001 2.126812e+000
      vertex -1.035807e-001 -5.370179e-001 2.153632e+000
      vertex -2.165025e-001 -5.683230e-001 2.298507e+000
    endloop 
  endfacet
  facet normal 2.404206E-001 -9.700992E-001 -3.324860E-002
    outer loop 
      vertex -5.212386e-002 -5.283159e-001 2.319835e+000
      vertex -1.723896e-001 -5.630818e-001 2.464563e+000
      vertex -2.165025e-001 -5.683230e-001 2.298507e+000
    endloop 
  endfacet
  facet normal 2.392642E-001 -9.706760E-001 -2.325446E-002
    outer loop 
      vertex -1.035807e-001 -5.370179e-001 2.153632e+000
      vertex -5.212386e-002 -5.283159e-001 2.319835e+000
      vertex -2.165025e-001 -5.683230e-001 2.298507e+000
    endloop 
  endfacet
  facet normal 2.387064E-001 -9.696247E-001 -5.335950E-002
    outer loop 
      vertex -2.165025e-001 -5.683230e-001 2.298507e+000
      vertex -3.595493e-001 -6.091232e-001 2.399983e+000
      vertex -3.698879e-001 -6.028583e-001 2.239889e+000
    endloop 
  endfacet
  facet normal 2.504157E-001 -9.674694E-001 -3.598681E-002
    outer loop 
      vertex -2.165025e-001 -5.683230e-001 2.298507e+000
      vertex -1.723896e-001 -5.630818e-001 2.464563e+000
      vertex -3.595493e-001 -6.091232e-001 2.399983e+000
    endloop 
  endfacet
  facet normal -9.722416E-001 -2.305530E-001 -3.989594E-002
    outer loop 
      vertex -5.582624e-001 1.898782e-001 2.188963e+000
      vertex -5.814025e-001 2.644435e-001 2.321972e+000
      vertex -6.029122e-001 3.693431e-001 2.239950e+000
    endloop 
  endfacet
  facet normal -9.697362E-001 -2.419014E-001 -3.309814E-002
    outer loop 
      vertex -5.582624e-001 1.898782e-001 2.188963e+000
      vertex -5.578301e-001 1.627023e-001 2.374914e+000
      vertex -5.814025e-001 2.644435e-001 2.321972e+000
    endloop 
  endfacet
  facet normal -9.692697E-001 -2.402162E-001 -5.303377E-002
    outer loop 
      vertex -6.029122e-001 3.693431e-001 2.239950e+000
      vertex -5.814025e-001 2.644435e-001 2.321972e+000
      vertex -6.091216e-001 3.590598e-001 2.400014e+000
    endloop 
  endfacet
  facet normal -3.121480E-001 9.500275E-001 -3.381551E-003
    outer loop 
      vertex -1.138825e-001 4.893405e-001 3.144091e+000
      vertex 4.633129e-003 5.278640e-001 3.026961e+000
      vertex -1.783165e-001 4.675802e-001 2.978490e+000
    endloop 
  endfacet
  facet normal -3.255568E-001 9.453416E-001 -1.849001E-002
    outer loop 
      vertex 4.067452e-002 5.430160e-001 3.167051e+000
      vertex 4.633129e-003 5.278640e-001 3.026961e+000
      vertex -1.138825e-001 4.893405e-001 3.144091e+000
    endloop 
  endfacet
  facet normal -3.247793E-001 9.457804E-001 4.221082E-003
    outer loop 
      vertex -2.013145e-001 4.587155e-001 3.278753e+000
      vertex -1.138825e-001 4.893405e-001 3.144091e+000
      vertex -2.651318e-001 4.374282e-001 3.138171e+000
    endloop 
  endfacet
  facet normal -3.247058E-001 9.458128E-001 2.058365E-003
    outer loop 
      vertex -1.138825e-001 4.893405e-001 3.144091e+000
      vertex -1.783165e-001 4.675802e-001 2.978490e+000
      vertex -2.651318e-001 4.374282e-001 3.138171e+000
    endloop 
  endfacet
  facet normal 9.587129E-001 2.816441E-001 3.932280E-002
    outer loop 
      vertex 3.803037e-001 4.901338e-001 2.625145e+000
      vertex 3.381632e-001 6.203170e-001 2.720138e+000
      vertex 3.697696e-001 5.043541e-001 2.780123e+000
    endloop 
  endfacet
  facet normal 9.592581E-001 2.797519E-001 3.953347E-002
    outer loop 
      vertex 4.154690e-001 3.601081e-001 2.691984e+000
      vertex 3.803037e-001 4.901338e-001 2.625145e+000
      vertex 3.697696e-001 5.043541e-001 2.780123e+000
    endloop 
  endfacet
  facet normal 9.560245E-001 2.883340E-001 5.367211E-002
    outer loop 
      vertex 3.697696e-001 5.043541e-001 2.780123e+000
      vertex 3.381632e-001 6.203170e-001 2.720138e+000
      vertex 3.274637e-001 6.260214e-001 2.880075e+000
    endloop 
  endfacet
  facet normal 9.574648E-001 2.873631E-001 2.614734E-002
    outer loop 
      vertex 4.154690e-001 3.601081e-001 2.691984e+000
      vertex 3.697696e-001 5.043541e-001 2.780123e+000
      vertex 3.993722e-001 4.004759e-001 2.837770e+000
    endloop 
  endfacet
  facet normal -2.823130E-001 9.584783E-001 4.023223E-002
    outer loop 
      vertex -4.965518e-001 3.780897e-001 2.642339e+000
      vertex -6.210233e-001 3.381689e-001 2.719969e+000
      vertex -5.152236e-001 3.662670e-001 2.792975e+000
    endloop 
  endfacet
  facet normal -2.838101E-001 9.580453E-001 4.001268E-002
    outer loop 
      vertex -3.895611e-001 4.061572e-001 2.729189e+000
      vertex -4.965518e-001 3.780897e-001 2.642339e+000
      vertex -5.152236e-001 3.662670e-001 2.792975e+000
    endloop 
  endfacet
  facet normal -2.903498E-001 9.554492E-001 5.304478E-002
    outer loop 
      vertex -5.152236e-001 3.662670e-001 2.792975e+000
      vertex -6.210233e-001 3.381689e-001 2.719969e+000
      vertex -6.267045e-001 3.275609e-001 2.879945e+000
    endloop 
  endfacet
  facet normal -2.890608E-001 9.568734E-001 2.893558E-002
    outer loop 
      vertex -4.139204e-001 3.949004e-001 2.858095e+000
      vertex -3.895611e-001 4.061572e-001 2.729189e+000
      vertex -5.152236e-001 3.662670e-001 2.792975e+000
    endloop 
  endfacet
  facet normal 9.967836E-001 7.112873E-002 3.691946E-002
    outer loop 
      vertex 4.851973e-001 2.244296e-001 6.927744e-001
      vertex 4.786329e-001 3.686641e-001 5.921233e-001
      vertex 4.711918e-001 3.930762e-001 7.459926e-001
    endloop 
  endfacet
  facet normal 9.980775E-001 5.889490E-002 1.930380E-002
    outer loop 
      vertex 4.851973e-001 2.244296e-001 6.927744e-001
      vertex 4.907321e-001 1.838647e-001 5.303649e-001
      vertex 4.786329e-001 3.686641e-001 5.921233e-001
    endloop 
  endfacet
  facet normal 9.964191E-001 8.182749E-002 2.129109E-002
    outer loop 
      vertex 4.851973e-001 2.244296e-001 6.927744e-001
      vertex 4.783280e-001 2.689613e-001 8.431066e-001
      vertex 4.932176e-001 1.017557e-001 7.888919e-001
    endloop 
  endfacet
  facet normal 9.975595E-001 6.959748E-002 5.586872E-003
    outer loop 
      vertex 4.851973e-001 2.244296e-001 6.927744e-001
      vertex 4.932176e-001 1.017557e-001 7.888919e-001
      vertex 4.976174e-001 5.111500e-002 6.341405e-001
    endloop 
  endfacet
  facet normal 9.968785E-001 7.546714E-002 2.319616E-002
    outer loop 
      vertex 4.711918e-001 3.930762e-001 7.459926e-001
      vertex 4.783280e-001 2.689613e-001 8.431066e-001
      vertex 4.851973e-001 2.244296e-001 6.927744e-001
    endloop 
  endfacet
  facet normal 9.976947E-001 6.553183E-002 1.763305E-002
    outer loop 
      vertex 4.907321e-001 1.838647e-001 5.303649e-001
      vertex 4.851973e-001 2.244296e-001 6.927744e-001
      vertex 4.976174e-001 5.111500e-002 6.341405e-001
    endloop 
  endfacet
  facet normal -9.985895E-001 -4.123317E-002 3.344770E-002
    outer loop 
      vertex -4.924636e-001 -3.296456e-001 2.462815e-001
      vertex -4.839060e-001 -3.844956e-001 4.341533e-001
      vertex -4.906724e-001 -2.395786e-001 4.107900e-001
    endloop 
  endfacet
  facet normal -9.993793E-001 -2.516185E-002 2.465739E-002
    outer loop 
      vertex -4.954690e-001 -1.608834e-001 2.966850e-001
      vertex -4.924636e-001 -3.296456e-001 2.462815e-001
      vertex -4.906724e-001 -2.395786e-001 4.107900e-001
    endloop 
  endfacet
  facet normal -9.987611E-001 -4.244563E-002 2.597675E-002
    outer loop 
      vertex -4.839060e-001 -3.844956e-001 4.341533e-001
      vertex -4.855612e-001 -2.743100e-001 5.505580e-001
      vertex -4.906724e-001 -2.395786e-001 4.107900e-001
    endloop 
  endfacet
  facet normal -9.990845E-001 -4.036981E-002 1.415647E-002
    outer loop 
      vertex -4.906724e-001 -2.395786e-001 4.107900e-001
      vertex -4.978735e-001 -6.227937e-002 4.081780e-001
      vertex -4.954690e-001 -1.608834e-001 2.966850e-001
    endloop 
  endfacet
  facet normal -9.973258E-001 -7.185958E-002 1.331549E-002
    outer loop 
      vertex -4.811950e-001 -2.817107e-001 6.978390e-001
      vertex -4.895446e-001 -1.508471e-001 7.786872e-001
      vertex -4.897291e-001 -1.731591e-001 6.444564e-001
    endloop 
  endfacet
  facet normal -9.978155E-001 -6.493280E-002 1.216478E-002
    outer loop 
      vertex -4.972302e-001 -5.876429e-002 6.397927e-001
      vertex -4.897291e-001 -1.731591e-001 6.444564e-001
      vertex -4.895446e-001 -1.508471e-001 7.786872e-001
    endloop 
  endfacet
  facet normal -9.964312E-001 -8.007336E-002 2.670295E-002
    outer loop 
      vertex -4.895446e-001 -1.508471e-001 7.786872e-001
      vertex -4.811950e-001 -2.817107e-001 6.978390e-001
      vertex -4.760764e-001 -3.022173e-001 8.273515e-001
    endloop 
  endfacet
  facet normal -7.441286E-002 9.971361E-001 -1.350338E-002
    outer loop 
      vertex -7.112935e-003 5.007911e-001 7.368655e-001
      vertex 7.109512e-002 5.082911e-001 8.597065e-001
      vertex 1.600362e-001 5.128727e-001 7.079039e-001
    endloop 
  endfacet
  facet normal -9.113558E-002 9.958346E-001 -2.777221E-003
    outer loop 
      vertex 7.109512e-002 5.082911e-001 8.597065e-001
      vertex -7.112935e-003 5.007911e-001 7.368655e-001
      vertex -9.590788e-002 4.931312e-001 9.040731e-001
    endloop 
  endfacet
  facet normal -9.618202E-001 -2.723954E-001 -2.650440E-002
    outer loop 
      vertex -5.497911e-001 1.154422e-001 2.519624e+000
      vertex -5.419299e-001 7.470770e-002 2.652991e+000
      vertex -5.824627e-001 2.213050e-001 2.617254e+000
    endloop 
  endfacet
  facet normal -9.648514E-001 -2.621318E-001 -1.866942E-002
    outer loop 
      vertex -5.497911e-001 1.154422e-001 2.519624e+000
      vertex -5.267220e-001 4.204912e-002 2.357881e+000
      vertex -5.109897e-001 -2.783447e-002 2.526041e+000
    endloop 
  endfacet
  facet normal -9.688903E-001 -2.460638E-001 -2.653656E-002
    outer loop 
      vertex -5.578301e-001 1.627023e-001 2.374914e+000
      vertex -5.267220e-001 4.204912e-002 2.357881e+000
      vertex -5.497911e-001 1.154422e-001 2.519624e+000
    endloop 
  endfacet
  facet normal -9.647068E-001 -2.622978E-001 -2.325013E-002
    outer loop 
      vertex -5.419299e-001 7.470770e-002 2.652991e+000
      vertex -5.497911e-001 1.154422e-001 2.519624e+000
      vertex -5.109897e-001 -2.783447e-002 2.526041e+000
    endloop 
  endfacet
  facet normal -9.712848E-001 -2.317911E-001 5.365358E-002
    outer loop 
      vertex -3.595493e-001 -6.091232e-001 2.399983e+000
      vertex -4.000704e-001 -4.803636e-001 2.222694e+000
      vertex -3.698879e-001 -6.028583e-001 2.239889e+000
    endloop 
  endfacet
  facet normal -9.676942E-001 -2.488633E-001 4.043388E-002
    outer loop 
      vertex -4.160558e-001 -3.939783e-001 2.371804e+000
      vertex -4.000704e-001 -4.803636e-001 2.222694e+000
      vertex -3.595493e-001 -6.091232e-001 2.399983e+000
    endloop 
  endfacet
  facet normal -9.713134E-001 -2.320008E-001 5.221007E-002
    outer loop 
      vertex -4.000704e-001 -4.803636e-001 2.222694e+000
      vertex -3.800140e-001 -5.964751e-001 2.079868e+000
      vertex -3.698879e-001 -6.028583e-001 2.239889e+000
    endloop 
  endfacet
  facet normal -9.730905E-001 -2.286948E-001 2.817097E-002
    outer loop 
      vertex -4.396979e-001 -3.208449e-001 2.148856e+000
      vertex -4.000704e-001 -4.803636e-001 2.222694e+000
      vertex -4.160558e-001 -3.939783e-001 2.371804e+000
    endloop 
  endfacet
  facet normal 2.202184E-001 -9.740211E-001 -5.278877E-002
    outer loop 
      vertex -3.800140e-001 -5.964751e-001 2.079868e+000
      vertex -2.491733e-001 -5.694373e-001 2.126812e+000
      vertex -3.698879e-001 -6.028583e-001 2.239889e+000
    endloop 
  endfacet
  facet normal 2.219930E-001 -9.746764E-001 -2.692514E-002
    outer loop 
      vertex -2.491733e-001 -5.694373e-001 2.126812e+000
      vertex -1.438292e-001 -5.417665e-001 1.993688e+000
      vertex -1.035807e-001 -5.370179e-001 2.153632e+000
    endloop 
  endfacet
  facet normal 9.716056E-001 2.307309E-001 5.240081E-002
    outer loop 
      vertex 3.794571e-001 5.961068e-001 2.080195e+000
      vertex 3.693390e-001 6.023835e-001 2.240165e+000
      vertex 3.993517e-001 4.817773e-001 2.214728e+000
    endloop 
  endfacet
  facet normal 9.757345E-001 2.154853E-001 3.883405E-002
    outer loop 
      vertex 3.993517e-001 4.817773e-001 2.214728e+000
      vertex 4.218233e-001 4.160353e-001 2.014905e+000
      vertex 3.794571e-001 5.961068e-001 2.080195e+000
    endloop 
  endfacet
  facet normal 9.715959E-001 2.302941E-001 5.446062E-002
    outer loop 
      vertex 3.993517e-001 4.817773e-001 2.214728e+000
      vertex 3.693390e-001 6.023835e-001 2.240165e+000
      vertex 3.588839e-001 6.086385e-001 2.400237e+000
    endloop 
  endfacet
  facet normal 9.677495E-001 2.485308E-001 4.115036E-002
    outer loop 
      vertex 3.993517e-001 4.817773e-001 2.214728e+000
      vertex 3.588839e-001 6.086385e-001 2.400237e+000
      vertex 4.111466e-001 4.118931e-001 2.359413e+000
    endloop 
  endfacet
  facet normal 9.730881E-001 2.283433E-001 3.096445E-002
    outer loop 
      vertex 4.111466e-001 4.118931e-001 2.359413e+000
      vertex 4.375836e-001 3.245652e-001 2.172594e+000
      vertex 3.993517e-001 4.817773e-001 2.214728e+000
    endloop 
  endfacet
  facet normal 9.731890E-001 2.273847E-001 3.463285E-002
    outer loop 
      vertex 4.375836e-001 3.245652e-001 2.172594e+000
      vertex 4.218233e-001 4.160353e-001 2.014905e+000
      vertex 3.993517e-001 4.817773e-001 2.214728e+000
    endloop 
  endfacet
  facet normal -2.161846E-001 9.748669E-001 -5.383872E-002
    outer loop 
      vertex 3.794571e-001 5.961068e-001 2.080195e+000
      vertex 3.896355e-001 5.895238e-001 1.920125e+000
      vertex 2.781578e-001 5.739844e-001 2.086380e+000
    endloop 
  endfacet
  facet normal -2.160948E-001 9.749907E-001 -5.192370E-002
    outer loop 
      vertex 2.781578e-001 5.739844e-001 2.086380e+000
      vertex 3.693390e-001 6.023835e-001 2.240165e+000
      vertex 3.794571e-001 5.961068e-001 2.080195e+000
    endloop 
  endfacet
  facet normal 2.279750E-001 -9.722338E-001 5.280974E-002
    outer loop 
      vertex 6.023957e-001 -3.697725e-001 2.239939e+000
      vertex 4.746478e-001 -4.026590e-001 2.185970e+000
      vertex 5.959827e-001 -3.799573e-001 2.080119e+000
    endloop 
  endfacet
  facet normal 2.154998E-001 -9.757739E-001 3.775045E-002
    outer loop 
      vertex 5.959827e-001 -3.799573e-001 2.080119e+000
      vertex 4.746478e-001 -4.026590e-001 2.185970e+000
      vertex 4.186360e-001 -4.217238e-001 2.012930e+000
    endloop 
  endfacet
  facet normal 2.350170E-001 -9.713392E-001 3.559577E-002
    outer loop 
      vertex 6.023957e-001 -3.697725e-001 2.239939e+000
      vertex 4.324272e-001 -4.065420e-001 2.358768e+000
      vertex 4.746478e-001 -4.026590e-001 2.185970e+000
    endloop 
  endfacet
  facet normal 2.278011E-001 -9.731212E-001 3.379263E-002
    outer loop 
      vertex 4.746478e-001 -4.026590e-001 2.185970e+000
      vertex 4.324272e-001 -4.065420e-001 2.358768e+000
      vertex 3.367926e-001 -4.350291e-001 2.183116e+000
    endloop 
  endfacet
  facet normal 2.278098E-001 -9.731300E-001 3.347450E-002
    outer loop 
      vertex 3.367926e-001 -4.350291e-001 2.183116e+000
      vertex 4.186360e-001 -4.217238e-001 2.012930e+000
      vertex 4.746478e-001 -4.026590e-001 2.185970e+000
    endloop 
  endfacet
  facet normal -9.734673E-001 -2.281264E-001 -1.787909E-002
    outer loop 
      vertex -5.582624e-001 1.898782e-001 2.188963e+000
      vertex -5.104265e-001 -1.456723e-002 2.193030e+000
      vertex -5.267220e-001 4.204912e-002 2.357881e+000
    endloop 
  endfacet
  facet normal -9.689218E-001 -2.450797E-001 -3.356453E-002
    outer loop 
      vertex -5.582624e-001 1.898782e-001 2.188963e+000
      vertex -5.267220e-001 4.204912e-002 2.357881e+000
      vertex -5.578301e-001 1.627023e-001 2.374914e+000
    endloop 
  endfacet
  facet normal -9.731142E-001 -2.282949E-001 -3.049770E-002
    outer loop 
      vertex -5.582624e-001 1.898782e-001 2.188963e+000
      vertex -5.478076e-001 1.699881e-001 2.004262e+000
      vertex -5.104265e-001 -1.456723e-002 2.193030e+000
    endloop 
  endfacet
  facet normal -9.724813E-001 -2.267921E-001 -5.334312E-002
    outer loop 
      vertex -5.965411e-001 3.796573e-001 2.079949e+000
      vertex -5.582624e-001 1.898782e-001 2.188963e+000
      vertex -6.029122e-001 3.693431e-001 2.239950e+000
    endloop 
  endfacet
  facet normal -9.760250E-001 -2.152835E-001 -3.206362E-002
    outer loop 
      vertex -5.582624e-001 1.898782e-001 2.188963e+000
      vertex -5.965411e-001 3.796573e-001 2.079949e+000
      vertex -5.478076e-001 1.699881e-001 2.004262e+000
    endloop 
  endfacet
  facet normal -9.844829E-001 -1.717276E-001 -3.609714E-002
    outer loop 
      vertex -5.288378e-001 1.201113e-001 1.658018e+000
      vertex -5.534552e-001 2.310075e-001 1.801839e+000
      vertex -5.543264e-001 2.751248e-001 1.615714e+000
    endloop 
  endfacet
  facet normal -9.853157E-001 -1.688789E-001 -2.515679E-002
    outer loop 
      vertex -5.298938e-001 1.606335e-001 1.427349e+000
      vertex -5.288378e-001 1.201113e-001 1.658018e+000
      vertex -5.543264e-001 2.751248e-001 1.615714e+000
    endloop 
  endfacet
  facet normal -9.816757E-001 -1.892744E-001 -2.208675E-002
    outer loop 
      vertex -5.288378e-001 1.201113e-001 1.658018e+000
      vertex -5.237149e-001 7.130219e-002 1.848598e+000
      vertex -5.534552e-001 2.310075e-001 1.801839e+000
    endloop 
  endfacet
  facet normal -9.868923E-001 -1.596560E-001 -2.352936E-002
    outer loop 
      vertex -5.043112e-001 -1.533343e-002 1.548345e+000
      vertex -5.288378e-001 1.201113e-001 1.658018e+000
      vertex -5.298938e-001 1.606335e-001 1.427349e+000
    endloop 
  endfacet
  facet normal -9.849276E-001 -1.728326E-001 -6.817155E-003
    outer loop 
      vertex -5.288378e-001 1.201113e-001 1.658018e+000
      vertex -5.043112e-001 -1.533343e-002 1.548345e+000
      vertex -5.033194e-001 -2.820762e-002 1.731451e+000
    endloop 
  endfacet
  facet normal -9.836899E-001 -1.788283E-001 -1.935725E-002
    outer loop 
      vertex -5.288378e-001 1.201113e-001 1.658018e+000
      vertex -5.033194e-001 -2.820762e-002 1.731451e+000
      vertex -5.237149e-001 7.130219e-002 1.848598e+000
    endloop 
  endfacet
  facet normal 9.749441E-001 2.160708E-001 -5.289008E-002
    outer loop 
      vertex 6.023957e-001 -3.697725e-001 2.239939e+000
      vertex 5.959827e-001 -3.799573e-001 2.080119e+000
      vertex 5.590084e-001 -2.113914e-001 2.087195e+000
    endloop 
  endfacet
  facet normal 9.718551E-001 2.330538E-001 -3.440273E-002
    outer loop 
      vertex 6.023957e-001 -3.697725e-001 2.239939e+000
      vertex 5.590084e-001 -2.113914e-001 2.087195e+000
      vertex 5.477886e-001 -1.415917e-001 2.243084e+000
    endloop 
  endfacet
  facet normal -2.292299E-001 9.732850E-001 1.303523E-002
    outer loop 
      vertex -2.431285e-001 4.574228e-001 2.120362e+000
      vertex -4.170738e-001 4.153681e-001 2.201511e+000
      vertex -2.267517e-001 4.589025e-001 2.297870e+000
    endloop 
  endfacet
  facet normal -2.389692E-001 9.704472E-001 3.355382E-002
    outer loop 
      vertex -4.352706e-001 4.056824e-001 2.352046e+000
      vertex -2.267517e-001 4.589025e-001 2.297870e+000
      vertex -4.170738e-001 4.153681e-001 2.201511e+000
    endloop 
  endfacet
  facet normal -2.296131E-001 9.718103E-001 5.350340E-002
    outer loop 
      vertex -5.965411e-001 3.796573e-001 2.079949e+000
      vertex -6.029122e-001 3.693431e-001 2.239950e+000
      vertex -4.170738e-001 4.153681e-001 2.201511e+000
    endloop 
  endfacet
  facet normal -2.335688E-001 9.717355E-001 3.428953E-002
    outer loop 
      vertex -6.029122e-001 3.693431e-001 2.239950e+000
      vertex -4.352706e-001 4.056824e-001 2.352046e+000
      vertex -4.170738e-001 4.153681e-001 2.201511e+000
    endloop 
  endfacet
  facet normal -9.528009E-001 -3.029974E-001 -1.905288E-002
    outer loop 
      vertex -5.237291e-001 -6.452516e-003 2.960755e+000
      vertex -5.778959e-001 1.664047e-001 2.920595e+000
      vertex -5.314583e-001 2.821310e-002 2.795988e+000
    endloop 
  endfacet
  facet normal -9.563782E-001 -2.916651E-001 -1.650083E-002
    outer loop 
      vertex -4.780263e-001 -1.479294e-001 2.812558e+000
      vertex -5.237291e-001 -6.452516e-003 2.960755e+000
      vertex -5.314583e-001 2.821310e-002 2.795988e+000
    endloop 
  endfacet
  facet normal -9.512823E-001 -3.062948E-001 -3.529350E-002
    outer loop 
      vertex -5.804949e-001 1.550166e-001 3.089480e+000
      vertex -5.778959e-001 1.664047e-001 2.920595e+000
      vertex -5.237291e-001 -6.452516e-003 2.960755e+000
    endloop 
  endfacet
  facet normal -9.476259E-001 -3.188808E-001 -1.789343E-002
    outer loop 
      vertex -5.355828e-001 1.780550e-002 3.156215e+000
      vertex -5.804949e-001 1.550166e-001 3.089480e+000
      vertex -5.237291e-001 -6.452516e-003 2.960755e+000
    endloop 
  endfacet
  facet normal -9.517499E-001 -3.068227E-001 -5.649302E-003
    outer loop 
      vertex -4.577492e-001 -2.111269e-001 2.961158e+000
      vertex -4.923492e-001 -1.059478e-001 3.077863e+000
      vertex -5.237291e-001 -6.452516e-003 2.960755e+000
    endloop 
  endfacet
  facet normal -9.473500E-001 -3.197062E-001 -1.777426E-002
    outer loop 
      vertex -5.355828e-001 1.780550e-002 3.156215e+000
      vertex -5.237291e-001 -6.452516e-003 2.960755e+000
      vertex -4.923492e-001 -1.059478e-001 3.077863e+000
    endloop 
  endfacet
  facet normal -9.517679E-001 -3.068185E-001 -6.127332E-004
    outer loop 
      vertex -4.577492e-001 -2.111269e-001 2.961158e+000
      vertex -5.237291e-001 -6.452516e-003 2.960755e+000
      vertex -4.780263e-001 -1.479294e-001 2.812558e+000
    endloop 
  endfacet
  facet normal -9.882159E-001 -1.482164E-001 -3.822795E-002
    outer loop 
      vertex -5.298938e-001 1.606335e-001 1.427349e+000
      vertex -5.541297e-001 3.210711e-001 1.431818e+000
      vertex -5.420548e-001 2.880692e-001 1.247628e+000
    endloop 
  endfacet
  facet normal -9.905725E-001 -1.305362E-001 -4.155027E-002
    outer loop 
      vertex -5.541297e-001 3.210711e-001 1.431818e+000
      vertex -5.619814e-001 4.289570e-001 1.280067e+000
      vertex -5.420548e-001 2.880692e-001 1.247628e+000
    endloop 
  endfacet
  facet normal -9.914301E-001 -1.284201E-001 -2.397337E-002
    outer loop 
      vertex -5.190251e-001 1.227015e-001 1.181064e+000
      vertex -5.298938e-001 1.606335e-001 1.427349e+000
      vertex -5.420548e-001 2.880692e-001 1.247628e+000
    endloop 
  endfacet
  facet normal -9.917035E-001 -1.227651E-001 -3.811680E-002
    outer loop 
      vertex -5.190251e-001 1.227015e-001 1.181064e+000
      vertex -5.420548e-001 2.880692e-001 1.247628e+000
      vertex -5.355992e-001 2.938546e-001 1.061037e+000
    endloop 
  endfacet
  facet normal -9.903668E-001 -1.278041E-001 -5.329001E-002
    outer loop 
      vertex -5.545967e-001 4.384624e-001 1.120028e+000
      vertex -5.420548e-001 2.880692e-001 1.247628e+000
      vertex -5.619814e-001 4.289570e-001 1.280067e+000
    endloop 
  endfacet
  facet normal -9.926485E-001 -1.149428E-001 -3.790696E-002
    outer loop 
      vertex -5.545967e-001 4.384624e-001 1.120028e+000
      vertex -5.355992e-001 2.938546e-001 1.061037e+000
      vertex -5.420548e-001 2.880692e-001 1.247628e+000
    endloop 
  endfacet
  facet normal -4.015543E-002 9.987371E-001 -3.019540E-002
    outer loop 
      vertex 2.766110e-001 5.073472e-001 2.725483e-001
      vertex 2.061747e-001 5.090109e-001 4.212439e-001
      vertex 3.545143e-001 5.142299e-001 3.965982e-001
    endloop 
  endfacet
  facet normal -2.564548E-002 9.993988E-001 -2.332952E-002
    outer loop 
      vertex 2.766110e-001 5.073472e-001 2.725483e-001
      vertex 1.328181e-001 5.038298e-001 2.799338e-001
      vertex 2.061747e-001 5.090109e-001 4.212439e-001
    endloop 
  endfacet
  facet normal -4.129301E-002 9.990316E-001 -1.519314E-002
    outer loop 
      vertex 6.190454e-002 5.028878e-001 4.107269e-001
      vertex 2.061747e-001 5.090109e-001 4.212439e-001
      vertex 1.328181e-001 5.038298e-001 2.799338e-001
    endloop 
  endfacet
  facet normal 3.675677E-001 -9.293967E-001 -3.340168E-002
    outer loop 
      vertex -1.021898e-002 -5.419098e-001 3.574644e+000
      vertex -9.475777e-002 -5.800200e-001 3.704751e+000
      vertex -1.529848e-001 -5.978845e-001 3.561069e+000
    endloop 
  endfacet
  facet normal 3.816194E-001 -9.240407E-001 -2.270260E-002
    outer loop 
      vertex 5.745062e-002 -5.173600e-001 3.712912e+000
      vertex -9.475777e-002 -5.800200e-001 3.704751e+000
      vertex -1.021898e-002 -5.419098e-001 3.574644e+000
    endloop 
  endfacet
  facet normal 3.671614E-001 -9.297449E-001 -2.769209E-002
    outer loop 
      vertex -6.476471e-002 -5.592083e-001 3.432225e+000
      vertex -1.021898e-002 -5.419098e-001 3.574644e+000
      vertex -1.529848e-001 -5.978845e-001 3.561069e+000
    endloop 
  endfacet
  facet normal 3.684685E-001 -9.295144E-001 -1.529449E-002
    outer loop 
      vertex -1.021898e-002 -5.419098e-001 3.574644e+000
      vertex 1.385052e-001 -4.830171e-001 3.578476e+000
      vertex 5.745062e-002 -5.173600e-001 3.712912e+000
    endloop 
  endfacet
  facet normal 9.553138E-001 2.953268E-001 -1.255282E-002
    outer loop 
      vertex 5.128987e-001 3.487626e-002 2.917796e+000
      vertex 5.500196e-001 -8.819564e-002 2.847346e+000
      vertex 5.125336e-001 2.851600e-002 2.740376e+000
    endloop 
  endfacet
  facet normal 9.564362E-001 2.916768E-001 -1.242428E-002
    outer loop 
      vertex 5.128987e-001 3.487626e-002 2.917796e+000
      vertex 5.125336e-001 2.851600e-002 2.740376e+000
      vertex 4.805182e-001 1.366426e-001 2.814211e+000
    endloop 
  endfacet
  facet normal 9.614187E-001 2.747836E-001 -1.296315E-002
    outer loop 
      vertex 5.178884e-001 2.297282e-003 2.581749e+000
      vertex 4.677349e-001 1.811580e-001 2.653451e+000
      vertex 5.125336e-001 2.851600e-002 2.740376e+000
    endloop 
  endfacet
  facet normal 9.594591E-001 2.814933E-001 -1.413833E-002
    outer loop 
      vertex 5.178884e-001 2.297282e-003 2.581749e+000
      vertex 5.125336e-001 2.851600e-002 2.740376e+000
      vertex 5.477372e-001 -9.340061e-002 2.702018e+000
    endloop 
  endfacet
  facet normal 9.592194E-001 2.826555E-001 1.993580E-003
    outer loop 
      vertex 4.677349e-001 1.811580e-001 2.653451e+000
      vertex 4.805182e-001 1.366426e-001 2.814211e+000
      vertex 5.125336e-001 2.851600e-002 2.740376e+000
    endloop 
  endfacet
  facet normal 9.582983E-001 2.846526E-001 -2.524499E-002
    outer loop 
      vertex 5.125336e-001 2.851600e-002 2.740376e+000
      vertex 5.500196e-001 -8.819564e-002 2.847346e+000
      vertex 5.477372e-001 -9.340061e-002 2.702018e+000
    endloop 
  endfacet
  facet normal -2.980962E-001 9.544401E-001 -1.352281E-002
    outer loop 
      vertex -1.995236e-002 5.153487e-001 2.735754e+000
      vertex -4.045828e-002 5.110694e-001 2.885748e+000
      vertex 1.231080e-001 5.619708e-001 2.872726e+000
    endloop 
  endfacet
  facet normal -2.894858E-001 9.571037E-001 -1.226967E-002
    outer loop 
      vertex -1.527711e-001 4.758897e-001 2.791403e+000
      vertex -4.045828e-002 5.110694e-001 2.885748e+000
      vertex -1.995236e-002 5.153487e-001 2.735754e+000
    endloop 
  endfacet
  facet normal -2.724885E-001 9.620684E-001 -1.320309E-002
    outer loop 
      vertex -1.942825e-002 5.129781e-001 2.552195e+000
      vertex -1.359518e-001 4.809490e-001 2.623173e+000
      vertex -1.995236e-002 5.153487e-001 2.735754e+000
    endloop 
  endfacet
  facet normal -2.771018E-001 9.607499E-001 -1.319923E-002
    outer loop 
      vertex 9.782112e-002 5.484465e-001 2.672377e+000
      vertex -1.942825e-002 5.129781e-001 2.552195e+000
      vertex -1.995236e-002 5.153487e-001 2.735754e+000
    endloop 
  endfacet
  facet normal -2.846439E-001 9.586332E-001 3.710744E-004
    outer loop 
      vertex -1.359518e-001 4.809490e-001 2.623173e+000
      vertex -1.527711e-001 4.758897e-001 2.791403e+000
      vertex -1.995236e-002 5.153487e-001 2.735754e+000
    endloop 
  endfacet
  facet normal -2.847416E-001 9.581733E-001 -2.874185E-002
    outer loop 
      vertex 9.782112e-002 5.484465e-001 2.672377e+000
      vertex -1.995236e-002 5.153487e-001 2.735754e+000
      vertex 1.231080e-001 5.619708e-001 2.872726e+000
    endloop 
  endfacet
  facet normal -3.409978E-001 9.392587E-001 -3.890422E-002
    outer loop 
      vertex 6.246531e-002 5.543969e-001 3.304864e+000
      vertex 1.652370e-001 5.959456e-001 3.407168e+000
      vertex 1.755183e-001 5.928097e-001 3.241343e+000
    endloop 
  endfacet
  facet normal -3.518782E-001 9.356701E-001 -2.651653E-002
    outer loop 
      vertex 1.652370e-001 5.959456e-001 3.407168e+000
      vertex 6.246531e-002 5.543969e-001 3.304864e+000
      vertex 2.308317e-002 5.430272e-001 3.426274e+000
    endloop 
  endfacet
  facet normal -3.623383E-001 9.312702E-001 -3.803690E-002
    outer loop 
      vertex 2.840805e-001 6.467931e-001 3.519985e+000
      vertex 1.652370e-001 5.959456e-001 3.407168e+000
      vertex 1.329411e-001 5.901909e-001 3.573924e+000
    endloop 
  endfacet
  facet normal -3.529012E-001 9.349647E-001 -3.608172E-002
    outer loop 
      vertex 1.652370e-001 5.959456e-001 3.407168e+000
      vertex 2.308317e-002 5.430272e-001 3.426274e+000
      vertex 1.329411e-001 5.901909e-001 3.573924e+000
    endloop 
  endfacet
  facet normal -3.459633E-001 9.374298E-001 -3.917750E-002
    outer loop 
      vertex 1.652370e-001 5.959456e-001 3.407168e+000
      vertex 2.950042e-001 6.418706e-001 3.360119e+000
      vertex 1.755183e-001 5.928097e-001 3.241343e+000
    endloop 
  endfacet
  facet normal -3.500945E-001 9.352297E-001 -5.271930E-002
    outer loop 
      vertex 2.950042e-001 6.418706e-001 3.360119e+000
      vertex 1.652370e-001 5.959456e-001 3.407168e+000
      vertex 2.840805e-001 6.467931e-001 3.519985e+000
    endloop 
  endfacet
  facet normal -9.984964E-001 -4.023590E-002 -3.722898E-002
    outer loop 
      vertex -5.175523e-001 3.192585e-001 5.220734e-001
      vertex -5.115923e-001 3.299997e-001 3.506138e-001
      vertex -5.062708e-001 1.440023e-001 4.089105e-001
    endloop 
  endfacet
  facet normal -9.982111E-001 -4.647796E-002 -3.761010E-002
    outer loop 
      vertex -5.115923e-001 3.299997e-001 3.506138e-001
      vertex -5.175523e-001 3.192585e-001 5.220734e-001
      vertex -5.232378e-001 4.753545e-001 4.800718e-001
    endloop 
  endfacet
  facet normal -9.984706E-001 -5.180113E-002 -1.931523E-002
    outer loop 
      vertex -5.175523e-001 3.192585e-001 5.220734e-001
      vertex -5.062708e-001 1.440023e-001 4.089105e-001
      vertex -5.110446e-001 1.737018e-001 5.760309e-001
    endloop 
  endfacet
  facet normal -9.971976E-001 -6.506950E-002 -3.691910E-002
    outer loop 
      vertex -5.315015e-001 4.661528e-001 6.399453e-001
      vertex -5.175523e-001 3.192585e-001 5.220734e-001
      vertex -5.226363e-001 2.959687e-001 7.004415e-001
    endloop 
  endfacet
  facet normal -9.976700E-001 -5.795151E-002 -3.600316E-002
    outer loop 
      vertex -5.226363e-001 2.959687e-001 7.004415e-001
      vertex -5.175523e-001 3.192585e-001 5.220734e-001
      vertex -5.110446e-001 1.737018e-001 5.760309e-001
    endloop 
  endfacet
  facet normal -9.972126E-001 -5.098055E-002 -5.447881E-002
    outer loop 
      vertex -5.315015e-001 4.661528e-001 6.399453e-001
      vertex -5.232378e-001 4.753545e-001 4.800718e-001
      vertex -5.175523e-001 3.192585e-001 5.220734e-001
    endloop 
  endfacet
  facet normal -4.031343E-001 9.146987E-001 2.844297E-002
    outer loop 
      vertex -5.097368e-001 3.194416e-001 4.000000e+000
      vertex -4.195548e-001 3.631082e-001 3.873912e+000
      vertex -5.558144e-001 3.022707e-001 3.899122e+000
    endloop 
  endfacet
  facet normal -4.219096E-001 9.058188E-001 3.853045E-002
    outer loop 
      vertex -5.558144e-001 3.022707e-001 3.899122e+000
      vertex -6.628677e-001 2.481168e-001 4.000000e+000
      vertex -5.097368e-001 3.194416e-001 4.000000e+000
    endloop 
  endfacet
  facet normal -4.067492E-001 9.117107E-001 5.778196E-002
    outer loop 
      vertex -6.577352e-001 2.605678e-001 3.839671e+000
      vertex -6.628677e-001 2.481168e-001 4.000000e+000
      vertex -5.558144e-001 3.022707e-001 3.899122e+000
    endloop 
  endfacet
  facet normal -4.013513E-001 9.150922E-001 3.902886E-002
    outer loop 
      vertex -5.558144e-001 3.022707e-001 3.899122e+000
      vertex -4.195548e-001 3.631082e-001 3.873912e+000
      vertex -5.169885e-001 3.251636e-001 3.761627e+000
    endloop 
  endfacet
  facet normal -3.983346E-001 9.163636E-001 4.009242E-002
    outer loop 
      vertex -5.558144e-001 3.022707e-001 3.899122e+000
      vertex -5.169885e-001 3.251636e-001 3.761627e+000
      vertex -6.577352e-001 2.605678e-001 3.839671e+000
    endloop 
  endfacet
  facet normal 9.986564E-001 3.081357E-002 -4.166445E-002
    outer loop 
      vertex 5.103946e-001 -2.929031e-001 3.518542e-001
      vertex 5.182036e-001 -3.571722e-001 4.914982e-001
      vertex 5.149729e-001 -4.843509e-001 3.200034e-001
    endloop 
  endfacet
  facet normal 9.982276E-001 4.949609E-002 -3.304211E-002
    outer loop 
      vertex 5.182036e-001 -3.571722e-001 4.914982e-001
      vertex 5.103946e-001 -2.929031e-001 3.518542e-001
      vertex 5.113553e-001 -2.161774e-001 4.958125e-001
    endloop 
  endfacet
  facet normal 9.970016E-001 6.610447E-002 -4.022289E-002
    outer loop 
      vertex 5.182036e-001 -3.571722e-001 4.914982e-001
      vertex 5.196847e-001 -2.701929e-001 6.711555e-001
      vertex 5.314185e-001 -4.661284e-001 6.399900e-001
    endloop 
  endfacet
  facet normal 9.982570E-001 4.947115E-002 -3.218038E-002
    outer loop 
      vertex 5.196847e-001 -2.701929e-001 6.711555e-001
      vertex 5.182036e-001 -3.571722e-001 4.914982e-001
      vertex 5.113553e-001 -2.161774e-001 4.958125e-001
    endloop 
  endfacet
  facet normal 9.973081E-001 4.864696E-002 -5.486409E-002
    outer loop 
      vertex 5.182036e-001 -3.571722e-001 4.914982e-001
      vertex 5.233336e-001 -4.752180e-001 4.800812e-001
      vertex 5.149729e-001 -4.843509e-001 3.200034e-001
    endloop 
  endfacet
  facet normal 9.974068E-001 4.848880E-002 -5.318448E-002
    outer loop 
      vertex 5.182036e-001 -3.571722e-001 4.914982e-001
      vertex 5.314185e-001 -4.661284e-001 6.399900e-001
      vertex 5.233336e-001 -4.752180e-001 4.800812e-001
    endloop 
  endfacet
  facet normal -9.878796E-001 -1.501391E-001 3.939880E-002
    outer loop 
      vertex -4.325232e-001 -4.508559e-001 1.564940e+000
      vertex -4.424029e-001 -4.261626e-001 1.411319e+000
      vertex -4.195256e-001 -5.692100e-001 1.439821e+000
    endloop 
  endfacet
  facet normal -9.865219E-001 -1.591900E-001 3.785664E-002
    outer loop 
      vertex -4.325232e-001 -4.508559e-001 1.564940e+000
      vertex -4.540198e-001 -3.270919e-001 1.525186e+000
      vertex -4.424029e-001 -4.261626e-001 1.411319e+000
    endloop 
  endfacet
  facet normal -9.851784E-001 -1.668815E-001 3.967680E-002
    outer loop 
      vertex -4.098683e-001 -5.762889e-001 1.599888e+000
      vertex -4.264143e-001 -4.540173e-001 1.703326e+000
      vertex -4.325232e-001 -4.508559e-001 1.564940e+000
    endloop 
  endfacet
  facet normal -9.851791E-001 -1.633888E-001 5.221262E-002
    outer loop 
      vertex -4.098683e-001 -5.762889e-001 1.599888e+000
      vertex -4.325232e-001 -4.508559e-001 1.564940e+000
      vertex -4.195256e-001 -5.692100e-001 1.439821e+000
    endloop 
  endfacet
  facet normal -1.493774E-001 9.880345E-001 3.839343E-002
    outer loop 
      vertex -5.692251e-001 4.192612e-001 1.440058e+000
      vertex -4.501493e-001 4.329900e-001 1.550043e+000
      vertex -4.022496e-001 4.462396e-001 1.395436e+000
    endloop 
  endfacet
  facet normal -1.583517E-001 9.867443E-001 3.550247E-002
    outer loop 
      vertex -2.804519e-001 4.613500e-001 1.518717e+000
      vertex -4.022496e-001 4.462396e-001 1.395436e+000
      vertex -4.501493e-001 4.329900e-001 1.550043e+000
    endloop 
  endfacet
  facet normal -1.677620E-001 9.849800E-001 4.086799E-002
    outer loop 
      vertex -4.607183e-001 4.249301e-001 1.700914e+000
      vertex -4.501493e-001 4.329900e-001 1.550043e+000
      vertex -5.763358e-001 4.094265e-001 1.599966e+000
    endloop 
  endfacet
  facet normal -1.628658E-001 9.852049E-001 5.334983E-002
    outer loop 
      vertex -5.763358e-001 4.094265e-001 1.599966e+000
      vertex -4.501493e-001 4.329900e-001 1.550043e+000
      vertex -5.692251e-001 4.192612e-001 1.440058e+000
    endloop 
  endfacet
  facet normal 9.872499E-001 1.543504E-001 3.890457E-002
    outer loop 
      vertex 4.575396e-001 3.112248e-001 1.472405e+000
      vertex 4.444048e-001 4.234169e-001 1.360602e+000
      vertex 4.333953e-001 4.507825e-001 1.531412e+000
    endloop 
  endfacet
  facet normal 9.878905E-001 1.500027E-001 3.964242E-002
    outer loop 
      vertex 4.444048e-001 4.234169e-001 1.360602e+000
      vertex 4.190987e-001 5.690703e-001 1.440095e+000
      vertex 4.333953e-001 4.507825e-001 1.531412e+000
    endloop 
  endfacet
  facet normal 9.869045E-001 1.588249E-001 2.818061E-002
    outer loop 
      vertex 4.575396e-001 3.112248e-001 1.472405e+000
      vertex 4.333953e-001 4.507825e-001 1.531412e+000
      vertex 4.460430e-001 3.561769e-001 1.621673e+000
    endloop 
  endfacet
  facet normal 9.853288E-001 1.659522E-001 3.983721E-002
    outer loop 
      vertex 4.333953e-001 4.507825e-001 1.531412e+000
      vertex 4.095377e-001 5.759651e-001 1.600022e+000
      vertex 4.249553e-001 4.613007e-001 1.696350e+000
    endloop 
  endfacet
  facet normal 9.847488E-001 1.694188E-001 3.958647E-002
    outer loop 
      vertex 4.333953e-001 4.507825e-001 1.531412e+000
      vertex 4.249553e-001 4.613007e-001 1.696350e+000
      vertex 4.460430e-001 3.561769e-001 1.621673e+000
    endloop 
  endfacet
  facet normal 9.858484E-001 1.593480E-001 5.206760E-002
    outer loop 
      vertex 4.333953e-001 4.507825e-001 1.531412e+000
      vertex 4.190987e-001 5.690703e-001 1.440095e+000
      vertex 4.095377e-001 5.759651e-001 1.600022e+000
    endloop 
  endfacet
  facet normal 9.997657E-001 1.490640E-002 1.569491E-002
    outer loop 
      vertex 5.000000e-001 1.666667e-001 0.000000e+000
      vertex 4.961042e-001 2.683623e-001 1.515772e-001
      vertex 4.981188e-001 1.153057e-001 1.686100e-001
    endloop 
  endfacet
  facet normal 9.996258E-001 1.565425E-002 2.243168E-002
    outer loop 
      vertex 4.936311e-001 2.340014e-001 2.857663e-001
      vertex 4.981188e-001 1.153057e-001 1.686100e-001
      vertex 4.961042e-001 2.683623e-001 1.515772e-001
    endloop 
  endfacet
  facet normal 9.996870E-001 2.221701E-002 1.150615E-002
    outer loop 
      vertex 4.981188e-001 1.153057e-001 1.686100e-001
      vertex 4.956097e-001 1.321804e-001 3.540286e-001
      vertex 5.007978e-001 -3.345067e-002 2.230852e-001
    endloop 
  endfacet
  facet normal 9.998435E-001 1.766690E-002 -9.266123E-004
    outer loop 
      vertex 5.007978e-001 -3.345067e-002 2.230852e-001
      vertex 5.000000e-001 0.000000e+000 0.000000e+000
      vertex 4.981188e-001 1.153057e-001 1.686100e-001
    endloop 
  endfacet
  facet normal 9.995779E-001 2.685428E-002 1.108265E-002
    outer loop 
      vertex 4.956097e-001 1.321804e-001 3.540286e-001
      vertex 4.981188e-001 1.153057e-001 1.686100e-001
      vertex 4.936311e-001 2.340014e-001 2.857663e-001
    endloop 
  endfacet
  facet normal 9.999378E-001 0.000000E+000 1.115613E-002
    outer loop 
      vertex 5.000000e-001 0.000000e+000 0.000000e+000
      vertex 5.000000e-001 1.666667e-001 0.000000e+000
      vertex 4.981188e-001 1.153057e-001 1.686100e-001
    endloop 
  endfacet
  facet normal -9.586114E-001 -2.820355E-001 -3.899022E-002
    outer loop 
      vertex -6.210233e-001 3.381689e-001 2.719969e+000
      vertex -5.824627e-001 2.213050e-001 2.617254e+000
      vertex -5.792095e-001 1.902090e-001 2.762205e+000
    endloop 
  endfacet
  facet normal -9.607857E-001 -2.747608E-001 -3.738080E-002
    outer loop 
      vertex -5.792095e-001 1.902090e-001 2.762205e+000
      vertex -5.824627e-001 2.213050e-001 2.617254e+000
      vertex -5.419299e-001 7.470770e-002 2.652991e+000
    endloop 
  endfacet
  facet normal -9.565545E-001 -2.893772E-001 -3.555690E-002
    outer loop 
      vertex -5.778959e-001 1.664047e-001 2.920595e+000
      vertex -5.792095e-001 1.902090e-001 2.762205e+000
      vertex -5.314583e-001 2.821310e-002 2.795988e+000
    endloop 
  endfacet
  facet normal -9.576135E-001 -2.871183E-001 -2.322893E-002
    outer loop 
      vertex -5.419299e-001 7.470770e-002 2.652991e+000
      vertex -5.314583e-001 2.821310e-002 2.795988e+000
      vertex -5.792095e-001 1.902090e-001 2.762205e+000
    endloop 
  endfacet
  facet normal -9.569080E-001 -2.855293E-001 -5.291625E-002
    outer loop 
      vertex -5.792095e-001 1.902090e-001 2.762205e+000
      vertex -6.267045e-001 3.275609e-001 2.879945e+000
      vertex -6.210233e-001 3.381689e-001 2.719969e+000
    endloop 
  endfacet
  facet normal -9.537960E-001 -2.981801E-001 -3.690277E-002
    outer loop 
      vertex -6.267045e-001 3.275609e-001 2.879945e+000
      vertex -5.792095e-001 1.902090e-001 2.762205e+000
      vertex -5.778959e-001 1.664047e-001 2.920595e+000
    endloop 
  endfacet
  facet normal -2.809556E-001 9.589131E-001 -3.936284E-002
    outer loop 
      vertex 3.381632e-001 6.203170e-001 2.720138e+000
      vertex 2.208050e-001 5.813115e-001 2.607585e+000
      vertex 2.210320e-001 5.875044e-001 2.756829e+000
    endloop 
  endfacet
  facet normal -2.772982E-001 9.599752E-001 -3.941248E-002
    outer loop 
      vertex 9.782112e-002 5.484465e-001 2.672377e+000
      vertex 2.210320e-001 5.875044e-001 2.756829e+000
      vertex 2.208050e-001 5.813115e-001 2.607585e+000
    endloop 
  endfacet
  facet normal -2.847829E-001 9.571154E-001 -5.318835E-002
    outer loop 
      vertex 2.210320e-001 5.875044e-001 2.756829e+000
      vertex 3.274637e-001 6.260214e-001 2.880075e+000
      vertex 3.381632e-001 6.203170e-001 2.720138e+000
    endloop 
  endfacet
  facet normal -2.974771E-001 9.538394E-001 -4.120210E-002
    outer loop 
      vertex 3.274637e-001 6.260214e-001 2.880075e+000
      vertex 2.210320e-001 5.875044e-001 2.756829e+000
      vertex 1.231080e-001 5.619708e-001 2.872726e+000
    endloop 
  endfacet
  facet normal -2.840358E-001 9.583797E-001 -2.884486E-002
    outer loop 
      vertex 9.782112e-002 5.484465e-001 2.672377e+000
      vertex 1.231080e-001 5.619708e-001 2.872726e+000
      vertex 2.210320e-001 5.875044e-001 2.756829e+000
    endloop 
  endfacet
  facet normal 2.820617E-001 -9.586398E-001 -3.809001E-002
    outer loop 
      vertex -3.387492e-001 -6.210368e-001 2.719949e+000
      vertex -1.957676e-001 -5.755450e-001 2.633820e+000
      vertex -1.921023e-001 -5.803381e-001 2.781595e+000
    endloop 
  endfacet
  facet normal 2.808421E-001 -9.589986E-001 -3.807139E-002
    outer loop 
      vertex -4.888955e-002 -5.355164e-001 2.708999e+000
      vertex -1.921023e-001 -5.803381e-001 2.781595e+000
      vertex -1.957676e-001 -5.755450e-001 2.633820e+000
    endloop 
  endfacet
  facet normal 2.888173E-001 -9.571496E-001 -2.119678E-002
    outer loop 
      vertex -4.888955e-002 -5.355164e-001 2.708999e+000
      vertex -4.471676e-002 -5.373822e-001 2.850107e+000
      vertex -1.921023e-001 -5.803381e-001 2.781595e+000
    endloop 
  endfacet
  facet normal 2.871649E-001 -9.564876E-001 -5.165060E-002
    outer loop 
      vertex -3.283934e-001 -6.265745e-001 2.880073e+000
      vertex -3.387492e-001 -6.210368e-001 2.719949e+000
      vertex -1.921023e-001 -5.803381e-001 2.781595e+000
    endloop 
  endfacet
  facet normal 9.594156E-001 2.795890E-001 -3.676716E-002
    outer loop 
      vertex 5.693188e-001 -1.820767e-001 2.583987e+000
      vertex 5.861068e-001 -2.141606e-001 2.778083e+000
      vertex 6.202211e-001 -3.388421e-001 2.720157e+000
    endloop 
  endfacet
  facet normal 9.588009E-001 2.817430E-001 -3.635794E-002
    outer loop 
      vertex 5.861068e-001 -2.141606e-001 2.778083e+000
      vertex 5.693188e-001 -1.820767e-001 2.583987e+000
      vertex 5.477372e-001 -9.340061e-002 2.702018e+000
    endloop 
  endfacet
  facet normal 9.566138E-001 2.864597E-001 -5.320608E-002
    outer loop 
      vertex 6.202211e-001 -3.388421e-001 2.720157e+000
      vertex 5.861068e-001 -2.141606e-001 2.778083e+000
      vertex 6.259170e-001 -3.281519e-001 2.880121e+000
    endloop 
  endfacet
  facet normal 9.572411E-001 2.881782E-001 -2.535466E-002
    outer loop 
      vertex 5.861068e-001 -2.141606e-001 2.778083e+000
      vertex 5.477372e-001 -9.340061e-002 2.702018e+000
      vertex 5.500196e-001 -8.819564e-002 2.847346e+000
    endloop 
  endfacet
  facet normal 2.261464E-001 -9.739419E-001 1.717588E-002
    outer loop 
      vertex 2.641012e-001 -4.552588e-001 1.993099e+000
      vertex 3.367926e-001 -4.350291e-001 2.183116e+000
      vertex 1.920679e-001 -4.688075e-001 2.173261e+000
    endloop 
  endfacet
  facet normal 2.075573E-001 -9.781775E-001 9.424963E-003
    outer loop 
      vertex 1.269486e-001 -4.842611e-001 2.003468e+000
      vertex 2.641012e-001 -4.552588e-001 1.993099e+000
      vertex 1.920679e-001 -4.688075e-001 2.173261e+000
    endloop 
  endfacet
  facet normal 1.880217E-001 -9.819956E-001 1.823489E-002
    outer loop 
      vertex 3.352374e-001 -4.453172e-001 1.794988e+000
      vertex 2.641012e-001 -4.552588e-001 1.993099e+000
      vertex 1.858404e-001 -4.734401e-001 1.820950e+000
    endloop 
  endfacet
  facet normal 2.075250E-001 -9.781886E-001 8.966441E-003
    outer loop 
      vertex 1.858404e-001 -4.734401e-001 1.820950e+000
      vertex 2.641012e-001 -4.552588e-001 1.993099e+000
      vertex 1.269486e-001 -4.842611e-001 2.003468e+000
    endloop 
  endfacet
  facet normal 2.090541E-001 -9.776070E-001 2.410477E-002
    outer loop 
      vertex 2.641012e-001 -4.552588e-001 1.993099e+000
      vertex 4.186360e-001 -4.217238e-001 2.012930e+000
      vertex 3.367926e-001 -4.350291e-001 2.183116e+000
    endloop 
  endfacet
  facet normal 2.088213E-001 -9.776101E-001 2.592352E-002
    outer loop 
      vertex 4.186360e-001 -4.217238e-001 2.012930e+000
      vertex 2.641012e-001 -4.552588e-001 1.993099e+000
      vertex 3.352374e-001 -4.453172e-001 1.794988e+000
    endloop 
  endfacet
  facet normal 9.218456E-001 3.860525E-001 -3.412130E-002
    outer loop 
      vertex 6.088114e-001 -1.609873e-001 3.752759e+000
      vertex 5.513718e-001 -2.509205e-002 3.738463e+000
      vertex 5.858985e-001 -9.488699e-002 3.881595e+000
    endloop 
  endfacet
  facet normal 9.169977E-001 3.979679E-001 -2.714160E-002
    outer loop 
      vertex 5.051110e-001 8.972900e-002 3.859095e+000
      vertex 5.858985e-001 -9.488699e-002 3.881595e+000
      vertex 5.513718e-001 -2.509205e-002 3.738463e+000
    endloop 
  endfacet
  facet normal 9.151272E-001 4.008740E-001 -4.292045E-002
    outer loop 
      vertex 6.088114e-001 -1.609873e-001 3.752759e+000
      vertex 5.858985e-001 -9.488699e-002 3.881595e+000
      vertex 6.566997e-001 -2.610161e-001 3.839545e+000
    endloop 
  endfacet
  facet normal 9.167079E-001 3.992559E-001 -1.553333E-002
    outer loop 
      vertex 5.051110e-001 8.972900e-002 3.859095e+000
      vertex 5.245380e-001 5.060583e-002 4.000000e+000
      vertex 5.858985e-001 -9.488699e-002 3.881595e+000
    endloop 
  endfacet
  facet normal 9.112919E-001 4.105031E-001 -3.216033E-002
    outer loop 
      vertex 5.922465e-001 -9.970288e-002 4.000000e+000
      vertex 5.858985e-001 -9.488699e-002 3.881595e+000
      vertex 5.245380e-001 5.060583e-002 4.000000e+000
    endloop 
  endfacet
  facet normal 9.064209E-001 4.212022E-001 -3.146403E-002
    outer loop 
      vertex 6.613969e-001 -2.485134e-001 4.000000e+000
      vertex 5.858985e-001 -9.488699e-002 3.881595e+000
      vertex 5.922465e-001 -9.970288e-002 4.000000e+000
    endloop 
  endfacet
  facet normal 9.129831E-001 4.038260E-001 -5.819314E-002
    outer loop 
      vertex 6.566997e-001 -2.610161e-001 3.839545e+000
      vertex 5.858985e-001 -9.488699e-002 3.881595e+000
      vertex 6.613969e-001 -2.485134e-001 4.000000e+000
    endloop 
  endfacet
  facet normal -9.187526E-001 -3.948171E-001 -3.631986E-003
    outer loop 
      vertex -4.350980e-001 -2.554602e-001 3.855564e+000
      vertex -5.004969e-001 -1.032174e-001 3.849316e+000
      vertex -4.734281e-001 -1.649653e-001 3.714311e+000
    endloop 
  endfacet
  facet normal -9.188053E-001 -3.947108E-001 -4.903488E-004
    outer loop 
      vertex -5.004969e-001 -1.032174e-001 3.849316e+000
      vertex -4.350980e-001 -2.554602e-001 3.855564e+000
      vertex -4.576898e-001 -2.030507e-001 4.000000e+000
    endloop 
  endfacet
  facet normal -9.191648E-001 -3.935402E-001 -1.618665E-002
    outer loop 
      vertex -5.793635e-001 8.264235e-002 3.809048e+000
      vertex -5.004969e-001 -1.032174e-001 3.849316e+000
      vertex -5.253876e-001 -5.127957e-002 4.000000e+000
    endloop 
  endfacet
  facet normal -9.189043E-001 -3.940256E-001 -1.893733E-002
    outer loop 
      vertex -5.793635e-001 8.264235e-002 3.809048e+000
      vertex -5.311298e-001 -2.480173e-002 3.704150e+000
      vertex -5.004969e-001 -1.032174e-001 3.849316e+000
    endloop 
  endfacet
  facet normal -9.132160E-001 -4.073420E-001 -1.044679E-002
    outer loop 
      vertex -5.004969e-001 -1.032174e-001 3.849316e+000
      vertex -4.576898e-001 -2.030507e-001 4.000000e+000
      vertex -5.253876e-001 -5.127957e-002 4.000000e+000
    endloop 
  endfacet
  facet normal -9.243734E-001 -3.813323E-001 -1.092656E-002
    outer loop 
      vertex -4.734281e-001 -1.649653e-001 3.714311e+000
      vertex -5.004969e-001 -1.032174e-001 3.849316e+000
      vertex -5.311298e-001 -2.480173e-002 3.704150e+000
    endloop 
  endfacet
  facet normal 3.956644E-001 -9.182520E-001 -1.621745E-002
    outer loop 
      vertex -1.671818e-002 -5.516891e-001 3.853179e+000
      vertex 1.281782e-001 -4.892923e-001 3.855296e+000
      vertex 5.043365e-002 -5.253472e-001 4.000000e+000
    endloop 
  endfacet
  facet normal 3.956602E-001 -9.182658E-001 -1.552515E-002
    outer loop 
      vertex -1.671818e-002 -5.516891e-001 3.853179e+000
      vertex 5.745062e-002 -5.173600e-001 3.712912e+000
      vertex 1.281782e-001 -4.892923e-001 3.855296e+000
    endloop 
  endfacet
  facet normal 3.949687E-001 -9.186943E-001 6.947627E-004
    outer loop 
      vertex 2.012975e-001 -4.579656e-001 3.711163e+000
      vertex 2.681122e-001 -4.291320e-001 3.854442e+000
      vertex 1.281782e-001 -4.892923e-001 3.855296e+000
    endloop 
  endfacet
  facet normal 3.949605E-001 -9.186977E-001 -8.913611E-004
    outer loop 
      vertex 2.681122e-001 -4.291320e-001 3.854442e+000
      vertex 2.021780e-001 -4.576192e-001 4.000000e+000
      vertex 1.281782e-001 -4.892923e-001 3.855296e+000
    endloop 
  endfacet
  facet normal 4.075606E-001 -9.131382E-001 -8.551807E-003
    outer loop 
      vertex 1.281782e-001 -4.892923e-001 3.855296e+000
      vertex 2.021780e-001 -4.576192e-001 4.000000e+000
      vertex 5.043365e-002 -5.253472e-001 4.000000e+000
    endloop 
  endfacet
  facet normal 3.815604E-001 -9.243149E-001 -7.328864E-003
    outer loop 
      vertex 2.012975e-001 -4.579656e-001 3.711163e+000
      vertex 1.281782e-001 -4.892923e-001 3.855296e+000
      vertex 5.745062e-002 -5.173600e-001 3.712912e+000
    endloop 
  endfacet
  facet normal -9.822972E-001 -1.832583E-001 -3.884049E-002
    outer loop 
      vertex -5.832483e-001 3.995738e-001 1.759988e+000
      vertex -5.543264e-001 2.751248e-001 1.615714e+000
      vertex -5.534552e-001 2.310075e-001 1.801839e+000
    endloop 
  endfacet
  facet normal -9.882205E-001 -1.482210E-001 -3.808976E-002
    outer loop 
      vertex -5.541297e-001 3.210711e-001 1.431818e+000
      vertex -5.298938e-001 1.606335e-001 1.427349e+000
      vertex -5.543264e-001 2.751248e-001 1.615714e+000
    endloop 
  endfacet
  facet normal -9.851286E-001 -1.664436E-001 -4.263935E-002
    outer loop 
      vertex -5.541297e-001 3.210711e-001 1.431818e+000
      vertex -5.543264e-001 2.751248e-001 1.615714e+000
      vertex -5.763358e-001 4.094265e-001 1.599966e+000
    endloop 
  endfacet
  facet normal -9.844502E-001 -1.675286E-001 -5.284033E-002
    outer loop 
      vertex -5.543264e-001 2.751248e-001 1.615714e+000
      vertex -5.832483e-001 3.995738e-001 1.759988e+000
      vertex -5.763358e-001 4.094265e-001 1.599966e+000
    endloop 
  endfacet
  facet normal -9.975066E-001 -6.549831E-002 2.627980E-002
    outer loop 
      vertex -4.811950e-001 -2.817107e-001 6.978390e-001
      vertex -4.897291e-001 -1.731591e-001 6.444564e-001
      vertex -4.855612e-001 -2.743100e-001 5.505580e-001
    endloop 
  endfacet
  facet normal 9.419568E-001 3.356320E-001 -8.276555E-003
    outer loop 
      vertex 4.953563e-001 9.442133e-002 3.107940e+000
      vertex 4.472251e-001 2.328735e-001 3.244645e+000
      vertex 5.017483e-001 8.124610e-002 3.301124e+000
    endloop 
  endfacet
  facet normal 9.470730E-001 3.209073E-001 8.437653E-003
    outer loop 
      vertex 4.271431e-001 2.960175e-001 3.097183e+000
      vertex 4.472251e-001 2.328735e-001 3.244645e+000
      vertex 4.953563e-001 9.442133e-002 3.107940e+000
    endloop 
  endfacet
  facet normal 9.404593E-001 3.398758E-001 4.562169E-003
    outer loop 
      vertex 4.472251e-001 2.328735e-001 3.244645e+000
      vertex 4.572606e-001 2.031136e-001 3.392974e+000
      vertex 5.017483e-001 8.124610e-002 3.301124e+000
    endloop 
  endfacet
  facet normal 9.421169E-001 3.349435E-001 1.512301E-002
    outer loop 
      vertex 3.892231e-001 3.959636e-001 3.245880e+000
      vertex 4.472251e-001 2.328735e-001 3.244645e+000
      vertex 4.271431e-001 2.960175e-001 3.097183e+000
    endloop 
  endfacet
  facet normal 9.420476E-001 3.348818E-001 2.001120E-002
    outer loop 
      vertex 4.028456e-001 3.483820e-001 3.400853e+000
      vertex 4.472251e-001 2.328735e-001 3.244645e+000
      vertex 3.892231e-001 3.959636e-001 3.245880e+000
    endloop 
  endfacet
  facet normal 9.365587E-001 3.504418E-001 6.945971E-003
    outer loop 
      vertex 4.028456e-001 3.483820e-001 3.400853e+000
      vertex 4.572606e-001 2.031136e-001 3.392974e+000
      vertex 4.472251e-001 2.328735e-001 3.244645e+000
    endloop 
  endfacet
  facet normal 1.840915E-001 -9.820761E-001 4.045821E-002
    outer loop 
      vertex 4.737695e-001 -4.164737e-001 1.854020e+000
      vertex 4.618690e-001 -4.251367e-001 1.697885e+000
      vertex 5.828555e-001 -3.998946e-001 1.760099e+000
    endloop 
  endfacet
  facet normal 1.872309E-001 -9.814935E-001 4.018659E-002
    outer loop 
      vertex 4.737695e-001 -4.164737e-001 1.854020e+000
      vertex 3.352374e-001 -4.453172e-001 1.794988e+000
      vertex 4.618690e-001 -4.251367e-001 1.697885e+000
    endloop 
  endfacet
  facet normal 1.673581E-001 -9.850460E-001 4.093438E-002
    outer loop 
      vertex 4.675354e-001 -4.305692e-001 1.543989e+000
      vertex 5.759369e-001 -4.098201e-001 1.600102e+000
      vertex 4.618690e-001 -4.251367e-001 1.697885e+000
    endloop 
  endfacet
  facet normal 1.646761E-001 -9.855013E-001 4.085170E-002
    outer loop 
      vertex 3.489031e-001 -4.486246e-001 1.586639e+000
      vertex 4.675354e-001 -4.305692e-001 1.543989e+000
      vertex 4.618690e-001 -4.251367e-001 1.697885e+000
    endloop 
  endfacet
  facet normal 1.776196E-001 -9.826559E-001 5.327917E-002
    outer loop 
      vertex 5.828555e-001 -3.998946e-001 1.760099e+000
      vertex 4.618690e-001 -4.251367e-001 1.697885e+000
      vertex 5.759369e-001 -4.098201e-001 1.600102e+000
    endloop 
  endfacet
  facet normal 1.776792E-001 -9.837106E-001 2.726946E-002
    outer loop 
      vertex 3.352374e-001 -4.453172e-001 1.794988e+000
      vertex 3.489031e-001 -4.486246e-001 1.586639e+000
      vertex 4.618690e-001 -4.251367e-001 1.697885e+000
    endloop 
  endfacet
  facet normal -2.696788E-001 9.622070E-001 3.782786E-002
    outer loop 
      vertex -4.965518e-001 3.780897e-001 2.642339e+000
      vertex -3.643339e-001 4.172084e-001 2.589892e+000
      vertex -4.706402e-001 3.910597e-001 2.497154e+000
    endloop 
  endfacet
  facet normal -2.658000E-001 9.632546E-001 3.861371E-002
    outer loop 
      vertex -6.151777e-001 3.486574e-001 2.559986e+000
      vertex -4.965518e-001 3.780897e-001 2.642339e+000
      vertex -4.706402e-001 3.910597e-001 2.497154e+000
    endloop 
  endfacet
  facet normal -2.738633E-001 9.613986E-001 2.667565E-002
    outer loop 
      vertex -4.965518e-001 3.780897e-001 2.642339e+000
      vertex -3.895611e-001 4.061572e-001 2.729189e+000
      vertex -3.643339e-001 4.172084e-001 2.589892e+000
    endloop 
  endfacet
  facet normal -2.749092E-001 9.600142E-001 5.289323E-002
    outer loop 
      vertex -6.151777e-001 3.486574e-001 2.559986e+000
      vertex -6.210233e-001 3.381689e-001 2.719969e+000
      vertex -4.965518e-001 3.780897e-001 2.642339e+000
    endloop 
  endfacet
  facet normal 9.643470E-001 2.616177E-001 3.988837E-002
    outer loop 
      vertex 3.856549e-001 4.907534e-001 2.491711e+000
      vertex 3.803037e-001 4.901338e-001 2.625145e+000
      vertex 4.307133e-001 3.203269e-001 2.520157e+000
    endloop 
  endfacet
  facet normal 9.628831E-001 2.669605E-001 3.985447E-002
    outer loop 
      vertex 3.803037e-001 4.901338e-001 2.625145e+000
      vertex 3.856549e-001 4.907534e-001 2.491711e+000
      vertex 3.484918e-001 6.145804e-001 2.560131e+000
    endloop 
  endfacet
  facet normal 9.621094E-001 2.717386E-001 2.244455E-002
    outer loop 
      vertex 4.154690e-001 3.601081e-001 2.691984e+000
      vertex 4.307133e-001 3.203269e-001 2.520157e+000
      vertex 3.803037e-001 4.901338e-001 2.625145e+000
    endloop 
  endfacet
  facet normal 9.606377E-001 2.728507E-001 5.222770E-002
    outer loop 
      vertex 3.381632e-001 6.203170e-001 2.720138e+000
      vertex 3.803037e-001 4.901338e-001 2.625145e+000
      vertex 3.484918e-001 6.145804e-001 2.560131e+000
    endloop 
  endfacet
  facet normal 2.763648E-001 -9.596500E-001 5.190868E-002
    outer loop 
      vertex 6.202211e-001 -3.388421e-001 2.720157e+000
      vertex 5.093738e-001 -3.737209e-001 2.665500e+000
      vertex 6.144388e-001 -3.491663e-001 2.560076e+000
    endloop 
  endfacet
  facet normal 2.830856E-001 -9.583629E-001 3.745719E-002
    outer loop 
      vertex 4.691713e-001 -3.788267e-001 2.838700e+000
      vertex 5.093738e-001 -3.737209e-001 2.665500e+000
      vertex 6.202211e-001 -3.388421e-001 2.720157e+000
    endloop 
  endfacet
  facet normal 2.777919E-001 -9.599597E-001 3.618136E-002
    outer loop 
      vertex 4.691713e-001 -3.788267e-001 2.838700e+000
      vertex 3.794502e-001 -4.108560e-001 2.677759e+000
      vertex 5.093738e-001 -3.737209e-001 2.665500e+000
    endloop 
  endfacet
  facet normal -9.988153E-001 -2.975383E-002 -3.850526E-002
    outer loop 
      vertex -5.050887e-001 3.561897e-001 1.616751e-001
      vertex -5.115923e-001 3.299997e-001 3.506138e-001
      vertex -5.150146e-001 4.843047e-001 3.201545e-001
    endloop 
  endfacet
  facet normal -9.980535E-001 -3.262725E-002 -5.314744E-002
    outer loop 
      vertex -5.150146e-001 4.843047e-001 3.201545e-001
      vertex -5.115923e-001 3.299997e-001 3.506138e-001
      vertex -5.232378e-001 4.753545e-001 4.800718e-001
    endloop 
  endfacet
  facet normal 9.155250E-001 4.008647E-001 3.348995E-002
    outer loop 
      vertex 3.187133e-001 5.088915e-001 4.000000e+000
      vertex 3.629813e-001 4.183359e-001 3.873756e+000
      vertex 3.021838e-001 5.550796e-001 3.899015e+000
    endloop 
  endfacet
  facet normal 9.051570E-001 4.226715E-001 4.516096E-002
    outer loop 
      vertex 2.473460e-001 6.617255e-001 4.000000e+000
      vertex 3.187133e-001 5.088915e-001 4.000000e+000
      vertex 3.021838e-001 5.550796e-001 3.899015e+000
    endloop 
  endfacet
  facet normal 9.101377E-001 4.097074E-001 6.155646E-002
    outer loop 
      vertex 2.604253e-001 6.567360e-001 3.839826e+000
      vertex 2.473460e-001 6.617255e-001 4.000000e+000
      vertex 3.021838e-001 5.550796e-001 3.899015e+000
    endloop 
  endfacet
  facet normal 9.156989E-001 4.000169E-001 3.849795E-002
    outer loop 
      vertex 3.252520e-001 5.156530e-001 3.759987e+000
      vertex 3.021838e-001 5.550796e-001 3.899015e+000
      vertex 3.629813e-001 4.183359e-001 3.873756e+000
    endloop 
  endfacet
  facet normal 9.161420E-001 3.989647E-001 3.886987E-002
    outer loop 
      vertex 3.252520e-001 5.156530e-001 3.759987e+000
      vertex 2.604253e-001 6.567360e-001 3.839826e+000
      vertex 3.021838e-001 5.550796e-001 3.899015e+000
    endloop 
  endfacet
  facet normal 2.087311E-001 -9.776908E-001 -2.349839E-002
    outer loop 
      vertex -1.035807e-001 -5.370179e-001 2.153632e+000
      vertex -1.438292e-001 -5.417665e-001 1.993688e+000
      vertex -8.337006e-003 -5.132398e-001 2.010333e+000
    endloop 
  endfacet
  facet normal -1.434917E-001 9.894394E-001 2.049088E-002
    outer loop 
      vertex -2.804519e-001 4.613500e-001 1.518717e+000
      vertex -1.915417e-001 4.775880e-001 1.357245e+000
      vertex -4.022496e-001 4.462396e-001 1.395436e+000
    endloop 
  endfacet
  facet normal -1.453814E-001 9.879395E-001 5.328945E-002
    outer loop 
      vertex -4.022496e-001 4.462396e-001 1.395436e+000
      vertex -5.619814e-001 4.289570e-001 1.280067e+000
      vertex -5.692251e-001 4.192612e-001 1.440058e+000
    endloop 
  endfacet
  facet normal 9.898450E-001 1.400645E-001 2.426402E-002
    outer loop 
      vertex 4.444048e-001 4.234169e-001 1.360602e+000
      vertex 4.575396e-001 3.112248e-001 1.472405e+000
      vertex 4.681025e-001 2.673589e-001 1.294709e+000
    endloop 
  endfacet
  facet normal 9.883583E-001 1.422183E-001 5.405461E-002
    outer loop 
      vertex 4.288919e-001 5.617651e-001 1.280252e+000
      vertex 4.190987e-001 5.690703e-001 1.440095e+000
      vertex 4.444048e-001 4.234169e-001 1.360602e+000
    endloop 
  endfacet
  facet normal 9.905004E-001 1.324760E-001 3.686657E-002
    outer loop 
      vertex 4.288919e-001 5.617651e-001 1.280252e+000
      vertex 4.444048e-001 4.234169e-001 1.360602e+000
      vertex 4.550897e-001 3.957495e-001 1.172951e+000
    endloop 
  endfacet
  facet normal 9.901797E-001 1.349561E-001 3.648263E-002
    outer loop 
      vertex 4.550897e-001 3.957495e-001 1.172951e+000
      vertex 4.444048e-001 4.234169e-001 1.360602e+000
      vertex 4.681025e-001 2.673589e-001 1.294709e+000
    endloop 
  endfacet
  facet normal -9.888640E-001 -1.464390E-001 2.652373E-002
    outer loop 
      vertex -4.424029e-001 -4.261626e-001 1.411319e+000
      vertex -4.540198e-001 -3.270919e-001 1.525186e+000
      vertex -4.657630e-001 -2.680280e-001 1.413470e+000
    endloop 
  endfacet
  facet normal -9.876656E-001 -1.474694E-001 5.262605E-002
    outer loop 
      vertex -4.291226e-001 -5.619548e-001 1.280038e+000
      vertex -4.195256e-001 -5.692100e-001 1.439821e+000
      vertex -4.424029e-001 -4.261626e-001 1.411319e+000
    endloop 
  endfacet
  facet normal 2.561744E-001 -9.664383E-001 -1.927811E-002
    outer loop 
      vertex 1.865258e-002 -5.124634e-001 2.465629e+000
      vertex -1.723896e-001 -5.630818e-001 2.464563e+000
      vertex -5.212386e-002 -5.283159e-001 2.319835e+000
    endloop 
  endfacet
  facet normal 2.419796E-001 -9.702074E-001 -1.197736E-002
    outer loop 
      vertex 1.865258e-002 -5.124634e-001 2.465629e+000
      vertex -5.212386e-002 -5.283159e-001 2.319835e+000
      vertex 1.084310e-001 -4.883653e-001 2.327402e+000
    endloop 
  endfacet
  facet normal 9.278134E-001 3.722509E-001 -2.432345E-002
    outer loop 
      vertex 6.010562e-001 -1.567879e-001 3.618168e+000
      vertex 5.446923e-001 -1.935172e-002 3.571527e+000
      vertex 5.513718e-001 -2.509205e-002 3.738463e+000
    endloop 
  endfacet
  facet normal 9.247942E-001 3.797134E-001 -2.394604E-002
    outer loop 
      vertex 5.446923e-001 -1.935172e-002 3.571527e+000
      vertex 4.785450e-001 1.491732e-001 3.689231e+000
      vertex 5.513718e-001 -2.509205e-002 3.738463e+000
    endloop 
  endfacet
  facet normal 9.291394E-001 3.675991E-001 -3.963343E-002
    outer loop 
      vertex 6.010562e-001 -1.567879e-001 3.618168e+000
      vertex 5.972651e-001 -1.634482e-001 3.467518e+000
      vertex 5.446923e-001 -1.935172e-002 3.571527e+000
    endloop 
  endfacet
  facet normal 9.334807E-001 3.578300E-001 -2.390468E-002
    outer loop 
      vertex 5.972651e-001 -1.634482e-001 3.467518e+000
      vertex 5.481557e-001 -4.063985e-002 3.388112e+000
      vertex 5.446923e-001 -1.935172e-002 3.571527e+000
    endloop 
  endfacet
  facet normal 9.292501E-001 3.693912E-001 -6.662910E-003
    outer loop 
      vertex 4.949993e-001 1.042052e-001 3.491020e+000
      vertex 4.785450e-001 1.491732e-001 3.689231e+000
      vertex 5.446923e-001 -1.935172e-002 3.571527e+000
    endloop 
  endfacet
  facet normal 9.328449E-001 3.594708E-001 -2.410712E-002
    outer loop 
      vertex 4.949993e-001 1.042052e-001 3.491020e+000
      vertex 5.446923e-001 -1.935172e-002 3.571527e+000
      vertex 5.481557e-001 -4.063985e-002 3.388112e+000
    endloop 
  endfacet
  facet normal -3.674646E-001 9.297386E-001 -2.357658E-002
    outer loop 
      vertex 1.329411e-001 5.901909e-001 3.573924e+000
      vertex 2.308317e-002 5.430272e-001 3.426274e+000
      vertex -4.571612e-002 5.191297e-001 3.556187e+000
    endloop 
  endfacet
  facet normal -3.675276E-001 9.297304E-001 -2.290824E-002
    outer loop 
      vertex 1.409675e-002 5.465940e-001 3.711218e+000
      vertex 1.329411e-001 5.901909e-001 3.573924e+000
      vertex -4.571612e-002 5.191297e-001 3.556187e+000
    endloop 
  endfacet
  facet normal -3.660295E-001 9.306024E-001 -1.308073E-003
    outer loop 
      vertex -1.718520e-001 4.696926e-001 3.680975e+000
      vertex -4.571612e-002 5.191297e-001 3.556187e+000
      vertex -1.842939e-001 4.645726e-001 3.519975e+000
    endloop 
  endfacet
  facet normal -3.645402E-001 9.311546E-001 -7.839177E-003
    outer loop 
      vertex -4.571612e-002 5.191297e-001 3.556187e+000
      vertex -1.193074e-001 4.890702e-001 3.407826e+000
      vertex -1.842939e-001 4.645726e-001 3.519975e+000
    endloop 
  endfacet
  facet normal -3.796985E-001 9.249473E-001 -1.736520E-002
    outer loop 
      vertex -1.718520e-001 4.696926e-001 3.680975e+000
      vertex 1.409675e-002 5.465940e-001 3.711218e+000
      vertex -4.571612e-002 5.191297e-001 3.556187e+000
    endloop 
  endfacet
  facet normal -3.526505E-001 9.356405E-001 -1.464569E-002
    outer loop 
      vertex -1.193074e-001 4.890702e-001 3.407826e+000
      vertex -4.571612e-002 5.191297e-001 3.556187e+000
      vertex 2.308317e-002 5.430272e-001 3.426274e+000
    endloop 
  endfacet
  facet normal -9.999083E-001 -1.352779E-002 -6.396581E-004
    outer loop 
      vertex -5.009189e-001 6.144645e-002 1.368636e-001
      vertex -5.000000e-001 0.000000e+000 0.000000e+000
      vertex -4.980433e-001 -1.513251e-001 1.415489e-001
    endloop 
  endfacet
  facet normal -9.994391E-001 -1.319387E-002 3.078107E-002
    outer loop 
      vertex -4.924636e-001 -3.296456e-001 2.462815e-001
      vertex -4.980433e-001 -1.513251e-001 1.415489e-001
      vertex -5.000000e-001 -3.333333e-001 0.000000e+000
    endloop 
  endfacet
  facet normal -9.996346E-001 -2.234496E-002 1.521060E-002
    outer loop 
      vertex -4.954690e-001 -1.608834e-001 2.966850e-001
      vertex -4.980433e-001 -1.513251e-001 1.415489e-001
      vertex -4.924636e-001 -3.296456e-001 2.462815e-001
    endloop 
  endfacet
  facet normal -9.999045E-001 0.000000E+000 1.382239E-002
    outer loop 
      vertex -4.980433e-001 -1.513251e-001 1.415489e-001
      vertex -5.000000e-001 -1.666667e-001 0.000000e+000
      vertex -5.000000e-001 -3.333333e-001 0.000000e+000
    endloop 
  endfacet
  facet normal -9.999045E-001 0.000000E+000 1.382239E-002
    outer loop 
      vertex -4.980433e-001 -1.513251e-001 1.415489e-001
      vertex -5.000000e-001 0.000000e+000 0.000000e+000
      vertex -5.000000e-001 -1.666667e-001 0.000000e+000
    endloop 
  endfacet
  facet normal 9.218646E-001 3.853269E-001 -4.109559E-002
    outer loop 
      vertex 5.513718e-001 -2.509205e-002 3.738463e+000
      vertex 6.088114e-001 -1.609873e-001 3.752759e+000
      vertex 6.010562e-001 -1.567879e-001 3.618168e+000
    endloop 
  endfacet
  facet normal 9.236621E-001 3.830666E-001 -1.040228E-002
    outer loop 
      vertex 4.785450e-001 1.491732e-001 3.689231e+000
      vertex 5.051110e-001 8.972900e-002 3.859095e+000
      vertex 5.513718e-001 -2.509205e-002 3.738463e+000
    endloop 
  endfacet
  facet normal 1.478972E-001 -9.881134E-001 -4.193296E-002
    outer loop 
      vertex -4.195256e-001 -5.692100e-001 1.439821e+000
      vertex -3.169520e-001 -5.469118e-001 1.276159e+000
      vertex -2.412306e-001 -5.416766e-001 1.419865e+000
    endloop 
  endfacet
  facet normal 1.331562E-001 -9.905090E-001 -3.407834E-002
    outer loop 
      vertex -1.586751e-001 -5.260750e-001 1.288969e+000
      vertex -2.412306e-001 -5.416766e-001 1.419865e+000
      vertex -3.169520e-001 -5.469118e-001 1.276159e+000
    endloop 
  endfacet
  facet normal 1.493840E-001 -9.884139E-001 -2.687653E-002
    outer loop 
      vertex -1.654970e-001 -5.335113e-001 1.540517e+000
      vertex -2.412306e-001 -5.416766e-001 1.419865e+000
      vertex -8.402684e-002 -5.184699e-001 1.440178e+000
    endloop 
  endfacet
  facet normal 1.490120E-001 -9.885479E-001 -2.384447E-002
    outer loop 
      vertex -1.586751e-001 -5.260750e-001 1.288969e+000
      vertex -8.402684e-002 -5.184699e-001 1.440178e+000
      vertex -2.412306e-001 -5.416766e-001 1.419865e+000
    endloop 
  endfacet
  facet normal 9.432273E-001 3.298678E-001 -3.885172E-002
    outer loop 
      vertex 6.366173e-001 -3.068339e-001 3.200059e+000
      vertex 5.919361e-001 -1.886240e-001 3.118959e+000
      vertex 5.933576e-001 -1.718386e-001 3.295984e+000
    endloop 
  endfacet
  facet normal 9.430129E-001 3.304737E-001 -3.890744E-002
    outer loop 
      vertex 5.933576e-001 -1.718386e-001 3.295984e+000
      vertex 5.919361e-001 -1.886240e-001 3.118959e+000
      vertex 5.463119e-001 -4.866846e-002 3.201910e+000
    endloop 
  endfacet
  facet normal 9.377598E-001 3.451723E-001 -3.824592E-002
    outer loop 
      vertex 6.416845e-001 -2.960308e-001 3.360078e+000
      vertex 5.933576e-001 -1.718386e-001 3.295984e+000
      vertex 5.972651e-001 -1.634482e-001 3.467518e+000
    endloop 
  endfacet
  facet normal 9.361449E-001 3.495092E-001 -3.842126E-002
    outer loop 
      vertex 5.481557e-001 -4.063985e-002 3.388112e+000
      vertex 5.972651e-001 -1.634482e-001 3.467518e+000
      vertex 5.933576e-001 -1.718386e-001 3.295984e+000
    endloop 
  endfacet
  facet normal 9.395142E-001 3.384471E-001 -5.259981E-002
    outer loop 
      vertex 5.933576e-001 -1.718386e-001 3.295984e+000
      vertex 6.416845e-001 -2.960308e-001 3.360078e+000
      vertex 6.366173e-001 -3.068339e-001 3.200059e+000
    endloop 
  endfacet
  facet normal 9.398783E-001 3.406656E-001 -2.399557E-002
    outer loop 
      vertex 5.463119e-001 -4.866846e-002 3.201910e+000
      vertex 5.481557e-001 -4.063985e-002 3.388112e+000
      vertex 5.933576e-001 -1.718386e-001 3.295984e+000
    endloop 
  endfacet
  facet normal -9.155257E-001 -3.998320E-001 4.412422E-002
    outer loop 
      vertex -3.145731e-001 -5.326619e-001 3.866301e+000
      vertex -3.091094e-001 -5.585604e-001 3.744987e+000
      vertex -2.613418e-001 -6.574665e-001 3.839870e+000
    endloop 
  endfacet
  facet normal -9.219162E-001 -3.852431E-001 4.072190E-002
    outer loop 
      vertex -3.091094e-001 -5.585604e-001 3.744987e+000
      vertex -3.145731e-001 -5.326619e-001 3.866301e+000
      vertex -3.578399e-001 -4.440840e-001 3.724745e+000
    endloop 
  endfacet
  facet normal -9.164003E-001 -3.990976E-001 3.052401E-002
    outer loop 
      vertex -3.202075e-001 -5.094986e-001 4.000000e+000
      vertex -3.748086e-001 -3.947661e-001 3.860864e+000
      vertex -3.145731e-001 -5.326619e-001 3.866301e+000
    endloop 
  endfacet
  facet normal -9.164024E-001 -3.991050E-001 3.036257E-002
    outer loop 
      vertex -3.578399e-001 -4.440840e-001 3.724745e+000
      vertex -3.145731e-001 -5.326619e-001 3.866301e+000
      vertex -3.748086e-001 -3.947661e-001 3.860864e+000
    endloop 
  endfacet
  facet normal -9.062179E-001 -4.213753E-001 3.481271E-002
    outer loop 
      vertex -3.202075e-001 -5.094986e-001 4.000000e+000
      vertex -3.145731e-001 -5.326619e-001 3.866301e+000
      vertex -2.489615e-001 -6.627217e-001 4.000000e+000
    endloop 
  endfacet
  facet normal -9.138587E-001 -4.019458E-001 5.746294E-002
    outer loop 
      vertex -2.613418e-001 -6.574665e-001 3.839870e+000
      vertex -2.489615e-001 -6.627217e-001 4.000000e+000
      vertex -3.145731e-001 -5.326619e-001 3.866301e+000
    endloop 
  endfacet
  facet normal 9.880257E-001 1.486083E-001 -4.148092E-002
    outer loop 
      vertex 5.473427e-001 -3.218462e-001 1.274766e+000
      vertex 5.401736e-001 -2.304397e-001 1.431479e+000
      vertex 5.689653e-001 -4.194868e-001 1.439988e+000
    endloop 
  endfacet
  facet normal 9.906782E-001 1.324302E-001 -3.192332E-002
    outer loop 
      vertex 5.401736e-001 -2.304397e-001 1.431479e+000
      vertex 5.473427e-001 -3.218462e-001 1.274766e+000
      vertex 5.288402e-001 -1.841456e-001 1.271815e+000
    endloop 
  endfacet
  facet normal -1.026625E-001 9.940439E-001 3.656607E-002
    outer loop 
      vertex -3.961286e-001 4.649722e-001 9.055924e-001
      vertex -3.894415e-001 4.596520e-001 1.068996e+000
      vertex -2.410104e-001 4.775838e-001 9.982568e-001
    endloop 
  endfacet
  facet normal -9.375924E-002 9.953631E-001 2.148263E-002
    outer loop 
      vertex -2.566628e-001 4.795236e-001 8.400642e-001
      vertex -3.961286e-001 4.649722e-001 9.055924e-001
      vertex -2.410104e-001 4.775838e-001 9.982568e-001
    endloop 
  endfacet
  facet normal -8.362720E-002 9.957859E-001 3.764365E-002
    outer loop 
      vertex -3.961286e-001 4.649722e-001 9.055924e-001
      vertex -3.961091e-001 4.710254e-001 7.455104e-001
      vertex -5.394719e-001 4.569267e-001 7.999755e-001
    endloop 
  endfacet
  facet normal -8.619132E-002 9.955675E-001 3.763508E-002
    outer loop 
      vertex -2.566628e-001 4.795236e-001 8.400642e-001
      vertex -3.961091e-001 4.710254e-001 7.455104e-001
      vertex -3.961286e-001 4.649722e-001 9.055924e-001
    endloop 
  endfacet
  facet normal -9.454842E-002 9.941301E-001 5.259205E-002
    outer loop 
      vertex -5.394719e-001 4.569267e-001 7.999755e-001
      vertex -5.471158e-001 4.477328e-001 9.600232e-001
      vertex -3.961286e-001 4.649722e-001 9.055924e-001
    endloop 
  endfacet
  facet normal -1.003740E-001 9.942808E-001 3.648013E-002
    outer loop 
      vertex -5.471158e-001 4.477328e-001 9.600232e-001
      vertex -3.894415e-001 4.596520e-001 1.068996e+000
      vertex -3.961286e-001 4.649722e-001 9.055924e-001
    endloop 
  endfacet
  facet normal 9.958458E-001 8.216139E-002 3.925148E-002
    outer loop 
      vertex 4.631771e-001 4.180368e-001 8.970860e-001
      vertex 4.711918e-001 3.930762e-001 7.459926e-001
      vertex 4.570027e-001 5.392092e-001 8.000965e-001
    endloop 
  endfacet
  facet normal 9.954448E-001 8.727023E-002 3.838623E-002
    outer loop 
      vertex 4.631771e-001 4.180368e-001 8.970860e-001
      vertex 4.783280e-001 2.689613e-001 8.431066e-001
      vertex 4.711918e-001 3.930762e-001 7.459926e-001
    endloop 
  endfacet
  facet normal 9.954523E-001 9.116952E-002 2.761958E-002
    outer loop 
      vertex 4.783280e-001 2.689613e-001 8.431066e-001
      vertex 4.631771e-001 4.180368e-001 8.970860e-001
      vertex 4.694040e-001 3.174597e-001 1.004654e+000
    endloop 
  endfacet
  facet normal 9.942539E-001 9.303910E-002 5.294272E-002
    outer loop 
      vertex 4.570027e-001 5.392092e-001 8.000965e-001
      vertex 4.477650e-001 5.468881e-001 9.600847e-001
      vertex 4.631771e-001 4.180368e-001 8.970860e-001
    endloop 
  endfacet
  facet normal 8.210765E-002 -9.958628E-001 3.892926E-002
    outer loop 
      vertex 3.883536e-001 -4.732345e-001 7.046418e-001
      vertex 5.392728e-001 -4.570651e-001 7.999661e-001
      vertex 4.253481e-001 -4.630359e-001 8.875085e-001
    endloop 
  endfacet
  facet normal 8.664338E-002 -9.955147E-001 3.799225E-002
    outer loop 
      vertex 3.883536e-001 -4.732345e-001 7.046418e-001
      vertex 4.253481e-001 -4.630359e-001 8.875085e-001
      vertex 2.842724e-001 -4.774002e-001 8.328499e-001
    endloop 
  endfacet
  facet normal 8.983044E-002 -9.955122E-001 2.976569E-002
    outer loop 
      vertex 2.842724e-001 -4.774002e-001 8.328499e-001
      vertex 4.253481e-001 -4.630359e-001 8.875085e-001
      vertex 3.428093e-001 -4.677704e-001 9.782613e-001
    endloop 
  endfacet
  facet normal 9.248416E-002 -9.943271E-001 5.253767E-002
    outer loop 
      vertex 5.469235e-001 -4.479000e-001 9.599571e-001
      vertex 4.253481e-001 -4.630359e-001 8.875085e-001
      vertex 5.392728e-001 -4.570651e-001 7.999661e-001
    endloop 
  endfacet
  facet normal -9.446687E-001 -3.268735E-001 2.747171E-002
    outer loop 
      vertex -3.548372e-001 -5.064838e-001 3.153294e+000
      vertex -3.983827e-001 -3.760362e-001 3.208036e+000
      vertex -3.909268e-001 -4.134514e-001 3.019233e+000
    endloop 
  endfacet
  facet normal -9.485434E-001 -3.144628E-001 3.712716E-002
    outer loop 
      vertex -3.909268e-001 -4.134514e-001 3.019233e+000
      vertex -3.176390e-001 -6.320615e-001 3.040025e+000
      vertex -3.548372e-001 -5.064838e-001 3.153294e+000
    endloop 
  endfacet
  facet normal -9.436470E-001 -3.267804E-001 5.239139E-002
    outer loop 
      vertex -3.069251e-001 -6.373686e-001 3.199896e+000
      vertex -3.548372e-001 -5.064838e-001 3.153294e+000
      vertex -3.176390e-001 -6.320615e-001 3.040025e+000
    endloop 
  endfacet
  facet normal -3.311502E-001 9.427772E-001 3.886736E-002
    outer loop 
      vertex -5.121121e-001 3.542100e-001 3.102338e+000
      vertex -6.375107e-001 3.061388e-001 3.199968e+000
      vertex -5.094995e-001 3.487295e-001 3.257532e+000
    endloop 
  endfacet
  facet normal -3.266478E-001 9.443474E-001 3.884701E-002
    outer loop 
      vertex -3.996975e-001 3.905951e-001 3.163082e+000
      vertex -5.121121e-001 3.542100e-001 3.102338e+000
      vertex -5.094995e-001 3.487295e-001 3.257532e+000
    endloop 
  endfacet
  facet normal -3.198217E-001 9.471602E-001 2.452956E-002
    outer loop 
      vertex -3.996975e-001 3.905951e-001 3.163082e+000
      vertex -3.638428e-001 4.068697e-001 3.002155e+000
      vertex -5.121121e-001 3.542100e-001 3.102338e+000
    endloop 
  endfacet
  facet normal -3.212106E-001 9.455242E-001 5.298660E-002
    outer loop 
      vertex -5.121121e-001 3.542100e-001 3.102338e+000
      vertex -6.321888e-001 3.169135e-001 3.039959e+000
      vertex -6.375107e-001 3.061388e-001 3.199968e+000
    endloop 
  endfacet
  facet normal 9.469282E-001 3.206892E-001 2.203054E-002
    outer loop 
      vertex 4.109093e-001 3.533970e-001 2.959702e+000
      vertex 3.651192e-001 4.787021e-001 3.103864e+000
      vertex 4.271431e-001 2.960175e-001 3.097183e+000
    endloop 
  endfacet
  facet normal 9.455050E-001 3.211071E-001 5.394936E-002
    outer loop 
      vertex 3.168774e-001 6.314502e-001 3.040182e+000
      vertex 3.059568e-001 6.367316e-001 3.200138e+000
      vertex 3.651192e-001 4.787021e-001 3.103864e+000
    endloop 
  endfacet
  facet normal 9.468816E-001 3.205272E-001 2.602794E-002
    outer loop 
      vertex 3.651192e-001 4.787021e-001 3.103864e+000
      vertex 3.892231e-001 3.959636e-001 3.245880e+000
      vertex 4.271431e-001 2.960175e-001 3.097183e+000
    endloop 
  endfacet
  facet normal 0.000000E+000 0.000000E+000 -1.000000E+000
    outer loop 
      vertex 3.779213e-001 8.281100e-002 0.000000e+000
      vertex 3.752419e-001 -5.933267e-002 0.000000e+000
      vertex 2.514290e-001 2.113478e-002 0.000000e+000
    endloop 
  endfacet
  facet normal 0.000000E+000 0.000000E+000 -1.000000E+000
    outer loop 
      vertex 5.000000e-001 0.000000e+000 0.000000e+000
      vertex 3.752419e-001 -5.933267e-002 0.000000e+000
      vertex 3.779213e-001 8.281100e-002 0.000000e+000
    endloop 
  endfacet
  facet normal 0.000000E+000 0.000000E+000 -1.000000E+000
    outer loop 
      vertex 3.752419e-001 -5.933267e-002 0.000000e+000
      vertex 2.463146e-001 -1.167427e-001 0.000000e+000
      vertex 2.514290e-001 2.113478e-002 0.000000e+000
    endloop 
  endfacet
  facet normal 0.000000E+000 0.000000E+000 -1.000000E+000
    outer loop 
      vertex 5.000000e-001 0.000000e+000 0.000000e+000
      vertex 5.000000e-001 -1.666667e-001 0.000000e+000
      vertex 3.752419e-001 -5.933267e-002 0.000000e+000
    endloop 
  endfacet
  facet normal -9.941564E-001 -9.989900E-002 4.090394E-002
    outer loop 
      vertex -4.478698e-001 -5.470922e-001 9.599583e-001
      vertex -4.668752e-001 -3.577289e-001 9.605176e-001
      vertex -4.636983e-001 -4.303975e-001 8.602530e-001
    endloop 
  endfacet
  facet normal -9.956111E-001 -8.789042E-002 3.215440E-002
    outer loop 
      vertex -4.760764e-001 -3.022173e-001 8.273515e-001
      vertex -4.636983e-001 -4.303975e-001 8.602530e-001
      vertex -4.668752e-001 -3.577289e-001 9.605176e-001
    endloop 
  endfacet
  facet normal -9.945621E-001 -8.972214E-002 5.287931E-002
    outer loop 
      vertex -4.478698e-001 -5.470922e-001 9.599583e-001
      vertex -4.636983e-001 -4.303975e-001 8.602530e-001
      vertex -4.570719e-001 -5.394121e-001 7.999144e-001
    endloop 
  endfacet
  facet normal -9.810212E-001 -1.865335E-001 -5.294083E-002
    outer loop 
      vertex -5.832483e-001 3.995738e-001 1.759988e+000
      vertex -5.534552e-001 2.310075e-001 1.801839e+000
      vertex -5.899986e-001 3.896977e-001 1.919872e+000
    endloop 
  endfacet
  facet normal -9.790763E-001 -2.007663E-001 -3.320341E-002
    outer loop 
      vertex -5.899986e-001 3.896977e-001 1.919872e+000
      vertex -5.534552e-001 2.310075e-001 1.801839e+000
      vertex -5.478076e-001 1.699881e-001 2.004262e+000
    endloop 
  endfacet
  facet normal -9.810071E-001 -1.915780E-001 -3.037980E-002
    outer loop 
      vertex -5.534552e-001 2.310075e-001 1.801839e+000
      vertex -5.237149e-001 7.130219e-002 1.848598e+000
      vertex -5.478076e-001 1.699881e-001 2.004262e+000
    endloop 
  endfacet
  facet normal -7.409827E-002 9.971827E-001 -1.166830E-002
    outer loop 
      vertex 8.548219e-002 5.056740e-001 5.661446e-001
      vertex -7.112935e-003 5.007911e-001 7.368655e-001
      vertex 1.600362e-001 5.128727e-001 7.079039e-001
    endloop 
  endfacet
  facet normal -6.078306E-002 9.981412E-001 -4.419022E-003
    outer loop 
      vertex -7.112935e-003 5.007911e-001 7.368655e-001
      vertex 8.548219e-002 5.056740e-001 5.661446e-001
      vertex -1.072138e-001 4.941669e-001 6.174950e-001
    endloop 
  endfacet
  facet normal -4.155606E-002 9.990688E-001 -1.160633E-002
    outer loop 
      vertex 2.061747e-001 5.090109e-001 4.212439e-001
      vertex 6.190454e-002 5.028878e-001 4.107269e-001
      vertex 8.548219e-002 5.056740e-001 5.661446e-001
    endloop 
  endfacet
  facet normal -5.688820E-002 9.980824E-001 -2.439968E-002
    outer loop 
      vertex 8.548219e-002 5.056740e-001 5.661446e-001
      vertex 2.977342e-001 5.176697e-001 5.619680e-001
      vertex 2.061747e-001 5.090109e-001 4.212439e-001
    endloop 
  endfacet
  facet normal -5.682226E-002 9.981676E-001 -2.080410E-002
    outer loop 
      vertex 8.548219e-002 5.056740e-001 5.661446e-001
      vertex 1.600362e-001 5.128727e-001 7.079039e-001
      vertex 2.977342e-001 5.176697e-001 5.619680e-001
    endloop 
  endfacet
  facet normal -4.755563E-002 9.988114E-001 -1.069155E-002
    outer loop 
      vertex 8.548219e-002 5.056740e-001 5.661446e-001
      vertex 6.190454e-002 5.028878e-001 4.107269e-001
      vertex -7.991717e-002 4.967141e-001 4.647994e-001
    endloop 
  endfacet
  facet normal -5.793706E-002 9.983004E-001 6.296499E-003
    outer loop 
      vertex 8.548219e-002 5.056740e-001 5.661446e-001
      vertex -7.991717e-002 4.967141e-001 4.647994e-001
      vertex -1.072138e-001 4.941669e-001 6.174950e-001
    endloop 
  endfacet
  facet normal 9.947255E-001 1.025707E-001 -6.037740E-004
    outer loop 
      vertex 5.127846e-001 -1.009707e-001 9.827469e-001
      vertex 4.991637e-001 3.062095e-002 8.972104e-001
      vertex 4.962066e-001 6.027042e-002 1.062419e+000
    endloop 
  endfacet
  facet normal 9.438053E-001 3.303874E-001 -8.695430E-003
    outer loop 
      vertex 4.953563e-001 9.442133e-002 3.107940e+000
      vertex 5.017483e-001 8.124610e-002 3.301124e+000
      vertex 5.463119e-001 -4.866846e-002 3.201910e+000
    endloop 
  endfacet
  facet normal 9.491737E-001 3.145625E-001 -1.093851E-002
    outer loop 
      vertex 4.953563e-001 9.442133e-002 3.107940e+000
      vertex 5.488405e-001 -7.007077e-002 3.018594e+000
      vertex 5.128987e-001 3.487626e-002 2.917796e+000
    endloop 
  endfacet
  facet normal 9.467314E-001 3.210963E-001 -2.442967E-002
    outer loop 
      vertex 5.488405e-001 -7.007077e-002 3.018594e+000
      vertex 4.953563e-001 9.442133e-002 3.107940e+000
      vertex 5.463119e-001 -4.866846e-002 3.201910e+000
    endloop 
  endfacet
  facet normal 9.523621E-001 3.048747E-001 -7.610570E-003
    outer loop 
      vertex 4.641436e-001 1.881371e-001 2.956275e+000
      vertex 4.953563e-001 9.442133e-002 3.107940e+000
      vertex 5.128987e-001 3.487626e-002 2.917796e+000
    endloop 
  endfacet
  facet normal 9.471866E-001 3.206669E-001 3.212782E-003
    outer loop 
      vertex 4.641436e-001 1.881371e-001 2.956275e+000
      vertex 4.271431e-001 2.960175e-001 3.097183e+000
      vertex 4.953563e-001 9.442133e-002 3.107940e+000
    endloop 
  endfacet
  facet normal -3.135788E-001 9.490559E-001 -3.100404E-002
    outer loop 
      vertex 1.231080e-001 5.619708e-001 2.872726e+000
      vertex 4.633129e-003 5.278640e-001 3.026961e+000
      vertex 1.808399e-001 5.867514e-001 3.047369e+000
    endloop 
  endfacet
  facet normal -3.146274E-001 9.489673E-001 -2.169398E-002
    outer loop 
      vertex 1.808399e-001 5.867514e-001 3.047369e+000
      vertex 4.633129e-003 5.278640e-001 3.026961e+000
      vertex 4.067452e-002 5.430160e-001 3.167051e+000
    endloop 
  endfacet
  facet normal -3.095202E-001 9.507862E-001 -1.424367E-002
    outer loop 
      vertex 4.633129e-003 5.278640e-001 3.026961e+000
      vertex -4.045828e-002 5.110694e-001 2.885748e+000
      vertex -1.783165e-001 4.675802e-001 2.978490e+000
    endloop 
  endfacet
  facet normal -2.984138E-001 9.542630E-001 -1.820363E-002
    outer loop 
      vertex -4.045828e-002 5.110694e-001 2.885748e+000
      vertex 4.633129e-003 5.278640e-001 3.026961e+000
      vertex 1.231080e-001 5.619708e-001 2.872726e+000
    endloop 
  endfacet
  facet normal -9.957166E-001 -9.215882E-002 -7.433567E-003
    outer loop 
      vertex -5.074751e-001 5.988294e-002 8.688289e-001
      vertex -4.955807e-001 -7.114150e-002 8.999891e-001
      vertex -5.042999e-001 1.270484e-002 1.028421e+000
    endloop 
  endfacet
  facet normal -9.983014E-001 -5.766219E-002 -8.334163E-003
    outer loop 
      vertex -5.049882e-001 6.046812e-002 6.340117e-001
      vertex -5.110446e-001 1.737018e-001 5.760309e-001
      vertex -5.020562e-001 2.668367e-002 5.165498e-001
    endloop 
  endfacet
  facet normal -9.978517E-001 -6.522419E-002 -6.147953E-003
    outer loop 
      vertex -5.049882e-001 6.046812e-002 6.340117e-001
      vertex -5.020562e-001 2.668367e-002 5.165498e-001
      vertex -4.972302e-001 -5.876429e-002 6.397927e-001
    endloop 
  endfacet
  facet normal 7.505577E-002 -9.969816E-001 -1.985850E-002
    outer loop 
      vertex -2.066692e-001 -5.165181e-001 7.129931e-001
      vertex -1.559617e-001 -5.101389e-001 5.843781e-001
      vertex -4.972346e-002 -5.052073e-001 7.383228e-001
    endloop 
  endfacet
  facet normal 7.529195E-002 -9.969331E-001 -2.134359E-002
    outer loop 
      vertex -1.562287e-001 -5.158150e-001 8.580842e-001
      vertex -2.066692e-001 -5.165181e-001 7.129931e-001
      vertex -4.972346e-002 -5.052073e-001 7.383228e-001
    endloop 
  endfacet
  facet normal 8.993071E-002 -9.959140E-001 -8.234914E-003
    outer loop 
      vertex 1.750054e-002 -5.005324e-001 9.070861e-001
      vertex -1.562287e-001 -5.158150e-001 8.580842e-001
      vertex -4.972346e-002 -5.052073e-001 7.383228e-001
    endloop 
  endfacet
  facet normal 6.013776E-002 -9.981446E-001 -9.526231E-003
    outer loop 
      vertex -1.559617e-001 -5.101389e-001 5.843781e-001
      vertex 2.733226e-002 -4.992361e-001 5.991119e-001
      vertex -4.972346e-002 -5.052073e-001 7.383228e-001
    endloop 
  endfacet
  facet normal -9.927221E-002 9.949933E-001 -1.154705E-002
    outer loop 
      vertex 7.109512e-002 5.082911e-001 8.597065e-001
      vertex 5.270277e-002 5.081298e-001 1.003936e+000
      vertex 1.936936e-001 5.216572e-001 9.574425e-001
    endloop 
  endfacet
  facet normal -8.809145E-002 9.957813E-001 -2.567978E-002
    outer loop 
      vertex 7.109512e-002 5.082911e-001 8.597065e-001
      vertex 1.936936e-001 5.216572e-001 9.574425e-001
      vertex 2.122061e-001 5.199796e-001 8.288864e-001
    endloop 
  endfacet
  facet normal -8.707670E-002 9.959811E-001 -2.095797E-002
    outer loop 
      vertex 7.109512e-002 5.082911e-001 8.597065e-001
      vertex 2.122061e-001 5.199796e-001 8.288864e-001
      vertex 1.600362e-001 5.128727e-001 7.079039e-001
    endloop 
  endfacet
  facet normal -9.323819E-002 9.955855E-001 -1.077692E-002
    outer loop 
      vertex 7.109512e-002 5.082911e-001 8.597065e-001
      vertex -9.590788e-002 4.931312e-001 9.040731e-001
      vertex 5.270277e-002 5.081298e-001 1.003936e+000
    endloop 
  endfacet
  facet normal -3.399845E-001 9.403856E-001 9.242049E-003
    outer loop 
      vertex -2.622716e-001 4.353565e-001 3.413143e+000
      vertex -2.013145e-001 4.587155e-001 3.278753e+000
      vertex -3.619936e-001 4.004140e-001 3.300127e+000
    endloop 
  endfacet
  facet normal -3.396760E-001 9.404687E-001 1.178779E-002
    outer loop 
      vertex -3.619936e-001 4.004140e-001 3.300127e+000
      vertex -2.013145e-001 4.587155e-001 3.278753e+000
      vertex -2.651318e-001 4.374282e-001 3.138171e+000
    endloop 
  endfacet
  facet normal -3.516026E-001 9.361438E-001 3.234985E-003
    outer loop 
      vertex -1.193074e-001 4.890702e-001 3.407826e+000
      vertex -2.013145e-001 4.587155e-001 3.278753e+000
      vertex -2.622716e-001 4.353565e-001 3.413143e+000
    endloop 
  endfacet
  facet normal -3.341630E-001 9.421844E-001 -2.497072E-002
    outer loop 
      vertex 6.246531e-002 5.543969e-001 3.304864e+000
      vertex 1.755183e-001 5.928097e-001 3.241343e+000
      vertex 4.067452e-002 5.430160e-001 3.167051e+000
    endloop 
  endfacet
  facet normal -9.978089E-001 -6.060831E-002 2.653447E-002
    outer loop 
      vertex -4.767118e-001 -3.989675e-001 5.985990e-001
      vertex -4.811950e-001 -2.817107e-001 6.978390e-001
      vertex -4.855612e-001 -2.743100e-001 5.505580e-001
    endloop 
  endfacet
  facet normal -9.980643E-001 -4.809141E-002 3.943175E-002
    outer loop 
      vertex -4.754114e-001 -5.232548e-001 4.799298e-001
      vertex -4.767118e-001 -3.989675e-001 5.985990e-001
      vertex -4.839060e-001 -3.844956e-001 4.341533e-001
    endloop 
  endfacet
  facet normal -9.976850E-001 -5.590036E-002 3.872793E-002
    outer loop 
      vertex -4.767118e-001 -3.989675e-001 5.985990e-001
      vertex -4.855612e-001 -2.743100e-001 5.505580e-001
      vertex -4.839060e-001 -3.844956e-001 4.341533e-001
    endloop 
  endfacet
  facet normal -9.966884E-001 -6.136751E-002 5.335145E-002
    outer loop 
      vertex -4.754114e-001 -5.232548e-001 4.799298e-001
      vertex -4.663427e-001 -5.314287e-001 6.399463e-001
      vertex -4.767118e-001 -3.989675e-001 5.985990e-001
    endloop 
  endfacet
  facet normal -1.762888E-001 9.843380E-001 -9.279434E-004
    outer loop 
      vertex -2.087246e-001 4.705751e-001 1.681081e+000
      vertex -3.111080e-002 5.024302e-001 1.729436e+000
      vertex -8.821060e-002 4.920357e-001 1.550909e+000
    endloop 
  endfacet
  facet normal -1.599923E-001 9.870103E-001 1.460002E-002
    outer loop 
      vertex -2.804519e-001 4.613500e-001 1.518717e+000
      vertex -2.087246e-001 4.705751e-001 1.681081e+000
      vertex -8.821060e-002 4.920357e-001 1.550909e+000
    endloop 
  endfacet
  facet normal -1.640675E-001 9.863480E-001 -1.412553E-002
    outer loop 
      vertex -8.821060e-002 4.920357e-001 1.550909e+000
      vertex 1.397872e-001 5.307752e-001 1.607799e+000
      vertex 3.346305e-002 5.102940e-001 1.412605e+000
    endloop 
  endfacet
  facet normal -1.665012E-001 9.860324E-001 -4.157028E-003
    outer loop 
      vertex 1.397872e-001 5.307752e-001 1.607799e+000
      vertex -8.821060e-002 4.920357e-001 1.550909e+000
      vertex -3.111080e-002 5.024302e-001 1.729436e+000
    endloop 
  endfacet
  facet normal -1.446553E-001 9.894764E-001 3.365457E-003
    outer loop 
      vertex -8.821060e-002 4.920357e-001 1.550909e+000
      vertex 3.346305e-002 5.102940e-001 1.412605e+000
      vertex -1.915417e-001 4.775880e-001 1.357245e+000
    endloop 
  endfacet
  facet normal -1.594850E-001 9.871339E-001 1.145275E-002
    outer loop 
      vertex -2.804519e-001 4.613500e-001 1.518717e+000
      vertex -8.821060e-002 4.920357e-001 1.550909e+000
      vertex -1.915417e-001 4.775880e-001 1.357245e+000
    endloop 
  endfacet
  facet normal -3.403088E-001 9.395265E-001 3.847019E-002
    outer loop 
      vertex -3.619936e-001 4.004140e-001 3.300127e+000
      vertex -5.094995e-001 3.487295e-001 3.257532e+000
      vertex -5.119643e-001 3.416243e-001 3.409255e+000
    endloop 
  endfacet
  facet normal -3.510025E-001 9.361175E-001 2.193768E-002
    outer loop 
      vertex -3.619936e-001 4.004140e-001 3.300127e+000
      vertex -5.119643e-001 3.416243e-001 3.409255e+000
      vertex -3.880338e-001 3.870098e-001 3.455463e+000
    endloop 
  endfacet
  facet normal -3.471366E-001 9.370345E-001 3.824257E-002
    outer loop 
      vertex -5.094995e-001 3.487295e-001 3.257532e+000
      vertex -6.426458e-001 2.952217e-001 3.360001e+000
      vertex -5.119643e-001 3.416243e-001 3.409255e+000
    endloop 
  endfacet
  facet normal -3.646554E-001 9.303989E-001 3.720859E-002
    outer loop 
      vertex -4.809660e-001 3.466138e-001 3.588285e+000
      vertex -5.119643e-001 3.416243e-001 3.409255e+000
      vertex -6.477200e-001 2.839909e-001 3.519928e+000
    endloop 
  endfacet
  facet normal -3.553068E-001 9.340758E-001 3.548746E-002
    outer loop 
      vertex -3.880338e-001 3.870098e-001 3.455463e+000
      vertex -5.119643e-001 3.416243e-001 3.409255e+000
      vertex -4.809660e-001 3.466138e-001 3.588285e+000
    endloop 
  endfacet
  facet normal -3.522732E-001 9.343128E-001 5.443524E-002
    outer loop 
      vertex -6.426458e-001 2.952217e-001 3.360001e+000
      vertex -6.477200e-001 2.839909e-001 3.519928e+000
      vertex -5.119643e-001 3.416243e-001 3.409255e+000
    endloop 
  endfacet
  facet normal 9.307883E-001 3.637828E-001 3.598890E-002
    outer loop 
      vertex 3.523976e-001 4.665844e-001 3.574672e+000
      vertex 3.443208e-001 5.045659e-001 3.399638e+000
      vertex 2.840805e-001 6.467931e-001 3.519985e+000
    endloop 
  endfacet
  facet normal 9.358230E-001 3.509253E-001 3.296656E-002
    outer loop 
      vertex 3.523976e-001 4.665844e-001 3.574672e+000
      vertex 4.028456e-001 3.483820e-001 3.400853e+000
      vertex 3.443208e-001 5.045659e-001 3.399638e+000
    endloop 
  endfacet
  facet normal 9.348512E-001 3.510512E-001 5.306892E-002
    outer loop 
      vertex 2.950042e-001 6.418706e-001 3.360119e+000
      vertex 2.840805e-001 6.467931e-001 3.519985e+000
      vertex 3.443208e-001 5.045659e-001 3.399638e+000
    endloop 
  endfacet
  facet normal 9.360473E-001 3.509510E-001 2.547239E-002
    outer loop 
      vertex 4.028456e-001 3.483820e-001 3.400853e+000
      vertex 3.892231e-001 3.959636e-001 3.245880e+000
      vertex 3.443208e-001 5.045659e-001 3.399638e+000
    endloop 
  endfacet
  facet normal 9.630914E-001 2.684039E-001 -2.035176E-002
    outer loop 
      vertex 5.693188e-001 -1.820767e-001 2.583987e+000
      vertex 5.308776e-001 -5.685602e-002 2.416301e+000
      vertex 5.178884e-001 2.297282e-003 2.581749e+000
    endloop 
  endfacet
  facet normal 9.673879E-001 2.509577E-001 -3.436469E-002
    outer loop 
      vertex 5.693188e-001 -1.820767e-001 2.583987e+000
      vertex 5.729428e-001 -2.215937e-001 2.397420e+000
      vertex 5.308776e-001 -5.685602e-002 2.416301e+000
    endloop 
  endfacet
  facet normal 9.668370E-001 2.549388E-001 -1.524347E-002
    outer loop 
      vertex 5.308776e-001 -5.685602e-002 2.416301e+000
      vertex 4.831597e-001 1.268753e-001 2.462535e+000
      vertex 5.178884e-001 2.297282e-003 2.581749e+000
    endloop 
  endfacet
  facet normal 9.716575E-001 2.355159E-001 -2.034994E-002
    outer loop 
      vertex 5.308776e-001 -5.685602e-002 2.416301e+000
      vertex 5.477886e-001 -1.415917e-001 2.243084e+000
      vertex 5.014648e-001 5.222147e-002 2.274304e+000
    endloop 
  endfacet
  facet normal 9.674910E-001 2.528297E-001 -6.187053E-003
    outer loop 
      vertex 4.831597e-001 1.268753e-001 2.462535e+000
      vertex 5.308776e-001 -5.685602e-002 2.416301e+000
      vertex 5.014648e-001 5.222147e-002 2.274304e+000
    endloop 
  endfacet
  facet normal 9.677590E-001 2.503199E-001 -2.797251E-002
    outer loop 
      vertex 5.308776e-001 -5.685602e-002 2.416301e+000
      vertex 5.729428e-001 -2.215937e-001 2.397420e+000
      vertex 5.477886e-001 -1.415917e-001 2.243084e+000
    endloop 
  endfacet
  facet normal 2.730159E-001 -9.604881E-001 -5.408305E-002
    outer loop 
      vertex -3.387492e-001 -6.210368e-001 2.719949e+000
      vertex -3.493827e-001 -6.150422e-001 2.559808e+000
      vertex -1.957676e-001 -5.755450e-001 2.633820e+000
    endloop 
  endfacet
  facet normal 2.644065E-001 -9.637958E-001 -3.444860E-002
    outer loop 
      vertex -3.493827e-001 -6.150422e-001 2.559808e+000
      vertex -1.723896e-001 -5.630818e-001 2.464563e+000
      vertex -1.957676e-001 -5.755450e-001 2.633820e+000
    endloop 
  endfacet
  facet normal -2.698074E-001 9.615152E-001 -5.188876E-002
    outer loop 
      vertex 2.208050e-001 5.813115e-001 2.607585e+000
      vertex 3.381632e-001 6.203170e-001 2.720138e+000
      vertex 3.484918e-001 6.145804e-001 2.560131e+000
    endloop 
  endfacet
  facet normal -9.612121E-001 -2.706958E-001 -5.286820E-002
    outer loop 
      vertex -6.151777e-001 3.486574e-001 2.559986e+000
      vertex -5.824627e-001 2.213050e-001 2.617254e+000
      vertex -6.210233e-001 3.381689e-001 2.719969e+000
    endloop 
  endfacet
  facet normal 9.629939E-001 2.683142E-001 -2.550225E-002
    outer loop 
      vertex 5.693188e-001 -1.820767e-001 2.583987e+000
      vertex 5.178884e-001 2.297282e-003 2.581749e+000
      vertex 5.477372e-001 -9.340061e-002 2.702018e+000
    endloop 
  endfacet
  facet normal 9.622173E-001 2.672723E-001 -5.199403E-002
    outer loop 
      vertex 6.202211e-001 -3.388421e-001 2.720157e+000
      vertex 6.144388e-001 -3.491663e-001 2.560076e+000
      vertex 5.693188e-001 -1.820767e-001 2.583987e+000
    endloop 
  endfacet
  facet normal 9.633762E-001 2.655148E-001 -3.752597E-002
    outer loop 
      vertex 5.729428e-001 -2.215937e-001 2.397420e+000
      vertex 5.693188e-001 -1.820767e-001 2.583987e+000
      vertex 6.144388e-001 -3.491663e-001 2.560076e+000
    endloop 
  endfacet
  facet normal 9.982412E-001 4.778660E-002 3.508496E-002
    outer loop 
      vertex 4.751627e-001 5.233881e-001 4.801193e-001
      vertex 4.786329e-001 3.686641e-001 5.921233e-001
      vertex 4.869258e-001 3.093823e-001 4.369158e-001
    endloop 
  endfacet
  facet normal 9.979856E-001 5.447300E-002 3.251742E-002
    outer loop 
      vertex 4.907321e-001 1.838647e-001 5.303649e-001
      vertex 4.869258e-001 3.093823e-001 4.369158e-001
      vertex 4.786329e-001 3.686641e-001 5.921233e-001
    endloop 
  endfacet
  facet normal 9.971566E-001 6.514096E-002 3.788748E-002
    outer loop 
      vertex 4.661826e-001 5.313547e-001 6.400826e-001
      vertex 4.711918e-001 3.930762e-001 7.459926e-001
      vertex 4.786329e-001 3.686641e-001 5.921233e-001
    endloop 
  endfacet
  facet normal 9.967530E-001 6.067439E-002 5.293447E-002
    outer loop 
      vertex 4.786329e-001 3.686641e-001 5.921233e-001
      vertex 4.751627e-001 5.233881e-001 4.801193e-001
      vertex 4.661826e-001 5.313547e-001 6.400826e-001
    endloop 
  endfacet
  facet normal 9.650409E-001 2.602838E-001 3.079767E-002
    outer loop 
      vertex 4.111466e-001 4.118931e-001 2.359413e+000
      vertex 3.856549e-001 4.907534e-001 2.491711e+000
      vertex 4.307133e-001 3.203269e-001 2.520157e+000
    endloop 
  endfacet
  facet normal 9.641334E-001 2.600734E-001 5.299808E-002
    outer loop 
      vertex 3.484918e-001 6.145804e-001 2.560131e+000
      vertex 3.856549e-001 4.907534e-001 2.491711e+000
      vertex 3.588839e-001 6.086385e-001 2.400237e+000
    endloop 
  endfacet
  facet normal 9.677117E-001 2.491900E-001 3.792511E-002
    outer loop 
      vertex 3.588839e-001 6.086385e-001 2.400237e+000
      vertex 3.856549e-001 4.907534e-001 2.491711e+000
      vertex 4.111466e-001 4.118931e-001 2.359413e+000
    endloop 
  endfacet
  facet normal 9.609046E-001 2.760562E-001 2.133805E-002
    outer loop 
      vertex 4.154690e-001 3.601081e-001 2.691984e+000
      vertex 4.677349e-001 1.811580e-001 2.653451e+000
      vertex 4.307133e-001 3.203269e-001 2.520157e+000
    endloop 
  endfacet
  facet normal 9.654457E-001 2.605748E-001 3.913126E-003
    outer loop 
      vertex 4.677349e-001 1.811580e-001 2.653451e+000
      vertex 4.831597e-001 1.268753e-001 2.462535e+000
      vertex 4.307133e-001 3.203269e-001 2.520157e+000
    endloop 
  endfacet
  facet normal 9.696980E-001 2.434337E-001 2.063229E-002
    outer loop 
      vertex 4.558648e-001 2.368283e-001 2.323234e+000
      vertex 4.111466e-001 4.118931e-001 2.359413e+000
      vertex 4.307133e-001 3.203269e-001 2.520157e+000
    endloop 
  endfacet
  facet normal 9.661173E-001 2.577171E-001 1.411853E-002
    outer loop 
      vertex 4.558648e-001 2.368283e-001 2.323234e+000
      vertex 4.307133e-001 3.203269e-001 2.520157e+000
      vertex 4.831597e-001 1.268753e-001 2.462535e+000
    endloop 
  endfacet
  facet normal -4.091738E-002 9.985557E-001 -3.481992E-002
    outer loop 
      vertex 3.545143e-001 5.142299e-001 3.965982e-001
      vertex 2.061747e-001 5.090109e-001 4.212439e-001
      vertex 2.977342e-001 5.176697e-001 5.619680e-001
    endloop 
  endfacet
  facet normal -7.300759E-002 9.966769E-001 -3.612480E-002
    outer loop 
      vertex 1.600362e-001 5.128727e-001 7.079039e-001
      vertex 3.200444e-001 5.255274e-001 7.336717e-001
      vertex 2.977342e-001 5.176697e-001 5.619680e-001
    endloop 
  endfacet
  facet normal -6.369331E-002 9.972699E-001 -3.736218E-002
    outer loop 
      vertex 4.661826e-001 5.313547e-001 6.400826e-001
      vertex 2.977342e-001 5.176697e-001 5.619680e-001
      vertex 3.200444e-001 5.255274e-001 7.336717e-001
    endloop 
  endfacet
  facet normal -4.959964E-002 9.980540E-001 -3.779056E-002
    outer loop 
      vertex 4.751627e-001 5.233881e-001 4.801193e-001
      vertex 3.545143e-001 5.142299e-001 3.965982e-001
      vertex 2.977342e-001 5.176697e-001 5.619680e-001
    endloop 
  endfacet
  facet normal -5.650121E-002 9.970041E-001 -5.282485E-002
    outer loop 
      vertex 4.661826e-001 5.313547e-001 6.400826e-001
      vertex 4.751627e-001 5.233881e-001 4.801193e-001
      vertex 2.977342e-001 5.176697e-001 5.619680e-001
    endloop 
  endfacet
  facet normal -9.876311E-001 -1.473332E-001 -5.364418E-002
    outer loop 
      vertex -5.692251e-001 4.192612e-001 1.440058e+000
      vertex -5.619814e-001 4.289570e-001 1.280067e+000
      vertex -5.541297e-001 3.210711e-001 1.431818e+000
    endloop 
  endfacet
  facet normal -9.876578E-001 -1.473927E-001 -5.298385E-002
    outer loop 
      vertex -5.763358e-001 4.094265e-001 1.599966e+000
      vertex -5.692251e-001 4.192612e-001 1.440058e+000
      vertex -5.541297e-001 3.210711e-001 1.431818e+000
    endloop 
  endfacet
  facet normal -1.494772E-001 9.879783E-001 -3.943804E-002
    outer loop 
      vertex 3.003161e-001 5.440017e-001 1.262299e+000
      vertex 2.400245e-001 5.420863e-001 1.442832e+000
      vertex 4.190987e-001 5.690703e-001 1.440095e+000
    endloop 
  endfacet
  facet normal -1.319563E-001 9.906874E-001 -3.355792E-002
    outer loop 
      vertex 3.003161e-001 5.440017e-001 1.262299e+000
      vertex 1.284712e-001 5.214307e-001 1.271693e+000
      vertex 2.400245e-001 5.420863e-001 1.442832e+000
    endloop 
  endfacet
  facet normal -1.294580E-001 9.901899E-001 -5.257905E-002
    outer loop 
      vertex 3.003161e-001 5.440017e-001 1.262299e+000
      vertex 4.288919e-001 5.617651e-001 1.280252e+000
      vertex 4.383378e-001 5.544939e-001 1.120061e+000
    endloop 
  endfacet
  facet normal -1.293713E-001 9.901692E-001 -5.317936E-002
    outer loop 
      vertex 4.288919e-001 5.617651e-001 1.280252e+000
      vertex 3.003161e-001 5.440017e-001 1.262299e+000
      vertex 4.190987e-001 5.690703e-001 1.440095e+000
    endloop 
  endfacet
  facet normal -1.315420E-001 9.909889E-001 -2.525463E-002
    outer loop 
      vertex 3.003161e-001 5.440017e-001 1.262299e+000
      vertex 1.796861e-001 5.242286e-001 1.114721e+000
      vertex 1.284712e-001 5.214307e-001 1.271693e+000
    endloop 
  endfacet
  facet normal -9.896876E-001 -1.415630E-001 -2.187226E-002
    outer loop 
      vertex -5.190251e-001 1.227015e-001 1.181064e+000
      vertex -5.051783e-001 5.744621e-004 1.344954e+000
      vertex -5.298938e-001 1.606335e-001 1.427349e+000
    endloop 
  endfacet
  facet normal -1.488423E-001 9.886014E-001 -2.265526E-002
    outer loop 
      vertex 1.397872e-001 5.307752e-001 1.607799e+000
      vertex 2.400245e-001 5.420863e-001 1.442832e+000
      vertex 3.346305e-002 5.102940e-001 1.412605e+000
    endloop 
  endfacet
  facet normal -1.660652E-001 9.855514E-001 -3.332936E-002
    outer loop 
      vertex 2.400245e-001 5.420863e-001 1.442832e+000
      vertex 1.397872e-001 5.307752e-001 1.607799e+000
      vertex 4.095377e-001 5.759651e-001 1.600022e+000
    endloop 
  endfacet
  facet normal -1.488999E-001 9.886016E-001 -2.226178E-002
    outer loop 
      vertex 1.284712e-001 5.214307e-001 1.271693e+000
      vertex 3.346305e-002 5.102940e-001 1.412605e+000
      vertex 2.400245e-001 5.420863e-001 1.442832e+000
    endloop 
  endfacet
  facet normal -1.495757E-001 9.874076E-001 -5.151157E-002
    outer loop 
      vertex 2.400245e-001 5.420863e-001 1.442832e+000
      vertex 4.095377e-001 5.759651e-001 1.600022e+000
      vertex 4.190987e-001 5.690703e-001 1.440095e+000
    endloop 
  endfacet
  facet normal 9.900614E-001 1.303006E-001 -5.291658E-002
    outer loop 
      vertex 5.544305e-001 -4.385439e-001 1.120024e+000
      vertex 5.473427e-001 -3.218462e-001 1.274766e+000
      vertex 5.617434e-001 -4.290959e-001 1.280112e+000
    endloop 
  endfacet
  facet normal 9.926651E-001 1.139291E-001 -4.045087E-002
    outer loop 
      vertex 5.544305e-001 -4.385439e-001 1.120024e+000
      vertex 5.327141e-001 -2.605695e-001 1.088365e+000
      vertex 5.473427e-001 -3.218462e-001 1.274766e+000
    endloop 
  endfacet
  facet normal 9.900779E-001 1.303207E-001 -5.255681E-002
    outer loop 
      vertex 5.689653e-001 -4.194868e-001 1.439988e+000
      vertex 5.617434e-001 -4.290959e-001 1.280112e+000
      vertex 5.473427e-001 -3.218462e-001 1.274766e+000
    endloop 
  endfacet
  facet normal 9.906090E-001 1.323715E-001 -3.422688E-002
    outer loop 
      vertex 5.473427e-001 -3.218462e-001 1.274766e+000
      vertex 5.327141e-001 -2.605695e-001 1.088365e+000
      vertex 5.288402e-001 -1.841456e-001 1.271815e+000
    endloop 
  endfacet
  facet normal 1.309384E-001 -9.899826E-001 -5.281645E-002
    outer loop 
      vertex -4.291226e-001 -5.619548e-001 1.280038e+000
      vertex -3.169520e-001 -5.469118e-001 1.276159e+000
      vertex -4.195256e-001 -5.692100e-001 1.439821e+000
    endloop 
  endfacet
  facet normal 1.309042E-001 -9.899424E-001 -5.364900E-002
    outer loop 
      vertex -4.386508e-001 -5.545341e-001 1.119861e+000
      vertex -3.169520e-001 -5.469118e-001 1.276159e+000
      vertex -4.291226e-001 -5.619548e-001 1.280038e+000
    endloop 
  endfacet
  facet normal 1.158547E-001 -9.923857E-001 -4.181179E-002
    outer loop 
      vertex -2.317796e-001 -5.310524e-001 1.135743e+000
      vertex -3.169520e-001 -5.469118e-001 1.276159e+000
      vertex -4.386508e-001 -5.545341e-001 1.119861e+000
    endloop 
  endfacet
  facet normal 1.329432E-001 -9.906310E-001 -3.124819E-002
    outer loop 
      vertex -2.317796e-001 -5.310524e-001 1.135743e+000
      vertex -1.586751e-001 -5.260750e-001 1.288969e+000
      vertex -3.169520e-001 -5.469118e-001 1.276159e+000
    endloop 
  endfacet
  facet normal 9.980878E-001 4.668175E-002 4.051597E-002
    outer loop 
      vertex 4.869258e-001 3.093823e-001 4.369158e-001
      vertex 4.890040e-001 3.738794e-001 3.114087e-001
      vertex 4.751627e-001 5.233881e-001 4.801193e-001
    endloop 
  endfacet
  facet normal 9.991539E-001 2.743384E-002 3.064227E-002
    outer loop 
      vertex 4.936311e-001 2.340014e-001 2.857663e-001
      vertex 4.890040e-001 3.738794e-001 3.114087e-001
      vertex 4.869258e-001 3.093823e-001 4.369158e-001
    endloop 
  endfacet
  facet normal 9.990093E-001 4.175598E-002 1.539467E-002
    outer loop 
      vertex 4.956097e-001 1.321804e-001 3.540286e-001
      vertex 4.869258e-001 3.093823e-001 4.369158e-001
      vertex 4.907321e-001 1.838647e-001 5.303649e-001
    endloop 
  endfacet
  facet normal 9.989850E-001 3.681443E-002 2.595652E-002
    outer loop 
      vertex 4.936311e-001 2.340014e-001 2.857663e-001
      vertex 4.869258e-001 3.093823e-001 4.369158e-001
      vertex 4.956097e-001 1.321804e-001 3.540286e-001
    endloop 
  endfacet
  facet normal 1.492522E-001 -9.879783E-001 4.028239E-002
    outer loop 
      vertex 4.675354e-001 -4.305692e-001 1.543989e+000
      vertex 4.095405e-001 -4.450503e-001 1.403702e+000
      vertex 5.689653e-001 -4.194868e-001 1.439988e+000
    endloop 
  endfacet
  facet normal 1.625205E-001 -9.860982E-001 3.460321E-002
    outer loop 
      vertex 4.675354e-001 -4.305692e-001 1.543989e+000
      vertex 3.489031e-001 -4.486246e-001 1.586639e+000
      vertex 4.095405e-001 -4.450503e-001 1.403702e+000
    endloop 
  endfacet
  facet normal 1.496865E-001 -9.882689E-001 3.030675E-002
    outer loop 
      vertex 3.489031e-001 -4.486246e-001 1.586639e+000
      vertex 2.427985e-001 -4.687409e-001 1.454725e+000
      vertex 4.095405e-001 -4.450503e-001 1.403702e+000
    endloop 
  endfacet
  facet normal 1.471846E-001 -9.888676E-001 2.185285E-002
    outer loop 
      vertex 2.905959e-001 -4.652218e-001 1.292037e+000
      vertex 4.095405e-001 -4.450503e-001 1.403702e+000
      vertex 2.427985e-001 -4.687409e-001 1.454725e+000
    endloop 
  endfacet
  facet normal 1.463870E-001 -9.878194E-001 5.275926E-002
    outer loop 
      vertex 5.617434e-001 -4.290959e-001 1.280112e+000
      vertex 5.689653e-001 -4.194868e-001 1.439988e+000
      vertex 4.095405e-001 -4.450503e-001 1.403702e+000
    endloop 
  endfacet
  facet normal 1.374193E-001 -9.905128E-001 5.545690E-004
    outer loop 
      vertex 7.913811e-002 -4.937244e-001 1.488217e+000
      vertex -8.115068e-003 -5.059241e-001 1.319281e+000
      vertex 1.437245e-001 -4.848564e-001 1.323095e+000
    endloop 
  endfacet
  facet normal 1.374273E-001 -9.905118E-001 2.308063E-004
    outer loop 
      vertex -8.115068e-003 -5.059241e-001 1.319281e+000
      vertex 6.312590e-002 -4.960667e-001 1.204043e+000
      vertex 1.437245e-001 -4.848564e-001 1.323095e+000
    endloop 
  endfacet
  facet normal 1.519922E-001 -9.883559E-001 -7.127860E-003
    outer loop 
      vertex 7.913811e-002 -4.937244e-001 1.488217e+000
      vertex -8.402684e-002 -5.184699e-001 1.440178e+000
      vertex -8.115068e-003 -5.059241e-001 1.319281e+000
    endloop 
  endfacet
  facet normal 1.352901E-001 -9.907157E-001 -1.337656E-002
    outer loop 
      vertex -8.115068e-003 -5.059241e-001 1.319281e+000
      vertex -1.586751e-001 -5.260750e-001 1.288969e+000
      vertex -6.698912e-002 -5.118830e-001 1.165169e+000
    endloop 
  endfacet
  facet normal 1.232260E-001 -9.923404E-001 -8.705013E-003
    outer loop 
      vertex -6.698912e-002 -5.118830e-001 1.165169e+000
      vertex 6.312590e-002 -4.960667e-001 1.204043e+000
      vertex -8.115068e-003 -5.059241e-001 1.319281e+000
    endloop 
  endfacet
  facet normal 1.360683E-001 -9.905475E-001 -1.735393E-002
    outer loop 
      vertex -8.115068e-003 -5.059241e-001 1.319281e+000
      vertex -8.402684e-002 -5.184699e-001 1.440178e+000
      vertex -1.586751e-001 -5.260750e-001 1.288969e+000
    endloop 
  endfacet
  facet normal -1.661987E-001 9.853052E-001 -3.939053E-002
    outer loop 
      vertex 4.095377e-001 5.759651e-001 1.600022e+000
      vertex 1.397872e-001 5.307752e-001 1.607799e+000
      vertex 2.706594e-001 5.590075e-001 1.761811e+000
    endloop 
  endfacet
  facet normal -1.836987E-001 9.826886E-001 -2.404020E-002
    outer loop 
      vertex 2.706594e-001 5.590075e-001 1.761811e+000
      vertex 1.397872e-001 5.307752e-001 1.607799e+000
      vertex 1.151228e-001 5.305876e-001 1.788600e+000
    endloop 
  endfacet
  facet normal -1.827960E-001 9.816657E-001 -5.401903E-002
    outer loop 
      vertex 3.995079e-001 5.829128e-001 1.760220e+000
      vertex 4.095377e-001 5.759651e-001 1.600022e+000
      vertex 2.706594e-001 5.590075e-001 1.761811e+000
    endloop 
  endfacet
  facet normal -1.827912E-001 9.817822E-001 -5.187529E-002
    outer loop 
      vertex 2.706594e-001 5.590075e-001 1.761811e+000
      vertex 3.896355e-001 5.895238e-001 1.920125e+000
      vertex 3.995079e-001 5.829128e-001 1.760220e+000
    endloop 
  endfacet
  facet normal -9.297622E-001 -3.681498E-001 -2.802773E-003
    outer loop 
      vertex -5.091706e-001 -7.363027e-002 3.574104e+000
      vertex -4.480054e-001 -2.281413e-001 3.579157e+000
      vertex -4.734281e-001 -1.649653e-001 3.714311e+000
    endloop 
  endfacet
  facet normal -9.297056E-001 -3.682469E-001 -6.458462E-003
    outer loop 
      vertex -4.480054e-001 -2.281413e-001 3.579157e+000
      vertex -5.091706e-001 -7.363027e-002 3.574104e+000
      vertex -4.892328e-001 -1.217994e-001 3.450518e+000
    endloop 
  endfacet
  facet normal -9.345231E-001 -3.558627E-001 5.323130E-003
    outer loop 
      vertex -4.356917e-001 -2.625552e-001 3.440297e+000
      vertex -4.480054e-001 -2.281413e-001 3.579157e+000
      vertex -4.892328e-001 -1.217994e-001 3.450518e+000
    endloop 
  endfacet
  facet normal -9.301615E-001 -3.670524E-001 8.483074E-003
    outer loop 
      vertex -3.855957e-001 -3.866455e-001 3.564044e+000
      vertex -4.480054e-001 -2.281413e-001 3.579157e+000
      vertex -4.356917e-001 -2.625552e-001 3.440297e+000
    endloop 
  endfacet
  facet normal 9.820715E-001 1.840183E-001 4.090045E-002
    outer loop 
      vertex 4.249553e-001 4.613007e-001 1.696350e+000
      vertex 3.995079e-001 5.829128e-001 1.760220e+000
      vertex 4.162658e-001 4.726555e-001 1.853907e+000
    endloop 
  endfacet
  facet normal 9.814060E-001 1.875989E-001 4.060571E-002
    outer loop 
      vertex 4.456225e-001 3.313529e-001 1.797200e+000
      vertex 4.249553e-001 4.613007e-001 1.696350e+000
      vertex 4.162658e-001 4.726555e-001 1.853907e+000
    endloop 
  endfacet
  facet normal 9.796951E-001 1.935010E-001 5.248535E-002
    outer loop 
      vertex 4.162658e-001 4.726555e-001 1.853907e+000
      vertex 3.995079e-001 5.829128e-001 1.760220e+000
      vertex 3.896355e-001 5.895238e-001 1.920125e+000
    endloop 
  endfacet
  facet normal 9.786947E-001 2.019181E-001 3.722762E-002
    outer loop 
      vertex 3.896355e-001 5.895238e-001 1.920125e+000
      vertex 4.218233e-001 4.160353e-001 2.014905e+000
      vertex 4.162658e-001 4.726555e-001 1.853907e+000
    endloop 
  endfacet
  facet normal 9.811208E-001 1.905355E-001 3.314078E-002
    outer loop 
      vertex 4.456225e-001 3.313529e-001 1.797200e+000
      vertex 4.162658e-001 4.726555e-001 1.853907e+000
      vertex 4.218233e-001 4.160353e-001 2.014905e+000
    endloop 
  endfacet
  facet normal 1.943431E-001 -9.795106E-001 5.281797E-002
    outer loop 
      vertex 5.828555e-001 -3.998946e-001 1.760099e+000
      vertex 5.895872e-001 -3.899263e-001 1.920191e+000
      vertex 4.737695e-001 -4.164737e-001 1.854020e+000
    endloop 
  endfacet
  facet normal 2.026036E-001 -9.785246E-001 3.796421E-002
    outer loop 
      vertex 5.895872e-001 -3.899263e-001 1.920191e+000
      vertex 4.186360e-001 -4.217238e-001 2.012930e+000
      vertex 4.737695e-001 -4.164737e-001 1.854020e+000
    endloop 
  endfacet
  facet normal 1.900173E-001 -9.812087E-001 3.350874E-002
    outer loop 
      vertex 4.186360e-001 -4.217238e-001 2.012930e+000
      vertex 3.352374e-001 -4.453172e-001 1.794988e+000
      vertex 4.737695e-001 -4.164737e-001 1.854020e+000
    endloop 
  endfacet
  facet normal -1.844108E-001 9.820738E-001 3.903400E-002
    outer loop 
      vertex -5.832483e-001 3.995738e-001 1.759988e+000
      vertex -4.499133e-001 4.202799e-001 1.868957e+000
      vertex -4.607183e-001 4.249301e-001 1.700914e+000
    endloop 
  endfacet
  facet normal -1.861525E-001 9.817411E-001 3.913678E-002
    outer loop 
      vertex -4.499133e-001 4.202799e-001 1.868957e+000
      vertex -3.242112e-001 4.473091e-001 1.788829e+000
      vertex -4.607183e-001 4.249301e-001 1.700914e+000
    endloop 
  endfacet
  facet normal -1.948238E-001 9.794442E-001 5.227507E-002
    outer loop 
      vertex -5.832483e-001 3.995738e-001 1.759988e+000
      vertex -5.899986e-001 3.896977e-001 1.919872e+000
      vertex -4.499133e-001 4.202799e-001 1.868957e+000
    endloop 
  endfacet
  facet normal -1.963421E-001 9.802737E-001 2.265679E-002
    outer loop 
      vertex -2.808470e-001 4.522377e-001 1.951379e+000
      vertex -3.242112e-001 4.473091e-001 1.788829e+000
      vertex -4.499133e-001 4.202799e-001 1.868957e+000
    endloop 
  endfacet
  facet normal -9.821871E-001 -1.838656E-001 3.875483E-002
    outer loop 
      vertex -4.264143e-001 -4.540173e-001 1.703326e+000
      vertex -3.999946e-001 -5.832129e-001 1.759953e+000
      vertex -4.189435e-001 -4.594824e-001 1.866737e+000
    endloop 
  endfacet
  facet normal -9.817141E-001 -1.863970E-001 3.864855E-002
    outer loop 
      vertex -4.488824e-001 -3.176313e-001 1.790387e+000
      vertex -4.264143e-001 -4.540173e-001 1.703326e+000
      vertex -4.189435e-001 -4.594824e-001 1.866737e+000
    endloop 
  endfacet
  facet normal -9.792007E-001 -1.958141E-001 5.312948E-002
    outer loop 
      vertex -3.899650e-001 -5.899622e-001 1.919926e+000
      vertex -4.189435e-001 -4.594824e-001 1.866737e+000
      vertex -3.999946e-001 -5.832129e-001 1.759953e+000
    endloop 
  endfacet
  facet normal -9.806973E-001 -1.940494E-001 2.403255E-002
    outer loop 
      vertex -4.427709e-001 -3.274825e-001 1.960236e+000
      vertex -4.488824e-001 -3.176313e-001 1.790387e+000
      vertex -4.189435e-001 -4.594824e-001 1.866737e+000
    endloop 
  endfacet
  facet normal -9.435864E-001 -3.306662E-001 -1.745242E-002
    outer loop 
      vertex -5.355828e-001 1.780550e-002 3.156215e+000
      vertex -4.862222e-001 -1.259671e-001 3.211494e+000
      vertex -5.233817e-001 -2.517623e-002 3.310909e+000
    endloop 
  endfacet
  facet normal -9.396060E-001 -3.422317E-001 -4.238996E-003
    outer loop 
      vertex -5.233817e-001 -2.517623e-002 3.310909e+000
      vertex -4.862222e-001 -1.259671e-001 3.211494e+000
      vertex -4.751637e-001 -1.578978e-001 3.338175e+000
    endloop 
  endfacet
  facet normal -9.400628E-001 -3.400941E-001 -2.485883E-002
    outer loop 
      vertex -5.233817e-001 -2.517623e-002 3.310909e+000
      vertex -5.475554e-001 3.230824e-002 3.438619e+000
      vertex -5.826175e-001 1.408961e-001 3.278935e+000
    endloop 
  endfacet
  facet normal -9.404565E-001 -3.393189E-001 -2.010346E-002
    outer loop 
      vertex -5.355828e-001 1.780550e-002 3.156215e+000
      vertex -5.233817e-001 -2.517623e-002 3.310909e+000
      vertex -5.826175e-001 1.408961e-001 3.278935e+000
    endloop 
  endfacet
  facet normal 3.304141E-001 -9.436648E-001 -1.797841E-002
    outer loop 
      vertex -3.150991e-002 -5.402111e-001 3.167365e+000
      vertex 1.204040e-001 -4.877952e-001 3.208052e+000
      vertex 1.757441e-002 -5.258163e-001 3.313888e+000
    endloop 
  endfacet
  facet normal 3.423680E-001 -9.395532E-001 -4.886894E-003
    outer loop 
      vertex 1.757441e-002 -5.258163e-001 3.313888e+000
      vertex 1.204040e-001 -4.877952e-001 3.208052e+000
      vertex 1.382840e-001 -4.819768e-001 3.342046e+000
    endloop 
  endfacet
  facet normal 3.405792E-001 -9.397925E-001 -2.821249E-002
    outer loop 
      vertex 1.757441e-002 -5.258163e-001 3.313888e+000
      vertex -6.476471e-002 -5.592083e-001 3.432225e+000
      vertex -1.481178e-001 -5.848668e-001 3.280708e+000
    endloop 
  endfacet
  facet normal 3.394128E-001 -9.403960E-001 -2.131407E-002
    outer loop 
      vertex 1.757441e-002 -5.258163e-001 3.313888e+000
      vertex -1.481178e-001 -5.848668e-001 3.280708e+000
      vertex -3.150991e-002 -5.402111e-001 3.167365e+000
    endloop 
  endfacet
  facet normal 1.521934E-001 -9.883297E-001 6.450588E-003
    outer loop 
      vertex 2.427985e-001 -4.687409e-001 1.454725e+000
      vertex 7.913811e-002 -4.937244e-001 1.488217e+000
      vertex 1.437245e-001 -4.848564e-001 1.323095e+000
    endloop 
  endfacet
  facet normal 1.363544E-001 -9.904848E-001 1.863596E-002
    outer loop 
      vertex 1.437245e-001 -4.848564e-001 1.323095e+000
      vertex 2.905959e-001 -4.652218e-001 1.292037e+000
      vertex 2.427985e-001 -4.687409e-001 1.454725e+000
    endloop 
  endfacet
  facet normal -9.641466E-001 -2.650191E-001 1.364817E-002
    outer loop 
      vertex -4.699240e-001 -1.785595e-001 2.545704e+000
      vertex -4.256619e-001 -3.390347e-001 2.556414e+000
      vertex -4.447867e-001 -2.625073e-001 2.691386e+000
    endloop 
  endfacet
  facet normal -9.606612E-001 -2.776631E-001 5.760828E-003
    outer loop 
      vertex -4.447867e-001 -2.625073e-001 2.691386e+000
      vertex -4.967214e-001 -8.327562e-002 2.669564e+000
      vertex -4.699240e-001 -1.785595e-001 2.545704e+000
    endloop 
  endfacet
  facet normal -9.646174E-001 -2.635872E-001 -5.923417E-003
    outer loop 
      vertex -4.699240e-001 -1.785595e-001 2.545704e+000
      vertex -4.967214e-001 -8.327562e-002 2.669564e+000
      vertex -5.109897e-001 -2.783447e-002 2.526041e+000
    endloop 
  endfacet
  facet normal -9.647568E-001 -2.631344E-001 -2.161392E-003
    outer loop 
      vertex -4.699240e-001 -1.785595e-001 2.545704e+000
      vertex -5.109897e-001 -2.783447e-002 2.526041e+000
      vertex -4.891136e-001 -1.068740e-001 2.383933e+000
    endloop 
  endfacet
  facet normal -9.690400E-001 -2.466550E-001 -1.107801E-002
    outer loop 
      vertex -5.104265e-001 -1.456723e-002 2.193030e+000
      vertex -4.891136e-001 -1.068740e-001 2.383933e+000
      vertex -5.267220e-001 4.204912e-002 2.357881e+000
    endloop 
  endfacet
  facet normal -9.689962E-001 -2.467887E-001 -1.190540E-002
    outer loop 
      vertex -4.891136e-001 -1.068740e-001 2.383933e+000
      vertex -5.109897e-001 -2.783447e-002 2.526041e+000
      vertex -5.267220e-001 4.204912e-002 2.357881e+000
    endloop 
  endfacet
  facet normal 2.584529E-001 -9.659961E-001 -7.317634E-003
    outer loop 
      vertex 1.865258e-002 -5.124634e-001 2.465629e+000
      vertex 1.754512e-001 -4.707248e-001 2.493741e+000
      vertex 7.487324e-002 -4.985749e-001 2.617892e+000
    endloop 
  endfacet
  facet normal 2.729710E-001 -9.620074E-001 5.338622E-003
    outer loop 
      vertex 1.754512e-001 -4.707248e-001 2.493741e+000
      vertex 2.313810e-001 -4.539520e-001 2.656394e+000
      vertex 7.487324e-002 -4.985749e-001 2.617892e+000
    endloop 
  endfacet
  facet normal 2.748393E-001 -9.614859E-001 -2.859800E-003
    outer loop 
      vertex 7.487324e-002 -4.985749e-001 2.617892e+000
      vertex 2.313810e-001 -4.539520e-001 2.656394e+000
      vertex 1.214968e-001 -4.857542e-001 2.788189e+000
    endloop 
  endfacet
  facet normal 2.825388E-001 -9.592420E-001 -5.136698E-003
    outer loop 
      vertex 1.214968e-001 -4.857542e-001 2.788189e+000
      vertex -4.888955e-002 -5.355164e-001 2.708999e+000
      vertex 7.487324e-002 -4.985749e-001 2.617892e+000
    endloop 
  endfacet
  facet normal 2.694507E-001 -9.629436E-001 -1.165682E-002
    outer loop 
      vertex 7.487324e-002 -4.985749e-001 2.617892e+000
      vertex -6.034428e-002 -5.359358e-001 2.578594e+000
      vertex 1.865258e-002 -5.124634e-001 2.465629e+000
    endloop 
  endfacet
  facet normal 2.718734E-001 -9.621084E-001 -2.078717E-002
    outer loop 
      vertex -4.888955e-002 -5.355164e-001 2.708999e+000
      vertex -6.034428e-002 -5.359358e-001 2.578594e+000
      vertex 7.487324e-002 -4.985749e-001 2.617892e+000
    endloop 
  endfacet
  facet normal 2.443625E-001 -9.694396E-001 2.176884E-002
    outer loop 
      vertex 4.324272e-001 -4.065420e-001 2.358768e+000
      vertex 3.286939e-001 -4.291264e-001 2.517448e+000
      vertex 2.665046e-001 -4.485892e-001 2.348800e+000
    endloop 
  endfacet
  facet normal 2.262094E-001 -9.739431E-001 1.625400E-002
    outer loop 
      vertex 3.367926e-001 -4.350291e-001 2.183116e+000
      vertex 2.665046e-001 -4.485892e-001 2.348800e+000
      vertex 1.920679e-001 -4.688075e-001 2.173261e+000
    endloop 
  endfacet
  facet normal 2.429034E-001 -9.700112E-001 8.722153E-003
    outer loop 
      vertex 1.920679e-001 -4.688075e-001 2.173261e+000
      vertex 2.665046e-001 -4.485892e-001 2.348800e+000
      vertex 1.084310e-001 -4.883653e-001 2.327402e+000
    endloop 
  endfacet
  facet normal 2.442077E-001 -9.694194E-001 2.425964E-002
    outer loop 
      vertex 4.324272e-001 -4.065420e-001 2.358768e+000
      vertex 2.665046e-001 -4.485892e-001 2.348800e+000
      vertex 3.367926e-001 -4.350291e-001 2.183116e+000
    endloop 
  endfacet
  facet normal 2.764662E-001 -9.607726E-001 2.196553E-002
    outer loop 
      vertex 3.794502e-001 -4.108560e-001 2.677759e+000
      vertex 2.313810e-001 -4.539520e-001 2.656394e+000
      vertex 3.286939e-001 -4.291264e-001 2.517448e+000
    endloop 
  endfacet
  facet normal -2.598822E-001 9.641925E-001 5.285973E-002
    outer loop 
      vertex -6.091216e-001 3.590598e-001 2.400014e+000
      vertex -6.151777e-001 3.486574e-001 2.559986e+000
      vertex -4.706402e-001 3.910597e-001 2.497154e+000
    endloop 
  endfacet
  facet normal -2.493810E-001 9.677086E-001 3.673103E-002
    outer loop 
      vertex -4.352706e-001 4.056824e-001 2.352046e+000
      vertex -6.091216e-001 3.590598e-001 2.400014e+000
      vertex -4.706402e-001 3.910597e-001 2.497154e+000
    endloop 
  endfacet
  facet normal -2.793639E-001 9.598451E-001 2.555623E-002
    outer loop 
      vertex -3.895611e-001 4.061572e-001 2.729189e+000
      vertex -2.620148e-001 4.443167e-001 2.690240e+000
      vertex -3.643339e-001 4.172084e-001 2.589892e+000
    endloop 
  endfacet
  facet normal -9.902862E-001 -1.388636E-001 7.073602E-003
    outer loop 
      vertex -4.871511e-001 -1.233156e-001 1.436594e+000
      vertex -5.051783e-001 5.744621e-004 1.344954e+000
      vertex -4.806567e-001 -1.767482e-001 1.296840e+000
    endloop 
  endfacet
  facet normal -9.889527E-001 -1.478539E-001 1.057285E-002
    outer loop 
      vertex -4.871511e-001 -1.233156e-001 1.436594e+000
      vertex -4.806567e-001 -1.767482e-001 1.296840e+000
      vertex -4.657630e-001 -2.680280e-001 1.413470e+000
    endloop 
  endfacet
  facet normal 3.442705E-001 -9.380563E-001 -3.909237E-002
    outer loop 
      vertex -1.878806e-001 -6.055295e-001 3.426353e+000
      vertex -2.961177e-001 -6.424845e-001 3.359924e+000
      vertex -1.481178e-001 -5.848668e-001 3.280708e+000
    endloop 
  endfacet
  facet normal 3.534202E-001 -9.347668E-001 -3.612771E-002
    outer loop 
      vertex -6.476471e-002 -5.592083e-001 3.432225e+000
      vertex -1.878806e-001 -6.055295e-001 3.426353e+000
      vertex -1.481178e-001 -5.848668e-001 3.280708e+000
    endloop 
  endfacet
  facet normal 3.624338E-001 -9.311054E-001 -4.104265E-002
    outer loop 
      vertex -2.850494e-001 -6.474788e-001 3.519964e+000
      vertex -1.878806e-001 -6.055295e-001 3.426353e+000
      vertex -1.529848e-001 -5.978845e-001 3.561069e+000
    endloop 
  endfacet
  facet normal 3.534887E-001 -9.346451E-001 -3.852472E-002
    outer loop 
      vertex -6.476471e-002 -5.592083e-001 3.432225e+000
      vertex -1.529848e-001 -5.978845e-001 3.561069e+000
      vertex -1.878806e-001 -6.055295e-001 3.426353e+000
    endloop 
  endfacet
  facet normal 3.519012E-001 -9.345070E-001 -5.349994E-002
    outer loop 
      vertex -1.878806e-001 -6.055295e-001 3.426353e+000
      vertex -2.850494e-001 -6.474788e-001 3.519964e+000
      vertex -2.961177e-001 -6.424845e-001 3.359924e+000
    endloop 
  endfacet
  facet normal 4.734967E-002 -9.980915E-001 -3.964129E-002
    outer loop 
      vertex -3.263169e-001 -5.215542e-001 6.152004e-001
      vertex -4.754114e-001 -5.232548e-001 4.799298e-001
      vertex -2.814228e-001 -5.141965e-001 4.835712e-001
    endloop 
  endfacet
  facet normal 6.048905E-002 -9.975505E-001 -3.512966E-002
    outer loop 
      vertex -1.559617e-001 -5.101389e-001 5.843781e-001
      vertex -3.263169e-001 -5.215542e-001 6.152004e-001
      vertex -2.814228e-001 -5.141965e-001 4.835712e-001
    endloop 
  endfacet
  facet normal 7.336093E-002 -9.965646E-001 -3.843489E-002
    outer loop 
      vertex -3.263169e-001 -5.215542e-001 6.152004e-001
      vertex -2.066692e-001 -5.165181e-001 7.129931e-001
      vertex -3.270743e-001 -5.286736e-001 7.983500e-001
    endloop 
  endfacet
  facet normal 6.351994E-002 -9.972376E-001 -3.850175E-002
    outer loop 
      vertex -3.270743e-001 -5.286736e-001 7.983500e-001
      vertex -4.663427e-001 -5.314287e-001 6.399463e-001
      vertex -3.263169e-001 -5.215542e-001 6.152004e-001
    endloop 
  endfacet
  facet normal 6.235195E-002 -9.977434E-001 -2.490488E-002
    outer loop 
      vertex -3.263169e-001 -5.215542e-001 6.152004e-001
      vertex -1.559617e-001 -5.101389e-001 5.843781e-001
      vertex -2.066692e-001 -5.165181e-001 7.129931e-001
    endloop 
  endfacet
  facet normal 6.067942E-002 -9.966764E-001 -5.435105E-002
    outer loop 
      vertex -3.263169e-001 -5.215542e-001 6.152004e-001
      vertex -4.663427e-001 -5.314287e-001 6.399463e-001
      vertex -4.754114e-001 -5.232548e-001 4.799298e-001
    endloop 
  endfacet
  facet normal 9.884022E-001 1.511275E-001 1.488163E-002
    outer loop 
      vertex 4.686331e-001 2.243496e-001 1.617840e+000
      vertex 4.828029e-001 1.501736e-001 1.430001e+000
      vertex 4.575396e-001 3.112248e-001 1.472405e+000
    endloop 
  endfacet
  facet normal 9.854407E-001 1.681319E-001 2.526507E-002
    outer loop 
      vertex 4.575396e-001 3.112248e-001 1.472405e+000
      vertex 4.460430e-001 3.561769e-001 1.621673e+000
      vertex 4.686331e-001 2.243496e-001 1.617840e+000
    endloop 
  endfacet
  facet normal 9.859447E-001 1.668564E-001 8.485029E-003
    outer loop 
      vertex 4.828029e-001 1.501736e-001 1.430001e+000
      vertex 4.686331e-001 2.243496e-001 1.617840e+000
      vertex 4.977370e-001 5.356900e-002 1.594389e+000
    endloop 
  endfacet
  facet normal 9.823677E-001 1.863685E-001 1.484625E-002
    outer loop 
      vertex 4.456225e-001 3.313529e-001 1.797200e+000
      vertex 4.788081e-001 1.575172e-001 1.783530e+000
      vertex 4.686331e-001 2.243496e-001 1.617840e+000
    endloop 
  endfacet
  facet normal 9.859200E-001 1.670771E-001 6.846766E-003
    outer loop 
      vertex 4.977370e-001 5.356900e-002 1.594389e+000
      vertex 4.686331e-001 2.243496e-001 1.617840e+000
      vertex 4.788081e-001 1.575172e-001 1.783530e+000
    endloop 
  endfacet
  facet normal 9.854228E-001 1.681035E-001 2.613482E-002
    outer loop 
      vertex 4.456225e-001 3.313529e-001 1.797200e+000
      vertex 4.686331e-001 2.243496e-001 1.617840e+000
      vertex 4.460430e-001 3.561769e-001 1.621673e+000
    endloop 
  endfacet
  facet normal 9.885491E-001 1.493008E-001 2.190693E-002
    outer loop 
      vertex 4.828029e-001 1.501736e-001 1.430001e+000
      vertex 4.681025e-001 2.673589e-001 1.294709e+000
      vertex 4.575396e-001 3.112248e-001 1.472405e+000
    endloop 
  endfacet
  facet normal -9.305642E-001 -3.641777E-001 -3.774675E-002
    outer loop 
      vertex -5.827535e-001 1.100020e-001 3.596950e+000
      vertex -6.477200e-001 2.839909e-001 3.519928e+000
      vertex -6.010623e-001 1.734103e-001 3.436555e+000
    endloop 
  endfacet
  facet normal -9.343383E-001 -3.547989E-001 -3.360823E-002
    outer loop 
      vertex -5.827535e-001 1.100020e-001 3.596950e+000
      vertex -6.010623e-001 1.734103e-001 3.436555e+000
      vertex -5.475554e-001 3.230824e-002 3.438619e+000
    endloop 
  endfacet
  facet normal -9.247304E-001 -3.790904E-001 -3.412088E-002
    outer loop 
      vertex -6.525724e-001 2.728422e-001 3.679963e+000
      vertex -5.827535e-001 1.100020e-001 3.596950e+000
      vertex -5.793635e-001 8.264235e-002 3.809048e+000
    endloop 
  endfacet
  facet normal -9.238699E-001 -3.811573E-001 -3.440126E-002
    outer loop 
      vertex -5.311298e-001 -2.480173e-002 3.704150e+000
      vertex -5.793635e-001 8.264235e-002 3.809048e+000
      vertex -5.827535e-001 1.100020e-001 3.596950e+000
    endloop 
  endfacet
  facet normal -9.290376E-001 -3.691120E-001 -2.540634E-002
    outer loop 
      vertex -5.091706e-001 -7.363027e-002 3.574104e+000
      vertex -5.827535e-001 1.100020e-001 3.596950e+000
      vertex -5.475554e-001 3.230824e-002 3.438619e+000
    endloop 
  endfacet
  facet normal -9.288689E-001 -3.699743E-001 -1.793137E-002
    outer loop 
      vertex -5.091706e-001 -7.363027e-002 3.574104e+000
      vertex -5.311298e-001 -2.480173e-002 3.704150e+000
      vertex -5.827535e-001 1.100020e-001 3.596950e+000
    endloop 
  endfacet
  facet normal -9.274060E-001 -3.701517E-001 -5.390550E-002
    outer loop 
      vertex -6.477200e-001 2.839909e-001 3.519928e+000
      vertex -5.827535e-001 1.100020e-001 3.596950e+000
      vertex -6.525724e-001 2.728422e-001 3.679963e+000
    endloop 
  endfacet
  facet normal -8.026359E-003 9.995570E-001 -2.866184E-002
    outer loop 
      vertex 3.721258e-001 5.041080e-001 1.328358e-001
      vertex 2.211223e-001 5.030888e-001 1.395793e-001
      vertex 2.766110e-001 5.073472e-001 2.725483e-001
    endloop 
  endfacet
  facet normal -8.022235E-003 9.995596E-001 -2.856910E-002
    outer loop 
      vertex 3.721258e-001 5.041080e-001 1.328358e-001
      vertex 3.333333e-001 5.000000e-001 0.000000e+000
      vertex 2.211223e-001 5.030888e-001 1.395793e-001
    endloop 
  endfacet
  facet normal 0.000000E+000 9.995222E-001 -3.091071E-002
    outer loop 
      vertex 5.000000e-001 5.000000e-001 0.000000e+000
      vertex 3.333333e-001 5.000000e-001 0.000000e+000
      vertex 3.721258e-001 5.041080e-001 1.328358e-001
    endloop 
  endfacet
  facet normal -2.332374E-002 9.989628E-001 -3.910616E-002
    outer loop 
      vertex 3.721258e-001 5.041080e-001 1.328358e-001
      vertex 2.766110e-001 5.073472e-001 2.725483e-001
      vertex 3.952172e-001 5.096325e-001 2.601868e-001
    endloop 
  endfacet
  facet normal -5.867436E-003 9.990887E-001 -4.227681E-002
    outer loop 
      vertex 3.721258e-001 5.041080e-001 1.328358e-001
      vertex 3.952172e-001 5.096325e-001 2.601868e-001
      vertex 4.937662e-001 5.059710e-001 1.599804e-001
    endloop 
  endfacet
  facet normal -6.921485E-003 9.992701E-001 -3.756587E-002
    outer loop 
      vertex 4.937662e-001 5.059710e-001 1.599804e-001
      vertex 5.000000e-001 5.000000e-001 0.000000e+000
      vertex 3.721258e-001 5.041080e-001 1.328358e-001
    endloop 
  endfacet
  facet normal -9.379805E-001 -3.445218E-001 -3.869436E-002
    outer loop 
      vertex -6.426458e-001 2.952217e-001 3.360001e+000
      vertex -5.826175e-001 1.408961e-001 3.278935e+000
      vertex -6.010623e-001 1.734103e-001 3.436555e+000
    endloop 
  endfacet
  facet normal -9.342436E-001 -3.548000E-001 -3.613687E-002
    outer loop 
      vertex -5.826175e-001 1.408961e-001 3.278935e+000
      vertex -5.475554e-001 3.230824e-002 3.438619e+000
      vertex -6.010623e-001 1.734103e-001 3.436555e+000
    endloop 
  endfacet
  facet normal -9.340172E-001 -3.530572E-001 -5.442874E-002
    outer loop 
      vertex -6.426458e-001 2.952217e-001 3.360001e+000
      vertex -6.010623e-001 1.734103e-001 3.436555e+000
      vertex -6.477200e-001 2.839909e-001 3.519928e+000
    endloop 
  endfacet
  facet normal 3.914630E-002 -9.986649E-001 -3.370566E-002
    outer loop 
      vertex -2.814228e-001 -5.141965e-001 4.835712e-001
      vertex -3.206196e-001 -5.108154e-001 3.378678e-001
      vertex -1.232542e-001 -5.053875e-001 4.062698e-001
    endloop 
  endfacet
  facet normal 4.728594E-002 -9.982366E-001 -3.588542E-002
    outer loop 
      vertex -3.206196e-001 -5.108154e-001 3.378678e-001
      vertex -2.814228e-001 -5.141965e-001 4.835712e-001
      vertex -4.754114e-001 -5.232548e-001 4.799298e-001
    endloop 
  endfacet
  facet normal 4.680277E-002 -9.987411E-001 -1.804824E-002
    outer loop 
      vertex -1.232542e-001 -5.053875e-001 4.062698e-001
      vertex -1.559617e-001 -5.101389e-001 5.843781e-001
      vertex -2.814228e-001 -5.141965e-001 4.835712e-001
    endloop 
  endfacet
  facet normal 9.366441E-001 3.501656E-001 -9.047381E-003
    outer loop 
      vertex 5.017483e-001 8.124610e-002 3.301124e+000
      vertex 4.949993e-001 1.042052e-001 3.491020e+000
      vertex 5.481557e-001 -4.063985e-002 3.388112e+000
    endloop 
  endfacet
  facet normal 9.371592E-001 3.487892E-001 -8.862667E-003
    outer loop 
      vertex 5.017483e-001 8.124610e-002 3.301124e+000
      vertex 4.572606e-001 2.031136e-001 3.392974e+000
      vertex 4.949993e-001 1.042052e-001 3.491020e+000
    endloop 
  endfacet
  facet normal 9.398586E-001 3.407196E-001 -2.399768E-002
    outer loop 
      vertex 5.463119e-001 -4.866846e-002 3.201910e+000
      vertex 5.017483e-001 8.124610e-002 3.301124e+000
      vertex 5.481557e-001 -4.063985e-002 3.388112e+000
    endloop 
  endfacet
  facet normal -9.995031E-001 -9.127436E-003 -3.016876E-002
    outer loop 
      vertex -5.021983e-001 2.230158e-001 1.062060e-001
      vertex -5.050887e-001 3.561897e-001 1.616751e-001
      vertex -5.000000e-001 3.333333e-001 0.000000e+000
    endloop 
  endfacet
  facet normal -9.983610E-001 -7.101717E-003 -5.678880E-002
    outer loop 
      vertex -5.050887e-001 3.561897e-001 1.616751e-001
      vertex -5.150146e-001 4.843047e-001 3.201545e-001
      vertex -5.059950e-001 4.938416e-001 1.603949e-001
    endloop 
  endfacet
  facet normal -9.992682E-001 -6.929370E-003 -3.761542E-002
    outer loop 
      vertex -5.050887e-001 3.561897e-001 1.616751e-001
      vertex -5.059950e-001 4.938416e-001 1.603949e-001
      vertex -5.000000e-001 5.000000e-001 0.000000e+000
    endloop 
  endfacet
  facet normal -9.995050E-001 0.000000E+000 -3.145919E-002
    outer loop 
      vertex -5.050887e-001 3.561897e-001 1.616751e-001
      vertex -5.000000e-001 5.000000e-001 0.000000e+000
      vertex -5.000000e-001 3.333333e-001 0.000000e+000
    endloop 
  endfacet
  facet normal 9.987827E-001 3.035372E-002 -3.888227E-002
    outer loop 
      vertex 5.149729e-001 -4.843509e-001 3.200034e-001
      vertex 5.075800e-001 -3.624688e-001 2.252494e-001
      vertex 5.103946e-001 -2.929031e-001 3.518542e-001
    endloop 
  endfacet
  facet normal 9.993422E-001 5.113066E-003 -3.590140E-002
    outer loop 
      vertex 5.075800e-001 -3.624688e-001 2.252494e-001
      vertex 5.059130e-001 -4.936852e-001 1.601571e-001
      vertex 5.029851e-001 -3.324519e-001 1.016213e-001
    endloop 
  endfacet
  facet normal 9.982196E-001 1.584326E-002 -5.750313E-002
    outer loop 
      vertex 5.149729e-001 -4.843509e-001 3.200034e-001
      vertex 5.059130e-001 -4.936852e-001 1.601571e-001
      vertex 5.075800e-001 -3.624688e-001 2.252494e-001
    endloop 
  endfacet
  facet normal 3.792227E-001 -9.243901E-001 4.114781E-002
    outer loop 
      vertex 6.514464e-001 -2.736446e-001 3.679956e+000
      vertex 5.398316e-001 -3.125344e-001 3.834947e+000
      vertex 5.377012e-001 -3.221575e-001 3.638396e+000
    endloop 
  endfacet
  facet normal 3.840604E-001 -9.223973E-001 4.099781E-002
    outer loop 
      vertex 5.377012e-001 -3.221575e-001 3.638396e+000
      vertex 5.398316e-001 -3.125344e-001 3.834947e+000
      vertex 4.442104e-001 -3.571939e-001 3.725929e+000
    endloop 
  endfacet
  facet normal 3.972676E-001 -9.171491E-001 3.187528E-002
    outer loop 
      vertex 4.000407e-001 -3.721414e-001 3.862112e+000
      vertex 5.398316e-001 -3.125344e-001 3.834947e+000
      vertex 5.088789e-001 -3.202053e-001 4.000000e+000
    endloop 
  endfacet
  facet normal 3.966692E-001 -9.175361E-001 2.794701E-002
    outer loop 
      vertex 4.442104e-001 -3.571939e-001 3.725929e+000
      vertex 5.398316e-001 -3.125344e-001 3.834947e+000
      vertex 4.000407e-001 -3.721414e-001 3.862112e+000
    endloop 
  endfacet
  facet normal 4.251003E-001 -9.043612E-001 3.768912E-002
    outer loop 
      vertex 5.088789e-001 -3.202053e-001 4.000000e+000
      vertex 5.398316e-001 -3.125344e-001 3.834947e+000
      vertex 6.613969e-001 -2.485134e-001 4.000000e+000
    endloop 
  endfacet
  facet normal 4.007143E-001 -9.142911E-001 5.915870E-002
    outer loop 
      vertex 6.566997e-001 -2.610161e-001 3.839545e+000
      vertex 5.398316e-001 -3.125344e-001 3.834947e+000
      vertex 6.514464e-001 -2.736446e-001 3.679956e+000
    endloop 
  endfacet
  facet normal 4.006943E-001 -9.142771E-001 5.951087E-002
    outer loop 
      vertex 5.398316e-001 -3.125344e-001 3.834947e+000
      vertex 6.566997e-001 -2.610161e-001 3.839545e+000
      vertex 6.613969e-001 -2.485134e-001 4.000000e+000
    endloop 
  endfacet
  facet normal -9.199474E-001 -3.875542E-001 5.914870E-002
    outer loop 
      vertex -2.613418e-001 -6.574665e-001 3.839870e+000
      vertex -3.091094e-001 -5.585604e-001 3.744987e+000
      vertex -2.737574e-001 -6.524187e-001 3.679842e+000
    endloop 
  endfacet
  facet normal 1.005923E-002 -9.998284E-001 1.555700E-002
    outer loop 
      vertex 1.666667e-001 -5.000000e-001 0.000000e+000
      vertex 3.323035e-001 -4.966350e-001 1.091615e-001
      vertex 1.433453e-001 -4.979096e-001 1.494267e-001
    endloop 
  endfacet
  facet normal 0.000000E+000 -9.995252E-001 3.081107E-002
    outer loop 
      vertex 3.333333e-001 -5.000000e-001 0.000000e+000
      vertex 3.323035e-001 -4.966350e-001 1.091615e-001
      vertex 1.666667e-001 -5.000000e-001 0.000000e+000
    endloop 
  endfacet
  facet normal 0.000000E+000 -9.995252E-001 3.081107E-002
    outer loop 
      vertex 3.333333e-001 -5.000000e-001 0.000000e+000
      vertex 5.000000e-001 -5.000000e-001 0.000000e+000
      vertex 3.323035e-001 -4.966350e-001 1.091615e-001
    endloop 
  endfacet
  facet normal 5.464253E-003 -9.992166E-001 3.919588E-002
    outer loop 
      vertex 5.000000e-001 -5.000000e-001 0.000000e+000
      vertex 5.059130e-001 -4.936852e-001 1.601571e-001
      vertex 3.323035e-001 -4.966350e-001 1.091615e-001
    endloop 
  endfacet
  facet normal -8.436258E-003 9.998438E-001 1.553172E-002
    outer loop 
      vertex -3.357622e-001 4.969490e-001 1.045604e-001
      vertex -1.505266e-001 4.975653e-001 1.654989e-001
      vertex -1.666667e-001 5.000000e-001 0.000000e+000
    endloop 
  endfacet
  facet normal 0.000000E+000 9.995745E-001 2.916702E-002
    outer loop 
      vertex -3.333333e-001 5.000000e-001 0.000000e+000
      vertex -3.357622e-001 4.969490e-001 1.045604e-001
      vertex -1.666667e-001 5.000000e-001 0.000000e+000
    endloop 
  endfacet
  facet normal 0.000000E+000 9.995745E-001 2.916702E-002
    outer loop 
      vertex -5.000000e-001 5.000000e-001 0.000000e+000
      vertex -3.357622e-001 4.969490e-001 1.045604e-001
      vertex -3.333333e-001 5.000000e-001 0.000000e+000
    endloop 
  endfacet
  facet normal -5.726443E-003 9.992555E-001 3.815250E-002
    outer loop 
      vertex -3.357622e-001 4.969490e-001 1.045604e-001
      vertex -5.000000e-001 5.000000e-001 0.000000e+000
      vertex -5.059950e-001 4.938416e-001 1.603949e-001
    endloop 
  endfacet
  facet normal -3.981081E-001 9.172063E-001 -1.557653E-002
    outer loop 
      vertex -5.154900e-002 5.247262e-001 4.000000e+000
      vertex 9.580727e-002 5.865562e-001 3.874627e+000
      vertex -9.491866e-002 5.032460e-001 3.843613e+000
    endloop 
  endfacet
  facet normal -3.965806E-001 9.176286E-001 -2.610429E-002
    outer loop 
      vertex 1.409675e-002 5.465940e-001 3.711218e+000
      vertex -9.491866e-002 5.032460e-001 3.843613e+000
      vertex 9.580727e-002 5.865562e-001 3.874627e+000
    endloop 
  endfacet
  facet normal -4.090239E-001 9.119977E-001 -3.097507E-002
    outer loop 
      vertex 9.886529e-002 5.921859e-001 4.000000e+000
      vertex 9.580727e-002 5.865562e-001 3.874627e+000
      vertex -5.154900e-002 5.247262e-001 4.000000e+000
    endloop 
  endfacet
  facet normal -4.239353E-001 9.051853E-001 -3.030546E-002
    outer loop 
      vertex 2.473460e-001 6.617255e-001 4.000000e+000
      vertex 9.580727e-002 5.865562e-001 3.874627e+000
      vertex 9.886529e-002 5.921859e-001 4.000000e+000
    endloop 
  endfacet
  facet normal -4.023702E-001 9.134218E-001 -6.130951E-002
    outer loop 
      vertex 2.604253e-001 6.567360e-001 3.839826e+000
      vertex 9.580727e-002 5.865562e-001 3.874627e+000
      vertex 2.473460e-001 6.617255e-001 4.000000e+000
    endloop 
  endfacet
  facet normal -9.990634E-001 -2.175412E-002 -3.740491E-002
    outer loop 
      vertex -5.045466e-001 1.870618e-001 2.455596e-001
      vertex -5.115923e-001 3.299997e-001 3.506138e-001
      vertex -5.050887e-001 3.561897e-001 1.616751e-001
    endloop 
  endfacet
  facet normal -9.992011E-001 -3.476539E-002 -1.971086E-002
    outer loop 
      vertex -5.115923e-001 3.299997e-001 3.506138e-001
      vertex -5.045466e-001 1.870618e-001 2.455596e-001
      vertex -5.062708e-001 1.440023e-001 4.089105e-001
    endloop 
  endfacet
  facet normal -9.997067E-001 -1.325609E-002 -2.026702E-002
    outer loop 
      vertex -5.050887e-001 3.561897e-001 1.616751e-001
      vertex -5.021983e-001 2.230158e-001 1.062060e-001
      vertex -5.045466e-001 1.870618e-001 2.455596e-001
    endloop 
  endfacet
  facet normal -9.997344E-001 -1.168541E-002 -1.986225E-002
    outer loop 
      vertex -5.021983e-001 2.230158e-001 1.062060e-001
      vertex -5.009189e-001 6.144645e-002 1.368636e-001
      vertex -5.045466e-001 1.870618e-001 2.455596e-001
    endloop 
  endfacet
  facet normal 4.023005E-002 -9.987688E-001 2.902574E-002
    outer loop 
      vertex 2.139661e-001 -4.916436e-001 4.061214e-001
      vertex 3.816906e-001 -4.846827e-001 4.131759e-001
      vertex 3.039441e-001 -4.841511e-001 5.392272e-001
    endloop 
  endfacet
  facet normal 4.132767E-002 -9.990780E-001 1.162370E-002
    outer loop 
      vertex 2.139661e-001 -4.916436e-001 4.061214e-001
      vertex 4.594867e-002 -4.984792e-001 4.159685e-001
      vertex 1.317228e-001 -4.963416e-001 2.947372e-001
    endloop 
  endfacet
  facet normal 0.000000E+000 0.000000E+000 1.000000E+000
    outer loop 
      vertex -4.949367e-001 1.929878e-001 4.000000e+000
      vertex -5.933057e-001 9.891428e-002 4.000000e+000
      vertex -4.640999e-001 7.020666e-002 4.000000e+000
    endloop 
  endfacet
  facet normal 0.000000E+000 0.000000E+000 1.000000E+000
    outer loop 
      vertex -3.597284e-001 1.276021e-001 4.000000e+000
      vertex -4.949367e-001 1.929878e-001 4.000000e+000
      vertex -4.640999e-001 7.020666e-002 4.000000e+000
    endloop 
  endfacet
  facet normal 0.000000E+000 0.000000E+000 1.000000E+000
    outer loop 
      vertex -6.628677e-001 2.481168e-001 4.000000e+000
      vertex -4.949367e-001 1.929878e-001 4.000000e+000
      vertex -5.097368e-001 3.194416e-001 4.000000e+000
    endloop 
  endfacet
  facet normal 0.000000E+000 0.000000E+000 1.000000E+000
    outer loop 
      vertex -5.933057e-001 9.891428e-002 4.000000e+000
      vertex -4.949367e-001 1.929878e-001 4.000000e+000
      vertex -6.628677e-001 2.481168e-001 4.000000e+000
    endloop 
  endfacet
  facet normal 9.460680E-001 3.230278E-001 -2.466435E-002
    outer loop 
      vertex 5.919361e-001 -1.886240e-001 3.118959e+000
      vertex 5.488405e-001 -7.007077e-002 3.018594e+000
      vertex 5.463119e-001 -4.866846e-002 3.201910e+000
    endloop 
  endfacet
  facet normal 9.529772E-001 3.019758E-001 -2.539948E-002
    outer loop 
      vertex 5.488405e-001 -7.007077e-002 3.018594e+000
      vertex 5.500196e-001 -8.819564e-002 2.847346e+000
      vertex 5.128987e-001 3.487626e-002 2.917796e+000
    endloop 
  endfacet
  facet normal -9.178439E-001 -3.966809E-001 1.438779E-002
    outer loop 
      vertex -3.894173e-001 -3.559179e-001 4.000000e+000
      vertex -4.350980e-001 -2.554602e-001 3.855564e+000
      vertex -3.748086e-001 -3.947661e-001 3.860864e+000
    endloop 
  endfacet
  facet normal -9.115384E-001 -4.107766E-001 1.898552E-002
    outer loop 
      vertex -3.894173e-001 -3.559179e-001 4.000000e+000
      vertex -3.748086e-001 -3.947661e-001 3.860864e+000
      vertex -3.202075e-001 -5.094986e-001 4.000000e+000
    endloop 
  endfacet
  facet normal 9.252727E-001 3.770199E-001 -4.155116E-002
    outer loop 
      vertex 6.010562e-001 -1.567879e-001 3.618168e+000
      vertex 6.088114e-001 -1.609873e-001 3.752759e+000
      vertex 6.514464e-001 -2.736446e-001 3.679956e+000
    endloop 
  endfacet
  facet normal 9.198529E-001 3.875003E-001 -6.094266E-002
    outer loop 
      vertex 6.088114e-001 -1.609873e-001 3.752759e+000
      vertex 6.566997e-001 -2.610161e-001 3.839545e+000
      vertex 6.514464e-001 -2.736446e-001 3.679956e+000
    endloop 
  endfacet
  facet normal 0.000000E+000 0.000000E+000 1.000000E+000
    outer loop 
      vertex 3.654698e-001 7.759807e-002 4.000000e+000
      vertex 2.974397e-001 2.444289e-001 4.000000e+000
      vertex 1.980371e-001 1.375181e-001 4.000000e+000
    endloop 
  endfacet
  facet normal 0.000000E+000 0.000000E+000 1.000000E+000
    outer loop 
      vertex 4.566539e-001 2.022846e-001 4.000000e+000
      vertex 2.974397e-001 2.444289e-001 4.000000e+000
      vertex 3.654698e-001 7.759807e-002 4.000000e+000
    endloop 
  endfacet
  facet normal 0.000000E+000 0.000000E+000 1.000000E+000
    outer loop 
      vertex 4.566539e-001 2.022846e-001 4.000000e+000
      vertex 3.882975e-001 3.551098e-001 4.000000e+000
      vertex 2.974397e-001 2.444289e-001 4.000000e+000
    endloop 
  endfacet
  facet normal 0.000000E+000 0.000000E+000 1.000000E+000
    outer loop 
      vertex 1.265539e-001 2.871863e-001 4.000000e+000
      vertex 1.980371e-001 1.375181e-001 4.000000e+000
      vertex 2.974397e-001 2.444289e-001 4.000000e+000
    endloop 
  endfacet
  facet normal 0.000000E+000 0.000000E+000 1.000000E+000
    outer loop 
      vertex 9.886529e-002 5.921859e-001 4.000000e+000
      vertex -5.154900e-002 5.247262e-001 4.000000e+000
      vertex 7.981943e-002 4.416161e-001 4.000000e+000
    endloop 
  endfacet
  facet normal 0.000000E+000 0.000000E+000 -1.000000E+000
    outer loop 
      vertex -3.333333e-001 5.000000e-001 0.000000e+000
      vertex -1.666667e-001 5.000000e-001 0.000000e+000
      vertex -2.453599e-001 3.902999e-001 0.000000e+000
    endloop 
  endfacet
  facet normal 0.000000E+000 0.000000E+000 1.000000E+000
    outer loop 
      vertex -1.033215e-001 -1.121285e-001 4.000000e+000
      vertex -2.554534e-001 -8.402411e-002 4.000000e+000
      vertex -2.425184e-001 -2.287062e-001 4.000000e+000
    endloop 
  endfacet
  facet normal 0.000000E+000 0.000000E+000 1.000000E+000
    outer loop 
      vertex -1.877204e-001 -3.656355e-001 4.000000e+000
      vertex -2.425184e-001 -2.287062e-001 4.000000e+000
      vertex -3.894173e-001 -3.559179e-001 4.000000e+000
    endloop 
  endfacet
  facet normal 0.000000E+000 0.000000E+000 1.000000E+000
    outer loop 
      vertex -4.576898e-001 -2.030507e-001 4.000000e+000
      vertex -3.894173e-001 -3.559179e-001 4.000000e+000
      vertex -2.425184e-001 -2.287062e-001 4.000000e+000
    endloop 
  endfacet
  facet normal 0.000000E+000 0.000000E+000 1.000000E+000
    outer loop 
      vertex -4.576898e-001 -2.030507e-001 4.000000e+000
      vertex -2.425184e-001 -2.287062e-001 4.000000e+000
      vertex -2.554534e-001 -8.402411e-002 4.000000e+000
    endloop 
  endfacet
  facet normal 0.000000E+000 0.000000E+000 1.000000E+000
    outer loop 
      vertex -2.136871e-001 3.141399e-001 4.000000e+000
      vertex -2.031989e-001 4.567106e-001 4.000000e+000
      vertex -3.560113e-001 3.883158e-001 4.000000e+000
    endloop 
  endfacet
  facet normal 0.000000E+000 0.000000E+000 -1.000000E+000
    outer loop 
      vertex 3.739951e-001 3.607144e-001 0.000000e+000
      vertex 2.542583e-001 3.949247e-001 0.000000e+000
      vertex 3.333333e-001 5.000000e-001 0.000000e+000
    endloop 
  endfacet
  facet normal 0.000000E+000 0.000000E+000 -1.000000E+000
    outer loop 
      vertex 2.514211e-001 2.763562e-001 0.000000e+000
      vertex 2.542583e-001 3.949247e-001 0.000000e+000
      vertex 3.739951e-001 3.607144e-001 0.000000e+000
    endloop 
  endfacet
  facet normal 0.000000E+000 0.000000E+000 -1.000000E+000
    outer loop 
      vertex 5.000000e-001 3.333333e-001 0.000000e+000
      vertex 3.775123e-001 2.188884e-001 0.000000e+000
      vertex 3.739951e-001 3.607144e-001 0.000000e+000
    endloop 
  endfacet
  facet normal 0.000000E+000 0.000000E+000 -1.000000E+000
    outer loop 
      vertex 3.775123e-001 2.188884e-001 0.000000e+000
      vertex 2.514211e-001 2.763562e-001 0.000000e+000
      vertex 3.739951e-001 3.607144e-001 0.000000e+000
    endloop 
  endfacet
  facet normal 0.000000E+000 0.000000E+000 -1.000000E+000
    outer loop 
      vertex 3.739951e-001 3.607144e-001 0.000000e+000
      vertex 3.333333e-001 5.000000e-001 0.000000e+000
      vertex 5.000000e-001 5.000000e-001 0.000000e+000
    endloop 
  endfacet
  facet normal 0.000000E+000 0.000000E+000 -1.000000E+000
    outer loop 
      vertex 5.000000e-001 3.333333e-001 0.000000e+000
      vertex 3.739951e-001 3.607144e-001 0.000000e+000
      vertex 5.000000e-001 5.000000e-001 0.000000e+000
    endloop 
  endfacet
  facet normal 0.000000E+000 0.000000E+000 -1.000000E+000
    outer loop 
      vertex -3.766828e-001 6.072977e-002 0.000000e+000
      vertex -2.533354e-001 -3.212956e-002 0.000000e+000
      vertex -3.789835e-001 -8.326499e-002 0.000000e+000
    endloop 
  endfacet
  facet normal 0.000000E+000 0.000000E+000 -1.000000E+000
    outer loop 
      vertex -3.766828e-001 6.072977e-002 0.000000e+000
      vertex -3.789835e-001 -8.326499e-002 0.000000e+000
      vertex -5.000000e-001 0.000000e+000 0.000000e+000
    endloop 
  endfacet
  facet normal 0.000000E+000 0.000000E+000 -1.000000E+000
    outer loop 
      vertex -3.766828e-001 6.072977e-002 0.000000e+000
      vertex -5.000000e-001 0.000000e+000 0.000000e+000
      vertex -5.000000e-001 1.666667e-001 0.000000e+000
    endloop 
  endfacet
  facet normal 0.000000E+000 0.000000E+000 -1.000000E+000
    outer loop 
      vertex -1.666667e-001 -5.000000e-001 0.000000e+000
      vertex -6.641074e-002 -3.674450e-001 0.000000e+000
      vertex 0.000000e+000 -5.000000e-001 0.000000e+000
    endloop 
  endfacet
  facet normal 0.000000E+000 0.000000E+000 -1.000000E+000
    outer loop 
      vertex 1.666667e-001 5.000000e-001 0.000000e+000
      vertex 1.274870e-001 3.588903e-001 0.000000e+000
      vertex 0.000000e+000 5.000000e-001 0.000000e+000
    endloop 
  endfacet
  facet normal 0.000000E+000 0.000000E+000 -1.000000E+000
    outer loop 
      vertex 5.137601e-003 2.877174e-001 0.000000e+000
      vertex 0.000000e+000 5.000000e-001 0.000000e+000
      vertex 1.274870e-001 3.588903e-001 0.000000e+000
    endloop 
  endfacet
  facet normal 0.000000E+000 0.000000E+000 -1.000000E+000
    outer loop 
      vertex 5.000000e-001 0.000000e+000 0.000000e+000
      vertex 3.779213e-001 8.281100e-002 0.000000e+000
      vertex 5.000000e-001 1.666667e-001 0.000000e+000
    endloop 
  endfacet
  facet normal 0.000000E+000 0.000000E+000 -1.000000E+000
    outer loop 
      vertex -3.789835e-001 -8.326499e-002 0.000000e+000
      vertex -5.000000e-001 -1.666667e-001 0.000000e+000
      vertex -5.000000e-001 0.000000e+000 0.000000e+000
    endloop 
  endfacet
  facet normal 0.000000E+000 0.000000E+000 1.000000E+000
    outer loop 
      vertex 1.089748e-001 -2.651320e-001 4.000000e+000
      vertex 2.665443e-001 -2.338975e-001 4.000000e+000
      vertex 1.579694e-001 -1.160435e-001 4.000000e+000
    endloop 
  endfacet
  facet normal 0.000000E+000 0.000000E+000 1.000000E+000
    outer loop 
      vertex 2.665443e-001 -2.338975e-001 4.000000e+000
      vertex 2.021780e-001 -4.576192e-001 4.000000e+000
      vertex 3.549308e-001 -3.891033e-001 4.000000e+000
    endloop 
  endfacet
  facet normal 0.000000E+000 0.000000E+000 1.000000E+000
    outer loop 
      vertex 2.021780e-001 -4.576192e-001 4.000000e+000
      vertex 2.665443e-001 -2.338975e-001 4.000000e+000
      vertex 1.089748e-001 -2.651320e-001 4.000000e+000
    endloop 
  endfacet
  facet normal 0.000000E+000 0.000000E+000 -1.000000E+000
    outer loop 
      vertex 2.567876e-001 -3.806878e-001 0.000000e+000
      vertex 3.333333e-001 -5.000000e-001 0.000000e+000
      vertex 1.666667e-001 -5.000000e-001 0.000000e+000
    endloop 
  endfacet
  facet normal 0.000000E+000 0.000000E+000 1.000000E+000
    outer loop 
      vertex -5.933057e-001 9.891428e-002 4.000000e+000
      vertex -5.253876e-001 -5.127957e-002 4.000000e+000
      vertex -4.640999e-001 7.020666e-002 4.000000e+000
    endloop 
  endfacet
  facet normal 0.000000E+000 0.000000E+000 1.000000E+000
    outer loop 
      vertex 5.245380e-001 5.060583e-002 4.000000e+000
      vertex 3.654698e-001 7.759807e-002 4.000000e+000
      vertex 3.992099e-001 -8.707847e-002 4.000000e+000
    endloop 
  endfacet
  facet normal 0.000000E+000 0.000000E+000 1.000000E+000
    outer loop 
      vertex 5.245380e-001 5.060583e-002 4.000000e+000
      vertex 4.566539e-001 2.022846e-001 4.000000e+000
      vertex 3.654698e-001 7.759807e-002 4.000000e+000
    endloop 
  endfacet
  facet normal 0.000000E+000 0.000000E+000 -1.000000E+000
    outer loop 
      vertex 2.463146e-001 -1.167427e-001 0.000000e+000
      vertex 2.407040e-001 -2.523085e-001 0.000000e+000
      vertex 1.197696e-001 -1.840909e-001 0.000000e+000
    endloop 
  endfacet
  facet normal 0.000000E+000 0.000000E+000 1.000000E+000
    outer loop 
      vertex 7.981943e-002 4.416161e-001 4.000000e+000
      vertex 2.298087e-001 3.950407e-001 4.000000e+000
      vertex 1.939264e-001 5.189250e-001 4.000000e+000
    endloop 
  endfacet
  facet normal 0.000000E+000 0.000000E+000 1.000000E+000
    outer loop 
      vertex 1.939264e-001 5.189250e-001 4.000000e+000
      vertex 2.298087e-001 3.950407e-001 4.000000e+000
      vertex 3.187133e-001 5.088915e-001 4.000000e+000
    endloop 
  endfacet
  facet normal 0.000000E+000 0.000000E+000 1.000000E+000
    outer loop 
      vertex 1.939264e-001 5.189250e-001 4.000000e+000
      vertex 9.886529e-002 5.921859e-001 4.000000e+000
      vertex 7.981943e-002 4.416161e-001 4.000000e+000
    endloop 
  endfacet
  facet normal 0.000000E+000 0.000000E+000 1.000000E+000
    outer loop 
      vertex 2.473460e-001 6.617255e-001 4.000000e+000
      vertex 9.886529e-002 5.921859e-001 4.000000e+000
      vertex 1.939264e-001 5.189250e-001 4.000000e+000
    endloop 
  endfacet
  facet normal 0.000000E+000 0.000000E+000 1.000000E+000
    outer loop 
      vertex 1.939264e-001 5.189250e-001 4.000000e+000
      vertex 3.187133e-001 5.088915e-001 4.000000e+000
      vertex 2.473460e-001 6.617255e-001 4.000000e+000
    endloop 
  endfacet
  facet normal 0.000000E+000 0.000000E+000 1.000000E+000
    outer loop 
      vertex 5.043365e-002 -5.253472e-001 4.000000e+000
      vertex 2.021780e-001 -4.576192e-001 4.000000e+000
      vertex 1.480141e-002 -3.809020e-001 4.000000e+000
    endloop 
  endfacet
  facet normal 0.000000E+000 0.000000E+000 1.000000E+000
    outer loop 
      vertex 2.021780e-001 -4.576192e-001 4.000000e+000
      vertex 1.089748e-001 -2.651320e-001 4.000000e+000
      vertex 1.480141e-002 -3.809020e-001 4.000000e+000
    endloop 
  endfacet
  facet normal 2.893510E-001 -9.569880E-001 -2.121043E-002
    outer loop 
      vertex 1.214968e-001 -4.857542e-001 2.788189e+000
      vertex -4.471676e-002 -5.373822e-001 2.850107e+000
      vertex -4.888955e-002 -5.355164e-001 2.708999e+000
    endloop 
  endfacet
  facet normal -9.606754E-001 -2.769738E-001 -1.970628E-002
    outer loop 
      vertex -5.419299e-001 7.470770e-002 2.652991e+000
      vertex -4.967214e-001 -8.327562e-002 2.669564e+000
      vertex -5.314583e-001 2.821310e-002 2.795988e+000
    endloop 
  endfacet
  facet normal -9.567534E-001 -2.908296E-001 -6.409756E-003
    outer loop 
      vertex -4.780263e-001 -1.479294e-001 2.812558e+000
      vertex -5.314583e-001 2.821310e-002 2.795988e+000
      vertex -4.967214e-001 -8.327562e-002 2.669564e+000
    endloop 
  endfacet
  facet normal -1.112840E-001 9.937248E-001 -1.126982E-002
    outer loop 
      vertex -8.634614e-002 4.933341e-001 1.072355e+000
      vertex 5.112518e-002 5.094481e-001 1.135749e+000
      vertex 5.270277e-002 5.081298e-001 1.003936e+000
    endloop 
  endfacet
  facet normal -1.166376E-001 9.931744E-001 4.797226E-004
    outer loop 
      vertex 5.112518e-002 5.094481e-001 1.135749e+000
      vertex -8.634614e-002 4.933341e-001 1.072355e+000
      vertex -5.127645e-002 4.973732e-001 1.236962e+000
    endloop 
  endfacet
  facet normal -1.160367E-001 9.931804E-001 -1.132126E-002
    outer loop 
      vertex 5.112518e-002 5.094481e-001 1.135749e+000
      vertex 1.796861e-001 5.242286e-001 1.114721e+000
      vertex 5.270277e-002 5.081298e-001 1.003936e+000
    endloop 
  endfacet
  facet normal -1.175248E-001 9.928553E-001 -2.064804E-002
    outer loop 
      vertex 1.796861e-001 5.242286e-001 1.114721e+000
      vertex 5.112518e-002 5.094481e-001 1.135749e+000
      vertex 1.284712e-001 5.214307e-001 1.271693e+000
    endloop 
  endfacet
  facet normal -1.301093E-001 9.914096E-001 -1.336063E-002
    outer loop 
      vertex 5.112518e-002 5.094481e-001 1.135749e+000
      vertex -5.127645e-002 4.973732e-001 1.236962e+000
      vertex 1.284712e-001 5.214307e-001 1.271693e+000
    endloop 
  endfacet
  facet normal -9.924407E-001 -1.224997E-001 -7.434181E-003
    outer loop 
      vertex -5.051783e-001 5.744621e-004 1.344954e+000
      vertex -5.190251e-001 1.227015e-001 1.181064e+000
      vertex -4.963986e-001 -6.045273e-002 1.178498e+000
    endloop 
  endfacet
  facet normal -9.924405E-001 -1.224993E-001 -7.463968E-003
    outer loop 
      vertex -4.963986e-001 -6.045273e-002 1.178498e+000
      vertex -5.190251e-001 1.227015e-001 1.181064e+000
      vertex -5.042999e-001 1.270484e-002 1.028421e+000
    endloop 
  endfacet
  facet normal 9.938883E-001 1.094162E-001 -1.463183E-002
    outer loop 
      vertex 5.122285e-001 -7.025962e-002 1.174633e+000
      vertex 5.127846e-001 -1.009707e-001 9.827469e-001
      vertex 4.962066e-001 6.027042e-002 1.062419e+000
    endloop 
  endfacet
  facet normal 9.924135E-001 1.229380E-001 1.307683E-003
    outer loop 
      vertex 4.917549e-001 9.422767e-002 1.248530e+000
      vertex 5.122285e-001 -7.025962e-002 1.174633e+000
      vertex 4.962066e-001 6.027042e-002 1.062419e+000
    endloop 
  endfacet
  facet normal 9.933751E-001 1.138875E-001 -1.534896E-002
    outer loop 
      vertex 5.327141e-001 -2.605695e-001 1.088365e+000
      vertex 5.127846e-001 -1.009707e-001 9.827469e-001
      vertex 5.122285e-001 -7.025962e-002 1.174633e+000
    endloop 
  endfacet
  facet normal 9.923521E-001 1.199776E-001 -2.902685E-002
    outer loop 
      vertex 5.327141e-001 -2.605695e-001 1.088365e+000
      vertex 5.122285e-001 -7.025962e-002 1.174633e+000
      vertex 5.288402e-001 -1.841456e-001 1.271815e+000
    endloop 
  endfacet
  facet normal 1.098225E-001 -9.938452E-001 -1.451428E-002
    outer loop 
      vertex 6.247310e-002 -4.961342e-001 1.066367e+000
      vertex -6.698912e-002 -5.118830e-001 1.165169e+000
      vertex -1.060465e-001 -5.140004e-001 1.014626e+000
    endloop 
  endfacet
  facet normal 1.206933E-001 -9.926898E-001 -8.577461E-005
    outer loop 
      vertex -6.698912e-002 -5.118830e-001 1.165169e+000
      vertex 6.247310e-002 -4.961342e-001 1.066367e+000
      vertex 6.312590e-002 -4.960667e-001 1.204043e+000
    endloop 
  endfacet
  facet normal 1.184852E-001 -9.928141E-001 -1.677628E-002
    outer loop 
      vertex -1.060465e-001 -5.140004e-001 1.014626e+000
      vertex -6.698912e-002 -5.118830e-001 1.165169e+000
      vertex -2.317796e-001 -5.310524e-001 1.135743e+000
    endloop 
  endfacet
  facet normal 1.199083E-001 -9.924709E-001 -2.496945E-002
    outer loop 
      vertex -6.698912e-002 -5.118830e-001 1.165169e+000
      vertex -1.586751e-001 -5.260750e-001 1.288969e+000
      vertex -2.317796e-001 -5.310524e-001 1.135743e+000
    endloop 
  endfacet
  facet normal -8.055773E-002 9.959848E-001 -3.904837E-002
    outer loop 
      vertex 3.286067e-001 5.323094e-001 8.889905e-001
      vertex 4.570027e-001 5.392092e-001 8.000965e-001
      vertex 3.200444e-001 5.255274e-001 7.336717e-001
    endloop 
  endfacet
  facet normal -8.544318E-002 9.955887E-001 -3.876175E-002
    outer loop 
      vertex 3.286067e-001 5.323094e-001 8.889905e-001
      vertex 3.200444e-001 5.255274e-001 7.336717e-001
      vertex 2.122061e-001 5.199796e-001 8.288864e-001
    endloop 
  endfacet
  facet normal -9.189980E-002 9.954229E-001 -2.622352E-002
    outer loop 
      vertex 1.936936e-001 5.216572e-001 9.574425e-001
      vertex 3.286067e-001 5.323094e-001 8.889905e-001
      vertex 2.122061e-001 5.199796e-001 8.288864e-001
    endloop 
  endfacet
  facet normal -9.009437E-002 9.945254E-001 -5.293610E-002
    outer loop 
      vertex 4.570027e-001 5.392092e-001 8.000965e-001
      vertex 3.286067e-001 5.323094e-001 8.889905e-001
      vertex 4.477650e-001 5.468881e-001 9.600847e-001
    endloop 
  endfacet
  facet normal -7.458940E-002 9.968649E-001 -2.639465E-002
    outer loop 
      vertex 1.600362e-001 5.128727e-001 7.079039e-001
      vertex 2.122061e-001 5.199796e-001 8.288864e-001
      vertex 3.200444e-001 5.255274e-001 7.336717e-001
    endloop 
  endfacet
  facet normal -7.372426E-002 9.958633E-001 -5.311298E-002
    outer loop 
      vertex 4.570027e-001 5.392092e-001 8.000965e-001
      vertex 4.661826e-001 5.313547e-001 6.400826e-001
      vertex 3.200444e-001 5.255274e-001 7.336717e-001
    endloop 
  endfacet
  facet normal -3.297865E-001 9.432698E-001 -3.850852E-002
    outer loop 
      vertex 1.808399e-001 5.867514e-001 3.047369e+000
      vertex 1.755183e-001 5.928097e-001 3.241343e+000
      vertex 3.059568e-001 6.367316e-001 3.200138e+000
    endloop 
  endfacet
  facet normal -3.274302E-001 9.440919E-001 -3.846955E-002
    outer loop 
      vertex 1.808399e-001 5.867514e-001 3.047369e+000
      vertex 4.067452e-002 5.430160e-001 3.167051e+000
      vertex 1.755183e-001 5.928097e-001 3.241343e+000
    endloop 
  endfacet
  facet normal -3.142429E-001 9.478667E-001 -5.291741E-002
    outer loop 
      vertex 1.808399e-001 5.867514e-001 3.047369e+000
      vertex 3.168774e-001 6.314502e-001 3.040182e+000
      vertex 3.274637e-001 6.260214e-001 2.880075e+000
    endloop 
  endfacet
  facet normal -2.976657E-001 9.539545E-001 -3.695948E-002
    outer loop 
      vertex 3.274637e-001 6.260214e-001 2.880075e+000
      vertex 1.231080e-001 5.619708e-001 2.872726e+000
      vertex 1.808399e-001 5.867514e-001 3.047369e+000
    endloop 
  endfacet
  facet normal -3.142377E-001 9.478777E-001 -5.275036E-002
    outer loop 
      vertex 3.168774e-001 6.314502e-001 3.040182e+000
      vertex 1.808399e-001 5.867514e-001 3.047369e+000
      vertex 3.059568e-001 6.367316e-001 3.200138e+000
    endloop 
  endfacet
  facet normal 9.432148E-001 3.300115E-001 3.792572E-002
    outer loop 
      vertex 3.059568e-001 6.367316e-001 3.200138e+000
      vertex 3.408676e-001 5.301828e-001 3.259042e+000
      vertex 3.651192e-001 4.787021e-001 3.103864e+000
    endloop 
  endfacet
  facet normal 9.413170E-001 3.356233E-001 3.576739E-002
    outer loop 
      vertex 3.408676e-001 5.301828e-001 3.259042e+000
      vertex 3.892231e-001 3.959636e-001 3.245880e+000
      vertex 3.651192e-001 4.787021e-001 3.103864e+000
    endloop 
  endfacet
  facet normal 9.366089E-001 3.480387E-001 4.040910E-002
    outer loop 
      vertex 3.408676e-001 5.301828e-001 3.259042e+000
      vertex 2.950042e-001 6.418706e-001 3.360119e+000
      vertex 3.443208e-001 5.045659e-001 3.399638e+000
    endloop 
  endfacet
  facet normal 9.413086E-001 3.354023E-001 3.799129E-002
    outer loop 
      vertex 3.408676e-001 5.301828e-001 3.259042e+000
      vertex 3.443208e-001 5.045659e-001 3.399638e+000
      vertex 3.892231e-001 3.959636e-001 3.245880e+000
    endloop 
  endfacet
  facet normal 9.398028E-001 3.375033E-001 5.349967E-002
    outer loop 
      vertex 3.408676e-001 5.301828e-001 3.259042e+000
      vertex 3.059568e-001 6.367316e-001 3.200138e+000
      vertex 2.950042e-001 6.418706e-001 3.360119e+000
    endloop 
  endfacet
  facet normal 0.000000E+000 0.000000E+000 -1.000000E+000
    outer loop 
      vertex -3.700074e-001 -3.688355e-001 0.000000e+000
      vertex -2.201840e-001 -3.768720e-001 0.000000e+000
      vertex -3.333333e-001 -5.000000e-001 0.000000e+000
    endloop 
  endfacet
  facet normal 0.000000E+000 0.000000E+000 -1.000000E+000
    outer loop 
      vertex -2.751296e-001 -2.709708e-001 0.000000e+000
      vertex -2.201840e-001 -3.768720e-001 0.000000e+000
      vertex -3.700074e-001 -3.688355e-001 0.000000e+000
    endloop 
  endfacet
  facet normal 0.000000E+000 0.000000E+000 -1.000000E+000
    outer loop 
      vertex -3.700074e-001 -3.688355e-001 0.000000e+000
      vertex -5.000000e-001 -3.333333e-001 0.000000e+000
      vertex -3.818465e-001 -2.199804e-001 0.000000e+000
    endloop 
  endfacet
  facet normal 0.000000E+000 0.000000E+000 -1.000000E+000
    outer loop 
      vertex -2.751296e-001 -2.709708e-001 0.000000e+000
      vertex -3.700074e-001 -3.688355e-001 0.000000e+000
      vertex -3.818465e-001 -2.199804e-001 0.000000e+000
    endloop 
  endfacet
  facet normal 0.000000E+000 0.000000E+000 -1.000000E+000
    outer loop 
      vertex -5.000000e-001 -5.000000e-001 0.000000e+000
      vertex -5.000000e-001 -3.333333e-001 0.000000e+000
      vertex -3.700074e-001 -3.688355e-001 0.000000e+000
    endloop 
  endfacet
  facet normal 0.000000E+000 0.000000E+000 -1.000000E+000
    outer loop 
      vertex -5.000000e-001 -5.000000e-001 0.000000e+000
      vertex -3.700074e-001 -3.688355e-001 0.000000e+000
      vertex -3.333333e-001 -5.000000e-001 0.000000e+000
    endloop 
  endfacet
  facet normal -9.432688E-001 -3.301615E-001 -3.517564E-002
    outer loop 
      vertex -5.804949e-001 1.550166e-001 3.089480e+000
      vertex -5.826175e-001 1.408961e-001 3.278935e+000
      vertex -6.375107e-001 3.061388e-001 3.199968e+000
    endloop 
  endfacet
  facet normal -9.446635E-001 -3.261800E-001 -3.489452E-002
    outer loop 
      vertex -5.355828e-001 1.780550e-002 3.156215e+000
      vertex -5.826175e-001 1.408961e-001 3.278935e+000
      vertex -5.804949e-001 1.550166e-001 3.089480e+000
    endloop 
  endfacet
  facet normal -9.464785E-001 -3.183989E-001 -5.292044E-002
    outer loop 
      vertex -6.321888e-001 3.169135e-001 3.039959e+000
      vertex -5.804949e-001 1.550166e-001 3.089480e+000
      vertex -6.375107e-001 3.061388e-001 3.199968e+000
    endloop 
  endfacet
  facet normal -9.487858E-001 -3.138888E-001 -3.576716E-002
    outer loop 
      vertex -5.804949e-001 1.550166e-001 3.089480e+000
      vertex -6.321888e-001 3.169135e-001 3.039959e+000
      vertex -5.778959e-001 1.664047e-001 2.920595e+000
    endloop 
  endfacet
  facet normal -9.431865E-001 -3.321097E-001 1.012045E-002
    outer loop 
      vertex -4.435108e-001 -2.500373e-001 3.120581e+000
      vertex -4.370219e-001 -2.633871e-001 3.287244e+000
      vertex -4.862222e-001 -1.259671e-001 3.211494e+000
    endloop 
  endfacet
  facet normal -9.409074E-001 -3.386486E-001 -3.222254E-003
    outer loop 
      vertex -4.370219e-001 -2.633871e-001 3.287244e+000
      vertex -4.751637e-001 -1.578978e-001 3.338175e+000
      vertex -4.862222e-001 -1.259671e-001 3.211494e+000
    endloop 
  endfacet
  facet normal -9.436225E-001 -3.308653E-001 1.023711E-002
    outer loop 
      vertex -3.983827e-001 -3.760362e-001 3.208036e+000
      vertex -4.370219e-001 -2.633871e-001 3.287244e+000
      vertex -4.435108e-001 -2.500373e-001 3.120581e+000
    endloop 
  endfacet
  facet normal -9.403244E-001 -3.394301E-001 2.402676E-002
    outer loop 
      vertex -3.983827e-001 -3.760362e-001 3.208036e+000
      vertex -3.892393e-001 -3.889705e-001 3.383153e+000
      vertex -4.370219e-001 -2.633871e-001 3.287244e+000
    endloop 
  endfacet
  facet normal 3.319724E-001 -9.432440E-001 9.224170E-003
    outer loop 
      vertex 1.204040e-001 -4.877952e-001 3.208052e+000
      vertex 2.410390e-001 -4.462311e-001 3.116728e+000
      vertex 2.556205e-001 -4.394168e-001 3.288767e+000
    endloop 
  endfacet
  facet normal 3.392045E-001 -9.407023E-001 -4.414858E-003
    outer loop 
      vertex 2.556205e-001 -4.394168e-001 3.288767e+000
      vertex 1.382840e-001 -4.819768e-001 3.342046e+000
      vertex 1.204040e-001 -4.877952e-001 3.208052e+000
    endloop 
  endfacet
  facet normal 3.291060E-001 -9.442451E-001 9.506763E-003
    outer loop 
      vertex 3.820569e-001 -3.963141e-001 3.192896e+000
      vertex 2.556205e-001 -4.394168e-001 3.288767e+000
      vertex 2.410390e-001 -4.462311e-001 3.116728e+000
    endloop 
  endfacet
  facet normal 3.388079E-001 -9.405504E-001 2.396275E-002
    outer loop 
      vertex 3.820569e-001 -3.963141e-001 3.192896e+000
      vertex 3.775108e-001 -3.925262e-001 3.405849e+000
      vertex 2.556205e-001 -4.394168e-001 3.288767e+000
    endloop 
  endfacet
  facet normal -9.826515E-001 -1.777488E-001 5.292707E-002
    outer loop 
      vertex -4.264143e-001 -4.540173e-001 1.703326e+000
      vertex -4.098683e-001 -5.762889e-001 1.599888e+000
      vertex -3.999946e-001 -5.832129e-001 1.759953e+000
    endloop 
  endfacet
  facet normal 1.817507E-001 -9.819248E-001 -5.282259E-002
    outer loop 
      vertex -3.899650e-001 -5.899622e-001 1.919926e+000
      vertex -3.999946e-001 -5.832129e-001 1.759953e+000
      vertex -2.945689e-001 -5.636088e-001 1.758278e+000
    endloop 
  endfacet
  facet normal 1.817290E-001 -9.818822E-001 -5.368378E-002
    outer loop 
      vertex -2.945689e-001 -5.636088e-001 1.758278e+000
      vertex -3.999946e-001 -5.832129e-001 1.759953e+000
      vertex -4.098683e-001 -5.762889e-001 1.599888e+000
    endloop 
  endfacet
  facet normal 9.826739E-001 1.773525E-001 5.383257E-002
    outer loop 
      vertex 3.995079e-001 5.829128e-001 1.760220e+000
      vertex 4.249553e-001 4.613007e-001 1.696350e+000
      vertex 4.095377e-001 5.759651e-001 1.600022e+000
    endloop 
  endfacet
  facet normal 9.836840E-001 1.777905E-001 2.750064E-002
    outer loop 
      vertex 4.460430e-001 3.561769e-001 1.621673e+000
      vertex 4.249553e-001 4.613007e-001 1.696350e+000
      vertex 4.456225e-001 3.313529e-001 1.797200e+000
    endloop 
  endfacet
  facet normal -1.778812E-001 9.826335E-001 5.281805E-002
    outer loop 
      vertex -4.607183e-001 4.249301e-001 1.700914e+000
      vertex -5.763358e-001 4.094265e-001 1.599966e+000
      vertex -5.832483e-001 3.995738e-001 1.759988e+000
    endloop 
  endfacet
  facet normal 1.614722E-001 -9.854816E-001 5.246623E-002
    outer loop 
      vertex 4.675354e-001 -4.305692e-001 1.543989e+000
      vertex 5.689653e-001 -4.194868e-001 1.439988e+000
      vertex 5.759369e-001 -4.098201e-001 1.600102e+000
    endloop 
  endfacet
  facet normal 9.819097E-001 1.818931E-001 -5.261396E-002
    outer loop 
      vertex 5.828555e-001 -3.998946e-001 1.760099e+000
      vertex 5.597565e-001 -2.762639e-001 1.756419e+000
      vertex 5.895872e-001 -3.899263e-001 1.920191e+000
    endloop 
  endfacet
  facet normal 9.829705E-001 1.821209E-001 -2.451369E-002
    outer loop 
      vertex 5.384779e-001 -1.559025e-001 1.797380e+000
      vertex 5.597565e-001 -2.762639e-001 1.756419e+000
      vertex 5.294628e-001 -1.322984e-001 1.611249e+000
    endloop 
  endfacet
  facet normal -1.798440E-001 9.834141E-001 -2.351360E-002
    outer loop 
      vertex 1.397872e-001 5.307752e-001 1.607799e+000
      vertex -3.111080e-002 5.024302e-001 1.729436e+000
      vertex 1.151228e-001 5.305876e-001 1.788600e+000
    endloop 
  endfacet
  facet normal 9.994588E-001 3.283642E-002 -1.935426E-003
    outer loop 
      vertex 4.956097e-001 1.321804e-001 3.540286e-001
      vertex 4.994333e-001 2.132500e-002 4.477932e-001
      vertex 5.007978e-001 -3.345067e-002 2.230852e-001
    endloop 
  endfacet
  facet normal 9.991924E-001 4.001201E-002 -3.686192E-003
    outer loop 
      vertex 5.050424e-001 -1.247688e-001 3.824138e-001
      vertex 5.007978e-001 -3.345067e-002 2.230852e-001
      vertex 4.994333e-001 2.132500e-002 4.477932e-001
    endloop 
  endfacet
  facet normal 9.988272E-001 4.633376E-002 1.404788E-002
    outer loop 
      vertex 4.994333e-001 2.132500e-002 4.477932e-001
      vertex 4.956097e-001 1.321804e-001 3.540286e-001
      vertex 4.907321e-001 1.838647e-001 5.303649e-001
    endloop 
  endfacet
  facet normal 9.986041E-001 5.280296E-002 1.289957E-003
    outer loop 
      vertex 4.976174e-001 5.111500e-002 6.341405e-001
      vertex 4.994333e-001 2.132500e-002 4.477932e-001
      vertex 4.907321e-001 1.838647e-001 5.303649e-001
    endloop 
  endfacet
  facet normal 9.989184E-001 4.445351E-002 -1.363448E-002
    outer loop 
      vertex 5.064064e-001 -9.605971e-002 5.759480e-001
      vertex 5.050424e-001 -1.247688e-001 3.824138e-001
      vertex 4.994333e-001 2.132500e-002 4.477932e-001
    endloop 
  endfacet
  facet normal 9.982266E-001 5.952837E-002 2.111318E-004
    outer loop 
      vertex 4.976174e-001 5.111500e-002 6.341405e-001
      vertex 5.064064e-001 -9.605971e-002 5.759480e-001
      vertex 4.994333e-001 2.132500e-002 4.477932e-001
    endloop 
  endfacet
  facet normal -9.636270E-001 -2.656801E-001 2.893007E-002
    outer loop 
      vertex -4.160558e-001 -3.939783e-001 2.371804e+000
      vertex -3.844672e-001 -4.892834e-001 2.548746e+000
      vertex -4.256619e-001 -3.390347e-001 2.556414e+000
    endloop 
  endfacet
  facet normal -9.633944E-001 -2.658888E-001 3.426913E-002
    outer loop 
      vertex -3.892265e-001 -4.504701e-001 2.716098e+000
      vertex -4.256619e-001 -3.390347e-001 2.556414e+000
      vertex -3.844672e-001 -4.892834e-001 2.548746e+000
    endloop 
  endfacet
  facet normal -9.630299E-001 -2.639131E-001 5.406677E-002
    outer loop 
      vertex -3.387492e-001 -6.210368e-001 2.719949e+000
      vertex -3.844672e-001 -4.892834e-001 2.548746e+000
      vertex -3.493827e-001 -6.150422e-001 2.559808e+000
    endloop 
  endfacet
  facet normal -9.584221E-001 -2.827688E-001 3.832547E-002
    outer loop 
      vertex -3.892265e-001 -4.504701e-001 2.716098e+000
      vertex -3.844672e-001 -4.892834e-001 2.548746e+000
      vertex -3.387492e-001 -6.210368e-001 2.719949e+000
    endloop 
  endfacet
  facet normal -9.631037E-001 -2.641612E-001 5.148093E-002
    outer loop 
      vertex -3.493827e-001 -6.150422e-001 2.559808e+000
      vertex -3.844672e-001 -4.892834e-001 2.548746e+000
      vertex -3.595493e-001 -6.091232e-001 2.399983e+000
    endloop 
  endfacet
  facet normal -9.677066E-001 -2.491087E-001 3.858411E-002
    outer loop 
      vertex -4.160558e-001 -3.939783e-001 2.371804e+000
      vertex -3.595493e-001 -6.091232e-001 2.399983e+000
      vertex -3.844672e-001 -4.892834e-001 2.548746e+000
    endloop 
  endfacet
  facet normal -3.523845E-001 9.356046E-001 2.166172E-002
    outer loop 
      vertex -3.880338e-001 3.870098e-001 3.455463e+000
      vertex -2.622716e-001 4.353565e-001 3.413143e+000
      vertex -3.619936e-001 4.004140e-001 3.300127e+000
    endloop 
  endfacet
  facet normal -3.370722E-001 9.411386E-001 2.530596E-002
    outer loop 
      vertex -3.619936e-001 4.004140e-001 3.300127e+000
      vertex -3.996975e-001 3.905951e-001 3.163082e+000
      vertex -5.094995e-001 3.487295e-001 3.257532e+000
    endloop 
  endfacet
  facet normal -3.250332E-001 9.454539E-001 2.168462E-002
    outer loop 
      vertex -3.619936e-001 4.004140e-001 3.300127e+000
      vertex -2.651318e-001 4.374282e-001 3.138171e+000
      vertex -3.996975e-001 3.905951e-001 3.163082e+000
    endloop 
  endfacet
  facet normal -3.090961E-001 9.508926E-001 1.621393E-002
    outer loop 
      vertex -2.885883e-001 4.340304e-001 2.843892e+000
      vertex -3.638428e-001 4.068697e-001 3.002155e+000
      vertex -1.783165e-001 4.675802e-001 2.978490e+000
    endloop 
  endfacet
  facet normal -2.955267E-001 9.550483E-001 2.337942E-002
    outer loop 
      vertex -4.139204e-001 3.949004e-001 2.858095e+000
      vertex -3.638428e-001 4.068697e-001 3.002155e+000
      vertex -2.885883e-001 4.340304e-001 2.843892e+000
    endloop 
  endfacet
  facet normal -2.822764E-001 9.592096E-001 1.539588E-002
    outer loop 
      vertex -3.895611e-001 4.061572e-001 2.729189e+000
      vertex -2.885883e-001 4.340304e-001 2.843892e+000
      vertex -2.620148e-001 4.443167e-001 2.690240e+000
    endloop 
  endfacet
  facet normal -2.895610E-001 9.570573E-001 1.399195E-002
    outer loop 
      vertex -1.527711e-001 4.758897e-001 2.791403e+000
      vertex -2.620148e-001 4.443167e-001 2.690240e+000
      vertex -2.885883e-001 4.340304e-001 2.843892e+000
    endloop 
  endfacet
  facet normal -2.937003E-001 9.558946E-001 2.353878E-003
    outer loop 
      vertex -1.527711e-001 4.758897e-001 2.791403e+000
      vertex -2.885883e-001 4.340304e-001 2.843892e+000
      vertex -1.783165e-001 4.675802e-001 2.978490e+000
    endloop 
  endfacet
  facet normal -2.950532E-001 9.550807E-001 2.764665E-002
    outer loop 
      vertex -3.895611e-001 4.061572e-001 2.729189e+000
      vertex -4.139204e-001 3.949004e-001 2.858095e+000
      vertex -2.885883e-001 4.340304e-001 2.843892e+000
    endloop 
  endfacet
  facet normal 3.065497E-001 -9.517039E-001 1.693949E-002
    outer loop 
      vertex 2.020417e-001 -4.603906e-001 2.950971e+000
      vertex 2.930578e-001 -4.334124e-001 2.819582e+000
      vertex 3.529757e-001 -4.110548e-001 2.991368e+000
    endloop 
  endfacet
  facet normal 2.938120E-001 -9.556125E-001 2.189103E-002
    outer loop 
      vertex 2.930578e-001 -4.334124e-001 2.819582e+000
      vertex 4.691713e-001 -3.788267e-001 2.838700e+000
      vertex 3.529757e-001 -4.110548e-001 2.991368e+000
    endloop 
  endfacet
  facet normal 2.772760E-001 -9.606551E-001 1.611619E-002
    outer loop 
      vertex 3.794502e-001 -4.108560e-001 2.677759e+000
      vertex 2.930578e-001 -4.334124e-001 2.819582e+000
      vertex 2.313810e-001 -4.539520e-001 2.656394e+000
    endloop 
  endfacet
  facet normal 2.899783E-001 -9.569717E-001 1.085174E-002
    outer loop 
      vertex 2.313810e-001 -4.539520e-001 2.656394e+000
      vertex 2.930578e-001 -4.334124e-001 2.819582e+000
      vertex 1.214968e-001 -4.857542e-001 2.788189e+000
    endloop 
  endfacet
  facet normal 2.909540E-001 -9.567235E-001 5.105409E-003
    outer loop 
      vertex 2.020417e-001 -4.603906e-001 2.950971e+000
      vertex 1.214968e-001 -4.857542e-001 2.788189e+000
      vertex 2.930578e-001 -4.334124e-001 2.819582e+000
    endloop 
  endfacet
  facet normal 2.933033E-001 -9.556472E-001 2.667583E-002
    outer loop 
      vertex 3.794502e-001 -4.108560e-001 2.677759e+000
      vertex 4.691713e-001 -3.788267e-001 2.838700e+000
      vertex 2.930578e-001 -4.334124e-001 2.819582e+000
    endloop 
  endfacet
  facet normal 9.518315E-001 3.063318E-001 1.333192E-002
    outer loop 
      vertex 4.641436e-001 1.881371e-001 2.956275e+000
      vertex 4.411894e-001 2.656931e-001 2.813058e+000
      vertex 4.109093e-001 3.533970e-001 2.959702e+000
    endloop 
  endfacet
  facet normal 9.560056E-001 2.924862E-001 2.247452E-002
    outer loop 
      vertex 4.411894e-001 2.656931e-001 2.813058e+000
      vertex 3.993722e-001 4.004759e-001 2.837770e+000
      vertex 4.109093e-001 3.533970e-001 2.959702e+000
    endloop 
  endfacet
  facet normal 9.605468E-001 2.778326E-001 1.260314E-002
    outer loop 
      vertex 4.411894e-001 2.656931e-001 2.813058e+000
      vertex 4.677349e-001 1.811580e-001 2.653451e+000
      vertex 4.154690e-001 3.601081e-001 2.691984e+000
    endloop 
  endfacet
  facet normal 9.565432E-001 2.915532E-001 4.670209E-003
    outer loop 
      vertex 4.805182e-001 1.366426e-001 2.814211e+000
      vertex 4.677349e-001 1.811580e-001 2.653451e+000
      vertex 4.411894e-001 2.656931e-001 2.813058e+000
    endloop 
  endfacet
  facet normal 9.565439E-001 2.915525E-001 4.573286E-003
    outer loop 
      vertex 4.411894e-001 2.656931e-001 2.813058e+000
      vertex 4.641436e-001 1.881371e-001 2.956275e+000
      vertex 4.805182e-001 1.366426e-001 2.814211e+000
    endloop 
  endfacet
  facet normal 9.560689E-001 2.921012E-001 2.468126E-002
    outer loop 
      vertex 3.993722e-001 4.004759e-001 2.837770e+000
      vertex 4.411894e-001 2.656931e-001 2.813058e+000
      vertex 4.154690e-001 3.601081e-001 2.691984e+000
    endloop 
  endfacet
  facet normal -9.512924E-001 -3.073759E-001 2.372596E-002
    outer loop 
      vertex -4.577492e-001 -2.111269e-001 2.961158e+000
      vertex -4.133584e-001 -3.570555e-001 2.850463e+000
      vertex -3.909268e-001 -4.134514e-001 3.019233e+000
    endloop 
  endfacet
  facet normal -9.542319E-001 -2.978181E-001 2.731049E-002
    outer loop 
      vertex -3.909268e-001 -4.134514e-001 3.019233e+000
      vertex -4.133584e-001 -3.570555e-001 2.850463e+000
      vertex -3.283934e-001 -6.265745e-001 2.880073e+000
    endloop 
  endfacet
  facet normal -9.595433E-001 -2.806385E-001 2.277466E-002
    outer loop 
      vertex -3.892265e-001 -4.504701e-001 2.716098e+000
      vertex -4.133584e-001 -3.570555e-001 2.850463e+000
      vertex -4.447867e-001 -2.625073e-001 2.691386e+000
    endloop 
  endfacet
  facet normal -9.560132E-001 -2.929521E-001 1.475859E-002
    outer loop 
      vertex -4.133584e-001 -3.570555e-001 2.850463e+000
      vertex -4.780263e-001 -1.479294e-001 2.812558e+000
      vertex -4.447867e-001 -2.625073e-001 2.691386e+000
    endloop 
  endfacet
  facet normal -9.556144E-001 -2.945760E-001 5.118731E-003
    outer loop 
      vertex -4.780263e-001 -1.479294e-001 2.812558e+000
      vertex -4.133584e-001 -3.570555e-001 2.850463e+000
      vertex -4.577492e-001 -2.111269e-001 2.961158e+000
    endloop 
  endfacet
  facet normal -9.542428E-001 -2.969680E-001 3.507937E-002
    outer loop 
      vertex -4.133584e-001 -3.570555e-001 2.850463e+000
      vertex -3.892265e-001 -4.504701e-001 2.716098e+000
      vertex -3.283934e-001 -6.265745e-001 2.880073e+000
    endloop 
  endfacet
  facet normal -1.035311E-001 9.946152E-001 4.683253E-003
    outer loop 
      vertex -9.590788e-002 4.931312e-001 9.040731e-001
      vertex -2.410104e-001 4.775838e-001 9.982568e-001
      vertex -8.634614e-002 4.933341e-001 1.072355e+000
    endloop 
  endfacet
  facet normal -9.277926E-002 9.954570E-001 2.138682E-002
    outer loop 
      vertex -2.566628e-001 4.795236e-001 8.400642e-001
      vertex -2.410104e-001 4.775838e-001 9.982568e-001
      vertex -9.590788e-002 4.931312e-001 9.040731e-001
    endloop 
  endfacet
  facet normal -9.935807E-001 -1.081089E-001 3.331409E-002
    outer loop 
      vertex -4.752509e-001 -2.562842e-001 1.039917e+000
      vertex -4.668752e-001 -3.577289e-001 9.605176e-001
      vertex -4.586197e-001 -3.922111e-001 1.094835e+000
    endloop 
  endfacet
  facet normal 1.008034E-001 -9.945044E-001 2.827745E-002
    outer loop 
      vertex 3.187500e-001 -4.661015e-001 1.122722e+000
      vertex 2.017656e-001 -4.820240e-001 9.797606e-001
      vertex 3.428093e-001 -4.677704e-001 9.782613e-001
    endloop 
  endfacet
  facet normal 1.007800E-001 -9.945871E-001 2.529654E-002
    outer loop 
      vertex 3.428093e-001 -4.677704e-001 9.782613e-001
      vertex 2.017656e-001 -4.820240e-001 9.797606e-001
      vertex 2.842724e-001 -4.774002e-001 8.328499e-001
    endloop 
  endfacet
  facet normal 1.002685E-001 -9.949601E-001 -8.365166E-004
    outer loop 
      vertex 6.247310e-002 -4.961342e-001 1.066367e+000
      vertex 1.750054e-002 -5.005324e-001 9.070861e-001
      vertex 2.017656e-001 -4.820240e-001 9.797606e-001
    endloop 
  endfacet
  facet normal 9.918409E-002 -9.942973E-001 -3.918479E-002
    outer loop 
      vertex -3.270743e-001 -5.286736e-001 7.983500e-001
      vertex -2.822620e-001 -5.313706e-001 9.802151e-001
      vertex -4.478698e-001 -5.470922e-001 9.599583e-001
    endloop 
  endfacet
  facet normal 8.763695E-002 -9.954888E-001 -3.635719E-002
    outer loop 
      vertex -1.562287e-001 -5.158150e-001 8.580842e-001
      vertex -2.822620e-001 -5.313706e-001 9.802151e-001
      vertex -3.270743e-001 -5.286736e-001 7.983500e-001
    endloop 
  endfacet
  facet normal 1.041942E-001 -9.940489E-001 -3.178578E-002
    outer loop 
      vertex -1.060465e-001 -5.140004e-001 1.014626e+000
      vertex -2.317796e-001 -5.310524e-001 1.135743e+000
      vertex -2.822620e-001 -5.313706e-001 9.802151e-001
    endloop 
  endfacet
  facet normal 1.021808E-001 -9.945394E-001 -2.122766E-002
    outer loop 
      vertex -1.562287e-001 -5.158150e-001 8.580842e-001
      vertex -1.060465e-001 -5.140004e-001 1.014626e+000
      vertex -2.822620e-001 -5.313706e-001 9.802151e-001
    endloop 
  endfacet
  facet normal 1.006868E-001 -9.935560E-001 -5.204515E-002
    outer loop 
      vertex -4.386508e-001 -5.545341e-001 1.119861e+000
      vertex -4.478698e-001 -5.470922e-001 9.599583e-001
      vertex -2.822620e-001 -5.313706e-001 9.802151e-001
    endloop 
  endfacet
  facet normal 1.153986E-001 -9.926873E-001 -3.542535E-002
    outer loop 
      vertex -2.822620e-001 -5.313706e-001 9.802151e-001
      vertex -2.317796e-001 -5.310524e-001 1.135743e+000
      vertex -4.386508e-001 -5.545341e-001 1.119861e+000
    endloop 
  endfacet
  facet normal -9.991097E-001 -4.040033E-002 1.215398E-002
    outer loop 
      vertex -4.978735e-001 -6.227937e-002 4.081780e-001
      vertex -4.906724e-001 -2.395786e-001 4.107900e-001
      vertex -4.933374e-001 -1.395058e-001 5.243655e-001
    endloop 
  endfacet
  facet normal -9.983191E-001 -5.305634E-002 2.332390E-002
    outer loop 
      vertex -4.855612e-001 -2.743100e-001 5.505580e-001
      vertex -4.933374e-001 -1.395058e-001 5.243655e-001
      vertex -4.906724e-001 -2.395786e-001 4.107900e-001
    endloop 
  endfacet
  facet normal -9.983928E-001 -5.474471E-002 1.465627E-002
    outer loop 
      vertex -4.855612e-001 -2.743100e-001 5.505580e-001
      vertex -4.897291e-001 -1.731591e-001 6.444564e-001
      vertex -4.933374e-001 -1.395058e-001 5.243655e-001
    endloop 
  endfacet
  facet normal -9.978191E-001 -6.494874E-002 1.177954E-002
    outer loop 
      vertex -4.897291e-001 -1.731591e-001 6.444564e-001
      vertex -4.972302e-001 -5.876429e-002 6.397927e-001
      vertex -4.933374e-001 -1.395058e-001 5.243655e-001
    endloop 
  endfacet
  facet normal -9.986280E-001 -5.218894E-002 4.299628E-003
    outer loop 
      vertex -5.020562e-001 2.668367e-002 5.165498e-001
      vertex -4.978735e-001 -6.227937e-002 4.081780e-001
      vertex -4.933374e-001 -1.395058e-001 5.243655e-001
    endloop 
  endfacet
  facet normal -9.986296E-001 -5.225608E-002 2.873675E-003
    outer loop 
      vertex -5.020562e-001 2.668367e-002 5.165498e-001
      vertex -4.933374e-001 -1.395058e-001 5.243655e-001
      vertex -4.972302e-001 -5.876429e-002 6.397927e-001
    endloop 
  endfacet
  facet normal 3.216800E-001 -9.468294E-001 -6.003227E-003
    outer loop 
      vertex 2.410390e-001 -4.462311e-001 3.116728e+000
      vertex 1.204040e-001 -4.877952e-001 3.208052e+000
      vertex 9.188829e-002 -4.965691e-001 3.063860e+000
    endloop 
  endfacet
  facet normal 3.279214E-001 -9.446763E-001 -7.368533E-003
    outer loop 
      vertex 1.204040e-001 -4.877952e-001 3.208052e+000
      vertex -3.150991e-002 -5.402111e-001 3.167365e+000
      vertex 9.188829e-002 -4.965691e-001 3.063860e+000
    endloop 
  endfacet
  facet normal -9.466248E-001 -3.223007E-001 -4.881211E-003
    outer loop 
      vertex -4.435108e-001 -2.500373e-001 3.120581e+000
      vertex -4.862222e-001 -1.259671e-001 3.211494e+000
      vertex -4.923492e-001 -1.059478e-001 3.077863e+000
    endloop 
  endfacet
  facet normal -9.451323E-001 -3.266397E-001 -5.599652E-003
    outer loop 
      vertex -5.355828e-001 1.780550e-002 3.156215e+000
      vertex -4.923492e-001 -1.059478e-001 3.077863e+000
      vertex -4.862222e-001 -1.259671e-001 3.211494e+000
    endloop 
  endfacet
  facet normal -2.395304E-001 9.708560E-001 -8.001556E-003
    outer loop 
      vertex -2.859523e-002 5.083382e-001 2.364153e+000
      vertex -5.118159e-002 5.013553e-001 2.193032e+000
      vertex -2.267517e-001 4.589025e-001 2.297870e+000
    endloop 
  endfacet
  facet normal -2.389649E-001 9.709945E-001 -8.081839E-003
    outer loop 
      vertex -5.118159e-002 5.013553e-001 2.193032e+000
      vertex -2.859523e-002 5.083382e-001 2.364153e+000
      vertex 1.058711e-001 5.409028e-001 2.300721e+000
    endloop 
  endfacet
  facet normal -2.277264E-001 9.736398E-001 1.289356E-002
    outer loop 
      vertex -5.118159e-002 5.013553e-001 2.193032e+000
      vertex -2.431285e-001 4.574228e-001 2.120362e+000
      vertex -2.267517e-001 4.589025e-001 2.297870e+000
    endloop 
  endfacet
  facet normal -2.287204E-001 9.732004E-001 -2.383239E-002
    outer loop 
      vertex 1.053314e-001 5.358453e-001 2.099379e+000
      vertex -5.118159e-002 5.013553e-001 2.193032e+000
      vertex 1.058711e-001 5.409028e-001 2.300721e+000
    endloop 
  endfacet
  facet normal 4.078506E-002 -9.976646E-001 5.478924E-002
    outer loop 
      vertex 3.816906e-001 -4.846827e-001 4.131759e-001
      vertex 5.149729e-001 -4.843509e-001 3.200034e-001
      vertex 5.233336e-001 -4.752180e-001 4.800812e-001
    endloop 
  endfacet
  facet normal -4.077294E-002 9.977220E-001 5.374381E-002
    outer loop 
      vertex -3.727291e-001 4.849088e-001 4.168854e-001
      vertex -5.150146e-001 4.843047e-001 3.201545e-001
      vertex -5.232378e-001 4.753545e-001 4.800718e-001
    endloop 
  endfacet
  facet normal 9.989895E-001 3.655352E-002 -2.614916E-002
    outer loop 
      vertex 5.103946e-001 -2.929031e-001 3.518542e-001
      vertex 5.050424e-001 -1.247688e-001 3.824138e-001
      vertex 5.113553e-001 -2.161774e-001 4.958125e-001
    endloop 
  endfacet
  facet normal -9.991597E-001 -4.065535E-002 -5.188880E-003
    outer loop 
      vertex -5.062708e-001 1.440023e-001 4.089105e-001
      vertex -4.978735e-001 -6.227937e-002 4.081780e-001
      vertex -5.020562e-001 2.668367e-002 5.165498e-001
    endloop 
  endfacet
  facet normal -9.983950E-001 -5.333642E-002 -1.904023E-002
    outer loop 
      vertex -5.020562e-001 2.668367e-002 5.165498e-001
      vertex -5.110446e-001 1.737018e-001 5.760309e-001
      vertex -5.062708e-001 1.440023e-001 4.089105e-001
    endloop 
  endfacet
  facet normal -3.672183E-001 9.285318E-001 -5.458448E-002
    outer loop 
      vertex 2.726870e-001 6.516919e-001 3.679969e+000
      vertex 2.840805e-001 6.467931e-001 3.519985e+000
      vertex 1.329411e-001 5.901909e-001 3.573924e+000
    endloop 
  endfacet
  facet normal 9.315916E-001 3.613631E-001 -3.941944E-002
    outer loop 
      vertex 6.466330e-001 -2.849822e-001 3.520100e+000
      vertex 5.972651e-001 -1.634482e-001 3.467518e+000
      vertex 6.010562e-001 -1.567879e-001 3.618168e+000
    endloop 
  endfacet
  facet normal 9.270204E-001 3.710689E-001 -5.423126E-002
    outer loop 
      vertex 6.466330e-001 -2.849822e-001 3.520100e+000
      vertex 6.010562e-001 -1.567879e-001 3.618168e+000
      vertex 6.514464e-001 -2.736446e-001 3.679956e+000
    endloop 
  endfacet
  facet normal -5.311156E-002 9.978673E-001 3.794759E-002
    outer loop 
      vertex -3.727291e-001 4.849088e-001 4.168854e-001
      vertex -3.939663e-001 4.774273e-001 5.838944e-001
      vertex -2.424309e-001 4.878425e-001 5.221065e-001
    endloop 
  endfacet
  facet normal -5.876736E-002 9.979808E-001 2.409583E-002
    outer loop 
      vertex -2.653631e-001 4.826634e-001 6.806797e-001
      vertex -2.424309e-001 4.878425e-001 5.221065e-001
      vertex -3.939663e-001 4.774273e-001 5.838944e-001
    endloop 
  endfacet
  facet normal -4.025850E-002 9.989471E-001 2.200118E-002
    outer loop 
      vertex -3.727291e-001 4.849088e-001 4.168854e-001
      vertex -2.424309e-001 4.878425e-001 5.221065e-001
      vertex -2.052419e-001 4.930866e-001 3.520529e-001
    endloop 
  endfacet
  facet normal -6.320535E-002 9.977251E-001 2.344568E-002
    outer loop 
      vertex -2.424309e-001 4.878425e-001 5.221065e-001
      vertex -2.653631e-001 4.826634e-001 6.806797e-001
      vertex -1.072138e-001 4.941669e-001 6.174950e-001
    endloop 
  endfacet
  facet normal -4.730578E-002 9.986711E-001 2.045150E-002
    outer loop 
      vertex -2.052419e-001 4.930866e-001 3.520529e-001
      vertex -2.424309e-001 4.878425e-001 5.221065e-001
      vertex -7.991717e-002 4.967141e-001 4.647994e-001
    endloop 
  endfacet
  facet normal -5.191305E-002 9.986243E-001 7.378784E-003
    outer loop 
      vertex -2.424309e-001 4.878425e-001 5.221065e-001
      vertex -1.072138e-001 4.941669e-001 6.174950e-001
      vertex -7.991717e-002 4.967141e-001 4.647994e-001
    endloop 
  endfacet
  facet normal -7.690527E-002 9.967535E-001 2.383358E-002
    outer loop 
      vertex -3.961091e-001 4.710254e-001 7.455104e-001
      vertex -2.566628e-001 4.795236e-001 8.400642e-001
      vertex -2.653631e-001 4.826634e-001 6.806797e-001
    endloop 
  endfacet
  facet normal -3.635223E-001 9.315253E-001 1.058717E-002
    outer loop 
      vertex -1.842939e-001 4.645726e-001 3.519975e+000
      vertex -2.622716e-001 4.353565e-001 3.413143e+000
      vertex -3.144401e-001 4.132538e-001 3.566609e+000
    endloop 
  endfacet
  facet normal -3.516872E-001 9.361173E-001 6.927729E-004
    outer loop 
      vertex -1.842939e-001 4.645726e-001 3.519975e+000
      vertex -1.193074e-001 4.890702e-001 3.407826e+000
      vertex -2.622716e-001 4.353565e-001 3.413143e+000
    endloop 
  endfacet
  facet normal -3.546594E-001 9.348894E-001 1.408450E-002
    outer loop 
      vertex -2.622716e-001 4.353565e-001 3.413143e+000
      vertex -3.880338e-001 3.870098e-001 3.455463e+000
      vertex -3.144401e-001 4.132538e-001 3.566609e+000
    endloop 
  endfacet
  facet normal 3.748652E-001 -9.254848E-001 5.435144E-002
    outer loop 
      vertex 6.466330e-001 -2.849822e-001 3.520100e+000
      vertex 6.514464e-001 -2.736446e-001 3.679956e+000
      vertex 5.377012e-001 -3.221575e-001 3.638396e+000
    endloop 
  endfacet
  facet normal -3.367543E-001 9.400815E-001 5.332424E-002
    outer loop 
      vertex -6.375107e-001 3.061388e-001 3.199968e+000
      vertex -6.426458e-001 2.952217e-001 3.360001e+000
      vertex -5.094995e-001 3.487295e-001 3.257532e+000
    endloop 
  endfacet
  facet normal 3.384070E-001 -9.395223E-001 5.271192E-002
    outer loop 
      vertex 5.139393e-001 -3.466502e-001 3.277969e+000
      vertex 6.366173e-001 -3.068339e-001 3.200059e+000
      vertex 6.416845e-001 -2.960308e-001 3.360078e+000
    endloop 
  endfacet
  facet normal 3.387416E-001 -9.405743E-001 2.396176E-002
    outer loop 
      vertex 5.139393e-001 -3.466502e-001 3.277969e+000
      vertex 3.775108e-001 -3.925262e-001 3.405849e+000
      vertex 3.820569e-001 -3.963141e-001 3.192896e+000
    endloop 
  endfacet
  facet normal -9.467500E-001 -3.209015E-001 2.620604E-002
    outer loop 
      vertex -3.909268e-001 -4.134514e-001 3.019233e+000
      vertex -3.983827e-001 -3.760362e-001 3.208036e+000
      vertex -4.435108e-001 -2.500373e-001 3.120581e+000
    endloop 
  endfacet
  facet normal 9.956092E-001 7.692166E-002 5.334182E-002
    outer loop 
      vertex 4.570027e-001 5.392092e-001 8.000965e-001
      vertex 4.711918e-001 3.930762e-001 7.459926e-001
      vertex 4.661826e-001 5.313547e-001 6.400826e-001
    endloop 
  endfacet
  facet normal -7.756758E-002 9.955489E-001 5.353242E-002
    outer loop 
      vertex -5.394719e-001 4.569267e-001 7.999755e-001
      vertex -3.961091e-001 4.710254e-001 7.455104e-001
      vertex -5.315015e-001 4.661528e-001 6.399453e-001
    endloop 
  endfacet
  facet normal 7.333755E-002 -9.959073E-001 5.282179E-002
    outer loop 
      vertex 5.392728e-001 -4.570651e-001 7.999661e-001
      vertex 3.883536e-001 -4.732345e-001 7.046418e-001
      vertex 5.314185e-001 -4.661284e-001 6.399900e-001
    endloop 
  endfacet
  facet normal 2.664386E-001 -9.629691E-001 4.124333E-002
    outer loop 
      vertex 6.144388e-001 -3.491663e-001 2.560076e+000
      vertex 5.093738e-001 -3.737209e-001 2.665500e+000
      vertex 4.767519e-001 -3.886223e-001 2.528319e+000
    endloop 
  endfacet
  facet normal 2.779446E-001 -9.598386E-001 3.816712E-002
    outer loop 
      vertex 3.794502e-001 -4.108560e-001 2.677759e+000
      vertex 4.767519e-001 -3.886223e-001 2.528319e+000
      vertex 5.093738e-001 -3.737209e-001 2.665500e+000
    endloop 
  endfacet
  facet normal 2.614278E-001 -9.646378E-001 3.360836E-002
    outer loop 
      vertex 4.324272e-001 -4.065420e-001 2.358768e+000
      vertex 4.767519e-001 -3.886223e-001 2.528319e+000
      vertex 3.286939e-001 -4.291264e-001 2.517448e+000
    endloop 
  endfacet
  facet normal 2.619311E-001 -9.647084E-001 2.701606E-002
    outer loop 
      vertex 4.767519e-001 -3.886223e-001 2.528319e+000
      vertex 3.794502e-001 -4.108560e-001 2.677759e+000
      vertex 3.286939e-001 -4.291264e-001 2.517448e+000
    endloop 
  endfacet
  facet normal 2.637587E-001 -9.631282E-001 5.306013E-002
    outer loop 
      vertex 6.084115e-001 -3.596253e-001 2.400191e+000
      vertex 6.144388e-001 -3.491663e-001 2.560076e+000
      vertex 4.767519e-001 -3.886223e-001 2.528319e+000
    endloop 
  endfacet
  facet normal 2.492557E-001 -9.677262E-001 3.711684E-002
    outer loop 
      vertex 6.084115e-001 -3.596253e-001 2.400191e+000
      vertex 4.767519e-001 -3.886223e-001 2.528319e+000
      vertex 4.324272e-001 -4.065420e-001 2.358768e+000
    endloop 
  endfacet
  facet normal 9.711768E-001 2.382828E-001 6.071823E-003
    outer loop 
      vertex 4.766165e-001 1.571148e-001 2.132308e+000
      vertex 4.558648e-001 2.368283e-001 2.323234e+000
      vertex 5.014648e-001 5.222147e-002 2.274304e+000
    endloop 
  endfacet
  facet normal 9.744682E-001 2.241875E-001 1.231448E-002
    outer loop 
      vertex 4.375836e-001 3.245652e-001 2.172594e+000
      vertex 4.558648e-001 2.368283e-001 2.323234e+000
      vertex 4.766165e-001 1.571148e-001 2.132308e+000
    endloop 
  endfacet
  facet normal -1.038043E-001 9.942707E-001 -2.550070E-002
    outer loop 
      vertex 1.796861e-001 5.242286e-001 1.114721e+000
      vertex 1.936936e-001 5.216572e-001 9.574425e-001
      vertex 5.270277e-002 5.081298e-001 1.003936e+000
    endloop 
  endfacet
  facet normal -9.959950E-001 -8.165371E-002 -3.642293E-002
    outer loop 
      vertex -5.394719e-001 4.569267e-001 7.999755e-001
      vertex -5.226363e-001 2.959687e-001 7.004415e-001
      vertex -5.302511e-001 3.081558e-001 8.813503e-001
    endloop 
  endfacet
  facet normal -9.956870E-001 -8.544121E-002 -3.615482E-002
    outer loop 
      vertex -5.302511e-001 3.081558e-001 8.813503e-001
      vertex -5.226363e-001 2.959687e-001 7.004415e-001
      vertex -5.180906e-001 1.896434e-001 8.265235e-001
    endloop 
  endfacet
  facet normal -9.945049E-001 -9.046158E-002 -5.269448E-002
    outer loop 
      vertex -5.394719e-001 4.569267e-001 7.999755e-001
      vertex -5.302511e-001 3.081558e-001 8.813503e-001
      vertex -5.471158e-001 4.477328e-001 9.600232e-001
    endloop 
  endfacet
  facet normal -9.943791E-001 -9.902368E-002 -3.747712E-002
    outer loop 
      vertex -5.302511e-001 3.081558e-001 8.813503e-001
      vertex -5.355992e-001 2.938546e-001 1.061037e+000
      vertex -5.471158e-001 4.477328e-001 9.600232e-001
    endloop 
  endfacet
  facet normal 9.961070E-001 8.184856E-002 -3.273564E-002
    outer loop 
      vertex 5.196847e-001 -2.701929e-001 6.711555e-001
      vertex 5.258539e-001 -2.632184e-001 8.763171e-001
      vertex 5.392728e-001 -4.570651e-001 7.999661e-001
    endloop 
  endfacet
  facet normal 9.942201E-001 1.020214E-001 -3.343930E-002
    outer loop 
      vertex 5.258539e-001 -2.632184e-001 8.763171e-001
      vertex 5.127846e-001 -1.009707e-001 9.827469e-001
      vertex 5.327141e-001 -2.605695e-001 1.088365e+000
    endloop 
  endfacet
  facet normal 9.945827E-001 8.960368E-002 -5.269292E-002
    outer loop 
      vertex 5.469235e-001 -4.479000e-001 9.599571e-001
      vertex 5.392728e-001 -4.570651e-001 7.999661e-001
      vertex 5.258539e-001 -2.632184e-001 8.763171e-001
    endloop 
  endfacet
  facet normal 9.945921E-001 9.833986E-002 -3.340534E-002
    outer loop 
      vertex 5.469235e-001 -4.479000e-001 9.599571e-001
      vertex 5.258539e-001 -2.632184e-001 8.763171e-001
      vertex 5.327141e-001 -2.605695e-001 1.088365e+000
    endloop 
  endfacet
  facet normal 3.305135E-001 -9.430833E-001 -3.680651E-002
    outer loop 
      vertex -1.481178e-001 -5.848668e-001 3.280708e+000
      vertex -3.069251e-001 -6.373686e-001 3.199896e+000
      vertex -1.751287e-001 -5.875161e-001 3.106040e+000
    endloop 
  endfacet
  facet normal 3.265403E-001 -9.444910E-001 -3.617073E-002
    outer loop 
      vertex -3.150991e-002 -5.402111e-001 3.167365e+000
      vertex -1.481178e-001 -5.848668e-001 3.280708e+000
      vertex -1.751287e-001 -5.875161e-001 3.106040e+000
    endloop 
  endfacet
  facet normal 3.201478E-001 -9.458921E-001 -5.285442E-002
    outer loop 
      vertex -3.069251e-001 -6.373686e-001 3.199896e+000
      vertex -3.176390e-001 -6.320615e-001 3.040025e+000
      vertex -1.751287e-001 -5.875161e-001 3.106040e+000
    endloop 
  endfacet
  facet normal 9.455827E-001 3.210315E-001 -5.302925E-002
    outer loop 
      vertex 5.919361e-001 -1.886240e-001 3.118959e+000
      vertex 6.366173e-001 -3.068339e-001 3.200059e+000
      vertex 6.313024e-001 -3.176147e-001 3.040021e+000
    endloop 
  endfacet
  facet normal 8.343347E-002 -9.962201E-001 -2.417743E-002
    outer loop 
      vertex -1.562287e-001 -5.158150e-001 8.580842e-001
      vertex -3.270743e-001 -5.286736e-001 7.983500e-001
      vertex -2.066692e-001 -5.165181e-001 7.129931e-001
    endloop 
  endfacet
  facet normal 8.158512E-002 -9.952852E-001 -5.245189E-002
    outer loop 
      vertex -4.478698e-001 -5.470922e-001 9.599583e-001
      vertex -4.570719e-001 -5.394121e-001 7.999144e-001
      vertex -3.270743e-001 -5.286736e-001 7.983500e-001
    endloop 
  endfacet
  facet normal 8.155336E-002 -9.951836E-001 -5.439243E-002
    outer loop 
      vertex -4.570719e-001 -5.394121e-001 7.999144e-001
      vertex -4.663427e-001 -5.314287e-001 6.399463e-001
      vertex -3.270743e-001 -5.286736e-001 7.983500e-001
    endloop 
  endfacet
  facet normal -2.554483E-002 9.994457E-001 -2.134771E-002
    outer loop 
      vertex 2.211223e-001 5.030888e-001 1.395793e-001
      vertex 1.328181e-001 5.038298e-001 2.799338e-001
      vertex 2.766110e-001 5.073472e-001 2.725483e-001
    endloop 
  endfacet
  facet normal 3.816789E-001 -9.239751E-001 -2.431534E-002
    outer loop 
      vertex 5.745062e-002 -5.173600e-001 3.712912e+000
      vertex -1.671818e-002 -5.516891e-001 3.853179e+000
      vertex -9.475777e-002 -5.800200e-001 3.704751e+000
    endloop 
  endfacet
  facet normal 4.090809E-001 -9.121971E-001 -2.344011E-002
    outer loop 
      vertex 5.043365e-002 -5.253472e-001 4.000000e+000
      vertex -9.976064e-002 -5.927029e-001 4.000000e+000
      vertex -1.671818e-002 -5.516891e-001 3.853179e+000
    endloop 
  endfacet
  facet normal 9.992683E-001 2.834813E-002 2.567554E-002
    outer loop 
      vertex 4.961042e-001 2.683623e-001 1.515772e-001
      vertex 4.890040e-001 3.738794e-001 3.114087e-001
      vertex 4.936311e-001 2.340014e-001 2.857663e-001
    endloop 
  endfacet
  facet normal 9.996698E-001 0.000000E+000 2.569340E-002
    outer loop 
      vertex 5.000000e-001 3.333333e-001 0.000000e+000
      vertex 4.961042e-001 2.683623e-001 1.515772e-001
      vertex 5.000000e-001 1.666667e-001 0.000000e+000
    endloop 
  endfacet
  facet normal -1.730043E-001 9.847081E-001 2.047913E-002
    outer loop 
      vertex -2.087246e-001 4.705751e-001 1.681081e+000
      vertex -2.804519e-001 4.613500e-001 1.518717e+000
      vertex -3.526079e-001 4.460359e-001 1.645511e+000
    endloop 
  endfacet
  facet normal -1.742562E-001 9.843628E-001 2.578139E-002
    outer loop 
      vertex -3.242112e-001 4.473091e-001 1.788829e+000
      vertex -2.087246e-001 4.705751e-001 1.681081e+000
      vertex -3.526079e-001 4.460359e-001 1.645511e+000
    endloop 
  endfacet
  facet normal -1.713759E-001 9.843695E-001 4.058221E-002
    outer loop 
      vertex -3.526079e-001 4.460359e-001 1.645511e+000
      vertex -4.501493e-001 4.329900e-001 1.550043e+000
      vertex -4.607183e-001 4.249301e-001 1.700914e+000
    endloop 
  endfacet
  facet normal -1.596828E-001 9.867624E-001 2.830822E-002
    outer loop 
      vertex -2.804519e-001 4.613500e-001 1.518717e+000
      vertex -4.501493e-001 4.329900e-001 1.550043e+000
      vertex -3.526079e-001 4.460359e-001 1.645511e+000
    endloop 
  endfacet
  facet normal -1.783877E-001 9.836005E-001 2.660677E-002
    outer loop 
      vertex -3.242112e-001 4.473091e-001 1.788829e+000
      vertex -3.526079e-001 4.460359e-001 1.645511e+000
      vertex -4.607183e-001 4.249301e-001 1.700914e+000
    endloop 
  endfacet
  facet normal -9.943647E-001 -9.990386E-002 3.546870E-002
    outer loop 
      vertex -4.668752e-001 -3.577289e-001 9.605176e-001
      vertex -4.478698e-001 -5.470922e-001 9.599583e-001
      vertex -4.586197e-001 -3.922111e-001 1.094835e+000
    endloop 
  endfacet
  facet normal -9.942261E-001 -1.072759E-001 2.536728E-003
    outer loop 
      vertex -5.042999e-001 1.270484e-002 1.028421e+000
      vertex -4.955807e-001 -7.114150e-002 8.999891e-001
      vertex -4.885602e-001 -1.328651e-001 1.041329e+000
    endloop 
  endfacet
  facet normal -9.942046E-001 -1.075039E-001 -6.133783E-005
    outer loop 
      vertex -4.885602e-001 -1.328651e-001 1.041329e+000
      vertex -4.963986e-001 -6.045273e-002 1.178498e+000
      vertex -5.042999e-001 1.270484e-002 1.028421e+000
    endloop 
  endfacet
  facet normal 1.061946E-001 -9.943421E-001 -2.526806E-003
    outer loop 
      vertex 6.247310e-002 -4.961342e-001 1.066367e+000
      vertex -1.060465e-001 -5.140004e-001 1.014626e+000
      vertex 1.750054e-002 -5.005324e-001 9.070861e-001
    endloop 
  endfacet
  facet normal -1.035291E-001 9.946154E-001 4.683135E-003
    outer loop 
      vertex 5.270277e-002 5.081298e-001 1.003936e+000
      vertex -9.590788e-002 4.931312e-001 9.040731e-001
      vertex -8.634614e-002 4.933341e-001 1.072355e+000
    endloop 
  endfacet
  facet normal -9.502713E-001 -3.112965E-001 8.892005E-003
    outer loop 
      vertex -4.435108e-001 -2.500373e-001 3.120581e+000
      vertex -4.577492e-001 -2.111269e-001 2.961158e+000
      vertex -3.909268e-001 -4.134514e-001 3.019233e+000
    endloop 
  endfacet
  facet normal -9.483135E-001 -3.128734E-001 5.302729E-002
    outer loop 
      vertex -3.176390e-001 -6.320615e-001 3.040025e+000
      vertex -3.909268e-001 -4.134514e-001 3.019233e+000
      vertex -3.283934e-001 -6.265745e-001 2.880073e+000
    endloop 
  endfacet
  facet normal 3.085894E-001 -9.511560E-001 8.649532E-003
    outer loop 
      vertex 2.020417e-001 -4.603906e-001 2.950971e+000
      vertex 3.529757e-001 -4.110548e-001 2.991368e+000
      vertex 2.410390e-001 -4.462311e-001 3.116728e+000
    endloop 
  endfacet
  facet normal 3.227120E-001 -9.462264E-001 2.264316E-002
    outer loop 
      vertex 3.529757e-001 -4.110548e-001 2.991368e+000
      vertex 3.820569e-001 -3.963141e-001 3.192896e+000
      vertex 2.410390e-001 -4.462311e-001 3.116728e+000
    endloop 
  endfacet
  facet normal -3.097012E-001 9.507685E-001 1.115177E-002
    outer loop 
      vertex -3.638428e-001 4.068697e-001 3.002155e+000
      vertex -2.651318e-001 4.374282e-001 3.138171e+000
      vertex -1.783165e-001 4.675802e-001 2.978490e+000
    endloop 
  endfacet
  facet normal -3.247607E-001 9.455101E-001 2.326226E-002
    outer loop 
      vertex -3.996975e-001 3.905951e-001 3.163082e+000
      vertex -2.651318e-001 4.374282e-001 3.138171e+000
      vertex -3.638428e-001 4.068697e-001 3.002155e+000
    endloop 
  endfacet
  facet normal -9.849551E-001 -1.724998E-001 1.035594E-002
    outer loop 
      vertex -4.524932e-001 -3.164763e-001 1.652197e+000
      vertex -4.791176e-001 -1.623294e-001 1.687582e+000
      vertex -4.753259e-001 -1.920261e-001 1.553552e+000
    endloop 
  endfacet
  facet normal -9.866374E-001 -1.609535E-001 2.531201E-002
    outer loop 
      vertex -4.524932e-001 -3.164763e-001 1.652197e+000
      vertex -4.753259e-001 -1.920261e-001 1.553552e+000
      vertex -4.540198e-001 -3.270919e-001 1.525186e+000
    endloop 
  endfacet
  facet normal -9.843141E-001 -1.719413E-001 3.952305E-002
    outer loop 
      vertex -4.524932e-001 -3.164763e-001 1.652197e+000
      vertex -4.325232e-001 -4.508559e-001 1.564940e+000
      vertex -4.264143e-001 -4.540173e-001 1.703326e+000
    endloop 
  endfacet
  facet normal -9.862769E-001 -1.631201E-001 2.548876E-002
    outer loop 
      vertex -4.325232e-001 -4.508559e-001 1.564940e+000
      vertex -4.524932e-001 -3.164763e-001 1.652197e+000
      vertex -4.540198e-001 -3.270919e-001 1.525186e+000
    endloop 
  endfacet
  facet normal -9.838164E-001 -1.775347E-001 2.422257E-002
    outer loop 
      vertex -4.264143e-001 -4.540173e-001 1.703326e+000
      vertex -4.488824e-001 -3.176313e-001 1.790387e+000
      vertex -4.524932e-001 -3.164763e-001 1.652197e+000
    endloop 
  endfacet
  facet normal -9.841713E-001 -1.755534E-001 2.424840E-002
    outer loop 
      vertex -4.524932e-001 -3.164763e-001 1.652197e+000
      vertex -4.488824e-001 -3.176313e-001 1.790387e+000
      vertex -4.791176e-001 -1.623294e-001 1.687582e+000
    endloop 
  endfacet
  facet normal 9.518153E-001 3.062829E-001 1.544079E-002
    outer loop 
      vertex 4.641436e-001 1.881371e-001 2.956275e+000
      vertex 4.109093e-001 3.533970e-001 2.959702e+000
      vertex 4.271431e-001 2.960175e-001 3.097183e+000
    endloop 
  endfacet
  facet normal 9.185646E-001 3.952349E-001 -5.346701E-003
    outer loop 
      vertex 5.051110e-001 8.972900e-002 3.859095e+000
      vertex 4.785450e-001 1.491732e-001 3.689231e+000
      vertex 4.327443e-001 2.578392e-001 3.853391e+000
    endloop 
  endfacet
  facet normal 9.185114E-001 3.953945E-001 3.234439E-005
    outer loop 
      vertex 4.566539e-001 2.022846e-001 4.000000e+000
      vertex 5.051110e-001 8.972900e-002 3.859095e+000
      vertex 4.327443e-001 2.578392e-001 3.853391e+000
    endloop 
  endfacet
  facet normal 9.176929E-001 3.970146E-001 1.480580E-002
    outer loop 
      vertex 3.629813e-001 4.183359e-001 3.873756e+000
      vertex 3.882975e-001 3.551098e-001 4.000000e+000
      vertex 4.327443e-001 2.578392e-001 3.853391e+000
    endloop 
  endfacet
  facet normal 9.177964E-001 3.966368E-001 1.813782E-002
    outer loop 
      vertex 3.629813e-001 4.183359e-001 3.873756e+000
      vertex 4.327443e-001 2.578392e-001 3.853391e+000
      vertex 3.975973e-001 3.454053e-001 3.716985e+000
    endloop 
  endfacet
  facet normal 9.128311E-001 4.082955E-001 5.847306E-003
    outer loop 
      vertex 4.566539e-001 2.022846e-001 4.000000e+000
      vertex 4.327443e-001 2.578392e-001 3.853391e+000
      vertex 3.882975e-001 3.551098e-001 4.000000e+000
    endloop 
  endfacet
  facet normal 9.247201E-001 3.805995E-001 6.058634E-003
    outer loop 
      vertex 3.975973e-001 3.454053e-001 3.716985e+000
      vertex 4.327443e-001 2.578392e-001 3.853391e+000
      vertex 4.785450e-001 1.491732e-001 3.689231e+000
    endloop 
  endfacet
  facet normal -3.950704E-001 9.186471E-001 -2.641447E-003
    outer loop 
      vertex -2.612562e-001 4.317315e-001 3.850574e+000
      vertex -9.491866e-002 5.032460e-001 3.843613e+000
      vertex -1.718520e-001 4.696926e-001 3.680975e+000
    endloop 
  endfacet
  facet normal -3.949823E-001 9.186887E-001 -1.101825E-004
    outer loop 
      vertex -2.612562e-001 4.317315e-001 3.850574e+000
      vertex -2.031989e-001 4.567106e-001 4.000000e+000
      vertex -9.491866e-002 5.032460e-001 3.843613e+000
    endloop 
  endfacet
  facet normal -3.957215E-001 9.182337E-001 1.585470E-002
    outer loop 
      vertex -2.612562e-001 4.317315e-001 3.850574e+000
      vertex -4.195548e-001 3.631082e-001 3.873912e+000
      vertex -3.560113e-001 3.883158e-001 4.000000e+000
    endloop 
  endfacet
  facet normal -3.953889E-001 9.183297E-001 1.839252E-002
    outer loop 
      vertex -2.612562e-001 4.317315e-001 3.850574e+000
      vertex -3.531280e-001 3.947763e-001 3.720737e+000
      vertex -4.195548e-001 3.631082e-001 3.873912e+000
    endloop 
  endfacet
  facet normal -4.085146E-001 9.127311E-001 6.143472E-003
    outer loop 
      vertex -3.560113e-001 3.883158e-001 4.000000e+000
      vertex -2.031989e-001 4.567106e-001 4.000000e+000
      vertex -2.612562e-001 4.317315e-001 3.850574e+000
    endloop 
  endfacet
  facet normal -3.807635E-001 9.246514E-001 6.244352E-003
    outer loop 
      vertex -2.612562e-001 4.317315e-001 3.850574e+000
      vertex -1.718520e-001 4.696926e-001 3.680975e+000
      vertex -3.531280e-001 3.947763e-001 3.720737e+000
    endloop 
  endfacet
  facet normal 2.141613E-002 -9.996925E-001 1.250065E-002
    outer loop 
      vertex 1.317228e-001 -4.963416e-001 2.947372e-001
      vertex -3.199903e-002 -5.008208e-001 2.170138e-001
      vertex 1.433453e-001 -4.979096e-001 1.494267e-001
    endloop 
  endfacet
  facet normal 1.605546E-002 -9.998701E-001 -1.414425E-003
    outer loop 
      vertex 0.000000e+000 -5.000000e-001 0.000000e+000
      vertex 1.433453e-001 -4.979096e-001 1.494267e-001
      vertex -3.199903e-002 -5.008208e-001 2.170138e-001
    endloop 
  endfacet
  facet normal 4.104149E-002 -9.991481E-001 -4.320013E-003
    outer loop 
      vertex 4.594867e-002 -4.984792e-001 4.159685e-001
      vertex -1.232542e-001 -5.053875e-001 4.062698e-001
      vertex -3.199903e-002 -5.008208e-001 2.170138e-001
    endloop 
  endfacet
  facet normal 2.673664E-002 -9.996417E-001 1.290242E-003
    outer loop 
      vertex 4.594867e-002 -4.984792e-001 4.159685e-001
      vertex -3.199903e-002 -5.008208e-001 2.170138e-001
      vertex 1.317228e-001 -4.963416e-001 2.947372e-001
    endloop 
  endfacet
  facet normal 1.909798E-002 -9.997063E-001 -1.491418E-002
    outer loop 
      vertex -3.199903e-002 -5.008208e-001 2.170138e-001
      vertex -1.232542e-001 -5.053875e-001 4.062698e-001
      vertex -2.141665e-001 -5.039060e-001 1.905463e-001
    endloop 
  endfacet
  facet normal 1.921241E-002 -9.996921E-001 -1.570339E-002
    outer loop 
      vertex -2.141665e-001 -5.039060e-001 1.905463e-001
      vertex -1.666667e-001 -5.000000e-001 0.000000e+000
      vertex -3.199903e-002 -5.008208e-001 2.170138e-001
    endloop 
  endfacet
  facet normal 0.000000E+000 -9.999929E-001 -3.782292E-003
    outer loop 
      vertex -3.199903e-002 -5.008208e-001 2.170138e-001
      vertex -1.666667e-001 -5.000000e-001 0.000000e+000
      vertex 0.000000e+000 -5.000000e-001 0.000000e+000
    endloop 
  endfacet
  facet normal 3.956997E-001 -9.182318E-001 1.649886E-002
    outer loop 
      vertex 2.681122e-001 -4.291320e-001 3.854442e+000
      vertex 4.000407e-001 -3.721414e-001 3.862112e+000
      vertex 3.549308e-001 -3.891033e-001 4.000000e+000
    endloop 
  endfacet
  facet normal 4.092480E-001 -9.123977E-001 6.813519E-003
    outer loop 
      vertex 2.021780e-001 -4.576192e-001 4.000000e+000
      vertex 2.681122e-001 -4.291320e-001 3.854442e+000
      vertex 3.549308e-001 -3.891033e-001 4.000000e+000
    endloop 
  endfacet
  facet normal -1.562836E-002 9.998758E-001 2.044001E-003
    outer loop 
      vertex 5.319025e-002 5.007864e-001 1.474439e-001
      vertex -1.505266e-001 4.975653e-001 1.654989e-001
      vertex -3.530489e-002 4.990925e-001 2.994155e-001
    endloop 
  endfacet
  facet normal -1.577768E-002 9.998754E-001 3.591386E-004
    outer loop 
      vertex 5.319025e-002 5.007864e-001 1.474439e-001
      vertex 0.000000e+000 5.000000e-001 0.000000e+000
      vertex -1.505266e-001 4.975653e-001 1.654989e-001
    endloop 
  endfacet
  facet normal -1.447899E-002 9.997594E-001 -1.647541E-002
    outer loop 
      vertex 1.666667e-001 5.000000e-001 0.000000e+000
      vertex 5.319025e-002 5.007864e-001 1.474439e-001
      vertex 2.211223e-001 5.030888e-001 1.395793e-001
    endloop 
  endfacet
  facet normal -1.437873E-002 9.997941E-001 -1.432440E-002
    outer loop 
      vertex 2.211223e-001 5.030888e-001 1.395793e-001
      vertex 5.319025e-002 5.007864e-001 1.474439e-001
      vertex 1.328181e-001 5.038298e-001 2.799338e-001
    endloop 
  endfacet
  facet normal 0.000000E+000 9.999858E-001 -5.333234E-003
    outer loop 
      vertex 5.319025e-002 5.007864e-001 1.474439e-001
      vertex 1.666667e-001 5.000000e-001 0.000000e+000
      vertex 0.000000e+000 5.000000e-001 0.000000e+000
    endloop 
  endfacet
  facet normal -2.881896E-002 9.995687E-001 -5.640485E-003
    outer loop 
      vertex 5.319025e-002 5.007864e-001 1.474439e-001
      vertex -3.530489e-002 4.990925e-001 2.994155e-001
      vertex 1.328181e-001 5.038298e-001 2.799338e-001
    endloop 
  endfacet
  facet normal -9.998298E-001 -1.076079E-002 -1.498544E-002
    outer loop 
      vertex -5.000000e-001 1.666667e-001 0.000000e+000
      vertex -5.009189e-001 6.144645e-002 1.368636e-001
      vertex -5.021983e-001 2.230158e-001 1.062060e-001
    endloop 
  endfacet
  facet normal -9.999775E-001 0.000000E+000 -6.713576E-003
    outer loop 
      vertex -5.000000e-001 1.666667e-001 0.000000e+000
      vertex -5.000000e-001 0.000000e+000 0.000000e+000
      vertex -5.009189e-001 6.144645e-002 1.368636e-001
    endloop 
  endfacet
  facet normal 9.999936E-001 0.000000E+000 -3.576227E-003
    outer loop 
      vertex 5.007978e-001 -3.345067e-002 2.230852e-001
      vertex 5.000000e-001 -1.666667e-001 0.000000e+000
      vertex 5.000000e-001 0.000000e+000 0.000000e+000
    endloop 
  endfacet
  facet normal -9.130631E-001 -4.077858E-001 5.152139E-003
    outer loop 
      vertex -4.350980e-001 -2.554602e-001 3.855564e+000
      vertex -3.894173e-001 -3.559179e-001 4.000000e+000
      vertex -4.576898e-001 -2.030507e-001 4.000000e+000
    endloop 
  endfacet
  facet normal 4.084036E-001 -9.125516E-001 2.135368E-002
    outer loop 
      vertex 3.549308e-001 -3.891033e-001 4.000000e+000
      vertex 4.000407e-001 -3.721414e-001 3.862112e+000
      vertex 5.088789e-001 -3.202053e-001 4.000000e+000
    endloop 
  endfacet
  facet normal 2.596824E-001 -9.655669E-001 1.567267E-002
    outer loop 
      vertex 1.754512e-001 -4.707248e-001 2.493741e+000
      vertex 2.665046e-001 -4.485892e-001 2.348800e+000
      vertex 3.286939e-001 -4.291264e-001 2.517448e+000
    endloop 
  endfacet
  facet normal 2.434109E-001 -9.699115E-001 4.787250E-003
    outer loop 
      vertex 2.665046e-001 -4.485892e-001 2.348800e+000
      vertex 1.754512e-001 -4.707248e-001 2.493741e+000
      vertex 1.084310e-001 -4.883653e-001 2.327402e+000
    endloop 
  endfacet
  facet normal 2.605236E-001 -9.654160E-001 9.970292E-003
    outer loop 
      vertex 1.754512e-001 -4.707248e-001 2.493741e+000
      vertex 3.286939e-001 -4.291264e-001 2.517448e+000
      vertex 2.313810e-001 -4.539520e-001 2.656394e+000
    endloop 
  endfacet
  facet normal 2.574441E-001 -9.662924E-001 -1.250691E-003
    outer loop 
      vertex 1.754512e-001 -4.707248e-001 2.493741e+000
      vertex 1.865258e-002 -5.124634e-001 2.465629e+000
      vertex 1.084310e-001 -4.883653e-001 2.327402e+000
    endloop 
  endfacet
  facet normal 0.000000E+000 9.998918E-001 1.470969E-002
    outer loop 
      vertex -1.666667e-001 5.000000e-001 0.000000e+000
      vertex -1.505266e-001 4.975653e-001 1.654989e-001
      vertex 0.000000e+000 5.000000e-001 0.000000e+000
    endloop 
  endfacet
  facet normal -3.067629E-002 9.994168E-001 1.499646E-002
    outer loop 
      vertex -1.505266e-001 4.975653e-001 1.654989e-001
      vertex -2.052419e-001 4.930866e-001 3.520529e-001
      vertex -3.530489e-002 4.990925e-001 2.994155e-001
    endloop 
  endfacet
  facet normal 0.000000E+000 -9.999022E-001 1.398806E-002
    outer loop 
      vertex 1.666667e-001 -5.000000e-001 0.000000e+000
      vertex 1.433453e-001 -4.979096e-001 1.494267e-001
      vertex 0.000000e+000 -5.000000e-001 0.000000e+000
    endloop 
  endfacet
  facet normal -9.997859E-001 0.000000E+000 -2.069382E-002
    outer loop 
      vertex -5.021983e-001 2.230158e-001 1.062060e-001
      vertex -5.000000e-001 3.333333e-001 0.000000e+000
      vertex -5.000000e-001 1.666667e-001 0.000000e+000
    endloop 
  endfacet
  facet normal 9.993014E-001 4.684917E-003 -3.707867E-002
    outer loop 
      vertex 5.029851e-001 -3.324519e-001 1.016213e-001
      vertex 5.059130e-001 -4.936852e-001 1.601571e-001
      vertex 5.000000e-001 -5.000000e-001 0.000000e+000
    endloop 
  endfacet
  facet normal 9.995689E-001 0.000000E+000 -2.936227E-002
    outer loop 
      vertex 5.000000e-001 -3.333333e-001 0.000000e+000
      vertex 5.000000e-001 -1.666667e-001 0.000000e+000
      vertex 5.029851e-001 -3.324519e-001 1.016213e-001
    endloop 
  endfacet
  facet normal 9.995689E-001 0.000000E+000 -2.936227E-002
    outer loop 
      vertex 5.029851e-001 -3.324519e-001 1.016213e-001
      vertex 5.000000e-001 -5.000000e-001 0.000000e+000
      vertex 5.000000e-001 -3.333333e-001 0.000000e+000
    endloop 
  endfacet
  facet normal -4.092007E-001 9.123676E-001 -1.183569E-002
    outer loop 
      vertex -5.154900e-002 5.247262e-001 4.000000e+000
      vertex -9.491866e-002 5.032460e-001 3.843613e+000
      vertex -2.031989e-001 4.567106e-001 4.000000e+000
    endloop 
  endfacet
  facet normal -3.806613E-001 9.246527E-001 -1.069641E-002
    outer loop 
      vertex -9.491866e-002 5.032460e-001 3.843613e+000
      vertex 1.409675e-002 5.465940e-001 3.711218e+000
      vertex -1.718520e-001 4.696926e-001 3.680975e+000
    endloop 
  endfacet
  facet normal 9.126854E-001 4.084741E-001 -1.241924E-002
    outer loop 
      vertex 5.051110e-001 8.972900e-002 3.859095e+000
      vertex 4.566539e-001 2.022846e-001 4.000000e+000
      vertex 5.245380e-001 5.060583e-002 4.000000e+000
    endloop 
  endfacet
  facet normal -2.558267E-001 9.666557E-001 -1.138071E-002
    outer loop 
      vertex -2.859523e-002 5.083382e-001 2.364153e+000
      vertex -1.522406e-001 4.766916e-001 2.455577e+000
      vertex -1.942825e-002 5.129781e-001 2.552195e+000
    endloop 
  endfacet
  facet normal -2.438934E-001 9.697845E-001 5.841307E-003
    outer loop 
      vertex -2.859523e-002 5.083382e-001 2.364153e+000
      vertex -2.267517e-001 4.589025e-001 2.297870e+000
      vertex -1.522406e-001 4.766916e-001 2.455577e+000
    endloop 
  endfacet
  facet normal -9.733251E-001 -2.292905E-001 7.999802E-003
    outer loop 
      vertex -5.104265e-001 -1.456723e-002 2.193030e+000
      vertex -4.765587e-001 -1.603675e-001 2.134758e+000
      vertex -4.626184e-001 -2.144053e-001 2.282018e+000
    endloop 
  endfacet
  facet normal -9.720381E-001 -2.347699E-001 -4.996477E-003
    outer loop 
      vertex -5.104265e-001 -1.456723e-002 2.193030e+000
      vertex -4.626184e-001 -2.144053e-001 2.282018e+000
      vertex -4.891136e-001 -1.068740e-001 2.383933e+000
    endloop 
  endfacet
  facet normal -9.747669E-001 -2.229801E-001 1.045191E-002
    outer loop 
      vertex -4.396979e-001 -3.208449e-001 2.148856e+000
      vertex -4.626184e-001 -2.144053e-001 2.282018e+000
      vertex -4.765587e-001 -1.603675e-001 2.134758e+000
    endloop 
  endfacet
  facet normal -9.705935E-001 -2.394883E-001 2.436558E-002
    outer loop 
      vertex -4.626184e-001 -2.144053e-001 2.282018e+000
      vertex -4.396979e-001 -3.208449e-001 2.148856e+000
      vertex -4.160558e-001 -3.939783e-001 2.371804e+000
    endloop 
  endfacet
  facet normal -9.595481E-001 -2.805932E-001 2.313005E-002
    outer loop 
      vertex -3.892265e-001 -4.504701e-001 2.716098e+000
      vertex -4.447867e-001 -2.625073e-001 2.691386e+000
      vertex -4.256619e-001 -3.390347e-001 2.556414e+000
    endloop 
  endfacet
  facet normal -9.868217E-001 -1.617418E-001 4.754112E-003
    outer loop 
      vertex -5.043112e-001 -1.533343e-002 1.548345e+000
      vertex -4.871511e-001 -1.233156e-001 1.436594e+000
      vertex -4.753259e-001 -1.920261e-001 1.553552e+000
    endloop 
  endfacet
  facet normal -9.868168E-001 -1.616483E-001 7.898932E-003
    outer loop 
      vertex -4.791176e-001 -1.623294e-001 1.687582e+000
      vertex -5.043112e-001 -1.533343e-002 1.548345e+000
      vertex -4.753259e-001 -1.920261e-001 1.553552e+000
    endloop 
  endfacet
  facet normal -9.888294E-001 -1.488662E-001 -7.427881E-003
    outer loop 
      vertex -5.043112e-001 -1.533343e-002 1.548345e+000
      vertex -5.298938e-001 1.606335e-001 1.427349e+000
      vertex -5.051783e-001 5.744621e-004 1.344954e+000
    endloop 
  endfacet
  facet normal -9.887490E-001 -1.493976E-001 -7.469781E-003
    outer loop 
      vertex -4.871511e-001 -1.233156e-001 1.436594e+000
      vertex -5.043112e-001 -1.533343e-002 1.548345e+000
      vertex -5.051783e-001 5.744621e-004 1.344954e+000
    endloop 
  endfacet
  facet normal -9.844799E-001 -1.753576E-001 -6.997108E-003
    outer loop 
      vertex -5.033194e-001 -2.820762e-002 1.731451e+000
      vertex -5.043112e-001 -1.533343e-002 1.548345e+000
      vertex -4.791176e-001 -1.623294e-001 1.687582e+000
    endloop 
  endfacet
  facet normal -9.476601E-001 -3.192101E-001 6.727309E-003
    outer loop 
      vertex -4.577492e-001 -2.111269e-001 2.961158e+000
      vertex -4.435108e-001 -2.500373e-001 3.120581e+000
      vertex -4.923492e-001 -1.059478e-001 3.077863e+000
    endloop 
  endfacet
  facet normal 3.177874E-001 -9.481416E-001 6.228019E-003
    outer loop 
      vertex 2.020417e-001 -4.603906e-001 2.950971e+000
      vertex 2.410390e-001 -4.462311e-001 3.116728e+000
      vertex 9.188829e-002 -4.965691e-001 3.063860e+000
    endloop 
  endfacet
  facet normal 9.529397E-001 3.031601E-001 -4.956246E-005
    outer loop 
      vertex 4.641436e-001 1.881371e-001 2.956275e+000
      vertex 5.128987e-001 3.487626e-002 2.917796e+000
      vertex 4.805182e-001 1.366426e-001 2.814211e+000
    endloop 
  endfacet
  facet normal -2.999859E-001 9.539426E-001 1.408922E-003
    outer loop 
      vertex -4.045828e-002 5.110694e-001 2.885748e+000
      vertex -1.527711e-001 4.758897e-001 2.791403e+000
      vertex -1.783165e-001 4.675802e-001 2.978490e+000
    endloop 
  endfacet
  facet normal 9.300507E-001 3.668616E-001 2.045397E-002
    outer loop 
      vertex 3.523976e-001 4.665844e-001 3.574672e+000
      vertex 4.289732e-001 2.736489e-001 3.553228e+000
      vertex 4.028456e-001 3.483820e-001 3.400853e+000
    endloop 
  endfacet
  facet normal 9.299862E-001 3.671878E-001 1.728864E-002
    outer loop 
      vertex 4.289732e-001 2.736489e-001 3.553228e+000
      vertex 3.523976e-001 4.665844e-001 3.574672e+000
      vertex 3.975973e-001 3.454053e-001 3.716985e+000
    endloop 
  endfacet
  facet normal 9.280308E-001 3.684488E-001 5.480959E-002
    outer loop 
      vertex 3.523976e-001 4.665844e-001 3.574672e+000
      vertex 2.840805e-001 6.467931e-001 3.519985e+000
      vertex 2.726870e-001 6.516919e-001 3.679969e+000
    endloop 
  endfacet
  facet normal -3.686493E-001 9.292408E-001 2.468152E-002
    outer loop 
      vertex -3.144401e-001 4.132538e-001 3.566609e+000
      vertex -3.880338e-001 3.870098e-001 3.455463e+000
      vertex -4.809660e-001 3.466138e-001 3.588285e+000
    endloop 
  endfacet
  facet normal -3.693733E-001 9.290936E-001 1.866718E-002
    outer loop 
      vertex -3.531280e-001 3.947763e-001 3.720737e+000
      vertex -3.144401e-001 4.132538e-001 3.566609e+000
      vertex -4.809660e-001 3.466138e-001 3.588285e+000
    endloop 
  endfacet
  facet normal -3.701707E-001 9.274285E-001 5.338420E-002
    outer loop 
      vertex -6.477200e-001 2.839909e-001 3.519928e+000
      vertex -6.525724e-001 2.728422e-001 3.679963e+000
      vertex -4.809660e-001 3.466138e-001 3.588285e+000
    endloop 
  endfacet
  facet normal 3.496302E-002 -9.991552E-001 -2.159640E-002
    outer loop 
      vertex -1.232542e-001 -5.053875e-001 4.062698e-001
      vertex -3.206196e-001 -5.108154e-001 3.378678e-001
      vertex -2.141665e-001 -5.039060e-001 1.905463e-001
    endloop 
  endfacet
  facet normal 2.994108E-002 -9.980501E-001 -5.476819E-002
    outer loop 
      vertex -3.206196e-001 -5.108154e-001 3.378678e-001
      vertex -4.754114e-001 -5.232548e-001 4.799298e-001
      vertex -4.845617e-001 -5.147592e-001 3.201112e-001
    endloop 
  endfacet
  facet normal -9.811990E-001 -1.928723E-001 -6.993928E-003
    outer loop 
      vertex -5.033194e-001 -2.820762e-002 1.731451e+000
      vertex -4.967263e-001 -6.719907e-002 1.881748e+000
      vertex -5.237149e-001 7.130219e-002 1.848598e+000
    endloop 
  endfacet
  facet normal 9.826971E-001 1.851880E-001 -3.429178E-003
    outer loop 
      vertex 5.109332e-001 -1.313464e-002 1.773777e+000
      vertex 4.977370e-001 5.356900e-002 1.594389e+000
      vertex 4.788081e-001 1.575172e-001 1.783530e+000
    endloop 
  endfacet
  facet normal 9.827124E-001 1.851247E-001 -2.270893E-003
    outer loop 
      vertex 4.946881e-001 7.530419e-002 1.953421e+000
      vertex 5.109332e-001 -1.313464e-002 1.773777e+000
      vertex 4.788081e-001 1.575172e-001 1.783530e+000
    endloop 
  endfacet
  facet normal 9.823045E-001 1.862331E-001 -1.987636E-002
    outer loop 
      vertex 5.384779e-001 -1.559025e-001 1.797380e+000
      vertex 5.109332e-001 -1.313464e-002 1.773777e+000
      vertex 5.296307e-001 -9.446231e-002 1.935815e+000
    endloop 
  endfacet
  facet normal 9.791748E-001 2.027074E-001 -1.124674E-002
    outer loop 
      vertex 5.109332e-001 -1.313464e-002 1.773777e+000
      vertex 4.946881e-001 7.530419e-002 1.953421e+000
      vertex 5.296307e-001 -9.446231e-002 1.935815e+000
    endloop 
  endfacet
  facet normal 9.823404E-001 1.855503E-001 -2.404826E-002
    outer loop 
      vertex 5.384779e-001 -1.559025e-001 1.797380e+000
      vertex 5.294628e-001 -1.322984e-001 1.611249e+000
      vertex 5.109332e-001 -1.313464e-002 1.773777e+000
    endloop 
  endfacet
  facet normal 9.858454E-001 1.673403E-001 -1.029728E-002
    outer loop 
      vertex 5.109332e-001 -1.313464e-002 1.773777e+000
      vertex 5.294628e-001 -1.322984e-001 1.611249e+000
      vertex 4.977370e-001 5.356900e-002 1.594389e+000
    endloop 
  endfacet
  facet normal 3.677203E-001 -9.299352E-001 1.554708E-003
    outer loop 
      vertex 2.012975e-001 -4.579656e-001 3.711163e+000
      vertex 1.385052e-001 -4.830171e-001 3.578476e+000
      vertex 2.848258e-001 -4.251707e-001 3.570985e+000
    endloop 
  endfacet
  facet normal 4.079368E-002 -9.991676E-001 1.732158E-005
    outer loop 
      vertex 4.594867e-002 -4.984792e-001 4.159685e-001
      vertex 2.733226e-002 -4.992361e-001 5.991119e-001
      vertex -1.232542e-001 -5.053875e-001 4.062698e-001
    endloop 
  endfacet
  facet normal -4.237152E-002 9.990976E-001 2.938062E-003
    outer loop 
      vertex 6.190454e-002 5.028878e-001 4.107269e-001
      vertex -3.530489e-002 4.990925e-001 2.994155e-001
      vertex -7.991717e-002 4.967141e-001 4.647994e-001
    endloop 
  endfacet
  facet normal -3.368410E-002 9.994186E-001 5.286110E-003
    outer loop 
      vertex -3.530489e-002 4.990925e-001 2.994155e-001
      vertex -2.052419e-001 4.930866e-001 3.520529e-001
      vertex -7.991717e-002 4.967141e-001 4.647994e-001
    endloop 
  endfacet
  facet normal -9.397822E-001 -3.376102E-001 -5.318609E-002
    outer loop 
      vertex -6.375107e-001 3.061388e-001 3.199968e+000
      vertex -5.826175e-001 1.408961e-001 3.278935e+000
      vertex -6.426458e-001 2.952217e-001 3.360001e+000
    endloop 
  endfacet
  facet normal 9.330041E-001 3.558781E-001 -5.342326E-002
    outer loop 
      vertex 5.972651e-001 -1.634482e-001 3.467518e+000
      vertex 6.466330e-001 -2.849822e-001 3.520100e+000
      vertex 6.416845e-001 -2.960308e-001 3.360078e+000
    endloop 
  endfacet
  facet normal -3.336880E-001 9.411880E-001 -5.307850E-002
    outer loop 
      vertex 2.950042e-001 6.418706e-001 3.360119e+000
      vertex 3.059568e-001 6.367316e-001 3.200138e+000
      vertex 1.755183e-001 5.928097e-001 3.241343e+000
    endloop 
  endfacet
  facet normal 3.375918E-001 -9.398081E-001 -5.284439E-002
    outer loop 
      vertex -2.961177e-001 -6.424845e-001 3.359924e+000
      vertex -3.069251e-001 -6.373686e-001 3.199896e+000
      vertex -1.481178e-001 -5.848668e-001 3.280708e+000
    endloop 
  endfacet
  facet normal 9.962848E-001 6.805734E-002 -5.277032E-002
    outer loop 
      vertex 5.392728e-001 -4.570651e-001 7.999661e-001
      vertex 5.314185e-001 -4.661284e-001 6.399900e-001
      vertex 5.196847e-001 -2.701929e-001 6.711555e-001
    endloop 
  endfacet
  facet normal -9.955278E-001 -9.370027E-002 1.203077E-002
    outer loop 
      vertex -4.895446e-001 -1.508471e-001 7.786872e-001
      vertex -4.826468e-001 -2.053946e-001 9.246357e-001
      vertex -4.955807e-001 -7.114150e-002 8.999891e-001
    endloop 
  endfacet
  facet normal -9.963771E-001 -8.355341E-002 1.586325E-002
    outer loop 
      vertex -4.826468e-001 -2.053946e-001 9.246357e-001
      vertex -4.895446e-001 -1.508471e-001 7.786872e-001
      vertex -4.760764e-001 -3.022173e-001 8.273515e-001
    endloop 
  endfacet
  facet normal -9.949573E-001 -9.818474E-002 2.048916E-002
    outer loop 
      vertex -4.752509e-001 -2.562842e-001 1.039917e+000
      vertex -4.826468e-001 -2.053946e-001 9.246357e-001
      vertex -4.668752e-001 -3.577289e-001 9.605176e-001
    endloop 
  endfacet
  facet normal -9.940825E-001 -1.073872E-001 1.637070E-002
    outer loop 
      vertex -4.885602e-001 -1.328651e-001 1.041329e+000
      vertex -4.826468e-001 -2.053946e-001 9.246357e-001
      vertex -4.752509e-001 -2.562842e-001 1.039917e+000
    endloop 
  endfacet
  facet normal -9.949439E-001 -9.626921E-002 2.861552E-002
    outer loop 
      vertex -4.826468e-001 -2.053946e-001 9.246357e-001
      vertex -4.760764e-001 -3.022173e-001 8.273515e-001
      vertex -4.668752e-001 -3.577289e-001 9.605176e-001
    endloop 
  endfacet
  facet normal -9.955007E-001 -9.439643E-002 8.224544E-003
    outer loop 
      vertex -4.955807e-001 -7.114150e-002 8.999891e-001
      vertex -4.826468e-001 -2.053946e-001 9.246357e-001
      vertex -4.885602e-001 -1.328651e-001 1.041329e+000
    endloop 
  endfacet
  facet normal -9.291174E-001 -3.676648E-001 3.953830E-002
    outer loop 
      vertex -3.382300e-001 -5.175660e-001 3.459676e+000
      vertex -3.267004e-001 -5.301006e-001 3.614053e+000
      vertex -3.855957e-001 -3.866455e-001 3.564044e+000
    endloop 
  endfacet
  facet normal -9.311039E-001 -3.625428E-001 4.010253E-002
    outer loop 
      vertex -3.382300e-001 -5.175660e-001 3.459676e+000
      vertex -2.850494e-001 -6.474788e-001 3.519964e+000
      vertex -3.267004e-001 -5.301006e-001 3.614053e+000
    endloop 
  endfacet
  facet normal -9.249783E-001 -3.776718E-001 4.218050E-002
    outer loop 
      vertex -2.737574e-001 -6.524187e-001 3.679842e+000
      vertex -3.091094e-001 -5.585604e-001 3.744987e+000
      vertex -3.267004e-001 -5.301006e-001 3.614053e+000
    endloop 
  endfacet
  facet normal -9.219003E-001 -3.853465E-001 4.009880E-002
    outer loop 
      vertex -3.267004e-001 -5.301006e-001 3.614053e+000
      vertex -3.091094e-001 -5.585604e-001 3.744987e+000
      vertex -3.578399e-001 -4.440840e-001 3.724745e+000
    endloop 
  endfacet
  facet normal -9.280591E-001 -3.714133E-001 2.753901E-002
    outer loop 
      vertex -3.267004e-001 -5.301006e-001 3.614053e+000
      vertex -3.578399e-001 -4.440840e-001 3.724745e+000
      vertex -3.855957e-001 -3.866455e-001 3.564044e+000
    endloop 
  endfacet
  facet normal -9.266395E-001 -3.720599E-001 5.395139E-002
    outer loop 
      vertex -2.850494e-001 -6.474788e-001 3.519964e+000
      vertex -2.737574e-001 -6.524187e-001 3.679842e+000
      vertex -3.267004e-001 -5.301006e-001 3.614053e+000
    endloop 
  endfacet
  facet normal -9.960317E-001 -7.097385E-002 -5.369972E-002
    outer loop 
      vertex -5.226363e-001 2.959687e-001 7.004415e-001
      vertex -5.394719e-001 4.569267e-001 7.999755e-001
      vertex -5.315015e-001 4.661528e-001 6.399453e-001
    endloop 
  endfacet
  facet normal -2.643650E-001 9.644219E-001 1.195158E-003
    outer loop 
      vertex -1.359518e-001 4.809490e-001 2.623173e+000
      vertex -1.942825e-002 5.129781e-001 2.552195e+000
      vertex -1.522406e-001 4.766916e-001 2.455577e+000
    endloop 
  endfacet
  facet normal 9.629827E-001 2.695608E-001 1.159190E-003
    outer loop 
      vertex 4.677349e-001 1.811580e-001 2.653451e+000
      vertex 5.178884e-001 2.297282e-003 2.581749e+000
      vertex 4.831597e-001 1.268753e-001 2.462535e+000
    endloop 
  endfacet
  facet normal -2.785363E-001 9.604251E-001 1.035585E-003
    outer loop 
      vertex -1.527711e-001 4.758897e-001 2.791403e+000
      vertex -1.359518e-001 4.809490e-001 2.623173e+000
      vertex -2.620148e-001 4.443167e-001 2.690240e+000
    endloop 
  endfacet
  facet normal -9.989156E-001 -2.772094E-002 3.740751E-002
    outer loop 
      vertex -4.839060e-001 -3.844956e-001 4.341533e-001
      vertex -4.924636e-001 -3.296456e-001 2.462815e-001
      vertex -4.845617e-001 -5.147592e-001 3.201112e-001
    endloop 
  endfacet
  facet normal -9.995031E-001 -7.183994E-003 3.069304E-002
    outer loop 
      vertex -4.938376e-001 -5.057108e-001 1.603290e-001
      vertex -4.924636e-001 -3.296456e-001 2.462815e-001
      vertex -5.000000e-001 -3.333333e-001 0.000000e+000
    endloop 
  endfacet
  facet normal -9.981852E-001 -1.994816E-002 5.681809E-002
    outer loop 
      vertex -4.938376e-001 -5.057108e-001 1.603290e-001
      vertex -4.845617e-001 -5.147592e-001 3.201112e-001
      vertex -4.924636e-001 -3.296456e-001 2.462815e-001
    endloop 
  endfacet
  facet normal 3.793049E-001 -9.244590E-001 -3.877207E-002
    outer loop 
      vertex -2.737574e-001 -6.524187e-001 3.679842e+000
      vertex -1.529848e-001 -5.978845e-001 3.561069e+000
      vertex -9.475777e-002 -5.800200e-001 3.704751e+000
    endloop 
  endfacet
  facet normal -4.087577E-001 9.123377E-001 2.360320E-002
    outer loop 
      vertex -3.560113e-001 3.883158e-001 4.000000e+000
      vertex -4.195548e-001 3.631082e-001 3.873912e+000
      vertex -5.097368e-001 3.194416e-001 4.000000e+000
    endloop 
  endfacet
  facet normal -7.639840E-002 9.970644E-001 5.105228E-003
    outer loop 
      vertex -7.112935e-003 5.007911e-001 7.368655e-001
      vertex -1.488465e-001 4.898232e-001 7.579269e-001
      vertex -9.590788e-002 4.931312e-001 9.040731e-001
    endloop 
  endfacet
  facet normal -7.591986E-002 9.970791E-001 8.333234E-003
    outer loop 
      vertex -7.112935e-003 5.007911e-001 7.368655e-001
      vertex -1.072138e-001 4.941669e-001 6.174950e-001
      vertex -1.488465e-001 4.898232e-001 7.579269e-001
    endloop 
  endfacet
  facet normal -7.705452E-002 9.967418E-001 2.384149E-002
    outer loop 
      vertex -1.488465e-001 4.898232e-001 7.579269e-001
      vertex -2.653631e-001 4.826634e-001 6.806797e-001
      vertex -2.566628e-001 4.795236e-001 8.400642e-001
    endloop 
  endfacet
  facet normal -6.832891E-002 9.976065E-001 1.059998E-002
    outer loop 
      vertex -2.653631e-001 4.826634e-001 6.806797e-001
      vertex -1.488465e-001 4.898232e-001 7.579269e-001
      vertex -1.072138e-001 4.941669e-001 6.174950e-001
    endloop 
  endfacet
  facet normal -8.803593E-002 9.960735E-001 9.343124E-003
    outer loop 
      vertex -1.488465e-001 4.898232e-001 7.579269e-001
      vertex -2.566628e-001 4.795236e-001 8.400642e-001
      vertex -9.590788e-002 4.931312e-001 9.040731e-001
    endloop 
  endfacet
  facet normal 9.108145E-001 4.121317E-001 2.375622E-002
    outer loop 
      vertex 3.187133e-001 5.088915e-001 4.000000e+000
      vertex 3.882975e-001 3.551098e-001 4.000000e+000
      vertex 3.629813e-001 4.183359e-001 3.873756e+000
    endloop 
  endfacet
  facet normal 0.000000E+000 -9.997900E-001 -2.049471E-002
    outer loop 
      vertex -3.333333e-001 -5.000000e-001 0.000000e+000
      vertex -1.666667e-001 -5.000000e-001 0.000000e+000
      vertex -2.141665e-001 -5.039060e-001 1.905463e-001
    endloop 
  endfacet
  facet normal 0.000000E+000 9.997552E-001 -2.212417E-002
    outer loop 
      vertex 1.666667e-001 5.000000e-001 0.000000e+000
      vertex 2.211223e-001 5.030888e-001 1.395793e-001
      vertex 3.333333e-001 5.000000e-001 0.000000e+000
    endloop 
  endfacet
  facet normal 0.000000E+000 0.000000E+000 1.000000E+000
    outer loop 
      vertex 1.265539e-001 2.871863e-001 4.000000e+000
      vertex 2.235137e-002 1.533528e-001 4.000000e+000
      vertex 1.980371e-001 1.375181e-001 4.000000e+000
    endloop 
  endfacet
  facet normal -2.682843E-001 9.632474E-001 1.333996E-002
    outer loop 
      vertex -2.620148e-001 4.443167e-001 2.690240e+000
      vertex -2.427993e-001 4.515610e-001 2.553594e+000
      vertex -3.643339e-001 4.172084e-001 2.589892e+000
    endloop 
  endfacet
  facet normal -2.728177E-001 9.619828E-001 1.263542E-002
    outer loop 
      vertex -1.359518e-001 4.809490e-001 2.623173e+000
      vertex -2.427993e-001 4.515610e-001 2.553594e+000
      vertex -2.620148e-001 4.443167e-001 2.690240e+000
    endloop 
  endfacet
  facet normal -2.662076E-001 9.636931E-001 2.071503E-002
    outer loop 
      vertex -2.427993e-001 4.515610e-001 2.553594e+000
      vertex -3.127638e-001 4.344984e-001 2.448258e+000
      vertex -3.643339e-001 4.172084e-001 2.589892e+000
    endloop 
  endfacet
  facet normal -2.547286E-001 9.669309E-001 1.256614E-002
    outer loop 
      vertex -2.427993e-001 4.515610e-001 2.553594e+000
      vertex -1.522406e-001 4.766916e-001 2.455577e+000
      vertex -3.127638e-001 4.344984e-001 2.448258e+000
    endloop 
  endfacet
  facet normal -2.660257E-001 9.639649E-001 1.368166E-003
    outer loop 
      vertex -1.359518e-001 4.809490e-001 2.623173e+000
      vertex -1.522406e-001 4.766916e-001 2.455577e+000
      vertex -2.427993e-001 4.515610e-001 2.553594e+000
    endloop 
  endfacet
  facet normal 9.310654E-001 3.648115E-001 -5.473225E-003
    outer loop 
      vertex 4.949993e-001 1.042052e-001 3.491020e+000
      vertex 4.289732e-001 2.736489e-001 3.553228e+000
      vertex 4.785450e-001 1.491732e-001 3.689231e+000
    endloop 
  endfacet
  facet normal 9.324361E-001 3.612920E-001 5.568088E-003
    outer loop 
      vertex 4.949993e-001 1.042052e-001 3.491020e+000
      vertex 4.572606e-001 2.031136e-001 3.392974e+000
      vertex 4.289732e-001 2.736489e-001 3.553228e+000
    endloop 
  endfacet
  facet normal -3.672010E-001 9.301409E-001 -1.202863E-003
    outer loop 
      vertex -3.144401e-001 4.132538e-001 3.566609e+000
      vertex -1.718520e-001 4.696926e-001 3.680975e+000
      vertex -1.842939e-001 4.645726e-001 3.519975e+000
    endloop 
  endfacet
  facet normal -9.975702E-001 -4.298110E-002 5.483057E-002
    outer loop 
      vertex -4.754114e-001 -5.232548e-001 4.799298e-001
      vertex -4.839060e-001 -3.844956e-001 4.341533e-001
      vertex -4.845617e-001 -5.147592e-001 3.201112e-001
    endloop 
  endfacet
  facet normal 9.980170E-001 2.987212E-002 5.540660E-002
    outer loop 
      vertex 4.842961e-001 5.149896e-001 3.201321e-001
      vertex 4.751627e-001 5.233881e-001 4.801193e-001
      vertex 4.890040e-001 3.738794e-001 3.114087e-001
    endloop 
  endfacet
  facet normal -9.107195E-001 -4.118301E-001 -3.140126E-002
    outer loop 
      vertex -5.933057e-001 9.891428e-002 4.000000e+000
      vertex -5.793635e-001 8.264235e-002 3.809048e+000
      vertex -5.253876e-001 -5.127957e-002 4.000000e+000
    endloop 
  endfacet
  facet normal -9.167395E-001 -3.981195E-001 -3.300916E-002
    outer loop 
      vertex -6.577352e-001 2.605678e-001 3.839671e+000
      vertex -5.793635e-001 8.264235e-002 3.809048e+000
      vertex -5.933057e-001 9.891428e-002 4.000000e+000
    endloop 
  endfacet
  facet normal -9.172740E-001 -3.937245E-001 -5.991236E-002
    outer loop 
      vertex -6.525724e-001 2.728422e-001 3.679963e+000
      vertex -5.793635e-001 8.264235e-002 3.809048e+000
      vertex -6.577352e-001 2.605678e-001 3.839671e+000
    endloop 
  endfacet
  facet normal 3.658711E-001 -9.290656E-001 -5.454712E-002
    outer loop 
      vertex -2.850494e-001 -6.474788e-001 3.519964e+000
      vertex -1.529848e-001 -5.978845e-001 3.561069e+000
      vertex -2.737574e-001 -6.524187e-001 3.679842e+000
    endloop 
  endfacet
  facet normal -3.797946E-002 9.977887E-001 -5.454712E-002
    outer loop 
      vertex 4.842961e-001 5.149896e-001 3.201321e-001
      vertex 3.545143e-001 5.142299e-001 3.965982e-001
      vertex 4.751627e-001 5.233881e-001 4.801193e-001
    endloop 
  endfacet
  facet normal -2.916248E-002 9.995376E-001 -8.612540E-003
    outer loop 
      vertex 6.190454e-002 5.028878e-001 4.107269e-001
      vertex 1.328181e-001 5.038298e-001 2.799338e-001
      vertex -3.530489e-002 4.990925e-001 2.994155e-001
    endloop 
  endfacet
  facet normal -2.583423E-001 9.657595E-001 2.383112E-002
    outer loop 
      vertex -4.706402e-001 3.910597e-001 2.497154e+000
      vertex -3.643339e-001 4.172084e-001 2.589892e+000
      vertex -3.127638e-001 4.344984e-001 2.448258e+000
    endloop 
  endfacet
  facet normal -2.549633E-001 9.663088E-001 3.522929E-002
    outer loop 
      vertex -3.127638e-001 4.344984e-001 2.448258e+000
      vertex -4.352706e-001 4.056824e-001 2.352046e+000
      vertex -4.706402e-001 3.910597e-001 2.497154e+000
    endloop 
  endfacet
  facet normal -2.427272E-001 9.699168E-001 1.856848E-002
    outer loop 
      vertex -2.267517e-001 4.589025e-001 2.297870e+000
      vertex -4.352706e-001 4.056824e-001 2.352046e+000
      vertex -3.127638e-001 4.344984e-001 2.448258e+000
    endloop 
  endfacet
  facet normal -2.546766E-001 9.669608E-001 1.125450E-002
    outer loop 
      vertex -2.267517e-001 4.589025e-001 2.297870e+000
      vertex -3.127638e-001 4.344984e-001 2.448258e+000
      vertex -1.522406e-001 4.766916e-001 2.455577e+000
    endloop 
  endfacet
  facet normal 6.061131E-002 -9.980412E-001 -1.549380E-002
    outer loop 
      vertex -1.559617e-001 -5.101389e-001 5.843781e-001
      vertex -1.232542e-001 -5.053875e-001 4.062698e-001
      vertex 2.733226e-002 -4.992361e-001 5.991119e-001
    endloop 
  endfacet
  facet normal 3.815768E-001 -9.243172E-001 -6.063423E-003
    outer loop 
      vertex 2.012975e-001 -4.579656e-001 3.711163e+000
      vertex 5.745062e-002 -5.173600e-001 3.712912e+000
      vertex 1.385052e-001 -4.830171e-001 3.578476e+000
    endloop 
  endfacet
  facet normal -9.243030E-001 -3.814431E-001 -1.285420E-002
    outer loop 
      vertex -5.311298e-001 -2.480173e-002 3.704150e+000
      vertex -5.091706e-001 -7.363027e-002 3.574104e+000
      vertex -4.734281e-001 -1.649653e-001 3.714311e+000
    endloop 
  endfacet
  facet normal -9.604808E-001 -2.783461E-001 -2.780753E-004
    outer loop 
      vertex -4.780263e-001 -1.479294e-001 2.812558e+000
      vertex -4.967214e-001 -8.327562e-002 2.669564e+000
      vertex -4.447867e-001 -2.625073e-001 2.691386e+000
    endloop 
  endfacet
  facet normal -9.906534E-001 -1.363848E-001 -2.249281E-003
    outer loop 
      vertex -5.051783e-001 5.744621e-004 1.344954e+000
      vertex -4.963986e-001 -6.045273e-002 1.178498e+000
      vertex -4.806567e-001 -1.767482e-001 1.296840e+000
    endloop 
  endfacet
  facet normal -1.429146E-001 9.897276E-001 -3.857777E-003
    outer loop 
      vertex -5.127645e-002 4.973732e-001 1.236962e+000
      vertex -1.915417e-001 4.775880e-001 1.357245e+000
      vertex 3.346305e-002 5.102940e-001 1.412605e+000
    endloop 
  endfacet
  facet normal -1.307852E-001 9.913620E-001 -9.829910E-003
    outer loop 
      vertex 1.284712e-001 5.214307e-001 1.271693e+000
      vertex -5.127645e-002 4.973732e-001 1.236962e+000
      vertex 3.346305e-002 5.102940e-001 1.412605e+000
    endloop 
  endfacet
  facet normal -3.789289E-001 9.252906E-001 1.581269E-002
    outer loop 
      vertex -1.718520e-001 4.696926e-001 3.680975e+000
      vertex -3.144401e-001 4.132538e-001 3.566609e+000
      vertex -3.531280e-001 3.947763e-001 3.720737e+000
    endloop 
  endfacet
  facet normal 9.249146E-001 3.800244E-001 1.069211E-002
    outer loop 
      vertex 4.289732e-001 2.736489e-001 3.553228e+000
      vertex 3.975973e-001 3.454053e-001 3.716985e+000
      vertex 4.785450e-001 1.491732e-001 3.689231e+000
    endloop 
  endfacet
  facet normal 9.365981E-001 3.502272E-001 1.117287E-002
    outer loop 
      vertex 4.572606e-001 2.031136e-001 3.392974e+000
      vertex 4.028456e-001 3.483820e-001 3.400853e+000
      vertex 4.289732e-001 2.736489e-001 3.553228e+000
    endloop 
  endfacet
  facet normal -9.346880E-001 -3.550574E-001 -1.710614E-002
    outer loop 
      vertex -5.233817e-001 -2.517623e-002 3.310909e+000
      vertex -4.892328e-001 -1.217994e-001 3.450518e+000
      vertex -5.475554e-001 3.230824e-002 3.438619e+000
    endloop 
  endfacet
  facet normal -9.393734E-001 -3.428143E-001 -7.486624E-003
    outer loop 
      vertex -4.892328e-001 -1.217994e-001 3.450518e+000
      vertex -5.233817e-001 -2.517623e-002 3.310909e+000
      vertex -4.751637e-001 -1.578978e-001 3.338175e+000
    endloop 
  endfacet
  facet normal -9.348683E-001 -3.547733E-001 -1.254281E-002
    outer loop 
      vertex -4.892328e-001 -1.217994e-001 3.450518e+000
      vertex -5.091706e-001 -7.363027e-002 3.574104e+000
      vertex -5.475554e-001 3.230824e-002 3.438619e+000
    endloop 
  endfacet
  facet normal -9.347305E-001 -3.553460E-001 -2.878472E-003
    outer loop 
      vertex -4.356917e-001 -2.625552e-001 3.440297e+000
      vertex -4.892328e-001 -1.217994e-001 3.450518e+000
      vertex -4.751637e-001 -1.578978e-001 3.338175e+000
    endloop 
  endfacet
  facet normal -9.747465E-001 -2.231569E-001 8.386405E-003
    outer loop 
      vertex -4.723327e-001 -1.840318e-001 1.996252e+000
      vertex -4.396979e-001 -3.208449e-001 2.148856e+000
      vertex -4.765587e-001 -1.603675e-001 2.134758e+000
    endloop 
  endfacet
  facet normal 9.707729E-001 2.399989E-001 -7.791169E-004
    outer loop 
      vertex 5.014648e-001 5.222147e-002 2.274304e+000
      vertex 4.558648e-001 2.368283e-001 2.323234e+000
      vertex 4.831597e-001 1.268753e-001 2.462535e+000
    endloop 
  endfacet
  facet normal -9.610412E-001 -2.761802E-001 -1.114344E-002
    outer loop 
      vertex -5.419299e-001 7.470770e-002 2.652991e+000
      vertex -5.109897e-001 -2.783447e-002 2.526041e+000
      vertex -4.967214e-001 -8.327562e-002 2.669564e+000
    endloop 
  endfacet
  facet normal 3.684105E-001 -9.295865E-001 -1.193874E-002
    outer loop 
      vertex 7.560386e-002 -5.063491e-001 3.454139e+000
      vertex 1.385052e-001 -4.830171e-001 3.578476e+000
      vertex -1.021898e-002 -5.419098e-001 3.574644e+000
    endloop 
  endfacet
  facet normal 3.554159E-001 -9.344345E-001 -2.262401E-002
    outer loop 
      vertex 7.560386e-002 -5.063491e-001 3.454139e+000
      vertex -1.021898e-002 -5.419098e-001 3.574644e+000
      vertex -6.476471e-002 -5.592083e-001 3.432225e+000
    endloop 
  endfacet
  facet normal 3.546866E-001 -9.348307E-001 -1.699641E-002
    outer loop 
      vertex 7.560386e-002 -5.063491e-001 3.454139e+000
      vertex -6.476471e-002 -5.592083e-001 3.432225e+000
      vertex 1.757441e-002 -5.258163e-001 3.313888e+000
    endloop 
  endfacet
  facet normal 3.437954E-001 -9.389690E-001 -1.191574E-002
    outer loop 
      vertex 7.560386e-002 -5.063491e-001 3.454139e+000
      vertex 1.757441e-002 -5.258163e-001 3.313888e+000
      vertex 1.382840e-001 -4.819768e-001 3.342046e+000
    endloop 
  endfacet
  facet normal 3.554708E-001 -9.346768E-001 -4.437479E-003
    outer loop 
      vertex 7.560386e-002 -5.063491e-001 3.454139e+000
      vertex 2.176181e-001 -4.522922e-001 3.444272e+000
      vertex 1.385052e-001 -4.830171e-001 3.578476e+000
    endloop 
  endfacet
  facet normal 3.554697E-001 -9.346771E-001 -4.454518E-003
    outer loop 
      vertex 2.176181e-001 -4.522922e-001 3.444272e+000
      vertex 7.560386e-002 -5.063491e-001 3.454139e+000
      vertex 1.382840e-001 -4.819768e-001 3.342046e+000
    endloop 
  endfacet
  facet normal 9.910433E-001 1.333140E-001 7.788778E-003
    outer loop 
      vertex 4.828029e-001 1.501736e-001 1.430001e+000
      vertex 4.917549e-001 9.422767e-002 1.248530e+000
      vertex 4.681025e-001 2.673589e-001 1.294709e+000
    endloop 
  endfacet
  facet normal -1.912169E-001 9.813176E-001 2.125785E-002
    outer loop 
      vertex -3.242112e-001 4.473091e-001 1.788829e+000
      vertex -2.808470e-001 4.522377e-001 1.951379e+000
      vertex -1.512960e-001 4.796611e-001 1.850769e+000
    endloop 
  endfacet
  facet normal 9.992446E-001 1.060789E-002 3.738617E-002
    outer loop 
      vertex 4.944140e-001 4.077685e-001 1.571976e-001
      vertex 4.890040e-001 3.738794e-001 3.114087e-001
      vertex 4.961042e-001 2.683623e-001 1.515772e-001
    endloop 
  endfacet
  facet normal 9.994798E-001 1.089410E-002 3.035808E-002
    outer loop 
      vertex 5.000000e-001 3.333333e-001 0.000000e+000
      vertex 4.944140e-001 4.077685e-001 1.571976e-001
      vertex 4.961042e-001 2.683623e-001 1.515772e-001
    endloop 
  endfacet
  facet normal 9.986536E-001 3.073522E-002 4.178858E-002
    outer loop 
      vertex 4.944140e-001 4.077685e-001 1.571976e-001
      vertex 4.842961e-001 5.149896e-001 3.201321e-001
      vertex 4.890040e-001 3.738794e-001 3.114087e-001
    endloop 
  endfacet
  facet normal 9.982604E-001 4.920349E-003 5.875197E-002
    outer loop 
      vertex 4.937662e-001 5.059710e-001 1.599804e-001
      vertex 4.842961e-001 5.149896e-001 3.201321e-001
      vertex 4.944140e-001 4.077685e-001 1.571976e-001
    endloop 
  endfacet
  facet normal 9.992346E-001 5.494108E-003 3.873139E-002
    outer loop 
      vertex 4.937662e-001 5.059710e-001 1.599804e-001
      vertex 4.944140e-001 4.077685e-001 1.571976e-001
      vertex 5.000000e-001 5.000000e-001 0.000000e+000
    endloop 
  endfacet
  facet normal 9.993692E-001 0.000000E+000 3.551265E-002
    outer loop 
      vertex 5.000000e-001 3.333333e-001 0.000000e+000
      vertex 5.000000e-001 5.000000e-001 0.000000e+000
      vertex 4.944140e-001 4.077685e-001 1.571976e-001
    endloop 
  endfacet
  facet normal 9.697824E-001 2.428147E-001 2.373209E-002
    outer loop 
      vertex 4.558648e-001 2.368283e-001 2.323234e+000
      vertex 4.375836e-001 3.245652e-001 2.172594e+000
      vertex 4.111466e-001 4.118931e-001 2.359413e+000
    endloop 
  endfacet
  facet normal 9.270110E-002 -9.955280E-001 -1.817731E-002
    outer loop 
      vertex -1.562287e-001 -5.158150e-001 8.580842e-001
      vertex 1.750054e-002 -5.005324e-001 9.070861e-001
      vertex -1.060465e-001 -5.140004e-001 1.014626e+000
    endloop 
  endfacet
  facet normal 3.989094E-001 -9.163284E-001 -3.483430E-002
    outer loop 
      vertex -1.542706e-001 -6.112409e-001 3.844509e+000
      vertex -9.475777e-002 -5.800200e-001 3.704751e+000
      vertex -1.671818e-002 -5.516891e-001 3.853179e+000
    endloop 
  endfacet
  facet normal 3.987362E-001 -9.165580E-001 -3.050927E-002
    outer loop 
      vertex -1.542706e-001 -6.112409e-001 3.844509e+000
      vertex -1.671818e-002 -5.516891e-001 3.853179e+000
      vertex -9.976064e-002 -5.927029e-001 4.000000e+000
    endloop 
  endfacet
  facet normal 3.799118E-001 -9.239456E-001 -4.462564E-002
    outer loop 
      vertex -2.737574e-001 -6.524187e-001 3.679842e+000
      vertex -9.475777e-002 -5.800200e-001 3.704751e+000
      vertex -1.542706e-001 -6.112409e-001 3.844509e+000
    endloop 
  endfacet
  facet normal 4.244797E-001 -9.045100E-001 -4.097050E-002
    outer loop 
      vertex -1.542706e-001 -6.112409e-001 3.844509e+000
      vertex -9.976064e-002 -5.927029e-001 4.000000e+000
      vertex -2.489615e-001 -6.627217e-001 4.000000e+000
    endloop 
  endfacet
  facet normal 3.978390E-001 -9.155079E-001 -5.974410E-002
    outer loop 
      vertex -2.613418e-001 -6.574665e-001 3.839870e+000
      vertex -2.737574e-001 -6.524187e-001 3.679842e+000
      vertex -1.542706e-001 -6.112409e-001 3.844509e+000
    endloop 
  endfacet
  facet normal 3.978523E-001 -9.154325E-001 -6.080234E-002
    outer loop 
      vertex -2.613418e-001 -6.574665e-001 3.839870e+000
      vertex -1.542706e-001 -6.112409e-001 3.844509e+000
      vertex -2.489615e-001 -6.627217e-001 4.000000e+000
    endloop 
  endfacet
  facet normal 0.000000E+000 0.000000E+000 1.000000E+000
    outer loop 
      vertex -3.894173e-001 -3.559179e-001 4.000000e+000
      vertex -3.202075e-001 -5.094986e-001 4.000000e+000
      vertex -1.877204e-001 -3.656355e-001 4.000000e+000
    endloop 
  endfacet
  facet normal 0.000000E+000 0.000000E+000 1.000000E+000
    outer loop 
      vertex -3.202075e-001 -5.094986e-001 4.000000e+000
      vertex -2.489615e-001 -6.627217e-001 4.000000e+000
      vertex -9.976064e-002 -5.927029e-001 4.000000e+000
    endloop 
  endfacet
  facet normal -2.348574E-002 9.988964E-001 -4.067279E-002
    outer loop 
      vertex 2.766110e-001 5.073472e-001 2.725483e-001
      vertex 3.545143e-001 5.142299e-001 3.965982e-001
      vertex 3.952172e-001 5.096325e-001 2.601868e-001
    endloop 
  endfacet
  facet normal -3.115111E-002 9.985915E-001 -4.294974E-002
    outer loop 
      vertex 4.842961e-001 5.149896e-001 3.201321e-001
      vertex 3.952172e-001 5.096325e-001 2.601868e-001
      vertex 3.545143e-001 5.142299e-001 3.965982e-001
    endloop 
  endfacet
  facet normal -2.135167E-002 9.981189E-001 -5.746950E-002
    outer loop 
      vertex 3.952172e-001 5.096325e-001 2.601868e-001
      vertex 4.842961e-001 5.149896e-001 3.201321e-001
      vertex 4.937662e-001 5.059710e-001 1.599804e-001
    endloop 
  endfacet
  facet normal -9.046090E-001 -4.217515E-001 -6.171120E-002
    outer loop 
      vertex -6.577352e-001 2.605678e-001 3.839671e+000
      vertex -5.933057e-001 9.891428e-002 4.000000e+000
      vertex -6.628677e-001 2.481168e-001 4.000000e+000
    endloop 
  endfacet
  facet normal -1.111681E-001 9.924244E-001 5.230144E-002
    outer loop 
      vertex -3.894415e-001 4.596520e-001 1.068996e+000
      vertex -5.471158e-001 4.477328e-001 9.600232e-001
      vertex -5.545967e-001 4.384624e-001 1.120028e+000
    endloop 
  endfacet
  facet normal -9.926536E-001 -1.089006E-001 -5.271981E-002
    outer loop 
      vertex -5.471158e-001 4.477328e-001 9.600232e-001
      vertex -5.355992e-001 2.938546e-001 1.061037e+000
      vertex -5.545967e-001 4.384624e-001 1.120028e+000
    endloop 
  endfacet
  facet normal 1.385790E-002 -9.992247E-001 -3.685001E-002
    outer loop 
      vertex -2.141665e-001 -5.039060e-001 1.905463e-001
      vertex -3.206196e-001 -5.108154e-001 3.378678e-001
      vertex -3.807245e-001 -5.051676e-001 1.621195e-001
    endloop 
  endfacet
  facet normal 2.855914E-002 -9.987152E-001 -4.186138E-002
    outer loop 
      vertex -3.807245e-001 -5.051676e-001 1.621195e-001
      vertex -3.206196e-001 -5.108154e-001 3.378678e-001
      vertex -4.845617e-001 -5.147592e-001 3.201112e-001
    endloop 
  endfacet
  facet normal 1.239036E-002 -9.995244E-001 -2.823814E-002
    outer loop 
      vertex -3.333333e-001 -5.000000e-001 0.000000e+000
      vertex -2.141665e-001 -5.039060e-001 1.905463e-001
      vertex -3.807245e-001 -5.051676e-001 1.621195e-001
    endloop 
  endfacet
  facet normal 5.694919E-003 -9.983655E-001 -5.686726E-002
    outer loop 
      vertex -4.938376e-001 -5.057108e-001 1.603290e-001
      vertex -3.807245e-001 -5.051676e-001 1.621195e-001
      vertex -4.845617e-001 -5.147592e-001 3.201112e-001
    endloop 
  endfacet
  facet normal 5.366177E-003 -9.993445E-001 -3.580242E-002
    outer loop 
      vertex -4.938376e-001 -5.057108e-001 1.603290e-001
      vertex -5.000000e-001 -5.000000e-001 0.000000e+000
      vertex -3.807245e-001 -5.051676e-001 1.621195e-001
    endloop 
  endfacet
  facet normal 0.000000E+000 -9.994923E-001 -3.185909E-002
    outer loop 
      vertex -5.000000e-001 -5.000000e-001 0.000000e+000
      vertex -3.333333e-001 -5.000000e-001 0.000000e+000
      vertex -3.807245e-001 -5.051676e-001 1.621195e-001
    endloop 
  endfacet
  facet normal -9.767152E-001 -2.079010E-001 -5.295915E-002
    outer loop 
      vertex -5.965411e-001 3.796573e-001 2.079949e+000
      vertex -5.899986e-001 3.896977e-001 1.919872e+000
      vertex -5.478076e-001 1.699881e-001 2.004262e+000
    endloop 
  endfacet
  facet normal -2.450759E-001 9.680712E-001 5.268653E-002
    outer loop 
      vertex -6.029122e-001 3.693431e-001 2.239950e+000
      vertex -6.091216e-001 3.590598e-001 2.400014e+000
      vertex -4.352706e-001 4.056824e-001 2.352046e+000
    endloop 
  endfacet
  facet normal -9.519733E-001 -3.016121E-001 -5.269695E-002
    outer loop 
      vertex -5.778959e-001 1.664047e-001 2.920595e+000
      vertex -6.321888e-001 3.169135e-001 3.039959e+000
      vertex -6.267045e-001 3.275609e-001 2.879945e+000
    endloop 
  endfacet
  facet normal 9.746233E-001 2.232537E-001 1.634619E-002
    outer loop 
      vertex 4.766165e-001 1.571148e-001 2.132308e+000
      vertex 4.591390e-001 2.452945e-001 1.970045e+000
      vertex 4.375836e-001 3.245652e-001 2.172594e+000
    endloop 
  endfacet
  facet normal 9.789185E-001 2.041766E-001 5.516356E-003
    outer loop 
      vertex 4.946881e-001 7.530419e-002 1.953421e+000
      vertex 4.591390e-001 2.452945e-001 1.970045e+000
      vertex 4.766165e-001 1.571148e-001 2.132308e+000
    endloop 
  endfacet
  facet normal 9.823670E-001 1.862833E-001 1.592856E-002
    outer loop 
      vertex 4.591390e-001 2.452945e-001 1.970045e+000
      vertex 4.788081e-001 1.575172e-001 1.783530e+000
      vertex 4.456225e-001 3.313529e-001 1.797200e+000
    endloop 
  endfacet
  facet normal 9.789413E-001 2.040145E-001 7.222659E-003
    outer loop 
      vertex 4.946881e-001 7.530419e-002 1.953421e+000
      vertex 4.788081e-001 1.575172e-001 1.783530e+000
      vertex 4.591390e-001 2.452945e-001 1.970045e+000
    endloop 
  endfacet
  facet normal 9.779183E-001 2.077436E-001 2.276698E-002
    outer loop 
      vertex 4.591390e-001 2.452945e-001 1.970045e+000
      vertex 4.218233e-001 4.160353e-001 2.014905e+000
      vertex 4.375836e-001 3.245652e-001 2.172594e+000
    endloop 
  endfacet
  facet normal 9.780266E-001 2.067919E-001 2.647913E-002
    outer loop 
      vertex 4.218233e-001 4.160353e-001 2.014905e+000
      vertex 4.591390e-001 2.452945e-001 1.970045e+000
      vertex 4.456225e-001 3.313529e-001 1.797200e+000
    endloop 
  endfacet
  facet normal 2.079661E-001 -9.779925E-001 -1.675378E-002
    outer loop 
      vertex -1.438292e-001 -5.417665e-001 1.993688e+000
      vertex -5.847014e-002 -5.216396e-001 1.878358e+000
      vertex -8.337006e-003 -5.132398e-001 2.010333e+000
    endloop 
  endfacet
  facet normal 1.908019E-001 -9.814887E-001 -1.656905E-002
    outer loop 
      vertex -5.847014e-002 -5.216396e-001 1.878358e+000
      vertex -1.683342e-001 -5.422147e-001 1.832005e+000
      vertex -5.118351e-002 -5.179607e-001 1.744346e+000
    endloop 
  endfacet
  facet normal 1.949353E-001 -9.804491E-001 -2.682701E-002
    outer loop 
      vertex -5.847014e-002 -5.216396e-001 1.878358e+000
      vertex -1.438292e-001 -5.417665e-001 1.993688e+000
      vertex -1.683342e-001 -5.422147e-001 1.832005e+000
    endloop 
  endfacet
  facet normal 1.944650E-001 -9.808428E-001 -1.144369E-002
    outer loop 
      vertex 5.627435e-002 -4.985787e-001 1.851678e+000
      vertex -8.337006e-003 -5.132398e-001 2.010333e+000
      vertex -5.847014e-002 -5.216396e-001 1.878358e+000
    endloop 
  endfacet
  facet normal 1.933390E-001 -9.809946E-001 -1.641754E-002
    outer loop 
      vertex 5.627435e-002 -4.985787e-001 1.851678e+000
      vertex -5.847014e-002 -5.216396e-001 1.878358e+000
      vertex -5.118351e-002 -5.179607e-001 1.744346e+000
    endloop 
  endfacet
  facet normal -9.992622E-001 0.000000E+000 3.840764E-002
    outer loop 
      vertex -4.938376e-001 -5.057108e-001 1.603290e-001
      vertex -5.000000e-001 -3.333333e-001 0.000000e+000
      vertex -5.000000e-001 -5.000000e-001 0.000000e+000
    endloop 
  endfacet
  facet normal 9.789670E-001 2.010473E-001 -3.469089E-002
    outer loop 
      vertex 5.620757e-001 -2.534070e-001 1.930257e+000
      vertex 5.296307e-001 -9.446231e-002 1.935815e+000
      vertex 5.590084e-001 -2.113914e-001 2.087195e+000
    endloop 
  endfacet
  facet normal 9.792676E-001 2.008239E-001 -2.654611E-002
    outer loop 
      vertex 5.620757e-001 -2.534070e-001 1.930257e+000
      vertex 5.384779e-001 -1.559025e-001 1.797380e+000
      vertex 5.296307e-001 -9.446231e-002 1.935815e+000
    endloop 
  endfacet
  facet normal 9.756879E-001 2.181726E-001 -2.082659E-002
    outer loop 
      vertex 5.296307e-001 -9.446231e-002 1.935815e+000
      vertex 5.179027e-001 -2.609096e-002 2.102616e+000
      vertex 5.590084e-001 -2.113914e-001 2.087195e+000
    endloop 
  endfacet
  facet normal 9.790711E-001 2.030103E-001 -1.437373E-002
    outer loop 
      vertex 4.946881e-001 7.530419e-002 1.953421e+000
      vertex 5.179027e-001 -2.609096e-002 2.102616e+000
      vertex 5.296307e-001 -9.446231e-002 1.935815e+000
    endloop 
  endfacet
  facet normal -9.579048E-001 -2.823027E-001 5.218798E-002
    outer loop 
      vertex -3.892265e-001 -4.504701e-001 2.716098e+000
      vertex -3.387492e-001 -6.210368e-001 2.719949e+000
      vertex -3.283934e-001 -6.265745e-001 2.880073e+000
    endloop 
  endfacet
  facet normal 0.000000E+000 0.000000E+000 -1.000000E+000
    outer loop 
      vertex 5.137601e-003 2.877174e-001 0.000000e+000
      vertex 2.232202e-002 1.391538e-001 0.000000e+000
      vertex -1.085704e-001 1.559337e-001 0.000000e+000
    endloop 
  endfacet
  facet normal 0.000000E+000 0.000000E+000 -1.000000E+000
    outer loop 
      vertex 2.232202e-002 1.391538e-001 0.000000e+000
      vertex 1.016581e-003 2.434756e-002 0.000000e+000
      vertex -1.085704e-001 1.559337e-001 0.000000e+000
    endloop 
  endfacet
  facet normal 0.000000E+000 0.000000E+000 -1.000000E+000
    outer loop 
      vertex 1.266406e-001 8.004968e-002 0.000000e+000
      vertex 1.016581e-003 2.434756e-002 0.000000e+000
      vertex 2.232202e-002 1.391538e-001 0.000000e+000
    endloop 
  endfacet
  facet normal 0.000000E+000 0.000000E+000 -1.000000E+000
    outer loop 
      vertex 2.232202e-002 1.391538e-001 0.000000e+000
      vertex 1.315549e-001 2.099927e-001 0.000000e+000
      vertex 1.266406e-001 8.004968e-002 0.000000e+000
    endloop 
  endfacet
  facet normal 0.000000E+000 0.000000E+000 -1.000000E+000
    outer loop 
      vertex 5.137601e-003 2.877174e-001 0.000000e+000
      vertex 1.315549e-001 2.099927e-001 0.000000e+000
      vertex 2.232202e-002 1.391538e-001 0.000000e+000
    endloop 
  endfacet
  facet normal 2.554390E-001 -9.654257E-001 -5.200194E-002
    outer loop 
      vertex -3.493827e-001 -6.150422e-001 2.559808e+000
      vertex -3.595493e-001 -6.091232e-001 2.399983e+000
      vertex -1.723896e-001 -5.630818e-001 2.464563e+000
    endloop 
  endfacet
  facet normal 0.000000E+000 0.000000E+000 -1.000000E+000
    outer loop 
      vertex 1.263364e-001 -4.950204e-002 0.000000e+000
      vertex 2.463146e-001 -1.167427e-001 0.000000e+000
      vertex 1.197696e-001 -1.840909e-001 0.000000e+000
    endloop 
  endfacet
  facet normal 0.000000E+000 0.000000E+000 -1.000000E+000
    outer loop 
      vertex 2.514290e-001 2.113478e-002 0.000000e+000
      vertex 2.463146e-001 -1.167427e-001 0.000000e+000
      vertex 1.263364e-001 -4.950204e-002 0.000000e+000
    endloop 
  endfacet
  facet normal 0.000000E+000 0.000000E+000 -1.000000E+000
    outer loop 
      vertex 2.514290e-001 2.113478e-002 0.000000e+000
      vertex 1.263364e-001 -4.950204e-002 0.000000e+000
      vertex 1.266406e-001 8.004968e-002 0.000000e+000
    endloop 
  endfacet
  facet normal 0.000000E+000 0.000000E+000 -1.000000E+000
    outer loop 
      vertex 1.266406e-001 8.004968e-002 0.000000e+000
      vertex 1.263364e-001 -4.950204e-002 0.000000e+000
      vertex 1.016581e-003 2.434756e-002 0.000000e+000
    endloop 
  endfacet
  facet normal 0.000000E+000 0.000000E+000 -1.000000E+000
    outer loop 
      vertex -1.117158e-003 -1.113729e-001 0.000000e+000
      vertex 1.263364e-001 -4.950204e-002 0.000000e+000
      vertex 1.197696e-001 -1.840909e-001 0.000000e+000
    endloop 
  endfacet
  facet normal 0.000000E+000 0.000000E+000 -1.000000E+000
    outer loop 
      vertex 1.016581e-003 2.434756e-002 0.000000e+000
      vertex 1.263364e-001 -4.950204e-002 0.000000e+000
      vertex -1.117158e-003 -1.113729e-001 0.000000e+000
    endloop 
  endfacet
  facet normal -9.921190E-001 -1.140494E-001 5.189123E-002
    outer loop 
      vertex -4.386508e-001 -5.545341e-001 1.119861e+000
      vertex -4.586197e-001 -3.922111e-001 1.094835e+000
      vertex -4.478698e-001 -5.470922e-001 9.599583e-001
    endloop 
  endfacet
  facet normal 0.000000E+000 0.000000E+000 -1.000000E+000
    outer loop 
      vertex 1.274870e-001 3.588903e-001 0.000000e+000
      vertex 1.315549e-001 2.099927e-001 0.000000e+000
      vertex 5.137601e-003 2.877174e-001 0.000000e+000
    endloop 
  endfacet
  facet normal 0.000000E+000 0.000000E+000 -1.000000E+000
    outer loop 
      vertex 2.514211e-001 2.763562e-001 0.000000e+000
      vertex 1.315549e-001 2.099927e-001 0.000000e+000
      vertex 1.274870e-001 3.588903e-001 0.000000e+000
    endloop 
  endfacet
  facet normal 0.000000E+000 0.000000E+000 -1.000000E+000
    outer loop 
      vertex 1.315549e-001 2.099927e-001 0.000000e+000
      vertex 2.504312e-001 1.480949e-001 0.000000e+000
      vertex 1.266406e-001 8.004968e-002 0.000000e+000
    endloop 
  endfacet
  facet normal 0.000000E+000 0.000000E+000 -1.000000E+000
    outer loop 
      vertex 2.514211e-001 2.763562e-001 0.000000e+000
      vertex 2.504312e-001 1.480949e-001 0.000000e+000
      vertex 1.315549e-001 2.099927e-001 0.000000e+000
    endloop 
  endfacet
  facet normal 0.000000E+000 0.000000E+000 1.000000E+000
    outer loop 
      vertex 5.922465e-001 -9.970288e-002 4.000000e+000
      vertex 5.245380e-001 5.060583e-002 4.000000e+000
      vertex 3.992099e-001 -8.707847e-002 4.000000e+000
    endloop 
  endfacet
  facet normal 0.000000E+000 0.000000E+000 1.000000E+000
    outer loop 
      vertex -1.033215e-001 -1.121285e-001 4.000000e+000
      vertex 4.275690e-002 -1.196009e-001 4.000000e+000
      vertex -3.087883e-003 -1.072505e-003 4.000000e+000
    endloop 
  endfacet
  facet normal 0.000000E+000 0.000000E+000 1.000000E+000
    outer loop 
      vertex 1.579694e-001 -1.160435e-001 4.000000e+000
      vertex 4.275690e-002 -1.196009e-001 4.000000e+000
      vertex 1.089748e-001 -2.651320e-001 4.000000e+000
    endloop 
  endfacet
  facet normal 0.000000E+000 0.000000E+000 1.000000E+000
    outer loop 
      vertex -1.033215e-001 -1.121285e-001 4.000000e+000
      vertex -5.191790e-002 -2.455025e-001 4.000000e+000
      vertex 4.275690e-002 -1.196009e-001 4.000000e+000
    endloop 
  endfacet
  facet normal 0.000000E+000 0.000000E+000 1.000000E+000
    outer loop 
      vertex -5.191790e-002 -2.455025e-001 4.000000e+000
      vertex 1.089748e-001 -2.651320e-001 4.000000e+000
      vertex 4.275690e-002 -1.196009e-001 4.000000e+000
    endloop 
  endfacet
  facet normal 0.000000E+000 0.000000E+000 1.000000E+000
    outer loop 
      vertex 1.579694e-001 -1.160435e-001 4.000000e+000
      vertex 1.168655e-001 1.585300e-002 4.000000e+000
      vertex 4.275690e-002 -1.196009e-001 4.000000e+000
    endloop 
  endfacet
  facet normal 0.000000E+000 0.000000E+000 1.000000E+000
    outer loop 
      vertex 1.168655e-001 1.585300e-002 4.000000e+000
      vertex -3.087883e-003 -1.072505e-003 4.000000e+000
      vertex 4.275690e-002 -1.196009e-001 4.000000e+000
    endloop 
  endfacet
  facet normal 9.910938E-001 1.222104E-001 5.289416E-002
    outer loop 
      vertex 4.288919e-001 5.617651e-001 1.280252e+000
      vertex 4.550897e-001 3.957495e-001 1.172951e+000
      vertex 4.383378e-001 5.544939e-001 1.120061e+000
    endloop 
  endfacet
  facet normal 9.761763E-001 2.102992E-001 5.342400E-002
    outer loop 
      vertex 3.896355e-001 5.895238e-001 1.920125e+000
      vertex 3.794571e-001 5.961068e-001 2.080195e+000
      vertex 4.218233e-001 4.160353e-001 2.014905e+000
    endloop 
  endfacet
  facet normal 0.000000E+000 0.000000E+000 1.000000E+000
    outer loop 
      vertex 2.665443e-001 -2.338975e-001 4.000000e+000
      vertex 2.542805e-001 -2.244017e-002 4.000000e+000
      vertex 1.579694e-001 -1.160435e-001 4.000000e+000
    endloop 
  endfacet
  facet normal 0.000000E+000 0.000000E+000 1.000000E+000
    outer loop 
      vertex 2.542805e-001 -2.244017e-002 4.000000e+000
      vertex 2.665443e-001 -2.338975e-001 4.000000e+000
      vertex 3.992099e-001 -8.707847e-002 4.000000e+000
    endloop 
  endfacet
  facet normal 0.000000E+000 0.000000E+000 1.000000E+000
    outer loop 
      vertex 3.654698e-001 7.759807e-002 4.000000e+000
      vertex 1.980371e-001 1.375181e-001 4.000000e+000
      vertex 2.542805e-001 -2.244017e-002 4.000000e+000
    endloop 
  endfacet
  facet normal 0.000000E+000 0.000000E+000 1.000000E+000
    outer loop 
      vertex 3.654698e-001 7.759807e-002 4.000000e+000
      vertex 2.542805e-001 -2.244017e-002 4.000000e+000
      vertex 3.992099e-001 -8.707847e-002 4.000000e+000
    endloop 
  endfacet
  facet normal 0.000000E+000 0.000000E+000 1.000000E+000
    outer loop 
      vertex 1.168655e-001 1.585300e-002 4.000000e+000
      vertex 1.579694e-001 -1.160435e-001 4.000000e+000
      vertex 2.542805e-001 -2.244017e-002 4.000000e+000
    endloop 
  endfacet
  facet normal 0.000000E+000 0.000000E+000 1.000000E+000
    outer loop 
      vertex 1.168655e-001 1.585300e-002 4.000000e+000
      vertex 2.542805e-001 -2.244017e-002 4.000000e+000
      vertex 1.980371e-001 1.375181e-001 4.000000e+000
    endloop 
  endfacet
  facet normal 0.000000E+000 0.000000E+000 1.000000E+000
    outer loop 
      vertex -5.191790e-002 -2.455025e-001 4.000000e+000
      vertex -1.033215e-001 -1.121285e-001 4.000000e+000
      vertex -2.425184e-001 -2.287062e-001 4.000000e+000
    endloop 
  endfacet
  facet normal 0.000000E+000 0.000000E+000 1.000000E+000
    outer loop 
      vertex -1.877204e-001 -3.656355e-001 4.000000e+000
      vertex -5.191790e-002 -2.455025e-001 4.000000e+000
      vertex -2.425184e-001 -2.287062e-001 4.000000e+000
    endloop 
  endfacet
  facet normal 0.000000E+000 0.000000E+000 1.000000E+000
    outer loop 
      vertex -5.191790e-002 -2.455025e-001 4.000000e+000
      vertex 1.480141e-002 -3.809020e-001 4.000000e+000
      vertex 1.089748e-001 -2.651320e-001 4.000000e+000
    endloop 
  endfacet
  facet normal 0.000000E+000 0.000000E+000 1.000000E+000
    outer loop 
      vertex 1.480141e-002 -3.809020e-001 4.000000e+000
      vertex -5.191790e-002 -2.455025e-001 4.000000e+000
      vertex -1.877204e-001 -3.656355e-001 4.000000e+000
    endloop 
  endfacet
  facet normal 9.923304E-001 1.116444E-001 -5.306520E-002
    outer loop 
      vertex 5.327141e-001 -2.605695e-001 1.088365e+000
      vertex 5.544305e-001 -4.385439e-001 1.120024e+000
      vertex 5.469235e-001 -4.479000e-001 9.599571e-001
    endloop 
  endfacet
  facet normal 0.000000E+000 0.000000E+000 1.000000E+000
    outer loop 
      vertex 1.980371e-001 1.375181e-001 4.000000e+000
      vertex 2.235137e-002 1.533528e-001 4.000000e+000
      vertex 1.168655e-001 1.585300e-002 4.000000e+000
    endloop 
  endfacet
  facet normal 0.000000E+000 0.000000E+000 1.000000E+000
    outer loop 
      vertex 2.235137e-002 1.533528e-001 4.000000e+000
      vertex -3.087883e-003 -1.072505e-003 4.000000e+000
      vertex 1.168655e-001 1.585300e-002 4.000000e+000
    endloop 
  endfacet
  facet normal 2.100483E-001 -9.762828E-001 5.245620E-002
    outer loop 
      vertex 5.895872e-001 -3.899263e-001 1.920191e+000
      vertex 5.959827e-001 -3.799573e-001 2.080119e+000
      vertex 4.186360e-001 -4.217238e-001 2.012930e+000
    endloop 
  endfacet
  facet normal 2.457906E-001 -9.679238E-001 5.206256E-002
    outer loop 
      vertex 4.324272e-001 -4.065420e-001 2.358768e+000
      vertex 6.023957e-001 -3.697725e-001 2.239939e+000
      vertex 6.084115e-001 -3.596253e-001 2.400191e+000
    endloop 
  endfacet
  facet normal 9.674765E-001 2.475599E-001 -5.199460E-002
    outer loop 
      vertex 5.729428e-001 -2.215937e-001 2.397420e+000
      vertex 6.084115e-001 -3.596253e-001 2.400191e+000
      vertex 6.023957e-001 -3.697725e-001 2.239939e+000
    endloop 
  endfacet
  facet normal 9.717346E-001 2.330686E-001 -3.756293E-002
    outer loop 
      vertex 5.729428e-001 -2.215937e-001 2.397420e+000
      vertex 6.023957e-001 -3.697725e-001 2.239939e+000
      vertex 5.477886e-001 -1.415917e-001 2.243084e+000
    endloop 
  endfacet
  facet normal 9.674457E-001 2.475386E-001 -5.266312E-002
    outer loop 
      vertex 6.084115e-001 -3.596253e-001 2.400191e+000
      vertex 5.729428e-001 -2.215937e-001 2.397420e+000
      vertex 6.144388e-001 -3.491663e-001 2.560076e+000
    endloop 
  endfacet
  facet normal 2.944040E-001 -9.541944E-001 5.328531E-002
    outer loop 
      vertex 6.259170e-001 -3.281519e-001 2.880121e+000
      vertex 4.691713e-001 -3.788267e-001 2.838700e+000
      vertex 6.202211e-001 -3.388421e-001 2.720157e+000
    endloop 
  endfacet
  facet normal 0.000000E+000 0.000000E+000 -1.000000E+000
    outer loop 
      vertex -2.533354e-001 -3.212956e-002 0.000000e+000
      vertex -1.252241e-001 8.427107e-004 0.000000e+000
      vertex -1.298412e-001 -1.264382e-001 0.000000e+000
    endloop 
  endfacet
  facet normal 0.000000E+000 0.000000E+000 -1.000000E+000
    outer loop 
      vertex -1.085704e-001 1.559337e-001 0.000000e+000
      vertex 1.016581e-003 2.434756e-002 0.000000e+000
      vertex -1.252241e-001 8.427107e-004 0.000000e+000
    endloop 
  endfacet
  facet normal 0.000000E+000 0.000000E+000 -1.000000E+000
    outer loop 
      vertex -1.298412e-001 -1.264382e-001 0.000000e+000
      vertex -1.252241e-001 8.427107e-004 0.000000e+000
      vertex -1.117158e-003 -1.113729e-001 0.000000e+000
    endloop 
  endfacet
  facet normal 0.000000E+000 0.000000E+000 -1.000000E+000
    outer loop 
      vertex -1.252241e-001 8.427107e-004 0.000000e+000
      vertex 1.016581e-003 2.434756e-002 0.000000e+000
      vertex -1.117158e-003 -1.113729e-001 0.000000e+000
    endloop 
  endfacet
  facet normal 0.000000E+000 0.000000E+000 -1.000000E+000
    outer loop 
      vertex -1.252241e-001 8.427107e-004 0.000000e+000
      vertex -2.481997e-001 1.045120e-001 0.000000e+000
      vertex -1.085704e-001 1.559337e-001 0.000000e+000
    endloop 
  endfacet
  facet normal 0.000000E+000 0.000000E+000 -1.000000E+000
    outer loop 
      vertex -2.481997e-001 1.045120e-001 0.000000e+000
      vertex -1.252241e-001 8.427107e-004 0.000000e+000
      vertex -2.533354e-001 -3.212956e-002 0.000000e+000
    endloop 
  endfacet
  facet normal -2.217246E-001 9.751018E-001 -3.843159E-003
    outer loop 
      vertex -5.118159e-002 5.013553e-001 2.193032e+000
      vertex -8.968829e-002 4.919380e-001 2.025224e+000
      vertex -2.431285e-001 4.574228e-001 2.120362e+000
    endloop 
  endfacet
  facet normal -2.179178E-001 9.759555E-001 -4.764594E-003
    outer loop 
      vertex -8.968829e-002 4.919380e-001 2.025224e+000
      vertex -5.118159e-002 5.013553e-001 2.193032e+000
      vertex 1.053314e-001 5.358453e-001 2.099379e+000
    endloop 
  endfacet
  facet normal -2.095205E-001 9.776605E-001 1.676806E-002
    outer loop 
      vertex -2.431285e-001 4.574228e-001 2.120362e+000
      vertex -8.968829e-002 4.919380e-001 2.025224e+000
      vertex -2.808470e-001 4.522377e-001 1.951379e+000
    endloop 
  endfacet
  facet normal -2.045884E-001 9.788423E-001 3.365192E-003
    outer loop 
      vertex -8.968829e-002 4.919380e-001 2.025224e+000
      vertex -1.512960e-001 4.796611e-001 1.850769e+000
      vertex -2.808470e-001 4.522377e-001 1.951379e+000
    endloop 
  endfacet
  facet normal -1.975581E-001 9.802909E-001 7.805747E-004
    outer loop 
      vertex -8.968829e-002 4.919380e-001 2.025224e+000
      vertex 2.531314e-002 5.152043e-001 1.912227e+000
      vertex -1.512960e-001 4.796611e-001 1.850769e+000
    endloop 
  endfacet
  facet normal -2.136898E-001 9.767646E-001 -1.636320E-002
    outer loop 
      vertex -8.968829e-002 4.919380e-001 2.025224e+000
      vertex 1.053314e-001 5.358453e-001 2.099379e+000
      vertex 2.531314e-002 5.152043e-001 1.912227e+000
    endloop 
  endfacet
  facet normal 0.000000E+000 0.000000E+000 -1.000000E+000
    outer loop 
      vertex -1.298412e-001 -1.264382e-001 0.000000e+000
      vertex -1.117158e-003 -1.113729e-001 0.000000e+000
      vertex -1.770479e-002 -2.319069e-001 0.000000e+000
    endloop 
  endfacet
  facet normal 0.000000E+000 0.000000E+000 -1.000000E+000
    outer loop 
      vertex -1.117158e-003 -1.113729e-001 0.000000e+000
      vertex 1.197696e-001 -1.840909e-001 0.000000e+000
      vertex -1.770479e-002 -2.319069e-001 0.000000e+000
    endloop 
  endfacet
  facet normal 0.000000E+000 0.000000E+000 1.000000E+000
    outer loop 
      vertex -1.033215e-001 -1.121285e-001 4.000000e+000
      vertex -1.098319e-001 3.644738e-002 4.000000e+000
      vertex -2.554534e-001 -8.402411e-002 4.000000e+000
    endloop 
  endfacet
  facet normal 0.000000E+000 0.000000E+000 1.000000E+000
    outer loop 
      vertex -1.033215e-001 -1.121285e-001 4.000000e+000
      vertex -3.087883e-003 -1.072505e-003 4.000000e+000
      vertex -1.098319e-001 3.644738e-002 4.000000e+000
    endloop 
  endfacet
  facet normal 0.000000E+000 0.000000E+000 1.000000E+000
    outer loop 
      vertex -2.554534e-001 -8.402411e-002 4.000000e+000
      vertex -1.098319e-001 3.644738e-002 4.000000e+000
      vertex -2.360599e-001 6.873167e-002 4.000000e+000
    endloop 
  endfacet
  facet normal 0.000000E+000 0.000000E+000 1.000000E+000
    outer loop 
      vertex -1.098319e-001 3.644738e-002 4.000000e+000
      vertex -1.305201e-001 1.867911e-001 4.000000e+000
      vertex -2.360599e-001 6.873167e-002 4.000000e+000
    endloop 
  endfacet
  facet normal 0.000000E+000 0.000000E+000 1.000000E+000
    outer loop 
      vertex 2.235137e-002 1.533528e-001 4.000000e+000
      vertex -1.305201e-001 1.867911e-001 4.000000e+000
      vertex -1.098319e-001 3.644738e-002 4.000000e+000
    endloop 
  endfacet
  facet normal 0.000000E+000 0.000000E+000 1.000000E+000
    outer loop 
      vertex 2.235137e-002 1.533528e-001 4.000000e+000
      vertex -1.098319e-001 3.644738e-002 4.000000e+000
      vertex -3.087883e-003 -1.072505e-003 4.000000e+000
    endloop 
  endfacet
  facet normal 0.000000E+000 0.000000E+000 1.000000E+000
    outer loop 
      vertex -3.563655e-001 2.595302e-001 4.000000e+000
      vertex -2.531579e-001 1.922139e-001 4.000000e+000
      vertex -2.136871e-001 3.141399e-001 4.000000e+000
    endloop 
  endfacet
  facet normal 0.000000E+000 0.000000E+000 1.000000E+000
    outer loop 
      vertex -3.597284e-001 1.276021e-001 4.000000e+000
      vertex -2.531579e-001 1.922139e-001 4.000000e+000
      vertex -3.563655e-001 2.595302e-001 4.000000e+000
    endloop 
  endfacet
  facet normal 0.000000E+000 0.000000E+000 1.000000E+000
    outer loop 
      vertex -2.531579e-001 1.922139e-001 4.000000e+000
      vertex -1.305201e-001 1.867911e-001 4.000000e+000
      vertex -2.136871e-001 3.141399e-001 4.000000e+000
    endloop 
  endfacet
  facet normal 0.000000E+000 0.000000E+000 1.000000E+000
    outer loop 
      vertex -1.305201e-001 1.867911e-001 4.000000e+000
      vertex -2.531579e-001 1.922139e-001 4.000000e+000
      vertex -2.360599e-001 6.873167e-002 4.000000e+000
    endloop 
  endfacet
  facet normal 0.000000E+000 0.000000E+000 1.000000E+000
    outer loop 
      vertex -2.531579e-001 1.922139e-001 4.000000e+000
      vertex -3.597284e-001 1.276021e-001 4.000000e+000
      vertex -2.360599e-001 6.873167e-002 4.000000e+000
    endloop 
  endfacet
  facet normal 0.000000E+000 0.000000E+000 -1.000000E+000
    outer loop 
      vertex -2.201840e-001 -3.768720e-001 0.000000e+000
      vertex -1.530924e-001 -2.499652e-001 0.000000e+000
      vertex -6.641074e-002 -3.674450e-001 0.000000e+000
    endloop 
  endfacet
  facet normal 0.000000E+000 0.000000E+000 -1.000000E+000
    outer loop 
      vertex -2.751296e-001 -2.709708e-001 0.000000e+000
      vertex -1.530924e-001 -2.499652e-001 0.000000e+000
      vertex -2.201840e-001 -3.768720e-001 0.000000e+000
    endloop 
  endfacet
  facet normal 0.000000E+000 0.000000E+000 -1.000000E+000
    outer loop 
      vertex -6.641074e-002 -3.674450e-001 0.000000e+000
      vertex -1.530924e-001 -2.499652e-001 0.000000e+000
      vertex -1.770479e-002 -2.319069e-001 0.000000e+000
    endloop 
  endfacet
  facet normal 0.000000E+000 0.000000E+000 -1.000000E+000
    outer loop 
      vertex -1.770479e-002 -2.319069e-001 0.000000e+000
      vertex -1.530924e-001 -2.499652e-001 0.000000e+000
      vertex -1.298412e-001 -1.264382e-001 0.000000e+000
    endloop 
  endfacet
  facet normal 0.000000E+000 0.000000E+000 -1.000000E+000
    outer loop 
      vertex -1.530924e-001 -2.499652e-001 0.000000e+000
      vertex -2.574150e-001 -1.560270e-001 0.000000e+000
      vertex -1.298412e-001 -1.264382e-001 0.000000e+000
    endloop 
  endfacet
  facet normal 0.000000E+000 0.000000E+000 -1.000000E+000
    outer loop 
      vertex -2.751296e-001 -2.709708e-001 0.000000e+000
      vertex -2.574150e-001 -1.560270e-001 0.000000e+000
      vertex -1.530924e-001 -2.499652e-001 0.000000e+000
    endloop 
  endfacet
  facet normal -9.779863E-001 -2.073721E-001 2.323066E-002
    outer loop 
      vertex -4.396979e-001 -3.208449e-001 2.148856e+000
      vertex -4.723327e-001 -1.840318e-001 1.996252e+000
      vertex -4.427709e-001 -3.274825e-001 1.960236e+000
    endloop 
  endfacet
  facet normal 0.000000E+000 0.000000E+000 -1.000000E+000
    outer loop 
      vertex -3.818465e-001 -2.199804e-001 0.000000e+000
      vertex -3.789835e-001 -8.326499e-002 0.000000e+000
      vertex -2.574150e-001 -1.560270e-001 0.000000e+000
    endloop 
  endfacet
  facet normal 0.000000E+000 0.000000E+000 -1.000000E+000
    outer loop 
      vertex -3.818465e-001 -2.199804e-001 0.000000e+000
      vertex -2.574150e-001 -1.560270e-001 0.000000e+000
      vertex -2.751296e-001 -2.709708e-001 0.000000e+000
    endloop 
  endfacet
  facet normal 0.000000E+000 0.000000E+000 -1.000000E+000
    outer loop 
      vertex -2.574150e-001 -1.560270e-001 0.000000e+000
      vertex -3.789835e-001 -8.326499e-002 0.000000e+000
      vertex -2.533354e-001 -3.212956e-002 0.000000e+000
    endloop 
  endfacet
  facet normal 0.000000E+000 0.000000E+000 -1.000000E+000
    outer loop 
      vertex -2.574150e-001 -1.560270e-001 0.000000e+000
      vertex -2.533354e-001 -3.212956e-002 0.000000e+000
      vertex -1.298412e-001 -1.264382e-001 0.000000e+000
    endloop 
  endfacet
  facet normal 0.000000E+000 0.000000E+000 -1.000000E+000
    outer loop 
      vertex -1.666667e-001 5.000000e-001 0.000000e+000
      vertex -1.229551e-001 3.372158e-001 0.000000e+000
      vertex -2.453599e-001 3.902999e-001 0.000000e+000
    endloop 
  endfacet
  facet normal 0.000000E+000 0.000000E+000 -1.000000E+000
    outer loop 
      vertex -2.457781e-001 2.525930e-001 0.000000e+000
      vertex -2.453599e-001 3.902999e-001 0.000000e+000
      vertex -1.229551e-001 3.372158e-001 0.000000e+000
    endloop 
  endfacet
  facet normal 0.000000E+000 0.000000E+000 -1.000000E+000
    outer loop 
      vertex -1.229551e-001 3.372158e-001 0.000000e+000
      vertex 5.137601e-003 2.877174e-001 0.000000e+000
      vertex -1.085704e-001 1.559337e-001 0.000000e+000
    endloop 
  endfacet
  facet normal 0.000000E+000 0.000000E+000 -1.000000E+000
    outer loop 
      vertex -1.085704e-001 1.559337e-001 0.000000e+000
      vertex -2.457781e-001 2.525930e-001 0.000000e+000
      vertex -1.229551e-001 3.372158e-001 0.000000e+000
    endloop 
  endfacet
  facet normal 0.000000E+000 0.000000E+000 -1.000000E+000
    outer loop 
      vertex -1.666667e-001 5.000000e-001 0.000000e+000
      vertex 0.000000e+000 5.000000e-001 0.000000e+000
      vertex -1.229551e-001 3.372158e-001 0.000000e+000
    endloop 
  endfacet
  facet normal 0.000000E+000 0.000000E+000 -1.000000E+000
    outer loop 
      vertex -1.229551e-001 3.372158e-001 0.000000e+000
      vertex 0.000000e+000 5.000000e-001 0.000000e+000
      vertex 5.137601e-003 2.877174e-001 0.000000e+000
    endloop 
  endfacet
  facet normal 0.000000E+000 0.000000E+000 -1.000000E+000
    outer loop 
      vertex -3.766828e-001 6.072977e-002 0.000000e+000
      vertex -3.758429e-001 2.112186e-001 0.000000e+000
      vertex -2.481997e-001 1.045120e-001 0.000000e+000
    endloop 
  endfacet
  facet normal 0.000000E+000 0.000000E+000 -1.000000E+000
    outer loop 
      vertex -3.758429e-001 2.112186e-001 0.000000e+000
      vertex -2.457781e-001 2.525930e-001 0.000000e+000
      vertex -2.481997e-001 1.045120e-001 0.000000e+000
    endloop 
  endfacet
  facet normal 0.000000E+000 0.000000E+000 -1.000000E+000
    outer loop 
      vertex -2.533354e-001 -3.212956e-002 0.000000e+000
      vertex -3.766828e-001 6.072977e-002 0.000000e+000
      vertex -2.481997e-001 1.045120e-001 0.000000e+000
    endloop 
  endfacet
  facet normal 0.000000E+000 0.000000E+000 -1.000000E+000
    outer loop 
      vertex -2.481997e-001 1.045120e-001 0.000000e+000
      vertex -2.457781e-001 2.525930e-001 0.000000e+000
      vertex -1.085704e-001 1.559337e-001 0.000000e+000
    endloop 
  endfacet
  facet normal 0.000000E+000 0.000000E+000 1.000000E+000
    outer loop 
      vertex 7.981943e-002 4.416161e-001 4.000000e+000
      vertex -5.154900e-002 5.247262e-001 4.000000e+000
      vertex -4.756747e-002 3.388266e-001 4.000000e+000
    endloop 
  endfacet
  facet normal 0.000000E+000 0.000000E+000 1.000000E+000
    outer loop 
      vertex 7.981943e-002 4.416161e-001 4.000000e+000
      vertex -4.756747e-002 3.388266e-001 4.000000e+000
      vertex 1.265539e-001 2.871863e-001 4.000000e+000
    endloop 
  endfacet
  facet normal 0.000000E+000 0.000000E+000 1.000000E+000
    outer loop 
      vertex -1.305201e-001 1.867911e-001 4.000000e+000
      vertex -4.756747e-002 3.388266e-001 4.000000e+000
      vertex -2.136871e-001 3.141399e-001 4.000000e+000
    endloop 
  endfacet
  facet normal 0.000000E+000 0.000000E+000 1.000000E+000
    outer loop 
      vertex -2.031989e-001 4.567106e-001 4.000000e+000
      vertex -2.136871e-001 3.141399e-001 4.000000e+000
      vertex -4.756747e-002 3.388266e-001 4.000000e+000
    endloop 
  endfacet
  facet normal 0.000000E+000 0.000000E+000 1.000000E+000
    outer loop 
      vertex 2.235137e-002 1.533528e-001 4.000000e+000
      vertex -4.756747e-002 3.388266e-001 4.000000e+000
      vertex -1.305201e-001 1.867911e-001 4.000000e+000
    endloop 
  endfacet
  facet normal 0.000000E+000 0.000000E+000 1.000000E+000
    outer loop 
      vertex 1.265539e-001 2.871863e-001 4.000000e+000
      vertex -4.756747e-002 3.388266e-001 4.000000e+000
      vertex 2.235137e-002 1.533528e-001 4.000000e+000
    endloop 
  endfacet
  facet normal 0.000000E+000 0.000000E+000 1.000000E+000
    outer loop 
      vertex -4.756747e-002 3.388266e-001 4.000000e+000
      vertex -5.154900e-002 5.247262e-001 4.000000e+000
      vertex -2.031989e-001 4.567106e-001 4.000000e+000
    endloop 
  endfacet
  facet normal 0.000000E+000 0.000000E+000 -1.000000E+000
    outer loop 
      vertex 3.775123e-001 2.188884e-001 0.000000e+000
      vertex 3.779213e-001 8.281100e-002 0.000000e+000
      vertex 2.504312e-001 1.480949e-001 0.000000e+000
    endloop 
  endfacet
  facet normal 0.000000E+000 0.000000E+000 -1.000000E+000
    outer loop 
      vertex 2.514211e-001 2.763562e-001 0.000000e+000
      vertex 3.775123e-001 2.188884e-001 0.000000e+000
      vertex 2.504312e-001 1.480949e-001 0.000000e+000
    endloop 
  endfacet
  facet normal 0.000000E+000 0.000000E+000 -1.000000E+000
    outer loop 
      vertex 2.504312e-001 1.480949e-001 0.000000e+000
      vertex 3.779213e-001 8.281100e-002 0.000000e+000
      vertex 2.514290e-001 2.113478e-002 0.000000e+000
    endloop 
  endfacet
  facet normal 0.000000E+000 0.000000E+000 -1.000000E+000
    outer loop 
      vertex 1.266406e-001 8.004968e-002 0.000000e+000
      vertex 2.504312e-001 1.480949e-001 0.000000e+000
      vertex 2.514290e-001 2.113478e-002 0.000000e+000
    endloop 
  endfacet
  facet normal 0.000000E+000 0.000000E+000 1.000000E+000
    outer loop 
      vertex -5.253876e-001 -5.127957e-002 4.000000e+000
      vertex -3.753113e-001 -1.915516e-002 4.000000e+000
      vertex -4.640999e-001 7.020666e-002 4.000000e+000
    endloop 
  endfacet
  facet normal 0.000000E+000 0.000000E+000 1.000000E+000
    outer loop 
      vertex -3.753113e-001 -1.915516e-002 4.000000e+000
      vertex -3.597284e-001 1.276021e-001 4.000000e+000
      vertex -4.640999e-001 7.020666e-002 4.000000e+000
    endloop 
  endfacet
  facet normal 0.000000E+000 0.000000E+000 1.000000E+000
    outer loop 
      vertex -2.360599e-001 6.873167e-002 4.000000e+000
      vertex -3.753113e-001 -1.915516e-002 4.000000e+000
      vertex -2.554534e-001 -8.402411e-002 4.000000e+000
    endloop 
  endfacet
  facet normal 0.000000E+000 0.000000E+000 1.000000E+000
    outer loop 
      vertex -3.753113e-001 -1.915516e-002 4.000000e+000
      vertex -2.360599e-001 6.873167e-002 4.000000e+000
      vertex -3.597284e-001 1.276021e-001 4.000000e+000
    endloop 
  endfacet
  facet normal 0.000000E+000 0.000000E+000 1.000000E+000
    outer loop 
      vertex -5.253876e-001 -5.127957e-002 4.000000e+000
      vertex -4.576898e-001 -2.030507e-001 4.000000e+000
      vertex -3.753113e-001 -1.915516e-002 4.000000e+000
    endloop 
  endfacet
  facet normal 0.000000E+000 0.000000E+000 1.000000E+000
    outer loop 
      vertex -4.576898e-001 -2.030507e-001 4.000000e+000
      vertex -2.554534e-001 -8.402411e-002 4.000000e+000
      vertex -3.753113e-001 -1.915516e-002 4.000000e+000
    endloop 
  endfacet
  facet normal -9.299154E-001 -3.674996E-001 1.419057E-002
    outer loop 
      vertex -4.480054e-001 -2.281413e-001 3.579157e+000
      vertex -3.855957e-001 -3.866455e-001 3.564044e+000
      vertex -4.153482e-001 -3.057314e-001 3.709817e+000
    endloop 
  endfacet
  facet normal -9.243469E-001 -3.815270E-001 4.468887E-003
    outer loop 
      vertex -4.480054e-001 -2.281413e-001 3.579157e+000
      vertex -4.153482e-001 -3.057314e-001 3.709817e+000
      vertex -4.734281e-001 -1.649653e-001 3.714311e+000
    endloop 
  endfacet
  facet normal -9.178409E-001 -3.967524E-001 1.247408E-002
    outer loop 
      vertex -4.350980e-001 -2.554602e-001 3.855564e+000
      vertex -4.153482e-001 -3.057314e-001 3.709817e+000
      vertex -3.748086e-001 -3.947661e-001 3.860864e+000
    endloop 
  endfacet
  facet normal -9.240392E-001 -3.816010E-001 2.306861E-002
    outer loop 
      vertex -4.153482e-001 -3.057314e-001 3.709817e+000
      vertex -3.578399e-001 -4.440840e-001 3.724745e+000
      vertex -3.748086e-001 -3.947661e-001 3.860864e+000
    endloop 
  endfacet
  facet normal -9.243162E-001 -3.815747E-001 6.361536E-003
    outer loop 
      vertex -4.153482e-001 -3.057314e-001 3.709817e+000
      vertex -4.350980e-001 -2.554602e-001 3.855564e+000
      vertex -4.734281e-001 -1.649653e-001 3.714311e+000
    endloop 
  endfacet
  facet normal -9.240416E-001 -3.815869E-001 2.320884E-002
    outer loop 
      vertex -4.153482e-001 -3.057314e-001 3.709817e+000
      vertex -3.855957e-001 -3.866455e-001 3.564044e+000
      vertex -3.578399e-001 -4.440840e-001 3.724745e+000
    endloop 
  endfacet
  facet normal 0.000000E+000 0.000000E+000 -1.000000E+000
    outer loop 
      vertex -1.770479e-002 -2.319069e-001 0.000000e+000
      vertex 9.831080e-002 -3.407064e-001 0.000000e+000
      vertex -6.641074e-002 -3.674450e-001 0.000000e+000
    endloop 
  endfacet
  facet normal 0.000000E+000 0.000000E+000 -1.000000E+000
    outer loop 
      vertex 9.831080e-002 -3.407064e-001 0.000000e+000
      vertex 0.000000e+000 -5.000000e-001 0.000000e+000
      vertex -6.641074e-002 -3.674450e-001 0.000000e+000
    endloop 
  endfacet
  facet normal 0.000000E+000 0.000000E+000 -1.000000E+000
    outer loop 
      vertex 9.831080e-002 -3.407064e-001 0.000000e+000
      vertex 2.567876e-001 -3.806878e-001 0.000000e+000
      vertex 1.666667e-001 -5.000000e-001 0.000000e+000
    endloop 
  endfacet
  facet normal 0.000000E+000 0.000000E+000 -1.000000E+000
    outer loop 
      vertex 2.407040e-001 -2.523085e-001 0.000000e+000
      vertex 2.567876e-001 -3.806878e-001 0.000000e+000
      vertex 9.831080e-002 -3.407064e-001 0.000000e+000
    endloop 
  endfacet
  facet normal 0.000000E+000 0.000000E+000 -1.000000E+000
    outer loop 
      vertex 1.197696e-001 -1.840909e-001 0.000000e+000
      vertex 9.831080e-002 -3.407064e-001 0.000000e+000
      vertex -1.770479e-002 -2.319069e-001 0.000000e+000
    endloop 
  endfacet
  facet normal 0.000000E+000 0.000000E+000 -1.000000E+000
    outer loop 
      vertex 1.197696e-001 -1.840909e-001 0.000000e+000
      vertex 2.407040e-001 -2.523085e-001 0.000000e+000
      vertex 9.831080e-002 -3.407064e-001 0.000000e+000
    endloop 
  endfacet
  facet normal 0.000000E+000 0.000000E+000 -1.000000E+000
    outer loop 
      vertex 1.666667e-001 -5.000000e-001 0.000000e+000
      vertex 0.000000e+000 -5.000000e-001 0.000000e+000
      vertex 9.831080e-002 -3.407064e-001 0.000000e+000
    endloop 
  endfacet
  facet normal 9.754025E-001 2.186824E-001 -2.771256E-002
    outer loop 
      vertex 5.590084e-001 -2.113914e-001 2.087195e+000
      vertex 5.179027e-001 -2.609096e-002 2.102616e+000
      vertex 5.477886e-001 -1.415917e-001 2.243084e+000
    endloop 
  endfacet
  facet normal 9.752501E-001 2.209798E-001 -7.422862E-003
    outer loop 
      vertex 4.766165e-001 1.571148e-001 2.132308e+000
      vertex 5.014648e-001 5.222147e-002 2.274304e+000
      vertex 5.179027e-001 -2.609096e-002 2.102616e+000
    endloop 
  endfacet
  facet normal 9.754587E-001 2.201720E-001 -2.148352E-003
    outer loop 
      vertex 4.946881e-001 7.530419e-002 1.953421e+000
      vertex 4.766165e-001 1.571148e-001 2.132308e+000
      vertex 5.179027e-001 -2.609096e-002 2.102616e+000
    endloop 
  endfacet
  facet normal 9.720009E-001 2.345639E-001 -1.393014E-002
    outer loop 
      vertex 5.179027e-001 -2.609096e-002 2.102616e+000
      vertex 5.014648e-001 5.222147e-002 2.274304e+000
      vertex 5.477886e-001 -1.415917e-001 2.243084e+000
    endloop 
  endfacet
  facet normal -9.748318E-001 -2.227499E-001 -9.241030E-003
    outer loop 
      vertex -4.765587e-001 -1.603675e-001 2.134758e+000
      vertex -5.104265e-001 -1.456723e-002 2.193030e+000
      vertex -5.055718e-001 -2.829651e-002 2.011843e+000
    endloop 
  endfacet
  facet normal -9.779243E-001 -2.087008E-001 -1.038844E-002
    outer loop 
      vertex -5.055718e-001 -2.829651e-002 2.011843e+000
      vertex -5.104265e-001 -1.456723e-002 2.193030e+000
      vertex -5.478076e-001 1.699881e-001 2.004262e+000
    endloop 
  endfacet
  facet normal -9.810975E-001 -1.933092E-001 -8.901833E-003
    outer loop 
      vertex -5.055718e-001 -2.829651e-002 2.011843e+000
      vertex -5.237149e-001 7.130219e-002 1.848598e+000
      vertex -4.967263e-001 -6.719907e-002 1.881748e+000
    endloop 
  endfacet
  facet normal -9.780500E-001 -2.083279E-001 -4.203564E-003
    outer loop 
      vertex -5.055718e-001 -2.829651e-002 2.011843e+000
      vertex -4.967263e-001 -6.719907e-002 1.881748e+000
      vertex -4.723327e-001 -1.840318e-001 1.996252e+000
    endloop 
  endfacet
  facet normal -9.778345E-001 -2.092957E-001 5.923964E-003
    outer loop 
      vertex -4.765587e-001 -1.603675e-001 2.134758e+000
      vertex -5.055718e-001 -2.829651e-002 2.011843e+000
      vertex -4.723327e-001 -1.840318e-001 1.996252e+000
    endloop 
  endfacet
  facet normal -9.777375E-001 -2.089841E-001 -1.883884E-002
    outer loop 
      vertex -5.237149e-001 7.130219e-002 1.848598e+000
      vertex -5.055718e-001 -2.829651e-002 2.011843e+000
      vertex -5.478076e-001 1.699881e-001 2.004262e+000
    endloop 
  endfacet
  facet normal 2.244381E-001 -9.744080E-001 -1.251405E-002
    outer loop 
      vertex 4.435478e-002 -5.030847e-001 2.164623e+000
      vertex -1.035807e-001 -5.370179e-001 2.153632e+000
      vertex -8.337006e-003 -5.132398e-001 2.010333e+000
    endloop 
  endfacet
  facet normal 2.091056E-001 -9.778677E-001 -7.050105E-003
    outer loop 
      vertex 1.269486e-001 -4.842611e-001 2.003468e+000
      vertex 4.435478e-002 -5.030847e-001 2.164623e+000
      vertex -8.337006e-003 -5.132398e-001 2.010333e+000
    endloop 
  endfacet
  facet normal 2.248467E-001 -9.742165E-001 -1.860541E-002
    outer loop 
      vertex -1.035807e-001 -5.370179e-001 2.153632e+000
      vertex 4.435478e-002 -5.030847e-001 2.164623e+000
      vertex -5.212386e-002 -5.283159e-001 2.319835e+000
    endloop 
  endfacet
  facet normal 2.417888E-001 -9.703004E-001 -7.437741E-003
    outer loop 
      vertex 1.084310e-001 -4.883653e-001 2.327402e+000
      vertex -5.212386e-002 -5.283159e-001 2.319835e+000
      vertex 4.435478e-002 -5.030847e-001 2.164623e+000
    endloop 
  endfacet
  facet normal 2.260964E-001 -9.741045E-001 -9.166294E-004
    outer loop 
      vertex 1.920679e-001 -4.688075e-001 2.173261e+000
      vertex 1.084310e-001 -4.883653e-001 2.327402e+000
      vertex 4.435478e-002 -5.030847e-001 2.164623e+000
    endloop 
  endfacet
  facet normal 2.259337E-001 -9.741406E-001 2.009842E-003
    outer loop 
      vertex 1.269486e-001 -4.842611e-001 2.003468e+000
      vertex 1.920679e-001 -4.688075e-001 2.173261e+000
      vertex 4.435478e-002 -5.030847e-001 2.164623e+000
    endloop 
  endfacet
  facet normal 3.519073E-001 -9.359962E-001 8.501318E-003
    outer loop 
      vertex 2.556205e-001 -4.394168e-001 3.288767e+000
      vertex 3.775108e-001 -3.925262e-001 3.405849e+000
      vertex 2.176181e-001 -4.522922e-001 3.444272e+000
    endloop 
  endfacet
  facet normal 3.434494E-001 -9.391509E-001 6.173160E-003
    outer loop 
      vertex 2.556205e-001 -4.394168e-001 3.288767e+000
      vertex 2.176181e-001 -4.522922e-001 3.444272e+000
      vertex 1.382840e-001 -4.819768e-001 3.342046e+000
    endloop 
  endfacet
  facet normal 3.678235E-001 -9.298873E-001 3.940894E-003
    outer loop 
      vertex 2.176181e-001 -4.522922e-001 3.444272e+000
      vertex 2.848258e-001 -4.251707e-001 3.570985e+000
      vertex 1.385052e-001 -4.830171e-001 3.578476e+000
    endloop 
  endfacet
  facet normal 3.528582E-001 -9.355851E-001 1.309793E-002
    outer loop 
      vertex 2.176181e-001 -4.522922e-001 3.444272e+000
      vertex 3.775108e-001 -3.925262e-001 3.405849e+000
      vertex 2.848258e-001 -4.251707e-001 3.570985e+000
    endloop 
  endfacet
  facet normal -9.371104E-001 -3.488886E-001 1.004047E-002
    outer loop 
      vertex -4.370219e-001 -2.633871e-001 3.287244e+000
      vertex -3.892393e-001 -3.889705e-001 3.383153e+000
      vertex -4.356917e-001 -2.625552e-001 3.440297e+000
    endloop 
  endfacet
  facet normal -9.388103E-001 -3.442887E-001 1.003024E-002
    outer loop 
      vertex -4.370219e-001 -2.633871e-001 3.287244e+000
      vertex -4.356917e-001 -2.625552e-001 3.440297e+000
      vertex -4.751637e-001 -1.578978e-001 3.338175e+000
    endloop 
  endfacet
  facet normal -9.349108E-001 -3.541115E-001 2.338253E-002
    outer loop 
      vertex -3.892393e-001 -3.889705e-001 3.383153e+000
      vertex -3.855957e-001 -3.866455e-001 3.564044e+000
      vertex -4.356917e-001 -2.625552e-001 3.440297e+000
    endloop 
  endfacet
  facet normal -9.816778E-001 -1.904426E-001 -6.342571E-003
    outer loop 
      vertex -4.967263e-001 -6.719907e-002 1.881748e+000
      vertex -5.033194e-001 -2.820762e-002 1.731451e+000
      vertex -4.742000e-001 -1.818500e-001 1.837742e+000
    endloop 
  endfacet
  facet normal -9.805531E-001 -1.960540E-001 8.853134E-003
    outer loop 
      vertex -4.742000e-001 -1.818500e-001 1.837742e+000
      vertex -4.723327e-001 -1.840318e-001 1.996252e+000
      vertex -4.967263e-001 -6.719907e-002 1.881748e+000
    endloop 
  endfacet
  facet normal -9.835638E-001 -1.803481E-001 8.765619E-003
    outer loop 
      vertex -4.742000e-001 -1.818500e-001 1.837742e+000
      vertex -5.033194e-001 -2.820762e-002 1.731451e+000
      vertex -4.791176e-001 -1.623294e-001 1.687582e+000
    endloop 
  endfacet
  facet normal -9.825193E-001 -1.859890E-001 7.998100E-003
    outer loop 
      vertex -4.791176e-001 -1.623294e-001 1.687582e+000
      vertex -4.488824e-001 -3.176313e-001 1.790387e+000
      vertex -4.742000e-001 -1.818500e-001 1.837742e+000
    endloop 
  endfacet
  facet normal -9.812140E-001 -1.913980E-001 2.420493E-002
    outer loop 
      vertex -4.488824e-001 -3.176313e-001 1.790387e+000
      vertex -4.427709e-001 -3.274825e-001 1.960236e+000
      vertex -4.742000e-001 -1.818500e-001 1.837742e+000
    endloop 
  endfacet
  facet normal -9.789469E-001 -2.039284E-001 8.725830E-003
    outer loop 
      vertex -4.742000e-001 -1.818500e-001 1.837742e+000
      vertex -4.427709e-001 -3.274825e-001 1.960236e+000
      vertex -4.723327e-001 -1.840318e-001 1.996252e+000
    endloop 
  endfacet
  facet normal 9.975390E-001 6.886716E-002 -1.316668E-002
    outer loop 
      vertex 5.196847e-001 -2.701929e-001 6.711555e-001
      vertex 5.064064e-001 -9.605971e-002 5.759480e-001
      vertex 5.083312e-001 -8.649211e-002 7.718189e-001
    endloop 
  endfacet
  facet normal 9.978195E-001 6.471450E-002 -1.296660E-002
    outer loop 
      vertex 5.064064e-001 -9.605971e-002 5.759480e-001
      vertex 4.976174e-001 5.111500e-002 6.341405e-001
      vertex 5.083312e-001 -8.649211e-002 7.718189e-001
    endloop 
  endfacet
  facet normal 9.977626E-001 6.033030E-002 -2.881166E-002
    outer loop 
      vertex 5.196847e-001 -2.701929e-001 6.711555e-001
      vertex 5.113553e-001 -2.161774e-001 4.958125e-001
      vertex 5.064064e-001 -9.605971e-002 5.759480e-001
    endloop 
  endfacet
  facet normal 9.985986E-001 5.087324E-002 -1.458454E-002
    outer loop 
      vertex 5.064064e-001 -9.605971e-002 5.759480e-001
      vertex 5.113553e-001 -2.161774e-001 4.958125e-001
      vertex 5.050424e-001 -1.247688e-001 3.824138e-001
    endloop 
  endfacet
  facet normal -2.494293E-001 9.675925E-001 -3.936680E-002
    outer loop 
      vertex 2.323018e-001 5.776501e-001 2.440605e+000
      vertex 3.588839e-001 6.086385e-001 2.400237e+000
      vertex 2.411805e-001 5.725515e-001 2.259033e+000
    endloop 
  endfacet
  facet normal -2.389354E-001 9.702548E-001 -3.892841E-002
    outer loop 
      vertex 2.411805e-001 5.725515e-001 2.259033e+000
      vertex 1.058711e-001 5.409028e-001 2.300721e+000
      vertex 2.323018e-001 5.776501e-001 2.440605e+000
    endloop 
  endfacet
  facet normal -2.323347E-001 9.717418E-001 -4.169486E-002
    outer loop 
      vertex 3.693390e-001 6.023835e-001 2.240165e+000
      vertex 2.781578e-001 5.739844e-001 2.086380e+000
      vertex 2.411805e-001 5.725515e-001 2.259033e+000
    endloop 
  endfacet
  facet normal -2.181017E-001 9.751617E-001 -3.861818E-002
    outer loop 
      vertex 1.053314e-001 5.358453e-001 2.099379e+000
      vertex 2.411805e-001 5.725515e-001 2.259033e+000
      vertex 2.781578e-001 5.739844e-001 2.086380e+000
    endloop 
  endfacet
  facet normal -2.338160E-001 9.708239E-001 -5.320740E-002
    outer loop 
      vertex 2.411805e-001 5.725515e-001 2.259033e+000
      vertex 3.588839e-001 6.086385e-001 2.400237e+000
      vertex 3.693390e-001 6.023835e-001 2.240165e+000
    endloop 
  endfacet
  facet normal -2.346286E-001 9.717941E-001 -2.378124E-002
    outer loop 
      vertex 2.411805e-001 5.725515e-001 2.259033e+000
      vertex 1.053314e-001 5.358453e-001 2.099379e+000
      vertex 1.058711e-001 5.409028e-001 2.300721e+000
    endloop 
  endfacet
  facet normal 9.925938E-001 1.178150E-001 2.961782E-002
    outer loop 
      vertex 4.694040e-001 3.174597e-001 1.004654e+000
      vertex 4.550897e-001 3.957495e-001 1.172951e+000
      vertex 4.775912e-001 2.194743e-001 1.120044e+000
    endloop 
  endfacet
  facet normal 9.933437E-001 1.151547E-001 2.750042E-003
    outer loop 
      vertex 4.962066e-001 6.027042e-002 1.062419e+000
      vertex 4.775912e-001 2.194743e-001 1.120044e+000
      vertex 4.917549e-001 9.422767e-002 1.248530e+000
    endloop 
  endfacet
  facet normal 9.925030E-001 1.204185E-001 2.090481E-002
    outer loop 
      vertex 4.550897e-001 3.957495e-001 1.172951e+000
      vertex 4.681025e-001 2.673589e-001 1.294709e+000
      vertex 4.775912e-001 2.194743e-001 1.120044e+000
    endloop 
  endfacet
  facet normal 9.912696E-001 1.306096E-001 1.804390E-002
    outer loop 
      vertex 4.917549e-001 9.422767e-002 1.248530e+000
      vertex 4.775912e-001 2.194743e-001 1.120044e+000
      vertex 4.681025e-001 2.673589e-001 1.294709e+000
    endloop 
  endfacet
  facet normal 9.945800E-001 1.026418E-001 1.659226E-002
    outer loop 
      vertex 4.852695e-001 1.727905e-001 9.485778e-001
      vertex 4.694040e-001 3.174597e-001 1.004654e+000
      vertex 4.775912e-001 2.194743e-001 1.120044e+000
    endloop 
  endfacet
  facet normal 9.937147E-001 1.110283E-001 1.427017E-002
    outer loop 
      vertex 4.962066e-001 6.027042e-002 1.062419e+000
      vertex 4.852695e-001 1.727905e-001 9.485778e-001
      vertex 4.775912e-001 2.194743e-001 1.120044e+000
    endloop 
  endfacet
  facet normal 3.684149E-001 -9.295196E-001 1.623705E-002
    outer loop 
      vertex 4.178351e-001 -3.722286e-001 3.583806e+000
      vertex 3.325193e-001 -4.037484e-001 3.715189e+000
      vertex 2.848258e-001 -4.251707e-001 3.570985e+000
    endloop 
  endfacet
  facet normal 3.824028E-001 -9.236088E-001 2.673833E-002
    outer loop 
      vertex 3.325193e-001 -4.037484e-001 3.715189e+000
      vertex 4.178351e-001 -3.722286e-001 3.583806e+000
      vertex 4.442104e-001 -3.571939e-001 3.725929e+000
    endloop 
  endfacet
  facet normal 3.957461E-001 -9.182264E-001 1.566190E-002
    outer loop 
      vertex 4.000407e-001 -3.721414e-001 3.862112e+000
      vertex 2.681122e-001 -4.291320e-001 3.854442e+000
      vertex 3.325193e-001 -4.037484e-001 3.715189e+000
    endloop 
  endfacet
  facet normal 3.816388E-001 -9.242766E-001 8.034208E-003
    outer loop 
      vertex 2.681122e-001 -4.291320e-001 3.854442e+000
      vertex 2.012975e-001 -4.579656e-001 3.711163e+000
      vertex 3.325193e-001 -4.037484e-001 3.715189e+000
    endloop 
  endfacet
  facet normal 3.827655E-001 -9.235648E-001 2.277575E-002
    outer loop 
      vertex 4.442104e-001 -3.571939e-001 3.725929e+000
      vertex 4.000407e-001 -3.721414e-001 3.862112e+000
      vertex 3.325193e-001 -4.037484e-001 3.715189e+000
    endloop 
  endfacet
  facet normal 3.815467E-001 -9.242827E-001 1.111592E-002
    outer loop 
      vertex 3.325193e-001 -4.037484e-001 3.715189e+000
      vertex 2.012975e-001 -4.579656e-001 3.711163e+000
      vertex 2.848258e-001 -4.251707e-001 3.570985e+000
    endloop 
  endfacet
  facet normal 1.341946E-001 -9.902478E-001 3.743071E-002
    outer loop 
      vertex 5.617434e-001 -4.290959e-001 1.280112e+000
      vertex 4.095405e-001 -4.450503e-001 1.403702e+000
      vertex 4.290199e-001 -4.493262e-001 1.220744e+000
    endloop 
  endfacet
  facet normal 1.329448E-001 -9.904212E-001 3.730170E-002
    outer loop 
      vertex 4.290199e-001 -4.493262e-001 1.220744e+000
      vertex 4.095405e-001 -4.450503e-001 1.403702e+000
      vertex 2.905959e-001 -4.652218e-001 1.292037e+000
    endloop 
  endfacet
  facet normal 1.274254E-001 -9.904507E-001 5.263316E-002
    outer loop 
      vertex 5.544305e-001 -4.385439e-001 1.120024e+000
      vertex 5.617434e-001 -4.290959e-001 1.280112e+000
      vertex 4.290199e-001 -4.493262e-001 1.220744e+000
    endloop 
  endfacet
  facet normal 1.274224E-001 -9.914988E-001 2.633916E-002
    outer loop 
      vertex 2.905959e-001 -4.652218e-001 1.292037e+000
      vertex 3.187500e-001 -4.661015e-001 1.122722e+000
      vertex 4.290199e-001 -4.493262e-001 1.220744e+000
    endloop 
  endfacet
  facet normal 1.177227E-001 -9.922259E-001 4.036186E-002
    outer loop 
      vertex 4.469107e-001 -4.540456e-001 1.052544e+000
      vertex 5.544305e-001 -4.385439e-001 1.120024e+000
      vertex 4.290199e-001 -4.493262e-001 1.220744e+000
    endloop 
  endfacet
  facet normal 1.153310E-001 -9.925168E-001 4.011562E-002
    outer loop 
      vertex 3.187500e-001 -4.661015e-001 1.122722e+000
      vertex 4.469107e-001 -4.540456e-001 1.052544e+000
      vertex 4.290199e-001 -4.493262e-001 1.220744e+000
    endloop 
  endfacet
  facet normal 2.677972E-001 -9.628783E-001 -3.391270E-002
    outer loop 
      vertex -6.034428e-002 -5.359358e-001 2.578594e+000
      vertex -1.957676e-001 -5.755450e-001 2.633820e+000
      vertex -1.723896e-001 -5.630818e-001 2.464563e+000
    endloop 
  endfacet
  facet normal 2.728124E-001 -9.618408E-001 -2.087051E-002
    outer loop 
      vertex -6.034428e-002 -5.359358e-001 2.578594e+000
      vertex -4.888955e-002 -5.355164e-001 2.708999e+000
      vertex -1.957676e-001 -5.755450e-001 2.633820e+000
    endloop 
  endfacet
  facet normal 2.561743E-001 -9.663880E-001 -2.165668E-002
    outer loop 
      vertex -6.034428e-002 -5.359358e-001 2.578594e+000
      vertex -1.723896e-001 -5.630818e-001 2.464563e+000
      vertex 1.865258e-002 -5.124634e-001 2.465629e+000
    endloop 
  endfacet
  facet normal -2.584344E-001 9.652429E-001 -3.895899E-002
    outer loop 
      vertex 2.323018e-001 5.776501e-001 2.440605e+000
      vertex 1.050447e-001 5.454967e-001 2.488137e+000
      vertex 2.208050e-001 5.813115e-001 2.607585e+000
    endloop 
  endfacet
  facet normal -2.535956E-001 9.669918E-001 -2.482099E-002
    outer loop 
      vertex 2.323018e-001 5.776501e-001 2.440605e+000
      vertex 1.058711e-001 5.409028e-001 2.300721e+000
      vertex 1.050447e-001 5.454967e-001 2.488137e+000
    endloop 
  endfacet
  facet normal -2.708584E-001 9.622673E-001 -2.602629E-002
    outer loop 
      vertex 9.782112e-002 5.484465e-001 2.672377e+000
      vertex 2.208050e-001 5.813115e-001 2.607585e+000
      vertex 1.050447e-001 5.454967e-001 2.488137e+000
    endloop 
  endfacet
  facet normal -2.581674E-001 9.660347E-001 -1.125128E-002
    outer loop 
      vertex 1.050447e-001 5.454967e-001 2.488137e+000
      vertex -2.859523e-002 5.083382e-001 2.364153e+000
      vertex -1.942825e-002 5.129781e-001 2.552195e+000
    endloop 
  endfacet
  facet normal -2.463515E-001 9.688623E-001 -2.483489E-002
    outer loop 
      vertex -2.859523e-002 5.083382e-001 2.364153e+000
      vertex 1.050447e-001 5.454967e-001 2.488137e+000
      vertex 1.058711e-001 5.409028e-001 2.300721e+000
    endloop 
  endfacet
  facet normal -2.651038E-001 9.638739E-001 -2.582639E-002
    outer loop 
      vertex -1.942825e-002 5.129781e-001 2.552195e+000
      vertex 9.782112e-002 5.484465e-001 2.672377e+000
      vertex 1.050447e-001 5.454967e-001 2.488137e+000
    endloop 
  endfacet
  facet normal -2.004034E-001 9.794587E-001 -2.234102E-002
    outer loop 
      vertex 1.053314e-001 5.358453e-001 2.099379e+000
      vertex 2.033576e-001 5.521204e-001 1.933583e+000
      vertex 2.531314e-002 5.152043e-001 1.912227e+000
    endloop 
  endfacet
  facet normal -2.002530E-001 9.794600E-001 -2.359730E-002
    outer loop 
      vertex 2.033576e-001 5.521204e-001 1.933583e+000
      vertex 1.151228e-001 5.305876e-001 1.788600e+000
      vertex 2.531314e-002 5.152043e-001 1.912227e+000
    endloop 
  endfacet
  facet normal -1.944369E-001 9.808780E-001 -8.528237E-003
    outer loop 
      vertex -3.111080e-002 5.024302e-001 1.729436e+000
      vertex -1.512960e-001 4.796611e-001 1.850769e+000
      vertex 2.531314e-002 5.152043e-001 1.912227e+000
    endloop 
  endfacet
  facet normal -1.844858E-001 9.827652E-001 -1.173184E-002
    outer loop 
      vertex -3.111080e-002 5.024302e-001 1.729436e+000
      vertex 2.531314e-002 5.152043e-001 1.912227e+000
      vertex 1.151228e-001 5.305876e-001 1.788600e+000
    endloop 
  endfacet
  facet normal 2.091993E-001 -9.778594E-001 -5.167502E-003
    outer loop 
      vertex 1.269486e-001 -4.842611e-001 2.003468e+000
      vertex -8.337006e-003 -5.132398e-001 2.010333e+000
      vertex 5.627435e-002 -4.985787e-001 1.851678e+000
    endloop 
  endfacet
  facet normal 1.807585E-001 -9.835218E-001 -3.365972E-003
    outer loop 
      vertex 7.353964e-002 -4.948346e-001 1.684855e+000
      vertex 5.627435e-002 -4.985787e-001 1.851678e+000
      vertex -5.118351e-002 -5.179607e-001 1.744346e+000
    endloop 
  endfacet
  facet normal 1.899257E-001 -9.817955E-001 -2.378485E-003
    outer loop 
      vertex 7.353964e-002 -4.948346e-001 1.684855e+000
      vertex 1.858404e-001 -4.734401e-001 1.820950e+000
      vertex 5.627435e-002 -4.985787e-001 1.851678e+000
    endloop 
  endfacet
  facet normal 1.912742E-001 -9.815303E-001 3.524787E-003
    outer loop 
      vertex 1.858404e-001 -4.734401e-001 1.820950e+000
      vertex 1.269486e-001 -4.842611e-001 2.003468e+000
      vertex 5.627435e-002 -4.985787e-001 1.851678e+000
    endloop 
  endfacet
  facet normal -9.641471E-001 -2.650104E-001 1.378256E-002
    outer loop 
      vertex -4.699240e-001 -1.785595e-001 2.545704e+000
      vertex -4.511896e-001 -2.525115e-001 2.434307e+000
      vertex -4.256619e-001 -3.390347e-001 2.556414e+000
    endloop 
  endfacet
  facet normal -9.680325E-001 -2.507977E-001 3.693943E-003
    outer loop 
      vertex -4.891136e-001 -1.068740e-001 2.383933e+000
      vertex -4.511896e-001 -2.525115e-001 2.434307e+000
      vertex -4.699240e-001 -1.785595e-001 2.545704e+000
    endloop 
  endfacet
  facet normal -9.692805E-001 -2.456998E-001 1.126160E-002
    outer loop 
      vertex -4.160558e-001 -3.939783e-001 2.371804e+000
      vertex -4.511896e-001 -2.525115e-001 2.434307e+000
      vertex -4.626184e-001 -2.144053e-001 2.282018e+000
    endloop 
  endfacet
  facet normal -9.685535E-001 -2.485843E-001 1.048528E-002
    outer loop 
      vertex -4.511896e-001 -2.525115e-001 2.434307e+000
      vertex -4.891136e-001 -1.068740e-001 2.383933e+000
      vertex -4.626184e-001 -2.144053e-001 2.282018e+000
    endloop 
  endfacet
  facet normal -9.676562E-001 -2.510918E-001 2.437864E-002
    outer loop 
      vertex -4.511896e-001 -2.525115e-001 2.434307e+000
      vertex -4.160558e-001 -3.939783e-001 2.371804e+000
      vertex -4.256619e-001 -3.390347e-001 2.556414e+000
    endloop 
  endfacet
  facet normal 9.937761E-001 1.040564E-001 3.976593E-002
    outer loop 
      vertex 4.694040e-001 3.174597e-001 1.004654e+000
      vertex 4.631771e-001 4.180368e-001 8.970860e-001
      vertex 4.544731e-001 4.491871e-001 1.033092e+000
    endloop 
  endfacet
  facet normal 9.942544E-001 9.888791E-002 4.098031E-002
    outer loop 
      vertex 4.477650e-001 5.468881e-001 9.600847e-001
      vertex 4.544731e-001 4.491871e-001 1.033092e+000
      vertex 4.631771e-001 4.180368e-001 8.970860e-001
    endloop 
  endfacet
  facet normal 9.938372E-001 1.049381E-001 3.571375E-002
    outer loop 
      vertex 4.544731e-001 4.491871e-001 1.033092e+000
      vertex 4.550897e-001 3.957495e-001 1.172951e+000
      vertex 4.694040e-001 3.174597e-001 1.004654e+000
    endloop 
  endfacet
  facet normal 9.927139E-001 1.080351E-001 5.336285E-002
    outer loop 
      vertex 4.544731e-001 4.491871e-001 1.033092e+000
      vertex 4.477650e-001 5.468881e-001 9.600847e-001
      vertex 4.383378e-001 5.544939e-001 1.120061e+000
    endloop 
  endfacet
  facet normal 9.921382E-001 1.183001E-001 4.082663E-002
    outer loop 
      vertex 4.383378e-001 5.544939e-001 1.120061e+000
      vertex 4.550897e-001 3.957495e-001 1.172951e+000
      vertex 4.544731e-001 4.491871e-001 1.033092e+000
    endloop 
  endfacet
  facet normal 1.019080E-001 -9.939556E-001 4.083130E-002
    outer loop 
      vertex 3.428093e-001 -4.677704e-001 9.782613e-001
      vertex 4.253481e-001 -4.630359e-001 8.875085e-001
      vertex 4.469107e-001 -4.540456e-001 1.052544e+000
    endloop 
  endfacet
  facet normal 9.922888E-002 -9.942116E-001 4.119528E-002
    outer loop 
      vertex 4.253481e-001 -4.630359e-001 8.875085e-001
      vertex 5.469235e-001 -4.479000e-001 9.599571e-001
      vertex 4.469107e-001 -4.540456e-001 1.052544e+000
    endloop 
  endfacet
  facet normal 1.097523E-001 -9.935135E-001 2.975641E-002
    outer loop 
      vertex 3.428093e-001 -4.677704e-001 9.782613e-001
      vertex 4.469107e-001 -4.540456e-001 1.052544e+000
      vertex 3.187500e-001 -4.661015e-001 1.122722e+000
    endloop 
  endfacet
  facet normal 1.099237E-001 -9.925334E-001 5.285916E-002
    outer loop 
      vertex 4.469107e-001 -4.540456e-001 1.052544e+000
      vertex 5.469235e-001 -4.479000e-001 9.599571e-001
      vertex 5.544305e-001 -4.385439e-001 1.120024e+000
    endloop 
  endfacet
  facet normal 9.954884E-001 9.458873E-002 7.472025E-003
    outer loop 
      vertex 4.991637e-001 3.062095e-002 8.972104e-001
      vertex 4.932176e-001 1.017557e-001 7.888919e-001
      vertex 4.852695e-001 1.727905e-001 9.485778e-001
    endloop 
  endfacet
  facet normal 9.952717E-001 9.712903E-002 3.826052E-004
    outer loop 
      vertex 4.962066e-001 6.027042e-002 1.062419e+000
      vertex 4.991637e-001 3.062095e-002 8.972104e-001
      vertex 4.852695e-001 1.727905e-001 9.485778e-001
    endloop 
  endfacet
  facet normal 9.963204E-001 8.488657E-002 1.182936E-002
    outer loop 
      vertex 4.932176e-001 1.017557e-001 7.888919e-001
      vertex 4.783280e-001 2.689613e-001 8.431066e-001
      vertex 4.852695e-001 1.727905e-001 9.485778e-001
    endloop 
  endfacet
  facet normal 9.947351E-001 9.935194E-002 2.512351E-002
    outer loop 
      vertex 4.852695e-001 1.727905e-001 9.485778e-001
      vertex 4.783280e-001 2.689613e-001 8.431066e-001
      vertex 4.694040e-001 3.174597e-001 1.004654e+000
    endloop 
  endfacet
  facet normal 1.740482E-001 -9.846326E-001 -1.434572E-002
    outer loop 
      vertex -5.118351e-002 -5.179607e-001 1.744346e+000
      vertex -1.674993e-001 -5.374582e-001 1.671386e+000
      vertex -4.669670e-002 -5.149327e-001 1.590950e+000
    endloop 
  endfacet
  facet normal 1.657096E-001 -9.857996E-001 -2.719592E-002
    outer loop 
      vertex -1.654970e-001 -5.335113e-001 1.540517e+000
      vertex -4.669670e-002 -5.149327e-001 1.590950e+000
      vertex -1.674993e-001 -5.374582e-001 1.671386e+000
    endloop 
  endfacet
  facet normal 1.542474E-001 -9.879182E-001 -1.501326E-002
    outer loop 
      vertex 7.913811e-002 -4.937244e-001 1.488217e+000
      vertex -4.669670e-002 -5.149327e-001 1.590950e+000
      vertex -8.402684e-002 -5.184699e-001 1.440178e+000
    endloop 
  endfacet
  facet normal 1.655173E-001 -9.862065E-001 -8.557309E-004
    outer loop 
      vertex -4.669670e-002 -5.149327e-001 1.590950e+000
      vertex 7.913811e-002 -4.937244e-001 1.488217e+000
      vertex 7.353964e-002 -4.948346e-001 1.684855e+000
    endloop 
  endfacet
  facet normal 1.756989E-001 -9.843402E-001 -1.429167E-002
    outer loop 
      vertex 7.353964e-002 -4.948346e-001 1.684855e+000
      vertex -5.118351e-002 -5.179607e-001 1.744346e+000
      vertex -4.669670e-002 -5.149327e-001 1.590950e+000
    endloop 
  endfacet
  facet normal 1.614536E-001 -9.867369E-001 -1.682517E-002
    outer loop 
      vertex -8.402684e-002 -5.184699e-001 1.440178e+000
      vertex -4.669670e-002 -5.149327e-001 1.590950e+000
      vertex -1.654970e-001 -5.335113e-001 1.540517e+000
    endloop 
  endfacet
  facet normal 0.000000E+000 0.000000E+000 -1.000000E+000
    outer loop 
      vertex 5.000000e-001 -1.666667e-001 0.000000e+000
      vertex 3.782346e-001 -2.876811e-001 0.000000e+000
      vertex 3.506944e-001 -1.791088e-001 0.000000e+000
    endloop 
  endfacet
  facet normal 0.000000E+000 0.000000E+000 -1.000000E+000
    outer loop 
      vertex 3.506944e-001 -1.791088e-001 0.000000e+000
      vertex 3.782346e-001 -2.876811e-001 0.000000e+000
      vertex 2.407040e-001 -2.523085e-001 0.000000e+000
    endloop 
  endfacet
  facet normal 0.000000E+000 0.000000E+000 -1.000000E+000
    outer loop 
      vertex 3.752419e-001 -5.933267e-002 0.000000e+000
      vertex 3.506944e-001 -1.791088e-001 0.000000e+000
      vertex 2.463146e-001 -1.167427e-001 0.000000e+000
    endloop 
  endfacet
  facet normal 0.000000E+000 0.000000E+000 -1.000000E+000
    outer loop 
      vertex 3.752419e-001 -5.933267e-002 0.000000e+000
      vertex 5.000000e-001 -1.666667e-001 0.000000e+000
      vertex 3.506944e-001 -1.791088e-001 0.000000e+000
    endloop 
  endfacet
  facet normal 0.000000E+000 0.000000E+000 -1.000000E+000
    outer loop 
      vertex 2.407040e-001 -2.523085e-001 0.000000e+000
      vertex 2.463146e-001 -1.167427e-001 0.000000e+000
      vertex 3.506944e-001 -1.791088e-001 0.000000e+000
    endloop 
  endfacet
  facet normal -2.993483E-001 9.532821E-001 4.054553E-002
    outer loop 
      vertex -5.152236e-001 3.662670e-001 2.792975e+000
      vertex -6.267045e-001 3.275609e-001 2.879945e+000
      vertex -5.122775e-001 3.605272e-001 2.949678e+000
    endloop 
  endfacet
  facet normal -2.958048E-001 9.543887E-001 4.051945E-002
    outer loop 
      vertex -4.139204e-001 3.949004e-001 2.858095e+000
      vertex -5.152236e-001 3.662670e-001 2.792975e+000
      vertex -5.122775e-001 3.605272e-001 2.949678e+000
    endloop 
  endfacet
  facet normal -3.105287E-001 9.497372E-001 3.963764E-002
    outer loop 
      vertex -5.122775e-001 3.605272e-001 2.949678e+000
      vertex -5.121121e-001 3.542100e-001 3.102338e+000
      vertex -3.638428e-001 4.068697e-001 3.002155e+000
    endloop 
  endfacet
  facet normal -3.150887E-001 9.482365E-001 3.958048E-002
    outer loop 
      vertex -6.321888e-001 3.169135e-001 3.039959e+000
      vertex -5.121121e-001 3.542100e-001 3.102338e+000
      vertex -5.122775e-001 3.605272e-001 2.949678e+000
    endloop 
  endfacet
  facet normal -3.067846E-001 9.513788E-001 2.759775E-002
    outer loop 
      vertex -4.139204e-001 3.949004e-001 2.858095e+000
      vertex -5.122775e-001 3.605272e-001 2.949678e+000
      vertex -3.638428e-001 4.068697e-001 3.002155e+000
    endloop 
  endfacet
  facet normal -3.060107E-001 9.505649E-001 5.276264E-002
    outer loop 
      vertex -5.122775e-001 3.605272e-001 2.949678e+000
      vertex -6.267045e-001 3.275609e-001 2.879945e+000
      vertex -6.321888e-001 3.169135e-001 3.039959e+000
    endloop 
  endfacet
  facet normal 3.306919E-001 -9.429401E-001 3.881706E-002
    outer loop 
      vertex 5.079231e-001 -3.582243e-001 3.048067e+000
      vertex 6.366173e-001 -3.068339e-001 3.200059e+000
      vertex 5.139393e-001 -3.466502e-001 3.277969e+000
    endloop 
  endfacet
  facet normal 3.301097E-001 -9.431430E-001 3.884250E-002
    outer loop 
      vertex 5.079231e-001 -3.582243e-001 3.048067e+000
      vertex 5.139393e-001 -3.466502e-001 3.277969e+000
      vertex 3.820569e-001 -3.963141e-001 3.192896e+000
    endloop 
  endfacet
  facet normal 3.106933E-001 -9.498297E-001 3.596021E-002
    outer loop 
      vertex 5.079231e-001 -3.582243e-001 3.048067e+000
      vertex 3.529757e-001 -4.110548e-001 2.991368e+000
      vertex 4.691713e-001 -3.788267e-001 2.838700e+000
    endloop 
  endfacet
  facet normal 3.147485E-001 -9.488720E-001 2.398583E-002
    outer loop 
      vertex 5.079231e-001 -3.582243e-001 3.048067e+000
      vertex 3.820569e-001 -3.963141e-001 3.192896e+000
      vertex 3.529757e-001 -4.110548e-001 2.991368e+000
    endloop 
  endfacet
  facet normal 3.152719E-001 -9.475852E-001 5.182605E-002
    outer loop 
      vertex 5.079231e-001 -3.582243e-001 3.048067e+000
      vertex 6.259170e-001 -3.281519e-001 2.880121e+000
      vertex 6.313024e-001 -3.176147e-001 3.040021e+000
    endloop 
  endfacet
  facet normal 2.981200E-001 -9.537446E-001 3.867267E-002
    outer loop 
      vertex 5.079231e-001 -3.582243e-001 3.048067e+000
      vertex 4.691713e-001 -3.788267e-001 2.838700e+000
      vertex 6.259170e-001 -3.281519e-001 2.880121e+000
    endloop 
  endfacet
  facet normal 3.153366E-001 -9.474789E-001 5.335327E-002
    outer loop 
      vertex 5.079231e-001 -3.582243e-001 3.048067e+000
      vertex 6.313024e-001 -3.176147e-001 3.040021e+000
      vertex 6.366173e-001 -3.068339e-001 3.200059e+000
    endloop 
  endfacet
  facet normal 9.533478E-001 2.993233E-001 3.916232E-002
    outer loop 
      vertex 3.274637e-001 6.260214e-001 2.880075e+000
      vertex 3.643175e-001 5.004631e-001 2.942585e+000
      vertex 3.697696e-001 5.043541e-001 2.780123e+000
    endloop 
  endfacet
  facet normal 9.550500E-001 2.938566E-001 3.908852E-002
    outer loop 
      vertex 3.993722e-001 4.004759e-001 2.837770e+000
      vertex 3.697696e-001 5.043541e-001 2.780123e+000
      vertex 3.643175e-001 5.004631e-001 2.942585e+000
    endloop 
  endfacet
  facet normal 9.514362E-001 3.056730E-001 3.651439E-002
    outer loop 
      vertex 3.643175e-001 5.004631e-001 2.942585e+000
      vertex 3.651192e-001 4.787021e-001 3.103864e+000
      vertex 4.109093e-001 3.533970e-001 2.959702e+000
    endloop 
  endfacet
  facet normal 9.482540E-001 3.152519E-001 3.782266E-002
    outer loop 
      vertex 3.643175e-001 5.004631e-001 2.942585e+000
      vertex 3.168774e-001 6.314502e-001 3.040182e+000
      vertex 3.651192e-001 4.787021e-001 3.103864e+000
    endloop 
  endfacet
  facet normal 9.520099E-001 3.048189E-001 2.761436E-002
    outer loop 
      vertex 3.643175e-001 5.004631e-001 2.942585e+000
      vertex 4.109093e-001 3.533970e-001 2.959702e+000
      vertex 3.993722e-001 4.004759e-001 2.837770e+000
    endloop 
  endfacet
  facet normal 9.508281E-001 3.052336E-001 5.251952E-002
    outer loop 
      vertex 3.168774e-001 6.314502e-001 3.040182e+000
      vertex 3.643175e-001 5.004631e-001 2.942585e+000
      vertex 3.274637e-001 6.260214e-001 2.880075e+000
    endloop 
  endfacet
  facet normal 9.250374E-001 3.782272E-001 3.535358E-002
    outer loop 
      vertex 3.252520e-001 5.156530e-001 3.759987e+000
      vertex 3.523976e-001 4.665844e-001 3.574672e+000
      vertex 2.726870e-001 6.516919e-001 3.679969e+000
    endloop 
  endfacet
  facet normal 9.228570E-001 3.836750E-001 3.359167E-002
    outer loop 
      vertex 3.523976e-001 4.665844e-001 3.574672e+000
      vertex 3.252520e-001 5.156530e-001 3.759987e+000
      vertex 3.975973e-001 3.454053e-001 3.716985e+000
    endloop 
  endfacet
  facet normal 9.222640E-001 3.858045E-001 2.416355E-002
    outer loop 
      vertex 3.252520e-001 5.156530e-001 3.759987e+000
      vertex 3.629813e-001 4.183359e-001 3.873756e+000
      vertex 3.975973e-001 3.454053e-001 3.716985e+000
    endloop 
  endfacet
  facet normal 9.192154E-001 3.894272E-001 5.821915E-002
    outer loop 
      vertex 2.604253e-001 6.567360e-001 3.839826e+000
      vertex 3.252520e-001 5.156530e-001 3.759987e+000
      vertex 2.726870e-001 6.516919e-001 3.679969e+000
    endloop 
  endfacet
  facet normal -3.784844E-001 9.249151E-001 3.579986E-002
    outer loop 
      vertex -6.525724e-001 2.728422e-001 3.679963e+000
      vertex -5.169885e-001 3.251636e-001 3.761627e+000
      vertex -4.809660e-001 3.466138e-001 3.588285e+000
    endloop 
  endfacet
  facet normal -3.834652E-001 9.229101E-001 3.451668E-002
    outer loop 
      vertex -3.531280e-001 3.947763e-001 3.720737e+000
      vertex -4.809660e-001 3.466138e-001 3.588285e+000
      vertex -5.169885e-001 3.251636e-001 3.761627e+000
    endloop 
  endfacet
  facet normal -3.859746E-001 9.222157E-001 2.327861E-002
    outer loop 
      vertex -5.169885e-001 3.251636e-001 3.761627e+000
      vertex -4.195548e-001 3.631082e-001 3.873912e+000
      vertex -3.531280e-001 3.947763e-001 3.720737e+000
    endloop 
  endfacet
  facet normal -3.896507E-001 9.191318E-001 5.804423E-002
    outer loop 
      vertex -6.525724e-001 2.728422e-001 3.679963e+000
      vertex -6.577352e-001 2.605678e-001 3.839671e+000
      vertex -5.169885e-001 3.251636e-001 3.761627e+000
    endloop 
  endfacet
  facet normal 9.880472E-001 1.486398E-001 -4.085364E-002
    outer loop 
      vertex 5.401736e-001 -2.304397e-001 1.431479e+000
      vertex 5.578776e-001 -3.047401e-001 1.589319e+000
      vertex 5.689653e-001 -4.194868e-001 1.439988e+000
    endloop 
  endfacet
  facet normal 9.855192E-001 1.664841E-001 -3.217016E-002
    outer loop 
      vertex 5.578776e-001 -3.047401e-001 1.589319e+000
      vertex 5.401736e-001 -2.304397e-001 1.431479e+000
      vertex 5.294628e-001 -1.322984e-001 1.611249e+000
    endloop 
  endfacet
  facet normal 9.823433E-001 1.822868E-001 -4.210971E-002
    outer loop 
      vertex 5.578776e-001 -3.047401e-001 1.589319e+000
      vertex 5.597565e-001 -2.762639e-001 1.756419e+000
      vertex 5.828555e-001 -3.998946e-001 1.760099e+000
    endloop 
  endfacet
  facet normal 9.851004E-001 1.673596E-001 -3.959690E-002
    outer loop 
      vertex 5.597565e-001 -2.762639e-001 1.756419e+000
      vertex 5.578776e-001 -3.047401e-001 1.589319e+000
      vertex 5.294628e-001 -1.322984e-001 1.611249e+000
    endloop 
  endfacet
  facet normal 9.850672E-001 1.638791E-001 -5.278490E-002
    outer loop 
      vertex 5.689653e-001 -4.194868e-001 1.439988e+000
      vertex 5.578776e-001 -3.047401e-001 1.589319e+000
      vertex 5.759369e-001 -4.098201e-001 1.600102e+000
    endloop 
  endfacet
  facet normal 9.850680E-001 1.638815E-001 -5.276319E-002
    outer loop 
      vertex 5.828555e-001 -3.998946e-001 1.760099e+000
      vertex 5.759369e-001 -4.098201e-001 1.600102e+000
      vertex 5.578776e-001 -3.047401e-001 1.589319e+000
    endloop 
  endfacet
  facet normal 1.744322E-001 -9.838154E-001 -4.099708E-002
    outer loop 
      vertex -2.881102e-001 -5.546495e-001 1.570758e+000
      vertex -1.674993e-001 -5.374582e-001 1.671386e+000
      vertex -2.945689e-001 -5.636088e-001 1.758278e+000
    endloop 
  endfacet
  facet normal 1.632986E-001 -9.862004E-001 -2.724490E-002
    outer loop 
      vertex -2.881102e-001 -5.546495e-001 1.570758e+000
      vertex -1.654970e-001 -5.335113e-001 1.540517e+000
      vertex -1.674993e-001 -5.374582e-001 1.671386e+000
    endloop 
  endfacet
  facet normal 1.482477E-001 -9.881849E-001 -3.890053E-002
    outer loop 
      vertex -2.412306e-001 -5.416766e-001 1.419865e+000
      vertex -2.881102e-001 -5.546495e-001 1.570758e+000
      vertex -4.195256e-001 -5.692100e-001 1.439821e+000
    endloop 
  endfacet
  facet normal 1.614906E-001 -9.862668E-001 -3.462128E-002
    outer loop 
      vertex -2.412306e-001 -5.416766e-001 1.419865e+000
      vertex -1.654970e-001 -5.335113e-001 1.540517e+000
      vertex -2.881102e-001 -5.546495e-001 1.570758e+000
    endloop 
  endfacet
  facet normal 1.652253E-001 -9.853870E-001 -4.138928E-002
    outer loop 
      vertex -2.945689e-001 -5.636088e-001 1.758278e+000
      vertex -4.098683e-001 -5.762889e-001 1.599888e+000
      vertex -2.881102e-001 -5.546495e-001 1.570758e+000
    endloop 
  endfacet
  facet normal 1.623422E-001 -9.852903E-001 -5.336832E-002
    outer loop 
      vertex -4.098683e-001 -5.762889e-001 1.599888e+000
      vertex -4.195256e-001 -5.692100e-001 1.439821e+000
      vertex -2.881102e-001 -5.546495e-001 1.570758e+000
    endloop 
  endfacet
  facet normal 4.151683E-002 -9.990270E-001 1.488685E-002
    outer loop 
      vertex 4.594867e-002 -4.984792e-001 4.159685e-001
      vertex 2.139661e-001 -4.916436e-001 4.061214e-001
      vertex 1.619863e-001 -4.919555e-001 5.301563e-001
    endloop 
  endfacet
  facet normal 5.361157E-002 -9.983624E-001 1.995711E-002
    outer loop 
      vertex 3.039441e-001 -4.841511e-001 5.392272e-001
      vertex 1.619863e-001 -4.919555e-001 5.301563e-001
      vertex 2.139661e-001 -4.916436e-001 4.061214e-001
    endloop 
  endfacet
  facet normal 5.472360E-002 -9.985005E-001 1.436046E-003
    outer loop 
      vertex 4.594867e-002 -4.984792e-001 4.159685e-001
      vertex 1.619863e-001 -4.919555e-001 5.301563e-001
      vertex 2.733226e-002 -4.992361e-001 5.991119e-001
    endloop 
  endfacet
  facet normal 3.696546E-001 -9.283164E-001 3.979974E-002
    outer loop 
      vertex 5.377012e-001 -3.221575e-001 3.638396e+000
      vertex 4.178351e-001 -3.722286e-001 3.583806e+000
      vertex 5.199739e-001 -3.366915e-001 3.464045e+000
    endloop 
  endfacet
  facet normal 3.555522E-001 -9.342948E-001 2.599841E-002
    outer loop 
      vertex 3.775108e-001 -3.925262e-001 3.405849e+000
      vertex 5.199739e-001 -3.366915e-001 3.464045e+000
      vertex 4.178351e-001 -3.722286e-001 3.583806e+000
    endloop 
  endfacet
  facet normal 3.621218E-001 -9.312370E-001 4.080911E-002
    outer loop 
      vertex 5.377012e-001 -3.221575e-001 3.638396e+000
      vertex 5.199739e-001 -3.366915e-001 3.464045e+000
      vertex 6.466330e-001 -2.849822e-001 3.520100e+000
    endloop 
  endfacet
  facet normal 3.463795E-001 -9.372864E-001 3.892987E-002
    outer loop 
      vertex 5.139393e-001 -3.466502e-001 3.277969e+000
      vertex 6.416845e-001 -2.960308e-001 3.360078e+000
      vertex 5.199739e-001 -3.366915e-001 3.464045e+000
    endloop 
  endfacet
  facet normal 3.508848E-001 -9.356188E-001 3.869452E-002
    outer loop 
      vertex 5.139393e-001 -3.466502e-001 3.277969e+000
      vertex 5.199739e-001 -3.366915e-001 3.464045e+000
      vertex 3.775108e-001 -3.925262e-001 3.405849e+000
    endloop 
  endfacet
  facet normal 3.571061E-001 -9.325393E-001 5.334377E-002
    outer loop 
      vertex 5.199739e-001 -3.366915e-001 3.464045e+000
      vertex 6.416845e-001 -2.960308e-001 3.360078e+000
      vertex 6.466330e-001 -2.849822e-001 3.520100e+000
    endloop 
  endfacet
  facet normal 2.160178E-001 -9.755618E-001 -4.019342E-002
    outer loop 
      vertex -3.800140e-001 -5.964751e-001 2.079868e+000
      vertex -2.683897e-001 -5.664300e-001 1.950543e+000
      vertex -2.491733e-001 -5.694373e-001 2.126812e+000
    endloop 
  endfacet
  facet normal 2.071521E-001 -9.775207E-001 -3.926032E-002
    outer loop 
      vertex -2.491733e-001 -5.694373e-001 2.126812e+000
      vertex -2.683897e-001 -5.664300e-001 1.950543e+000
      vertex -1.438292e-001 -5.417665e-001 1.993688e+000
    endloop 
  endfacet
  facet normal 1.999543E-001 -9.789221E-001 -4.159030E-002
    outer loop 
      vertex -2.945689e-001 -5.636088e-001 1.758278e+000
      vertex -2.683897e-001 -5.664300e-001 1.950543e+000
      vertex -3.899650e-001 -5.899622e-001 1.919926e+000
    endloop 
  endfacet
  facet normal 1.897577E-001 -9.810063E-001 -4.023249E-002
    outer loop 
      vertex -1.683342e-001 -5.422147e-001 1.832005e+000
      vertex -2.683897e-001 -5.664300e-001 1.950543e+000
      vertex -2.945689e-001 -5.636088e-001 1.758278e+000
    endloop 
  endfacet
  facet normal 2.024798E-001 -9.778826E-001 -5.241765E-002
    outer loop 
      vertex -3.899650e-001 -5.899622e-001 1.919926e+000
      vertex -2.683897e-001 -5.664300e-001 1.950543e+000
      vertex -3.800140e-001 -5.964751e-001 2.079868e+000
    endloop 
  endfacet
  facet normal 2.035248E-001 -9.786655E-001 -2.813379E-002
    outer loop 
      vertex -2.683897e-001 -5.664300e-001 1.950543e+000
      vertex -1.683342e-001 -5.422147e-001 1.832005e+000
      vertex -1.438292e-001 -5.417665e-001 1.993688e+000
    endloop 
  endfacet
endsolid
