solid ASCII
; Created 4/29/2025 10:22:52 PM by Nastran FNO Reader 1.84
; NAS File: C:\Users\Sam\Documents\Inventor\1x1x4_block\InCAD\FEA\py5ys2o95.nas
; Results from: C:\Users\Sam\Documents\Inventor\1x1x4_block\InCAD\FEA\py5ys2o95.FNO
; Subcase: [1] INCR 8, LOAD=1.0
; Deformed positions, scale factor 1.0
;
; Property ID = 1  Element Type = Solid
  facet normal -9.989386E-001 -4.131388E-002 2.036477E-002
    outer loop 
      vertex -4.789937e-001 -5.201299e-001 7.999756e-001
      vertex -4.823780e-001 -4.093739e-001 8.586581e-001
      vertex -4.853927e-001 -3.967510e-001 7.363846e-001
    endloop 
  endfacet
  facet normal -9.988817E-001 -4.273959E-002 2.021618E-002
    outer loop 
      vertex -4.853927e-001 -3.967510e-001 7.363846e-001
      vertex -4.823780e-001 -4.093739e-001 8.586581e-001
      vertex -4.885167e-001 -2.815992e-001 8.254749e-001
    endloop 
  endfacet
  facet normal -9.991608E-001 -3.576864E-002 1.995924E-002
    outer loop 
      vertex -4.909402e-001 -2.643112e-001 6.960230e-001
      vertex -4.886269e-001 -3.843022e-001 5.967923e-001
      vertex -4.853927e-001 -3.967510e-001 7.363846e-001
    endloop 
  endfacet
  facet normal -9.992679E-001 -3.245289E-002 2.025742E-002
    outer loop 
      vertex -4.886269e-001 -3.843022e-001 5.967923e-001
      vertex -4.834748e-001 -5.159795e-001 6.399862e-001
      vertex -4.853927e-001 -3.967510e-001 7.363846e-001
    endloop 
  endfacet
  facet normal -9.991961E-001 -3.768586E-002 1.367306E-002
    outer loop 
      vertex -4.909402e-001 -2.643112e-001 6.960230e-001
      vertex -4.853927e-001 -3.967510e-001 7.363846e-001
      vertex -4.885167e-001 -2.815992e-001 8.254749e-001
    endloop 
  endfacet
  facet normal -9.989170E-001 -3.789516E-002 2.699557E-002
    outer loop 
      vertex -4.853927e-001 -3.967510e-001 7.363846e-001
      vertex -4.834748e-001 -5.159795e-001 6.399862e-001
      vertex -4.789937e-001 -5.201299e-001 7.999756e-001
    endloop 
  endfacet
  facet normal 9.998235E-001 9.358451E-003 -1.629314E-002
    outer loop 
      vertex 5.052986e-001 -3.017222e-001 3.536381e-001
      vertex 5.038490e-001 -3.676987e-001 2.267892e-001
      vertex 5.020914e-001 -2.061001e-001 2.117559e-001
    endloop 
  endfacet
  facet normal 9.998238E-001 9.360702E-003 -1.626898E-002
    outer loop 
      vertex 5.015162e-001 -3.346398e-001 1.024458e-001
      vertex 5.020914e-001 -2.061001e-001 2.117559e-001
      vertex 5.038490e-001 -3.676987e-001 2.267892e-001
    endloop 
  endfacet
  facet normal 9.997851E-001 1.782532E-002 -1.058600E-002
    outer loop 
      vertex 5.052986e-001 -3.017222e-001 3.536381e-001
      vertex 5.020914e-001 -2.061001e-001 2.117559e-001
      vertex 5.026335e-001 -1.344984e-001 3.835216e-001
    endloop 
  endfacet
  facet normal 9.999141E-001 1.043941E-002 -7.931614E-003
    outer loop 
      vertex 5.004411e-001 -3.922544e-002 2.233476e-001
      vertex 5.020914e-001 -2.061001e-001 2.117559e-001
      vertex 5.000000e-001 -1.666667e-001 0.000000e+000
    endloop 
  endfacet
  facet normal 9.999177E-001 1.040911E-002 -7.494916E-003
    outer loop 
      vertex 5.026335e-001 -1.344984e-001 3.835216e-001
      vertex 5.020914e-001 -2.061001e-001 2.117559e-001
      vertex 5.004411e-001 -3.922544e-002 2.233476e-001
    endloop 
  endfacet
  facet normal 9.999515E-001 3.387159E-003 -9.245262E-003
    outer loop 
      vertex 5.015162e-001 -3.346398e-001 1.024458e-001
      vertex 5.000000e-001 -1.666667e-001 0.000000e+000
      vertex 5.020914e-001 -2.061001e-001 2.117559e-001
    endloop 
  endfacet
  facet normal -1.004081E-001 9.947183E-001 -2.130440E-002
    outer loop 
      vertex 4.472513e-001 5.475428e-001 1.920024e+000
      vertex 2.584957e-001 5.288191e-001 1.935412e+000
      vertex 3.395814e-001 5.402696e-001 2.087881e+000
    endloop 
  endfacet
  facet normal -1.094447E-001 9.938570E-001 -1.643394E-002
    outer loop 
      vertex 2.584957e-001 5.288191e-001 1.935412e+000
      vertex 1.639557e-001 5.211474e-001 2.101064e+000
      vertex 3.395814e-001 5.402696e-001 2.087881e+000
    endloop 
  endfacet
  facet normal -1.002542E-001 9.947737E-001 -1.934919E-002
    outer loop 
      vertex 4.472513e-001 5.475428e-001 1.920024e+000
      vertex 3.213122e-001 5.318062e-001 1.763508e+000
      vertex 2.584957e-001 5.288191e-001 1.935412e+000
    endloop 
  endfacet
  facet normal -9.296977E-002 9.955293E-001 -1.667421E-002
    outer loop 
      vertex 2.584957e-001 5.288191e-001 1.935412e+000
      vertex 3.213122e-001 5.318062e-001 1.763508e+000
      vertex 1.645245e-001 5.176119e-001 1.790236e+000
    endloop 
  endfacet
  facet normal 9.939092E-001 1.084971E-001 -1.930800E-002
    outer loop 
      vertex 5.512798e-001 -4.426722e-001 2.080049e+000
      vertex 5.338017e-001 -3.088924e-001 1.932085e+000
      vertex 5.327395e-001 -2.712128e-001 2.089135e+000
    endloop 
  endfacet
  facet normal 9.947273E-001 1.006598E-001 -1.962635E-002
    outer loop 
      vertex 5.321559e-001 -3.265428e-001 1.758142e+000
      vertex 5.338017e-001 -3.088924e-001 1.932085e+000
      vertex 5.475705e-001 -4.472961e-001 1.920083e+000
    endloop 
  endfacet
  facet normal 9.954280E-001 9.362313E-002 -1.891896E-002
    outer loop 
      vertex 5.321559e-001 -3.265428e-001 1.758142e+000
      vertex 5.215834e-001 -2.058467e-001 1.799151e+000
      vertex 5.338017e-001 -3.088924e-001 1.932085e+000
    endloop 
  endfacet
  facet normal 9.945275E-001 1.011914E-001 -2.598638E-002
    outer loop 
      vertex 5.475705e-001 -4.472961e-001 1.920083e+000
      vertex 5.338017e-001 -3.088924e-001 1.932085e+000
      vertex 5.512798e-001 -4.426722e-001 2.080049e+000
    endloop 
  endfacet
  facet normal -1.340220E-001 9.907832E-001 -1.967083E-002
    outer loop 
      vertex 3.047306e-001 5.433518e-001 2.442247e+000
      vertex 2.986574e-001 5.458466e-001 2.609284e+000
      vertex 4.283382e-001 5.624106e-001 2.560037e+000
    endloop 
  endfacet
  facet normal -1.278537E-001 9.914456E-001 -2.625093E-002
    outer loop 
      vertex 4.283382e-001 5.624106e-001 2.560037e+000
      vertex 4.330871e-001 5.587879e-001 2.400088e+000
      vertex 3.047306e-001 5.433518e-001 2.442247e+000
    endloop 
  endfacet
  facet normal -9.918783E-001 -1.254475E-001 -2.098084E-002
    outer loop 
      vertex -5.588815e-001 4.331806e-001 2.400012e+000
      vertex -5.446637e-001 3.335367e-001 2.323646e+000
      vertex -5.466504e-001 3.234609e-001 2.477811e+000
    endloop 
  endfacet
  facet normal -9.920514E-001 -1.240864E-001 -2.089411E-002
    outer loop 
      vertex -5.466504e-001 3.234609e-001 2.477811e+000
      vertex -5.446637e-001 3.335367e-001 2.323646e+000
      vertex -5.329790e-001 2.311527e-001 2.376899e+000
    endloop 
  endfacet
  facet normal -9.910995E-001 -1.316259E-001 -1.990842E-002
    outer loop 
      vertex -5.466504e-001 3.234609e-001 2.477811e+000
      vertex -5.294543e-001 1.873676e-001 2.521531e+000
      vertex -5.463021e-001 2.994665e-001 2.619117e+000
    endloop 
  endfacet
  facet normal -9.913755E-001 -1.301625E-001 -1.524454E-002
    outer loop 
      vertex -5.294543e-001 1.873676e-001 2.521531e+000
      vertex -5.466504e-001 3.234609e-001 2.477811e+000
      vertex -5.329790e-001 2.311527e-001 2.376899e+000
    endloop 
  endfacet
  facet normal -9.907480E-001 -1.341807E-001 -2.034312E-002
    outer loop 
      vertex -5.625535e-001 4.284240e-001 2.560002e+000
      vertex -5.466504e-001 3.234609e-001 2.477811e+000
      vertex -5.463021e-001 2.994665e-001 2.619117e+000
    endloop 
  endfacet
  facet normal -9.912411E-001 -1.293586E-001 -2.659676E-002
    outer loop 
      vertex -5.588815e-001 4.331806e-001 2.400012e+000
      vertex -5.466504e-001 3.234609e-001 2.477811e+000
      vertex -5.625535e-001 4.284240e-001 2.560002e+000
    endloop 
  endfacet
  facet normal -1.104016E-001 9.937410E-001 1.703862E-002
    outer loop 
      vertex -3.819272e-001 4.620266e-001 2.032679e+000
      vertex -3.661141e-001 4.609218e-001 2.199575e+000
      vertex -1.905324e-001 4.818078e-001 2.119122e+000
    endloop 
  endfacet
  facet normal -1.089445E-001 9.939041E-001 1.690164E-002
    outer loop 
      vertex -3.661141e-001 4.609218e-001 2.199575e+000
      vertex -3.819272e-001 4.620266e-001 2.032679e+000
      vertex -5.514480e-001 4.426406e-001 2.079976e+000
    endloop 
  endfacet
  facet normal -1.006208E-001 9.947656E-001 1.780117E-002
    outer loop 
      vertex -5.476748e-001 4.472786e-001 1.919940e+000
      vertex -3.819272e-001 4.620266e-001 2.032679e+000
      vertex -4.064629e-001 4.625089e-001 1.867040e+000
    endloop 
  endfacet
  facet normal -1.015764E-001 9.946659E-001 1.794243E-002
    outer loop 
      vertex -3.819272e-001 4.620266e-001 2.032679e+000
      vertex -2.329357e-001 4.787367e-001 1.949805e+000
      vertex -4.064629e-001 4.625089e-001 1.867040e+000
    endloop 
  endfacet
  facet normal -1.066809E-001 9.942554E-001 8.682722E-003
    outer loop 
      vertex -3.819272e-001 4.620266e-001 2.032679e+000
      vertex -1.905324e-001 4.818078e-001 2.119122e+000
      vertex -2.329357e-001 4.787367e-001 1.949805e+000
    endloop 
  endfacet
  facet normal -1.063315E-001 9.939829E-001 2.629936E-002
    outer loop 
      vertex -3.819272e-001 4.620266e-001 2.032679e+000
      vertex -5.476748e-001 4.472786e-001 1.919940e+000
      vertex -5.514480e-001 4.426406e-001 2.079976e+000
    endloop 
  endfacet
  facet normal -5.801251E-002 9.981228E-001 -1.963053E-002
    outer loop 
      vertex 4.700741e-001 5.281418e-001 1.120008e+000
      vertex 3.449877e-001 5.196493e-001 1.057863e+000
      vertex 3.356193e-001 5.231602e-001 1.264058e+000
    endloop 
  endfacet
  facet normal -5.763761E-002 9.981449E-001 -1.961387E-002
    outer loop 
      vertex 3.356193e-001 5.231602e-001 1.264058e+000
      vertex 3.449877e-001 5.196493e-001 1.057863e+000
      vertex 2.098729e-001 5.129984e-001 1.116449e+000
    endloop 
  endfacet
  facet normal -4.943224E-002 9.985815E-001 -1.978111E-002
    outer loop 
      vertex 2.194154e-001 5.114791e-001 9.592191e-001
      vertex 3.449877e-001 5.196493e-001 1.057863e+000
      vertex 3.528306e-001 5.167264e-001 8.907084e-001
    endloop 
  endfacet
  facet normal -4.924976E-002 9.985907E-001 -1.977271E-002
    outer loop 
      vertex 4.745567e-001 5.241022e-001 9.600159e-001
      vertex 3.528306e-001 5.167264e-001 8.907084e-001
      vertex 3.449877e-001 5.196493e-001 1.057863e+000
    endloop 
  endfacet
  facet normal -5.477072E-002 9.984147E-001 -1.297147E-002
    outer loop 
      vertex 3.449877e-001 5.196493e-001 1.057863e+000
      vertex 2.194154e-001 5.114791e-001 9.592191e-001
      vertex 2.098729e-001 5.129984e-001 1.116449e+000
    endloop 
  endfacet
  facet normal -5.448810E-002 9.981566E-001 -2.672908E-002
    outer loop 
      vertex 3.449877e-001 5.196493e-001 1.057863e+000
      vertex 4.700741e-001 5.281418e-001 1.120008e+000
      vertex 4.745567e-001 5.241022e-001 9.600159e-001
    endloop 
  endfacet
  facet normal 9.179847E-002 -9.956788E-001 -1.402682E-002
    outer loop 
      vertex -3.451231e-001 -5.340049e-001 1.759996e+000
      vertex -2.137881e-001 -5.206751e-001 1.673320e+000
      vertex -2.194921e-001 -5.234644e-001 1.833983e+000
    endloop 
  endfacet
  facet normal 9.146526E-002 -9.957093E-001 -1.403918E-002
    outer loop 
      vertex -9.816800e-002 -5.110740e-001 1.745639e+000
      vertex -2.194921e-001 -5.234644e-001 1.833983e+000
      vertex -2.137881e-001 -5.206751e-001 1.673320e+000
    endloop 
  endfacet
  facet normal 0.000000E+000 0.000000E+000 1.000000E+000
    outer loop 
      vertex -4.429528e-001 2.927535e-001 4.000000e+000
      vertex -2.940367e-001 3.285176e-001 4.000000e+000
      vertex -4.308094e-001 4.193005e-001 4.000000e+000
    endloop 
  endfacet
  facet normal 0.000000E+000 0.000000E+000 1.000000E+000
    outer loop 
      vertex -2.940367e-001 3.285176e-001 4.000000e+000
      vertex -4.429528e-001 2.927535e-001 4.000000e+000
      vertex -3.246020e-001 2.000811e-001 4.000000e+000
    endloop 
  endfacet
  facet normal 0.000000E+000 0.000000E+000 1.000000E+000
    outer loop 
      vertex -2.940367e-001 3.285176e-001 4.000000e+000
      vertex -1.434011e-001 3.519147e-001 4.000000e+000
      vertex -2.669391e-001 4.542817e-001 4.000000e+000
    endloop 
  endfacet
  facet normal 0.000000E+000 0.000000E+000 1.000000E+000
    outer loop 
      vertex -2.940367e-001 3.285176e-001 4.000000e+000
      vertex -2.669391e-001 4.542817e-001 4.000000e+000
      vertex -4.308094e-001 4.193005e-001 4.000000e+000
    endloop 
  endfacet
  facet normal 0.000000E+000 0.000000E+000 1.000000E+000
    outer loop 
      vertex -5.945522e-002 -5.239606e-001 4.000000e+000
      vertex -6.426155e-002 -3.751689e-001 4.000000e+000
      vertex -2.001480e-001 -4.384597e-001 4.000000e+000
    endloop 
  endfacet
  facet normal 0.000000E+000 0.000000E+000 1.000000E+000
    outer loop 
      vertex -6.426155e-002 -3.751689e-001 4.000000e+000
      vertex -2.595823e-001 -3.181396e-001 4.000000e+000
      vertex -2.001480e-001 -4.384597e-001 4.000000e+000
    endloop 
  endfacet
  facet normal 0.000000E+000 0.000000E+000 1.000000E+000
    outer loop 
      vertex -2.001480e-001 -4.384597e-001 4.000000e+000
      vertex -4.194401e-001 -4.307096e-001 4.000000e+000
      vertex -2.214216e-001 -5.585884e-001 4.000000e+000
    endloop 
  endfacet
  facet normal 0.000000E+000 0.000000E+000 1.000000E+000
    outer loop 
      vertex -2.001480e-001 -4.384597e-001 4.000000e+000
      vertex -2.595823e-001 -3.181396e-001 4.000000e+000
      vertex -4.194401e-001 -4.307096e-001 4.000000e+000
    endloop 
  endfacet
  facet normal 0.000000E+000 0.000000E+000 1.000000E+000
    outer loop 
      vertex -5.945522e-002 -5.239606e-001 4.000000e+000
      vertex -2.001480e-001 -4.384597e-001 4.000000e+000
      vertex -2.214216e-001 -5.585884e-001 4.000000e+000
    endloop 
  endfacet
  facet normal 0.000000E+000 0.000000E+000 -1.000000E+000
    outer loop 
      vertex -6.641074e-002 -3.674450e-001 0.000000e+000
      vertex -1.666667e-001 -5.000000e-001 0.000000e+000
      vertex -2.201840e-001 -3.768720e-001 0.000000e+000
    endloop 
  endfacet
  facet normal 0.000000E+000 0.000000E+000 -1.000000E+000
    outer loop 
      vertex -2.201840e-001 -3.768720e-001 0.000000e+000
      vertex -1.666667e-001 -5.000000e-001 0.000000e+000
      vertex -3.333333e-001 -5.000000e-001 0.000000e+000
    endloop 
  endfacet
  facet normal -9.999772E-001 -6.741757E-003 -1.961132E-004
    outer loop 
      vertex -5.001102e-001 7.407133e-003 2.773584e-001
      vertex -5.004717e-001 6.510595e-002 1.371461e-001
      vertex -4.990376e-001 -1.477156e-001 1.409004e-001
    endloop 
  endfacet
  facet normal -9.998809E-001 -1.349841E-002 7.485471E-003
    outer loop 
      vertex -4.990376e-001 -1.477156e-001 1.409004e-001
      vertex -4.978005e-001 -1.535192e-001 2.956893e-001
      vertex -5.001102e-001 7.407133e-003 2.773584e-001
    endloop 
  endfacet
  facet normal -9.998714E-001 -1.336993E-002 -8.862740E-003
    outer loop 
      vertex -5.032530e-001 1.544118e-001 4.101602e-001
      vertex -5.023230e-001 1.931799e-001 2.467549e-001
      vertex -5.001102e-001 7.407133e-003 2.773584e-001
    endloop 
  endfacet
  facet normal -9.999210E-001 -1.232106E-002 -2.492198E-003
    outer loop 
      vertex -5.023230e-001 1.931799e-001 2.467549e-001
      vertex -5.004717e-001 6.510595e-002 1.371461e-001
      vertex -5.001102e-001 7.407133e-003 2.773584e-001
    endloop 
  endfacet
  facet normal -9.997922E-001 -2.035277E-002 -1.131224E-003
    outer loop 
      vertex -5.032530e-001 1.544118e-001 4.101602e-001
      vertex -5.001102e-001 7.407133e-003 2.773584e-001
      vertex -4.990486e-001 -5.199397e-002 4.078448e-001
    endloop 
  endfacet
  facet normal -9.998983E-001 -1.415890E-002 1.689269E-003
    outer loop 
      vertex -5.001102e-001 7.407133e-003 2.773584e-001
      vertex -4.978005e-001 -1.535192e-001 2.956893e-001
      vertex -4.990486e-001 -5.199397e-002 4.078448e-001
    endloop 
  endfacet
  facet normal 0.000000E+000 0.000000E+000 -1.000000E+000
    outer loop 
      vertex 2.542583e-001 3.949247e-001 0.000000e+000
      vertex 1.274870e-001 3.588903e-001 0.000000e+000
      vertex 1.666667e-001 5.000000e-001 0.000000e+000
    endloop 
  endfacet
  facet normal 0.000000E+000 0.000000E+000 -1.000000E+000
    outer loop 
      vertex 2.514211e-001 2.763562e-001 0.000000e+000
      vertex 1.274870e-001 3.588903e-001 0.000000e+000
      vertex 2.542583e-001 3.949247e-001 0.000000e+000
    endloop 
  endfacet
  facet normal 0.000000E+000 0.000000E+000 -1.000000E+000
    outer loop 
      vertex 1.666667e-001 5.000000e-001 0.000000e+000
      vertex 3.333333e-001 5.000000e-001 0.000000e+000
      vertex 2.542583e-001 3.949247e-001 0.000000e+000
    endloop 
  endfacet
  facet normal 0.000000E+000 0.000000E+000 -1.000000E+000
    outer loop 
      vertex -3.758429e-001 2.112186e-001 0.000000e+000
      vertex -5.000000e-001 3.333333e-001 0.000000e+000
      vertex -3.725906e-001 3.661245e-001 0.000000e+000
    endloop 
  endfacet
  facet normal 0.000000E+000 0.000000E+000 -1.000000E+000
    outer loop 
      vertex -3.725906e-001 3.661245e-001 0.000000e+000
      vertex -2.457781e-001 2.525930e-001 0.000000e+000
      vertex -3.758429e-001 2.112186e-001 0.000000e+000
    endloop 
  endfacet
  facet normal 0.000000E+000 0.000000E+000 -1.000000E+000
    outer loop 
      vertex -3.333333e-001 5.000000e-001 0.000000e+000
      vertex -2.453599e-001 3.902999e-001 0.000000e+000
      vertex -3.725906e-001 3.661245e-001 0.000000e+000
    endloop 
  endfacet
  facet normal 0.000000E+000 0.000000E+000 -1.000000E+000
    outer loop 
      vertex -3.725906e-001 3.661245e-001 0.000000e+000
      vertex -2.453599e-001 3.902999e-001 0.000000e+000
      vertex -2.457781e-001 2.525930e-001 0.000000e+000
    endloop 
  endfacet
  facet normal 0.000000E+000 0.000000E+000 -1.000000E+000
    outer loop 
      vertex -3.725906e-001 3.661245e-001 0.000000e+000
      vertex -5.000000e-001 5.000000e-001 0.000000e+000
      vertex -3.333333e-001 5.000000e-001 0.000000e+000
    endloop 
  endfacet
  facet normal 0.000000E+000 0.000000E+000 -1.000000E+000
    outer loop 
      vertex -3.725906e-001 3.661245e-001 0.000000e+000
      vertex -5.000000e-001 3.333333e-001 0.000000e+000
      vertex -5.000000e-001 5.000000e-001 0.000000e+000
    endloop 
  endfacet
  facet normal 0.000000E+000 0.000000E+000 -1.000000E+000
    outer loop 
      vertex -3.758429e-001 2.112186e-001 0.000000e+000
      vertex -3.766828e-001 6.072977e-002 0.000000e+000
      vertex -5.000000e-001 1.666667e-001 0.000000e+000
    endloop 
  endfacet
  facet normal 0.000000E+000 0.000000E+000 -1.000000E+000
    outer loop 
      vertex -5.000000e-001 1.666667e-001 0.000000e+000
      vertex -5.000000e-001 3.333333e-001 0.000000e+000
      vertex -3.758429e-001 2.112186e-001 0.000000e+000
    endloop 
  endfacet
  facet normal 0.000000E+000 0.000000E+000 -1.000000E+000
    outer loop 
      vertex 3.782346e-001 -2.876811e-001 0.000000e+000
      vertex 3.952537e-001 -4.042868e-001 0.000000e+000
      vertex 2.567876e-001 -3.806878e-001 0.000000e+000
    endloop 
  endfacet
  facet normal 0.000000E+000 0.000000E+000 -1.000000E+000
    outer loop 
      vertex 5.000000e-001 -3.333333e-001 0.000000e+000
      vertex 3.952537e-001 -4.042868e-001 0.000000e+000
      vertex 3.782346e-001 -2.876811e-001 0.000000e+000
    endloop 
  endfacet
  facet normal 0.000000E+000 0.000000E+000 -1.000000E+000
    outer loop 
      vertex 2.407040e-001 -2.523085e-001 0.000000e+000
      vertex 3.782346e-001 -2.876811e-001 0.000000e+000
      vertex 2.567876e-001 -3.806878e-001 0.000000e+000
    endloop 
  endfacet
  facet normal 0.000000E+000 0.000000E+000 -1.000000E+000
    outer loop 
      vertex 5.000000e-001 -3.333333e-001 0.000000e+000
      vertex 3.782346e-001 -2.876811e-001 0.000000e+000
      vertex 5.000000e-001 -1.666667e-001 0.000000e+000
    endloop 
  endfacet
  facet normal 0.000000E+000 0.000000E+000 -1.000000E+000
    outer loop 
      vertex -5.000000e-001 -1.666667e-001 0.000000e+000
      vertex -3.789835e-001 -8.326499e-002 0.000000e+000
      vertex -3.818465e-001 -2.199804e-001 0.000000e+000
    endloop 
  endfacet
  facet normal 0.000000E+000 0.000000E+000 -1.000000E+000
    outer loop 
      vertex -5.000000e-001 -3.333333e-001 0.000000e+000
      vertex -5.000000e-001 -1.666667e-001 0.000000e+000
      vertex -3.818465e-001 -2.199804e-001 0.000000e+000
    endloop 
  endfacet
  facet normal 0.000000E+000 0.000000E+000 1.000000E+000
    outer loop 
      vertex 3.078475e-001 3.385073e-001 4.000000e+000
      vertex 3.422549e-001 1.775305e-001 4.000000e+000
      vertex 4.542501e-001 2.667092e-001 4.000000e+000
    endloop 
  endfacet
  facet normal 0.000000E+000 0.000000E+000 1.000000E+000
    outer loop 
      vertex 3.078475e-001 3.385073e-001 4.000000e+000
      vertex 1.840341e-001 2.546759e-001 4.000000e+000
      vertex 3.422549e-001 1.775305e-001 4.000000e+000
    endloop 
  endfacet
  facet normal 0.000000E+000 0.000000E+000 1.000000E+000
    outer loop 
      vertex 3.078475e-001 3.385073e-001 4.000000e+000
      vertex 1.706610e-001 4.151497e-001 4.000000e+000
      vertex 1.840341e-001 2.546759e-001 4.000000e+000
    endloop 
  endfacet
  facet normal 0.000000E+000 0.000000E+000 1.000000E+000
    outer loop 
      vertex 4.189428e-001 4.306788e-001 4.000000e+000
      vertex 3.078475e-001 3.385073e-001 4.000000e+000
      vertex 4.542501e-001 2.667092e-001 4.000000e+000
    endloop 
  endfacet
  facet normal 0.000000E+000 0.000000E+000 -1.000000E+000
    outer loop 
      vertex 2.567876e-001 -3.806878e-001 0.000000e+000
      vertex 3.952537e-001 -4.042868e-001 0.000000e+000
      vertex 3.333333e-001 -5.000000e-001 0.000000e+000
    endloop 
  endfacet
  facet normal 0.000000E+000 0.000000E+000 -1.000000E+000
    outer loop 
      vertex 3.333333e-001 -5.000000e-001 0.000000e+000
      vertex 3.952537e-001 -4.042868e-001 0.000000e+000
      vertex 5.000000e-001 -5.000000e-001 0.000000e+000
    endloop 
  endfacet
  facet normal 0.000000E+000 0.000000E+000 -1.000000E+000
    outer loop 
      vertex 5.000000e-001 -5.000000e-001 0.000000e+000
      vertex 3.952537e-001 -4.042868e-001 0.000000e+000
      vertex 5.000000e-001 -3.333333e-001 0.000000e+000
    endloop 
  endfacet
  facet normal 0.000000E+000 0.000000E+000 1.000000E+000
    outer loop 
      vertex 2.666182e-001 -4.544252e-001 4.000000e+000
      vertex 4.031878e-001 -3.111865e-001 4.000000e+000
      vertex 2.125349e-001 -2.841353e-001 4.000000e+000
    endloop 
  endfacet
  facet normal 0.000000E+000 0.000000E+000 1.000000E+000
    outer loop 
      vertex 4.031878e-001 -3.111865e-001 4.000000e+000
      vertex 3.724706e-001 -1.682360e-001 4.000000e+000
      vertex 2.125349e-001 -2.841353e-001 4.000000e+000
    endloop 
  endfacet
  facet normal 0.000000E+000 0.000000E+000 1.000000E+000
    outer loop 
      vertex 2.666182e-001 -4.544252e-001 4.000000e+000
      vertex 4.306035e-001 -4.194626e-001 4.000000e+000
      vertex 4.031878e-001 -3.111865e-001 4.000000e+000
    endloop 
  endfacet
  facet normal 0.000000E+000 0.000000E+000 1.000000E+000
    outer loop 
      vertex 4.306035e-001 -4.194626e-001 4.000000e+000
      vertex 5.942082e-001 -3.829637e-001 4.000000e+000
      vertex 4.031878e-001 -3.111865e-001 4.000000e+000
    endloop 
  endfacet
  facet normal 0.000000E+000 0.000000E+000 1.000000E+000
    outer loop 
      vertex 5.585691e-001 -2.214431e-001 4.000000e+000
      vertex 3.724706e-001 -1.682360e-001 4.000000e+000
      vertex 4.031878e-001 -3.111865e-001 4.000000e+000
    endloop 
  endfacet
  facet normal 0.000000E+000 0.000000E+000 1.000000E+000
    outer loop 
      vertex 5.942082e-001 -3.829637e-001 4.000000e+000
      vertex 5.585691e-001 -2.214431e-001 4.000000e+000
      vertex 4.031878e-001 -3.111865e-001 4.000000e+000
    endloop 
  endfacet
  facet normal 0.000000E+000 0.000000E+000 -1.000000E+000
    outer loop 
      vertex 5.000000e-001 1.666667e-001 0.000000e+000
      vertex 3.779213e-001 8.281100e-002 0.000000e+000
      vertex 3.775123e-001 2.188884e-001 0.000000e+000
    endloop 
  endfacet
  facet normal 0.000000E+000 0.000000E+000 -1.000000E+000
    outer loop 
      vertex 5.000000e-001 3.333333e-001 0.000000e+000
      vertex 5.000000e-001 1.666667e-001 0.000000e+000
      vertex 3.775123e-001 2.188884e-001 0.000000e+000
    endloop 
  endfacet
  facet normal -9.972242E-001 -7.417998E-002 6.419193E-003
    outer loop 
      vertex -4.892793e-001 -1.526981e-001 1.552578e+000
      vertex -4.949655e-001 -8.632795e-002 1.436187e+000
      vertex -4.842192e-001 -2.328947e-001 1.411918e+000
    endloop 
  endfacet
  facet normal -9.967466E-001 -8.000606E-002 9.758079E-003
    outer loop 
      vertex -4.892793e-001 -1.526981e-001 1.552578e+000
      vertex -4.842192e-001 -2.328947e-001 1.411918e+000
      vertex -4.785602e-001 -2.898004e-001 1.523389e+000
    endloop 
  endfacet
  facet normal 4.121106E-002 -9.990976E-001 1.028052E-002
    outer loop 
      vertex 2.635494e-001 -4.891846e-001 8.309999e-001
      vertex 1.028407e-001 -4.962145e-001 7.920327e-001
      vertex 2.001760e-001 -4.935018e-001 6.654844e-001
    endloop 
  endfacet
  facet normal 3.251196E-002 -9.994649E-001 3.581685E-003
    outer loop 
      vertex 1.205165e-002 -4.998590e-001 5.991499e-001
      vertex 2.001760e-001 -4.935018e-001 6.654844e-001
      vertex 1.028407e-001 -4.962145e-001 7.920327e-001
    endloop 
  endfacet
  facet normal 3.478724E-002 -9.992795E-001 1.518044E-002
    outer loop 
      vertex 3.710724e-001 -4.869860e-001 7.027733e-001
      vertex 2.001760e-001 -4.935018e-001 6.654844e-001
      vertex 2.906441e-001 -4.922987e-001 5.373607e-001
    endloop 
  endfacet
  facet normal 3.536770E-002 -9.992959E-001 1.252303E-002
    outer loop 
      vertex 3.710724e-001 -4.869860e-001 7.027733e-001
      vertex 2.635494e-001 -4.891846e-001 8.309999e-001
      vertex 2.001760e-001 -4.935018e-001 6.654844e-001
    endloop 
  endfacet
  facet normal 2.672215E-002 -9.995979E-001 9.482688E-003
    outer loop 
      vertex 2.001760e-001 -4.935018e-001 6.654844e-001
      vertex 1.487143e-001 -4.961720e-001 5.290265e-001
      vertex 2.906441e-001 -4.922987e-001 5.373607e-001
    endloop 
  endfacet
  facet normal 3.100186E-002 -9.994884E-001 7.866559E-003
    outer loop 
      vertex 1.487143e-001 -4.961720e-001 5.290265e-001
      vertex 2.001760e-001 -4.935018e-001 6.654844e-001
      vertex 1.205165e-002 -4.998590e-001 5.991499e-001
    endloop 
  endfacet
  facet normal -9.978029E-001 -6.574894E-002 8.147667E-003
    outer loop 
      vertex -4.890065e-001 -1.980931e-001 1.157806e+000
      vertex -4.787774e-001 -3.408941e-001 1.258164e+000
      vertex -4.914584e-001 -1.437679e-001 1.295932e+000
    endloop 
  endfacet
  facet normal -9.980821E-001 -5.950657E-002 1.705854E-002
    outer loop 
      vertex -4.890065e-001 -1.980931e-001 1.157806e+000
      vertex -4.801363e-001 -3.654772e-001 1.092897e+000
      vertex -4.787774e-001 -3.408941e-001 1.258164e+000
    endloop 
  endfacet
  facet normal -9.985179E-001 -5.366674E-002 9.048491E-003
    outer loop 
      vertex -4.950070e-001 -1.062011e-001 1.040653e+000
      vertex -4.883619e-001 -2.302413e-001 1.038273e+000
      vertex -4.890065e-001 -1.980931e-001 1.157806e+000
    endloop 
  endfacet
  facet normal -9.983405E-001 -5.673439E-002 9.874489E-003
    outer loop 
      vertex -4.883619e-001 -2.302413e-001 1.038273e+000
      vertex -4.801363e-001 -3.654772e-001 1.092897e+000
      vertex -4.890065e-001 -1.980931e-001 1.157806e+000
    endloop 
  endfacet
  facet normal -9.981633E-001 -6.046828E-002 3.695356E-003
    outer loop 
      vertex -4.991237e-001 -2.981928e-002 1.178552e+000
      vertex -4.950070e-001 -1.062011e-001 1.040653e+000
      vertex -4.890065e-001 -1.980931e-001 1.157806e+000
    endloop 
  endfacet
  facet normal -9.981324E-001 -6.077335E-002 6.184903E-003
    outer loop 
      vertex -4.991237e-001 -2.981928e-002 1.178552e+000
      vertex -4.890065e-001 -1.980931e-001 1.157806e+000
      vertex -4.914584e-001 -1.437679e-001 1.295932e+000
    endloop 
  endfacet
  facet normal -6.463117E-002 9.978809E-001 7.513983E-003
    outer loop 
      vertex -1.571724e-001 4.900898e-001 1.356137e+000
      vertex -1.919588e-001 4.893195e-001 1.159230e+000
      vertex -3.463267e-001 4.787513e-001 1.234925e+000
    endloop 
  endfacet
  facet normal -5.981511E-002 9.980585E-001 1.736042E-002
    outer loop 
      vertex -1.919588e-001 4.893195e-001 1.159230e+000
      vertex -3.632903e-001 4.806553e-001 1.067018e+000
      vertex -3.463267e-001 4.787513e-001 1.234925e+000
    endloop 
  endfacet
  facet normal -5.505074E-002 9.984407E-001 9.252902E-003
    outer loop 
      vertex -2.159244e-001 4.895045e-001 9.966848e-001
      vertex -1.919588e-001 4.893195e-001 1.159230e+000
      vertex -5.867202e-002 4.974768e-001 1.072002e+000
    endloop 
  endfacet
  facet normal -5.550566E-002 9.984149E-001 9.319946E-003
    outer loop 
      vertex -3.632903e-001 4.806553e-001 1.067018e+000
      vertex -1.919588e-001 4.893195e-001 1.159230e+000
      vertex -2.159244e-001 4.895045e-001 9.966848e-001
    endloop 
  endfacet
  facet normal -6.061734E-002 9.981608E-001 7.208618E-004
    outer loop 
      vertex -1.902393e-002 4.997655e-001 1.237028e+000
      vertex -5.867202e-002 4.974768e-001 1.072002e+000
      vertex -1.919588e-001 4.893195e-001 1.159230e+000
    endloop 
  endfacet
  facet normal -6.357670E-002 9.979501E-001 7.327426E-003
    outer loop 
      vertex -1.571724e-001 4.900898e-001 1.356137e+000
      vertex -1.902393e-002 4.997655e-001 1.237028e+000
      vertex -1.919588e-001 4.893195e-001 1.159230e+000
    endloop 
  endfacet
  facet normal 6.760904E-002 -9.976910E-001 6.456305E-003
    outer loop 
      vertex 2.587101e-001 -4.837338e-001 1.290289e+000
      vertex 1.100128e-001 -4.936025e-001 1.322406e+000
      vertex 1.603819e-001 -4.912026e-001 1.165802e+000
    endloop 
  endfacet
  facet normal 6.196333E-002 -9.980676E-001 4.634683E-003
    outer loop 
      vertex 3.198012e-002 -4.989965e-001 1.204082e+000
      vertex 1.603819e-001 -4.912026e-001 1.165802e+000
      vertex 1.100128e-001 -4.936025e-001 1.322406e+000
    endloop 
  endfacet
  facet normal 5.488277E-002 -9.984659E-001 7.336602E-003
    outer loop 
      vertex 3.492555e-002 -4.988295e-001 1.066336e+000
      vertex 1.771015e-001 -4.916604e-001 9.784252e-001
      vertex 1.603819e-001 -4.912026e-001 1.165802e+000
    endloop 
  endfacet
  facet normal 5.830000E-002 -9.982699E-001 7.641041E-003
    outer loop 
      vertex 2.910873e-001 -4.839135e-001 1.120835e+000
      vertex 1.603819e-001 -4.912026e-001 1.165802e+000
      vertex 1.771015e-001 -4.916604e-001 9.784252e-001
    endloop 
  endfacet
  facet normal 6.061286E-002 -9.981613E-001 8.585580E-005
    outer loop 
      vertex 3.492555e-002 -4.988295e-001 1.066336e+000
      vertex 1.603819e-001 -4.912026e-001 1.165802e+000
      vertex 3.198012e-002 -4.989965e-001 1.204082e+000
    endloop 
  endfacet
  facet normal 5.996911E-002 -9.981218E-001 1.251667E-002
    outer loop 
      vertex 2.910873e-001 -4.839135e-001 1.120835e+000
      vertex 2.587101e-001 -4.837338e-001 1.290289e+000
      vertex 1.603819e-001 -4.912026e-001 1.165802e+000
    endloop 
  endfacet
  facet normal -9.992591E-001 -3.801927E-002 -5.999271E-003
    outer loop 
      vertex -5.042373e-001 8.265536e-002 8.697860e-001
      vertex -5.059077e-001 1.503114e-001 7.192591e-001
      vertex -5.009634e-001 1.458866e-002 7.558335e-001
    endloop 
  endfacet
  facet normal -9.992811E-001 -3.763433E-002 -4.567809E-003
    outer loop 
      vertex -5.027551e-001 7.684245e-002 6.348889e-001
      vertex -5.009634e-001 1.458866e-002 7.558335e-001
      vertex -5.059077e-001 1.503114e-001 7.192591e-001
    endloop 
  endfacet
  facet normal -9.990171E-001 -4.351028E-002 -8.469954E-003
    outer loop 
      vertex -5.042373e-001 8.265536e-002 8.697860e-001
      vertex -5.095034e-001 2.116437e-001 8.282951e-001
      vertex -5.059077e-001 1.503114e-001 7.192591e-001
    endloop 
  endfacet
  facet normal -9.994500E-001 -3.169890E-002 -9.742649E-003
    outer loop 
      vertex -5.027551e-001 7.684245e-002 6.348889e-001
      vertex -5.059077e-001 1.503114e-001 7.192591e-001
      vertex -5.057446e-001 1.886679e-001 5.777321e-001
    endloop 
  endfacet
  facet normal -9.992892E-001 -3.607784E-002 -1.092924E-002
    outer loop 
      vertex -5.116560e-001 3.146537e-001 7.023440e-001
      vertex -5.057446e-001 1.886679e-001 5.777321e-001
      vertex -5.059077e-001 1.503114e-001 7.192591e-001
    endloop 
  endfacet
  facet normal -9.992639E-001 -3.624528E-002 -1.256463E-002
    outer loop 
      vertex -5.059077e-001 1.503114e-001 7.192591e-001
      vertex -5.095034e-001 2.116437e-001 8.282951e-001
      vertex -5.116560e-001 3.146537e-001 7.023440e-001
    endloop 
  endfacet
  facet normal -9.938954E-001 -1.085814E-001 1.954819E-002
    outer loop 
      vertex -4.427194e-001 -5.514073e-001 2.079966e+000
      vertex -4.531713e-001 -4.303441e-001 2.221009e+000
      vertex -4.580222e-001 -4.186778e-001 2.039173e+000
    endloop 
  endfacet
  facet normal -9.934628E-001 -1.125157E-001 1.928423E-002
    outer loop 
      vertex -4.531713e-001 -4.303441e-001 2.221009e+000
      vertex -4.728628e-001 -2.691279e-001 2.147194e+000
      vertex -4.580222e-001 -4.186778e-001 2.039173e+000
    endloop 
  endfacet
  facet normal -9.947047E-001 -1.008470E-001 1.981189E-002
    outer loop 
      vertex -4.473192e-001 -5.476587e-001 1.920000e+000
      vertex -4.580222e-001 -4.186778e-001 2.039173e+000
      vertex -4.617372e-001 -4.162438e-001 1.865040e+000
    endloop 
  endfacet
  facet normal -9.945333E-001 -1.025285E-001 1.978473E-002
    outer loop 
      vertex -4.580222e-001 -4.186778e-001 2.039173e+000
      vertex -4.739063e-001 -2.801653e-001 1.958517e+000
      vertex -4.617372e-001 -4.162438e-001 1.865040e+000
    endloop 
  endfacet
  facet normal -9.939619E-001 -1.065804E-001 2.608387E-002
    outer loop 
      vertex -4.473192e-001 -5.476587e-001 1.920000e+000
      vertex -4.427194e-001 -5.514073e-001 2.079966e+000
      vertex -4.580222e-001 -4.186778e-001 2.039173e+000
    endloop 
  endfacet
  facet normal -9.941726E-001 -1.071561E-001 1.176657E-002
    outer loop 
      vertex -4.728628e-001 -2.691279e-001 2.147194e+000
      vertex -4.739063e-001 -2.801653e-001 1.958517e+000
      vertex -4.580222e-001 -4.186778e-001 2.039173e+000
    endloop 
  endfacet
  facet normal -7.089043E-003 9.998379E-001 1.654799E-002
    outer loop 
      vertex -3.335653e-001 4.985011e-001 1.037399e-001
      vertex -3.420495e-001 4.959882e-001 2.519308e-001
      vertex -1.463221e-001 4.988175e-001 1.648359e-001
    endloop 
  endfacet
  facet normal -3.508401E-003 9.998535E-001 1.675325E-002
    outer loop 
      vertex -3.335653e-001 4.985011e-001 1.037399e-001
      vertex -5.030224e-001 4.969611e-001 1.601604e-001
      vertex -3.420495e-001 4.959882e-001 2.519308e-001
    endloop 
  endfacet
  facet normal -1.479778E-002 9.997136E-001 1.880957E-002
    outer loop 
      vertex -3.626716e-001 4.926147e-001 4.150077e-001
      vertex -3.420495e-001 4.959882e-001 2.519308e-001
      vertex -5.075808e-001 4.922562e-001 3.200589e-001
    endloop 
  endfacet
  facet normal -1.713578E-002 9.996817E-001 1.851326E-002
    outer loop 
      vertex -3.420495e-001 4.959882e-001 2.519308e-001
      vertex -3.626716e-001 4.926147e-001 4.150077e-001
      vertex -1.965346e-001 4.966544e-001 3.506466e-001
    endloop 
  endfacet
  facet normal -1.054157E-002 9.999058E-001 8.791366E-003
    outer loop 
      vertex -3.420495e-001 4.959882e-001 2.519308e-001
      vertex -1.965346e-001 4.966544e-001 3.506466e-001
      vertex -1.463221e-001 4.988175e-001 1.648359e-001
    endloop 
  endfacet
  facet normal -1.055444E-002 9.995205E-001 2.910906E-002
    outer loop 
      vertex -3.420495e-001 4.959882e-001 2.519308e-001
      vertex -5.030224e-001 4.969611e-001 1.601604e-001
      vertex -5.075808e-001 4.922562e-001 3.200589e-001
    endloop 
  endfacet
  facet normal 6.484154E-003 -9.998685E-001 1.486607E-002
    outer loop 
      vertex 3.299439e-001 -4.983476e-001 1.082320e-001
      vertex 3.081698e-001 -4.961863e-001 2.630945e-001
      vertex 1.394963e-001 -4.989777e-001 1.489215e-001
    endloop 
  endfacet
  facet normal 4.046047E-003 -9.998863E-001 1.452352E-002
    outer loop 
      vertex 3.299439e-001 -4.983476e-001 1.082320e-001
      vertex 5.029789e-001 -4.968949e-001 1.600384e-001
      vertex 3.081698e-001 -4.961863e-001 2.630945e-001
    endloop 
  endfacet
  facet normal 1.993570E-002 -9.996676E-001 1.634895E-002
    outer loop 
      vertex 3.717460e-001 -4.924944e-001 4.113149e-001
      vertex 2.039497e-001 -4.959500e-001 4.046261e-001
      vertex 3.081698e-001 -4.961863e-001 2.630945e-001
    endloop 
  endfacet
  facet normal 1.306153E-002 -9.998510E-001 1.128730E-002
    outer loop 
      vertex 3.081698e-001 -4.961863e-001 2.630945e-001
      vertex 2.039497e-001 -4.959500e-001 4.046261e-001
      vertex 1.243578e-001 -4.982401e-001 2.938754e-001
    endloop 
  endfacet
  facet normal 1.426408E-002 -9.997219E-001 1.878303E-002
    outer loop 
      vertex 5.075617e-001 -4.922723e-001 3.199983e-001
      vertex 3.717460e-001 -4.924944e-001 4.113149e-001
      vertex 3.081698e-001 -4.961863e-001 2.630945e-001
    endloop 
  endfacet
  facet normal 1.223808E-002 -9.999049E-001 6.366395E-003
    outer loop 
      vertex 1.243578e-001 -4.982401e-001 2.938754e-001
      vertex 1.394963e-001 -4.989777e-001 1.489215e-001
      vertex 3.081698e-001 -4.961863e-001 2.630945e-001
    endloop 
  endfacet
  facet normal 1.147100E-002 -9.995263E-001 2.855658E-002
    outer loop 
      vertex 5.075617e-001 -4.922723e-001 3.199983e-001
      vertex 3.081698e-001 -4.961863e-001 2.630945e-001
      vertex 5.029789e-001 -4.968949e-001 1.600384e-001
    endloop 
  endfacet
  facet normal -2.040465E-001 9.787263E-001 -2.144510E-002
    outer loop 
      vertex 3.885183e-001 5.906221e-001 3.839929e+000
      vertex 2.811556e-001 5.660203e-001 3.738670e+000
      vertex 2.136817e-001 5.549628e-001 3.876026e+000
    endloop 
  endfacet
  facet normal -1.954050E-001 9.805744E-001 -1.705129E-002
    outer loop 
      vertex 2.811556e-001 5.660203e-001 3.738670e+000
      vertex 1.206959e-001 5.335946e-001 3.712798e+000
      vertex 2.136817e-001 5.549628e-001 3.876026e+000
    endloop 
  endfacet
  facet normal -1.921076E-001 9.811735E-001 -1.983483E-002
    outer loop 
      vertex 2.811556e-001 5.660203e-001 3.738670e+000
      vertex 3.940407e-001 5.869361e-001 3.679985e+000
      vertex 2.417389e-001 5.550104e-001 3.575810e+000
    endloop 
  endfacet
  facet normal -1.950839E-001 9.806011E-001 -1.907578E-002
    outer loop 
      vertex 1.206959e-001 5.335946e-001 3.712798e+000
      vertex 2.811556e-001 5.660203e-001 3.738670e+000
      vertex 2.417389e-001 5.550104e-001 3.575810e+000
    endloop 
  endfacet
  facet normal -1.968517E-001 9.799930E-001 -2.938129E-002
    outer loop 
      vertex 3.885183e-001 5.906221e-001 3.839929e+000
      vertex 3.940407e-001 5.869361e-001 3.679985e+000
      vertex 2.811556e-001 5.660203e-001 3.738670e+000
    endloop 
  endfacet
  facet normal 1.902513E-001 -9.816319E-001 1.425649E-002
    outer loop 
      vertex 3.408377e-001 -4.439955e-001 3.581970e+000
      vertex 4.667251e-001 -4.188038e-001 3.636598e+000
      vertex 3.662476e-001 -4.370058e-001 3.724159e+000
    endloop 
  endfacet
  facet normal 1.870325E-001 -9.822863E-001 1.151436E-002
    outer loop 
      vertex 3.408377e-001 -4.439955e-001 3.581970e+000
      vertex 2.006143e-001 -4.708348e-001 3.570027e+000
      vertex 3.017251e-001 -4.535278e-001 3.404097e+000
    endloop 
  endfacet
  facet normal -9.842508E-001 -1.757388E-001 1.913798E-002
    outer loop 
      vertex -4.262206e-001 -4.473903e-001 3.457862e+000
      vertex -4.305188e-001 -4.409040e-001 3.296372e+000
      vertex -4.044208e-001 -5.801427e-001 3.359983e+000
    endloop 
  endfacet
  facet normal -9.840358E-001 -1.769442E-001 1.908385E-002
    outer loop 
      vertex -4.305188e-001 -4.409040e-001 3.296372e+000
      vertex -4.262206e-001 -4.473903e-001 3.457862e+000
      vertex -4.517670e-001 -3.135621e-001 3.381442e+000
    endloop 
  endfacet
  facet normal -9.834059E-001 -1.810408E-001 1.169919E-002
    outer loop 
      vertex -4.517670e-001 -3.135621e-001 3.381442e+000
      vertex -4.262206e-001 -4.473903e-001 3.457862e+000
      vertex -4.507145e-001 -3.075882e-001 3.562356e+000
    endloop 
  endfacet
  facet normal -9.830897E-001 -1.811604E-001 2.674990E-002
    outer loop 
      vertex -3.994311e-001 -5.835917e-001 3.520001e+000
      vertex -4.262206e-001 -4.473903e-001 3.457862e+000
      vertex -4.044208e-001 -5.801427e-001 3.359983e+000
    endloop 
  endfacet
  facet normal 1.535323E-001 -9.880836E-001 -1.089281E-002
    outer loop 
      vertex -1.243133e-001 -5.244759e-001 2.851762e+000
      vertex -1.313136e-001 -5.273054e-001 3.009756e+000
      vertex -2.698755e-001 -5.480648e-001 2.939829e+000
    endloop 
  endfacet
  facet normal 1.573656E-001 -9.873633E-001 -1.870245E-002
    outer loop 
      vertex -2.698755e-001 -5.480648e-001 2.939829e+000
      vertex -1.313136e-001 -5.273054e-001 3.009756e+000
      vertex -2.682398e-001 -5.509897e-001 3.108005e+000
    endloop 
  endfacet
  facet normal 1.492167E-001 -9.886375E-001 -1.817414E-002
    outer loop 
      vertex -2.745298e-001 -5.458941e-001 2.783535e+000
      vertex -1.243133e-001 -5.244759e-001 2.851762e+000
      vertex -2.698755e-001 -5.480648e-001 2.939829e+000
    endloop 
  endfacet
  facet normal 1.503526E-001 -9.884648E-001 -1.820557E-002
    outer loop 
      vertex -2.745298e-001 -5.458941e-001 2.783535e+000
      vertex -2.698755e-001 -5.480648e-001 2.939829e+000
      vertex -4.190534e-001 -5.696551e-001 2.880062e+000
    endloop 
  endfacet
  facet normal 1.589723E-001 -9.871057E-001 -1.871360E-002
    outer loop 
      vertex -2.698755e-001 -5.480648e-001 2.939829e+000
      vertex -2.682398e-001 -5.509897e-001 3.108005e+000
      vertex -4.141653e-001 -5.732024e-001 3.040041e+000
    endloop 
  endfacet
  facet normal 1.536140E-001 -9.877729E-001 -2.659604E-002
    outer loop 
      vertex -2.698755e-001 -5.480648e-001 2.939829e+000
      vertex -4.141653e-001 -5.732024e-001 3.040041e+000
      vertex -4.190534e-001 -5.696551e-001 2.880062e+000
    endloop 
  endfacet
  facet normal -2.339271E-002 9.995406E-001 1.927171E-002
    outer loop 
      vertex -5.117740e-001 4.878717e-001 4.800211e-001
      vertex -3.796459e-001 4.889963e-001 5.820754e-001
      vertex -3.626716e-001 4.926147e-001 4.150077e-001
    endloop 
  endfacet
  facet normal -3.468234E-002 9.992121E-001 1.929731E-002
    outer loop 
      vertex -3.777705e-001 4.859405e-001 7.436771e-001
      vertex -2.483410e-001 4.916849e-001 6.788518e-001
      vertex -3.796459e-001 4.889963e-001 5.820754e-001
    endloop 
  endfacet
  facet normal -3.287958E-002 9.992734E-001 1.927755E-002
    outer loop 
      vertex -5.160272e-001 4.833918e-001 6.399825e-001
      vertex -3.777705e-001 4.859405e-001 7.436771e-001
      vertex -3.796459e-001 4.889963e-001 5.820754e-001
    endloop 
  endfacet
  facet normal -2.951284E-002 9.991943E-001 2.719915E-002
    outer loop 
      vertex -5.160272e-001 4.833918e-001 6.399825e-001
      vertex -3.796459e-001 4.889963e-001 5.820754e-001
      vertex -5.117740e-001 4.878717e-001 4.800211e-001
    endloop 
  endfacet
  facet normal 2.333730E-002 -9.995134E-001 2.069698E-002
    outer loop 
      vertex 3.717460e-001 -4.924944e-001 4.113149e-001
      vertex 5.118250e-001 -4.878008e-001 4.800325e-001
      vertex 4.201600e-001 -4.885296e-001 5.481948e-001
    endloop 
  endfacet
  facet normal 2.747643E-002 -9.994374E-001 1.923078E-002
    outer loop 
      vertex 3.717460e-001 -4.924944e-001 4.113149e-001
      vertex 4.201600e-001 -4.885296e-001 5.481948e-001
      vertex 2.906441e-001 -4.922987e-001 5.373607e-001
    endloop 
  endfacet
  facet normal 3.388293E-002 -9.992107E-001 2.073802E-002
    outer loop 
      vertex 3.710724e-001 -4.869860e-001 7.027733e-001
      vertex 4.201600e-001 -4.885296e-001 5.481948e-001
      vertex 5.159969e-001 -4.833747e-001 6.399876e-001
    endloop 
  endfacet
  facet normal 2.751944E-002 -9.994460E-001 1.871959E-002
    outer loop 
      vertex 4.201600e-001 -4.885296e-001 5.481948e-001
      vertex 3.710724e-001 -4.869860e-001 7.027733e-001
      vertex 2.906441e-001 -4.922987e-001 5.373607e-001
    endloop 
  endfacet
  facet normal 2.796311E-002 -9.992464E-001 2.692066E-002
    outer loop 
      vertex 4.201600e-001 -4.885296e-001 5.481948e-001
      vertex 5.118250e-001 -4.878008e-001 4.800325e-001
      vertex 5.159969e-001 -4.833747e-001 6.399876e-001
    endloop 
  endfacet
  facet normal 9.991961E-001 4.007253E-002 -1.124381E-003
    outer loop 
      vertex 5.001538e-001 7.451221e-003 8.972842e-001
      vertex 5.045899e-001 -1.066533e-001 7.728729e-001
      vertex 4.970554e-001 8.164860e-002 7.882717e-001
    endloop 
  endfacet
  facet normal 9.988800E-001 4.675511E-002 -7.264614E-003
    outer loop 
      vertex 5.001538e-001 7.451221e-003 8.972842e-001
      vertex 5.070776e-001 -1.269917e-001 9.840344e-001
      vertex 5.045899e-001 -1.066533e-001 7.728729e-001
    endloop 
  endfacet
  facet normal 9.992036E-001 3.988676E-002 1.150928E-003
    outer loop 
      vertex 4.990983e-001 3.492742e-002 6.339208e-001
      vertex 4.970554e-001 8.164860e-002 7.882717e-001
      vertex 5.045899e-001 -1.066533e-001 7.728729e-001
    endloop 
  endfacet
  facet normal 9.990764E-001 3.974602E-002 -1.632823E-002
    outer loop 
      vertex 5.134792e-001 -2.867917e-001 8.782928e-001
      vertex 5.101713e-001 -2.879429e-001 6.730876e-001
      vertex 5.045899e-001 -1.066533e-001 7.728729e-001
    endloop 
  endfacet
  facet normal 9.989619E-001 4.494176E-002 -7.440236E-003
    outer loop 
      vertex 5.134792e-001 -2.867917e-001 8.782928e-001
      vertex 5.045899e-001 -1.066533e-001 7.728729e-001
      vertex 5.070776e-001 -1.269917e-001 9.840344e-001
    endloop 
  endfacet
  facet normal -1.718606E-001 9.851165E-001 -3.042163E-003
    outer loop 
      vertex -3.118282e-002 5.016536e-001 3.144524e+000
      vertex -1.189856e-001 4.867492e-001 3.278421e+000
      vertex 3.009637e-002 5.127857e-001 3.287500e+000
    endloop 
  endfacet
  facet normal -1.653001E-001 9.862254E-001 -5.940300E-003
    outer loop 
      vertex 1.307927e-001 5.289478e-001 3.168711e+000
      vertex -3.118282e-002 5.016536e-001 3.144524e+000
      vertex 3.009637e-002 5.127857e-001 3.287500e+000
    endloop 
  endfacet
  facet normal -1.718669E-001 9.851158E-001 -2.936682E-003
    outer loop 
      vertex -1.189856e-001 4.867492e-001 3.278421e+000
      vertex -2.954409e-002 5.027408e-001 3.408336e+000
      vertex 3.009637e-002 5.127857e-001 3.287500e+000
    endloop 
  endfacet
  facet normal -1.722482E-001 9.849902E-001 -1.116856E-002
    outer loop 
      vertex 1.581019e-001 5.353884e-001 3.306723e+000
      vertex 3.009637e-002 5.127857e-001 3.287500e+000
      vertex 1.207617e-001 5.302330e-001 3.427942e+000
    endloop 
  endfacet
  facet normal -1.721395E-001 9.850007E-001 -1.190465E-002
    outer loop 
      vertex 3.009637e-002 5.127857e-001 3.287500e+000
      vertex 1.581019e-001 5.353884e-001 3.306723e+000
      vertex 1.307927e-001 5.289478e-001 3.168711e+000
    endloop 
  endfacet
  facet normal -1.790856E-001 9.838113E-001 -6.608043E-003
    outer loop 
      vertex -2.954409e-002 5.027408e-001 3.408336e+000
      vertex 1.207617e-001 5.302330e-001 3.427942e+000
      vertex 3.009637e-002 5.127857e-001 3.287500e+000
    endloop 
  endfacet
  facet normal -9.986827E-001 -5.105745E-002 -5.098895E-003
    outer loop 
      vertex -5.028526e-001 3.966331e-002 1.029078e+000
      vertex -5.102863e-001 1.900130e-001 9.795353e-001
      vertex -5.042373e-001 8.265536e-002 8.697860e-001
    endloop 
  endfacet
  facet normal -9.989432E-001 -4.449305E-002 -1.153460E-002
    outer loop 
      vertex -5.095034e-001 2.116437e-001 8.282951e-001
      vertex -5.042373e-001 8.265536e-002 8.697860e-001
      vertex -5.102863e-001 1.900130e-001 9.795353e-001
    endloop 
  endfacet
  facet normal -9.985596E-001 -5.269653E-002 -1.009157E-002
    outer loop 
      vertex -5.028526e-001 3.966331e-002 1.029078e+000
      vertex -5.104617e-001 1.544442e-001 1.182633e+000
      vertex -5.102863e-001 1.900130e-001 9.795353e-001
    endloop 
  endfacet
  facet normal -9.983971E-001 -5.559612E-002 -1.059924E-002
    outer loop 
      vertex -5.104617e-001 1.544442e-001 1.182633e+000
      vertex -5.185776e-001 3.230068e-001 1.062945e+000
      vertex -5.102863e-001 1.900130e-001 9.795353e-001
    endloop 
  endfacet
  facet normal -9.985484E-001 -5.048931E-002 -1.875694E-002
    outer loop 
      vertex -5.185776e-001 3.230068e-001 1.062945e+000
      vertex -5.156626e-001 3.320925e-001 8.833033e-001
      vertex -5.102863e-001 1.900130e-001 9.795353e-001
    endloop 
  endfacet
  facet normal -9.988852E-001 -4.572989E-002 -1.171120E-002
    outer loop 
      vertex -5.156626e-001 3.320925e-001 8.833033e-001
      vertex -5.095034e-001 2.116437e-001 8.282951e-001
      vertex -5.102863e-001 1.900130e-001 9.795353e-001
    endloop 
  endfacet
  facet normal -9.992195E-001 -3.948705E-002 1.121283E-003
    outer loop 
      vertex -5.009634e-001 1.458866e-002 7.558335e-001
      vertex -4.951825e-001 -1.310763e-001 7.777217e-001
      vertex -4.983309e-001 -4.793956e-002 8.997929e-001
    endloop 
  endfacet
  facet normal -9.992213E-001 -3.942971E-002 1.503307E-003
    outer loop 
      vertex -4.988876e-001 -4.244957e-002 6.395591e-001
      vertex -4.951825e-001 -1.310763e-001 7.777217e-001
      vertex -5.009634e-001 1.458866e-002 7.558335e-001
    endloop 
  endfacet
  facet normal -9.989620E-001 -4.552635E-002 -1.506575E-003
    outer loop 
      vertex -5.042373e-001 8.265536e-002 8.697860e-001
      vertex -5.009634e-001 1.458866e-002 7.558335e-001
      vertex -4.983309e-001 -4.793956e-002 8.997929e-001
    endloop 
  endfacet
  facet normal -9.994706E-001 -3.247840E-002 -1.911095E-003
    outer loop 
      vertex -5.009634e-001 1.458866e-002 7.558335e-001
      vertex -5.027551e-001 7.684245e-002 6.348889e-001
      vertex -4.988876e-001 -4.244957e-002 6.395591e-001
    endloop 
  endfacet
  facet normal -9.856519E-001 -1.676700E-001 1.941790E-002
    outer loop 
      vertex -4.334181e-001 -4.406402e-001 3.151483e+000
      vertex -4.305188e-001 -4.409040e-001 3.296372e+000
      vertex -4.556693e-001 -3.034802e-001 3.206366e+000
    endloop 
  endfacet
  facet normal -9.856467E-001 -1.677008E-001 1.941774E-002
    outer loop 
      vertex -4.305188e-001 -4.409040e-001 3.296372e+000
      vertex -4.334181e-001 -4.406402e-001 3.151483e+000
      vertex -4.093148e-001 -5.766914e-001 3.199965e+000
    endloop 
  endfacet
  facet normal -9.849565E-001 -1.723835E-001 1.202691E-002
    outer loop 
      vertex -4.556693e-001 -3.034802e-001 3.206366e+000
      vertex -4.305188e-001 -4.409040e-001 3.296372e+000
      vertex -4.517670e-001 -3.135621e-001 3.381442e+000
    endloop 
  endfacet
  facet normal -9.846559E-001 -1.724995E-001 2.639461E-002
    outer loop 
      vertex -4.044208e-001 -5.801427e-001 3.359983e+000
      vertex -4.305188e-001 -4.409040e-001 3.296372e+000
      vertex -4.093148e-001 -5.766914e-001 3.199965e+000
    endloop 
  endfacet
  facet normal 3.994628E-002 -9.991995E-001 -2.163533E-003
    outer loop 
      vertex -6.886449e-002 -5.029644e-001 7.391278e-001
      vertex 1.028407e-001 -4.962145e-001 7.920327e-001
      vertex -5.994545e-003 -5.008153e-001 9.073880e-001
    endloop 
  endfacet
  facet normal 3.914005E-002 -9.992337E-001 4.575006E-004
    outer loop 
      vertex -6.886449e-002 -5.029644e-001 7.391278e-001
      vertex 1.205165e-002 -4.998590e-001 5.991499e-001
      vertex 1.028407e-001 -4.962145e-001 7.920327e-001
    endloop 
  endfacet
  facet normal 4.787435E-002 -9.988391E-001 5.330796E-003
    outer loop 
      vertex -5.994545e-003 -5.008153e-001 9.073880e-001
      vertex 1.028407e-001 -4.962145e-001 7.920327e-001
      vertex 1.771015e-001 -4.916604e-001 9.784252e-001
    endloop 
  endfacet
  facet normal 4.182523E-002 -9.990950E-001 7.747078E-003
    outer loop 
      vertex 2.635494e-001 -4.891846e-001 8.309999e-001
      vertex 1.771015e-001 -4.916604e-001 9.784252e-001
      vertex 1.028407e-001 -4.962145e-001 7.920327e-001
    endloop 
  endfacet
  facet normal -7.060621E-002 9.973613E-001 1.688675E-002
    outer loop 
      vertex -3.463267e-001 4.787513e-001 1.234925e+000
      vertex -3.686322e-001 4.744874e-001 1.393498e+000
      vertex -1.571724e-001 4.900898e-001 1.356137e+000
    endloop 
  endfacet
  facet normal -6.623600E-002 9.976503E-001 1.750925E-002
    outer loop 
      vertex -3.686322e-001 4.744874e-001 1.393498e+000
      vertex -3.463267e-001 4.787513e-001 1.234925e+000
      vertex -5.321295e-001 4.656239e-001 1.280032e+000
    endloop 
  endfacet
  facet normal -6.405500E-002 9.975951E-001 2.647691E-002
    outer loop 
      vertex -3.463267e-001 4.787513e-001 1.234925e+000
      vertex -5.281560e-001 4.701260e-001 1.120012e+000
      vertex -5.321295e-001 4.656239e-001 1.280032e+000
    endloop 
  endfacet
  facet normal -5.821895E-002 9.981557E-001 1.720027E-002
    outer loop 
      vertex -3.632903e-001 4.806553e-001 1.067018e+000
      vertex -5.281560e-001 4.701260e-001 1.120012e+000
      vertex -3.463267e-001 4.787513e-001 1.234925e+000
    endloop 
  endfacet
  facet normal -9.971783E-001 -7.330181E-002 1.619545E-002
    outer loop 
      vertex -4.725374e-001 -3.923286e-001 1.409572e+000
      vertex -4.842192e-001 -2.328947e-001 1.411918e+000
      vertex -4.787774e-001 -3.408941e-001 1.258164e+000
    endloop 
  endfacet
  facet normal -9.976256E-001 -6.631420E-002 1.858763E-002
    outer loop 
      vertex -4.656593e-001 -5.321070e-001 1.280048e+000
      vertex -4.725374e-001 -3.923286e-001 1.409572e+000
      vertex -4.787774e-001 -3.408941e-001 1.258164e+000
    endloop 
  endfacet
  facet normal -9.977328E-001 -6.634656E-002 1.129035E-002
    outer loop 
      vertex -4.914584e-001 -1.437679e-001 1.295932e+000
      vertex -4.787774e-001 -3.408941e-001 1.258164e+000
      vertex -4.842192e-001 -2.328947e-001 1.411918e+000
    endloop 
  endfacet
  facet normal -9.975078E-001 -6.540399E-002 2.646981E-002
    outer loop 
      vertex -4.787774e-001 -3.408941e-001 1.258164e+000
      vertex -4.701690e-001 -5.281213e-001 1.119949e+000
      vertex -4.656593e-001 -5.321070e-001 1.280048e+000
    endloop 
  endfacet
  facet normal -9.981527E-001 -5.836066E-002 1.688867E-002
    outer loop 
      vertex -4.801363e-001 -3.654772e-001 1.092897e+000
      vertex -4.701690e-001 -5.281213e-001 1.119949e+000
      vertex -4.787774e-001 -3.408941e-001 1.258164e+000
    endloop 
  endfacet
  facet normal 9.883746E-001 1.507738E-001 -1.956603E-002
    outer loop 
      vertex 5.489692e-001 -2.972276e-001 2.779798e+000
      vertex 5.517047e-001 -2.932004e-001 2.949015e+000
      vertex 5.695191e-001 -4.189295e-001 2.880050e+000
    endloop 
  endfacet
  facet normal 9.886234E-001 1.491388E-001 -1.953114E-002
    outer loop 
      vertex 5.517047e-001 -2.932004e-001 2.949015e+000
      vertex 5.489692e-001 -2.972276e-001 2.779798e+000
      vertex 5.310364e-001 -1.692770e-001 2.849102e+000
    endloop 
  endfacet
  facet normal 9.872630E-001 1.578631E-001 -1.977398E-002
    outer loop 
      vertex 5.517047e-001 -2.932004e-001 2.949015e+000
      vertex 5.311964e-001 -1.560070e-001 3.020356e+000
      vertex 5.534838e-001 -2.828212e-001 3.120703e+000
    endloop 
  endfacet
  facet normal 9.879274E-001 1.543805E-001 -1.288573E-002
    outer loop 
      vertex 5.310364e-001 -1.692770e-001 2.849102e+000
      vertex 5.311964e-001 -1.560070e-001 3.020356e+000
      vertex 5.517047e-001 -2.932004e-001 2.949015e+000
    endloop 
  endfacet
  facet normal 9.870926E-001 1.589175E-001 -1.983595E-002
    outer loop 
      vertex 5.534838e-001 -2.828212e-001 3.120703e+000
      vertex 5.730039e-001 -4.141403e-001 3.040001e+000
      vertex 5.517047e-001 -2.932004e-001 2.949015e+000
    endloop 
  endfacet
  facet normal 9.876814E-001 1.542802E-001 -2.613772E-002
    outer loop 
      vertex 5.517047e-001 -2.932004e-001 2.949015e+000
      vertex 5.730039e-001 -4.141403e-001 3.040001e+000
      vertex 5.695191e-001 -4.189295e-001 2.880050e+000
    endloop 
  endfacet
  facet normal 1.534519E-001 -9.880961E-001 -1.089660E-002
    outer loop 
      vertex -1.243133e-001 -5.244759e-001 2.851762e+000
      vertex -4.605070e-003 -5.067124e-001 2.926777e+000
      vertex -1.313136e-001 -5.273054e-001 3.009756e+000
    endloop 
  endfacet
  facet normal 1.578459E-001 -9.874555E-001 -4.027911E-003
    outer loop 
      vertex 1.116952e-002 -5.047527e-001 3.064515e+000
      vertex -1.313136e-001 -5.273054e-001 3.009756e+000
      vertex -4.605070e-003 -5.067124e-001 2.926777e+000
    endloop 
  endfacet
  facet normal 1.626993E-001 -9.866134E-001 -1.108818E-002
    outer loop 
      vertex -1.205277e-001 -5.273168e-001 3.169033e+000
      vertex -2.682398e-001 -5.509897e-001 3.108005e+000
      vertex -1.313136e-001 -5.273054e-001 3.009756e+000
    endloop 
  endfacet
  facet normal 1.604261E-001 -9.869874E-001 -1.093427E-002
    outer loop 
      vertex 1.116952e-002 -5.047527e-001 3.064515e+000
      vertex -1.205277e-001 -5.273168e-001 3.169033e+000
      vertex -1.313136e-001 -5.273054e-001 3.009756e+000
    endloop 
  endfacet
  facet normal 1.486949E-001 -9.888782E-001 -3.120373E-003
    outer loop 
      vertex -1.243133e-001 -5.244759e-001 2.851762e+000
      vertex 4.940983e-002 -4.981537e-001 2.788390e+000
      vertex -4.605070e-003 -5.067124e-001 2.926777e+000
    endloop 
  endfacet
  facet normal 1.543176E-001 -9.880146E-001 -3.615865E-003
    outer loop 
      vertex 1.116952e-002 -5.047527e-001 3.064515e+000
      vertex -4.605070e-003 -5.067124e-001 2.926777e+000
      vertex 1.286490e-001 -4.859863e-001 2.950473e+000
    endloop 
  endfacet
  facet normal 1.538732E-001 -9.880900E-001 -1.050483E-003
    outer loop 
      vertex 1.286490e-001 -4.859863e-001 2.950473e+000
      vertex -4.605070e-003 -5.067124e-001 2.926777e+000
      vertex 4.940983e-002 -4.981537e-001 2.788390e+000
    endloop 
  endfacet
  facet normal 9.972168E-001 7.375340E-002 -1.091844E-002
    outer loop 
      vertex 5.166000e-001 -1.764224e-001 1.612890e+000
      vertex 5.215687e-001 -2.701802e-001 1.433364e+000
      vertex 5.071649e-001 -8.053154e-002 1.398887e+000
    endloop 
  endfacet
  facet normal 9.972196E-001 7.322533E-002 -1.382442E-002
    outer loop 
      vertex 5.071649e-001 -8.053154e-002 1.398887e+000
      vertex 5.215687e-001 -2.701802e-001 1.433364e+000
      vertex 5.155820e-001 -2.188075e-001 1.273632e+000
    endloop 
  endfacet
  facet normal 9.977513E-001 6.670113E-002 -6.586250E-003
    outer loop 
      vertex 5.070893e-001 -1.014328e-001 1.175755e+000
      vertex 5.071649e-001 -8.053154e-002 1.398887e+000
      vertex 5.155820e-001 -2.188075e-001 1.273632e+000
    endloop 
  endfacet
  facet normal 9.978929E-001 6.456745E-002 -6.386432E-003
    outer loop 
      vertex 5.070893e-001 -1.014328e-001 1.175755e+000
      vertex 4.969731e-001 6.207756e-002 1.248194e+000
      vertex 5.071649e-001 -8.053154e-002 1.398887e+000
    endloop 
  endfacet
  facet normal 9.972687E-001 7.383870E-002 -1.736335E-003
    outer loop 
      vertex 5.071649e-001 -8.053154e-002 1.398887e+000
      vertex 4.928326e-001 1.137551e-001 1.429235e+000
      vertex 5.006589e-001 1.194136e-002 1.594600e+000
    endloop 
  endfacet
  facet normal 9.973100E-001 7.327480E-002 1.893261E-003
    outer loop 
      vertex 4.928326e-001 1.137551e-001 1.429235e+000
      vertex 5.071649e-001 -8.053154e-002 1.398887e+000
      vertex 4.969731e-001 6.207756e-002 1.248194e+000
    endloop 
  endfacet
  facet normal 9.964697E-001 8.370689E-002 -6.425531E-003
    outer loop 
      vertex 5.166000e-001 -1.764224e-001 1.612890e+000
      vertex 5.071649e-001 -8.053154e-002 1.398887e+000
      vertex 5.006589e-001 1.194136e-002 1.594600e+000
    endloop 
  endfacet
  facet normal 7.696515E-002 -9.970084E-001 7.117295E-003
    outer loop 
      vertex 4.061172e-002 -4.983529e-001 1.488241e+000
      vertex 2.066088e-001 -4.857878e-001 1.453322e+000
      vertex 1.685506e-001 -4.874568e-001 1.631076e+000
    endloop 
  endfacet
  facet normal 8.514012E-002 -9.963689E-001 -2.538937E-004
    outer loop 
      vertex 4.061172e-002 -4.983529e-001 1.488241e+000
      vertex 1.685506e-001 -4.874568e-001 1.631076e+000
      vertex 2.975133e-002 -4.993310e-001 1.685038e+000
    endloop 
  endfacet
  facet normal 8.319090E-002 -9.964978E-001 8.455062E-003
    outer loop 
      vertex 3.106218e-001 -4.759895e-001 1.584730e+000
      vertex 1.685506e-001 -4.874568e-001 1.631076e+000
      vertex 2.066088e-001 -4.857878e-001 1.453322e+000
    endloop 
  endfacet
  facet normal 9.374113E-002 -9.955758E-001 6.430353E-003
    outer loop 
      vertex 1.685506e-001 -4.874568e-001 1.631076e+000
      vertex 2.920632e-001 -4.747806e-001 1.793111e+000
      vertex 1.399888e-001 -4.889251e-001 1.820118e+000
    endloop 
  endfacet
  facet normal 8.734368E-002 -9.961632E-001 5.459222E-003
    outer loop 
      vertex 2.975133e-002 -4.993310e-001 1.685038e+000
      vertex 1.685506e-001 -4.874568e-001 1.631076e+000
      vertex 1.399888e-001 -4.889251e-001 1.820118e+000
    endloop 
  endfacet
  facet normal 8.476596E-002 -9.963117E-001 1.332930E-002
    outer loop 
      vertex 1.685506e-001 -4.874568e-001 1.631076e+000
      vertex 3.106218e-001 -4.759895e-001 1.584730e+000
      vertex 2.920632e-001 -4.747806e-001 1.793111e+000
    endloop 
  endfacet
  facet normal -8.950112E-002 9.959797E-001 3.758439E-003
    outer loop 
      vertex 1.470312e-002 5.033376e-001 1.729938e+000
      vertex -1.663839e-001 4.872533e-001 1.679966e+000
      vertex -1.039145e-001 4.922245e-001 1.850212e+000
    endloop 
  endfacet
  facet normal -9.411868E-002 9.955459E-001 5.465455E-003
    outer loop 
      vertex -1.663839e-001 4.872533e-001 1.679966e+000
      vertex -2.807705e-001 4.758514e-001 1.787037e+000
      vertex -1.039145e-001 4.922245e-001 1.850212e+000
    endloop 
  endfacet
  facet normal 1.175057E-001 -9.928900E-001 -1.902095E-002
    outer loop 
      vertex -4.380319e-001 -5.551502e-001 2.239976e+000
      vertex -3.109925e-001 -5.379830e-001 2.128665e+000
      vertex -2.832528e-001 -5.379909e-001 2.300447e+000
    endloop 
  endfacet
  facet normal 1.124540E-001 -9.934902E-001 -1.820522E-002
    outer loop 
      vertex -3.109925e-001 -5.379830e-001 2.128665e+000
      vertex -1.633986e-001 -5.217674e-001 2.155442e+000
      vertex -2.832528e-001 -5.379909e-001 2.300447e+000
    endloop 
  endfacet
  facet normal 1.210279E-001 -9.925088E-001 -1.668585E-002
    outer loop 
      vertex -1.158540e-001 -5.179299e-001 2.321370e+000
      vertex -2.435639e-001 -5.359445e-001 2.466595e+000
      vertex -2.832528e-001 -5.379909e-001 2.300447e+000
    endloop 
  endfacet
  facet normal 1.204028E-001 -9.926580E-001 -1.154202E-002
    outer loop 
      vertex -1.633986e-001 -5.217674e-001 2.155442e+000
      vertex -1.158540e-001 -5.179299e-001 2.321370e+000
      vertex -2.832528e-001 -5.379909e-001 2.300447e+000
    endloop 
  endfacet
  facet normal 1.204462E-001 -9.923608E-001 -2.669758E-002
    outer loop 
      vertex -2.832528e-001 -5.379909e-001 2.300447e+000
      vertex -4.332842e-001 -5.588797e-001 2.400025e+000
      vertex -4.380319e-001 -5.551502e-001 2.239976e+000
    endloop 
  endfacet
  facet normal 1.261946E-001 -9.918435E-001 -1.792824E-002
    outer loop 
      vertex -2.832528e-001 -5.379909e-001 2.300447e+000
      vertex -2.435639e-001 -5.359445e-001 2.466595e+000
      vertex -4.332842e-001 -5.588797e-001 2.400025e+000
    endloop 
  endfacet
  facet normal -9.930381E-001 -1.160940E-001 -1.994192E-002
    outer loop 
      vertex -5.325731e-001 2.529140e-001 2.190932e+000
      vertex -5.446637e-001 3.335367e-001 2.323646e+000
      vertex -5.551838e-001 4.378933e-001 2.239987e+000
    endloop 
  endfacet
  facet normal -9.924188E-001 -1.218006E-001 -1.641882E-002
    outer loop 
      vertex -5.325731e-001 2.529140e-001 2.190932e+000
      vertex -5.329790e-001 2.311527e-001 2.376899e+000
      vertex -5.446637e-001 3.335367e-001 2.323646e+000
    endloop 
  endfacet
  facet normal -9.922654E-001 -1.212732E-001 -2.649960E-002
    outer loop 
      vertex -5.551838e-001 4.378933e-001 2.239987e+000
      vertex -5.446637e-001 3.335367e-001 2.323646e+000
      vertex -5.588815e-001 4.331806e-001 2.400012e+000
    endloop 
  endfacet
  facet normal -1.578264E-001 9.874653E-001 -1.751155E-003
    outer loop 
      vertex -3.118282e-002 5.016536e-001 3.144524e+000
      vertex 8.882831e-002 5.206289e-001 3.028341e+000
      vertex -1.026794e-001 4.899314e-001 2.978255e+000
    endloop 
  endfacet
  facet normal -1.648262E-001 9.862800E-001 -9.175290E-003
    outer loop 
      vertex 1.307927e-001 5.289478e-001 3.168711e+000
      vertex 8.882831e-002 5.206289e-001 3.028341e+000
      vertex -3.118282e-002 5.016536e-001 3.144524e+000
    endloop 
  endfacet
  facet normal -1.643724E-001 9.863963E-001 2.010633E-003
    outer loop 
      vertex -1.189856e-001 4.867492e-001 3.278421e+000
      vertex -3.118282e-002 5.016536e-001 3.144524e+000
      vertex -1.891039e-001 4.753527e-001 3.137140e+000
    endloop 
  endfacet
  facet normal -1.643322E-001 9.864044E-001 1.121187E-003
    outer loop 
      vertex -3.118282e-002 5.016536e-001 3.144524e+000
      vertex -1.026794e-001 4.899314e-001 2.978255e+000
      vertex -1.891039e-001 4.753527e-001 3.137140e+000
    endloop 
  endfacet
  facet normal 9.896743E-001 1.419829E-001 1.963861E-002
    outer loop 
      vertex 4.445844e-001 4.332681e-001 2.623286e+000
      vertex 4.236261e-001 5.659726e-001 2.720041e+000
      vertex 4.397926e-001 4.452368e-001 2.778234e+000
    endloop 
  endfacet
  facet normal 9.898112E-001 1.410144E-001 1.971765E-002
    outer loop 
      vertex 4.625237e-001 2.980063e-001 2.690095e+000
      vertex 4.445844e-001 4.332681e-001 2.623286e+000
      vertex 4.397926e-001 4.452368e-001 2.778234e+000
    endloop 
  endfacet
  facet normal 9.890208E-001 1.453315E-001 2.676760E-002
    outer loop 
      vertex 4.397926e-001 4.452368e-001 2.778234e+000
      vertex 4.236261e-001 5.659726e-001 2.720041e+000
      vertex 4.187663e-001 5.695797e-001 2.880016e+000
    endloop 
  endfacet
  facet normal 9.893529E-001 1.449528E-001 1.302063E-002
    outer loop 
      vertex 4.625237e-001 2.980063e-001 2.690095e+000
      vertex 4.397926e-001 4.452368e-001 2.778234e+000
      vertex 4.549325e-001 3.367314e-001 2.835790e+000
    endloop 
  endfacet
  facet normal -1.423044E-001 9.896184E-001 2.012157E-002
    outer loop 
      vertex -4.390447e-001 4.435373e-001 2.640536e+000
      vertex -5.661647e-001 4.236422e-001 2.719995e+000
      vertex -4.556750e-001 4.380818e-001 2.791232e+000
    endloop 
  endfacet
  facet normal -1.430829E-001 9.895080E-001 2.003166E-002
    outer loop 
      vertex -3.270710e-001 4.579719e-001 2.727316e+000
      vertex -4.390447e-001 4.435373e-001 2.640536e+000
      vertex -4.556750e-001 4.380818e-001 2.791232e+000
    endloop 
  endfacet
  facet normal -1.463459E-001 9.888774E-001 2.654008E-002
    outer loop 
      vertex -4.556750e-001 4.380818e-001 2.791232e+000
      vertex -5.661647e-001 4.236422e-001 2.719995e+000
      vertex -5.697445e-001 4.188185e-001 2.879983e+000
    endloop 
  endfacet
  facet normal -1.458273E-001 9.892050E-001 1.441539E-002
    outer loop 
      vertex -3.496885e-001 4.527596e-001 2.856194e+000
      vertex -3.270710e-001 4.579719e-001 2.727316e+000
      vertex -4.556750e-001 4.380818e-001 2.791232e+000
    endloop 
  endfacet
  facet normal 9.991989E-001 3.549385E-002 1.848633E-002
    outer loop 
      vertex 4.929620e-001 2.070896e-001 6.911600e-001
      vertex 4.896083e-001 3.541483e-001 5.900724e-001
      vertex 4.860259e-001 3.748135e-001 7.440304e-001
    endloop 
  endfacet
  facet normal 9.995225E-001 2.937814E-002 9.578677E-003
    outer loop 
      vertex 4.929620e-001 2.070896e-001 6.911600e-001
      vertex 4.955881e-001 1.706150e-001 5.289966e-001
      vertex 4.896083e-001 3.541483e-001 5.900724e-001
    endloop 
  endfacet
  facet normal 9.991084E-001 4.085338E-002 1.065653E-002
    outer loop 
      vertex 4.929620e-001 2.070896e-001 6.911600e-001
      vertex 4.896900e-001 2.479603e-001 8.412439e-001
      vertex 4.970554e-001 8.164860e-002 7.882717e-001
    endloop 
  endfacet
  facet normal 9.993935E-001 3.471718E-002 2.718246E-003
    outer loop 
      vertex 4.929620e-001 2.070896e-001 6.911600e-001
      vertex 4.970554e-001 8.164860e-002 7.882717e-001
      vertex 4.990983e-001 3.492742e-002 6.339208e-001
    endloop 
  endfacet
  facet normal 9.992231E-001 3.769071E-002 1.152029E-002
    outer loop 
      vertex 4.860259e-001 3.748135e-001 7.440304e-001
      vertex 4.896900e-001 2.479603e-001 8.412439e-001
      vertex 4.929620e-001 2.070896e-001 6.911600e-001
    endloop 
  endfacet
  facet normal 9.994267E-001 3.268528E-002 8.833267E-003
    outer loop 
      vertex 4.955881e-001 1.706150e-001 5.289966e-001
      vertex 4.929620e-001 2.070896e-001 6.911600e-001
      vertex 4.990983e-001 3.492742e-002 6.339208e-001
    endloop 
  endfacet
  facet normal -9.996479E-001 -2.051056E-002 1.683762E-002
    outer loop 
      vertex -4.962929e-001 -3.239845e-001 2.447556e-001
      vertex -4.921087e-001 -3.739761e-001 4.322737e-001
      vertex -4.954621e-001 -2.294837e-001 4.091917e-001
    endloop 
  endfacet
  facet normal -9.998471E-001 -1.249813E-002 1.223391E-002
    outer loop 
      vertex -4.978005e-001 -1.535192e-001 2.956893e-001
      vertex -4.962929e-001 -3.239845e-001 2.447556e-001
      vertex -4.954621e-001 -2.294837e-001 4.091917e-001
    endloop 
  endfacet
  facet normal -9.996929E-001 -2.113412E-002 1.294075E-002
    outer loop 
      vertex -4.921087e-001 -3.739761e-001 4.322737e-001
      vertex -4.929963e-001 -2.606689e-001 5.487520e-001
      vertex -4.954621e-001 -2.294837e-001 4.091917e-001
    endloop 
  endfacet
  facet normal -9.997717E-001 -2.014823E-002 7.112328E-003
    outer loop 
      vertex -4.954621e-001 -2.294837e-001 4.091917e-001
      vertex -4.990486e-001 -5.199397e-002 4.078448e-001
      vertex -4.978005e-001 -1.535192e-001 2.956893e-001
    endloop 
  endfacet
  facet normal -9.993341E-001 -3.588310E-002 6.627200E-003
    outer loop 
      vertex -4.909402e-001 -2.643112e-001 6.960230e-001
      vertex -4.951825e-001 -1.310763e-001 7.777217e-001
      vertex -4.951464e-001 -1.569177e-001 6.432366e-001
    endloop 
  endfacet
  facet normal -9.994547E-001 -3.247318E-002 5.971952E-003
    outer loop 
      vertex -4.988876e-001 -4.244957e-002 6.395591e-001
      vertex -4.951464e-001 -1.569177e-001 6.432366e-001
      vertex -4.951825e-001 -1.310763e-001 7.777217e-001
    endloop 
  endfacet
  facet normal -9.991101E-001 -4.000549E-002 1.336166E-002
    outer loop 
      vertex -4.951825e-001 -1.310763e-001 7.777217e-001
      vertex -4.909402e-001 -2.643112e-001 6.960230e-001
      vertex -4.885167e-001 -2.815992e-001 8.254749e-001
    endloop 
  endfacet
  facet normal -3.719616E-002 9.992849E-001 -6.790262E-003
    outer loop 
      vertex 1.190666e-002 5.007784e-001 7.371442e-001
      vertex 9.367812e-002 5.046616e-001 8.606861e-001
      vertex 1.786388e-001 5.067967e-001 7.094930e-001
    endloop 
  endfacet
  facet normal -4.548497E-002 9.989642E-001 -1.293880E-003
    outer loop 
      vertex 9.367812e-002 5.046616e-001 8.606861e-001
      vertex 1.190666e-002 5.007784e-001 7.371442e-001
      vertex -7.268714e-002 4.971423e-001 9.036132e-001
    endloop 
  endfacet
  facet normal -9.904311E-001 -1.373769E-001 -1.318678E-002
    outer loop 
      vertex -5.294543e-001 1.873676e-001 2.521531e+000
      vertex -5.259959e-001 1.496444e-001 2.654767e+000
      vertex -5.463021e-001 2.994665e-001 2.619117e+000
    endloop 
  endfacet
  facet normal -9.911999E-001 -1.320553E-001 -9.169716E-003
    outer loop 
      vertex -5.294543e-001 1.873676e-001 2.521531e+000
      vertex -5.172605e-001 1.071016e-001 2.359375e+000
      vertex -5.099211e-001 4.037116e-002 2.527028e+000
    endloop 
  endfacet
  facet normal -9.922125E-001 -1.238428E-001 -1.331097E-002
    outer loop 
      vertex -5.329790e-001 2.311527e-001 2.376899e+000
      vertex -5.172605e-001 1.071016e-001 2.359375e+000
      vertex -5.294543e-001 1.873676e-001 2.521531e+000
    endloop 
  endfacet
  facet normal -9.911616E-001 -1.321443E-001 -1.168632E-002
    outer loop 
      vertex -5.259959e-001 1.496444e-001 2.654767e+000
      vertex -5.294543e-001 1.873676e-001 2.521531e+000
      vertex -5.099211e-001 4.037116e-002 2.527028e+000
    endloop 
  endfacet
  facet normal -9.928457E-001 -1.163717E-001 2.673989E-002
    outer loop 
      vertex -4.332842e-001 -5.588797e-001 2.400025e+000
      vertex -4.531713e-001 -4.303441e-001 2.221009e+000
      vertex -4.380319e-001 -5.551502e-001 2.239976e+000
    endloop 
  endfacet
  facet normal -9.919334E-001 -1.251144E-001 2.036120E-002
    outer loop 
      vertex -4.616339e-001 -3.390089e-001 2.369968e+000
      vertex -4.531713e-001 -4.303441e-001 2.221009e+000
      vertex -4.332842e-001 -5.588797e-001 2.400025e+000
    endloop 
  endfacet
  facet normal -9.928491E-001 -1.164295E-001 2.636204E-002
    outer loop 
      vertex -4.531713e-001 -4.303441e-001 2.221009e+000
      vertex -4.427194e-001 -5.514073e-001 2.079966e+000
      vertex -4.380319e-001 -5.551502e-001 2.239976e+000
    endloop 
  endfacet
  facet normal -9.932778E-001 -1.149021E-001 1.402306E-002
    outer loop 
      vertex -4.728628e-001 -2.691279e-001 2.147194e+000
      vertex -4.531713e-001 -4.303441e-001 2.221009e+000
      vertex -4.616339e-001 -3.390089e-001 2.369968e+000
    endloop 
  endfacet
  facet normal 1.110376E-001 -9.934630E-001 -2.649146E-002
    outer loop 
      vertex -4.427194e-001 -5.514073e-001 2.079966e+000
      vertex -3.109925e-001 -5.379830e-001 2.128665e+000
      vertex -4.380319e-001 -5.551502e-001 2.239976e+000
    endloop 
  endfacet
  facet normal 1.115865E-001 -9.936655E-001 -1.331739E-002
    outer loop 
      vertex -3.109925e-001 -5.379830e-001 2.128665e+000
      vertex -1.994806e-001 -5.236776e-001 1.995639e+000
      vertex -1.633986e-001 -5.217674e-001 2.155442e+000
    endloop 
  endfacet
  facet normal 9.929250E-001 1.158005E-001 2.627098E-002
    outer loop 
      vertex 4.425417e-001 5.513523e-001 2.080061e+000
      vertex 4.378779e-001 5.550481e-001 2.240040e+000
      vertex 4.529130e-001 4.323020e-001 2.212836e+000
    endloop 
  endfacet
  facet normal 9.939507E-001 1.081177E-001 1.930226E-002
    outer loop 
      vertex 4.529130e-001 4.323020e-001 2.212836e+000
      vertex 4.636503e-001 3.692947e-001 2.012851e+000
      vertex 4.425417e-001 5.513523e-001 2.080061e+000
    endloop 
  endfacet
  facet normal 9.929243E-001 1.156345E-001 2.701963E-002
    outer loop 
      vertex 4.529130e-001 4.323020e-001 2.212836e+000
      vertex 4.378779e-001 5.550481e-001 2.240040e+000
      vertex 4.330871e-001 5.587879e-001 2.400088e+000
    endloop 
  endfacet
  facet normal 9.919517E-001 1.249227E-001 2.064255E-002
    outer loop 
      vertex 4.529130e-001 4.323020e-001 2.212836e+000
      vertex 4.330871e-001 5.587879e-001 2.400088e+000
      vertex 4.592614e-001 3.580060e-001 2.357390e+000
    endloop 
  endfacet
  facet normal 9.932787E-001 1.147258E-001 1.534338E-002
    outer loop 
      vertex 4.592614e-001 3.580060e-001 2.357390e+000
      vertex 4.719934e-001 2.727323e-001 2.170773e+000
      vertex 4.529130e-001 4.323020e-001 2.212836e+000
    endloop 
  endfacet
  facet normal 9.933063E-001 1.141998E-001 1.735145E-002
    outer loop 
      vertex 4.719934e-001 2.727323e-001 2.170773e+000
      vertex 4.636503e-001 3.692947e-001 2.012851e+000
      vertex 4.529130e-001 4.323020e-001 2.212836e+000
    endloop 
  endfacet
  facet normal -1.090010E-001 9.936787E-001 -2.686127E-002
    outer loop 
      vertex 4.425417e-001 5.513523e-001 2.080061e+000
      vertex 4.472513e-001 5.475428e-001 1.920024e+000
      vertex 3.395814e-001 5.402696e-001 2.087881e+000
    endloop 
  endfacet
  facet normal -1.089484E-001 9.937038E-001 -2.613240E-002
    outer loop 
      vertex 3.395814e-001 5.402696e-001 2.087881e+000
      vertex 4.378779e-001 5.550481e-001 2.240040e+000
      vertex 4.425417e-001 5.513523e-001 2.080061e+000
    endloop 
  endfacet
  facet normal 1.143099E-001 -9.930925E-001 2.647002E-002
    outer loop 
      vertex 5.550491e-001 -4.379760e-001 2.239962e+000
      vertex 4.256223e-001 -4.543624e-001 2.184109e+000
      vertex 5.512798e-001 -4.426722e-001 2.080049e+000
    endloop 
  endfacet
  facet normal 1.080989E-001 -9.939610E-001 1.887239E-002
    outer loop 
      vertex 5.512798e-001 -4.426722e-001 2.080049e+000
      vertex 4.256223e-001 -4.543624e-001 2.184109e+000
      vertex 3.719916e-001 -4.634822e-001 2.010982e+000
    endloop 
  endfacet
  facet normal 1.180305E-001 -9.928508E-001 1.777762E-002
    outer loop 
      vertex 5.550491e-001 -4.379760e-001 2.239962e+000
      vertex 3.790801e-001 -4.568042e-001 2.356745e+000
      vertex 4.256223e-001 -4.543624e-001 2.184109e+000
    endloop 
  endfacet
  facet normal 1.144245E-001 -9.932899E-001 1.679925E-002
    outer loop 
      vertex 4.256223e-001 -4.543624e-001 2.184109e+000
      vertex 3.790801e-001 -4.568042e-001 2.356745e+000
      vertex 2.850110e-001 -4.706073e-001 2.181335e+000
    endloop 
  endfacet
  facet normal 1.144228E-001 -9.932888E-001 1.687799E-002
    outer loop 
      vertex 2.850110e-001 -4.706073e-001 2.181335e+000
      vertex 3.719916e-001 -4.634822e-001 2.010982e+000
      vertex 4.256223e-001 -4.543624e-001 2.184109e+000
    endloop 
  endfacet
  facet normal -9.933610E-001 -1.146882E-001 -8.976444E-003
    outer loop 
      vertex -5.325731e-001 2.529140e-001 2.190932e+000
      vertex -5.085316e-001 4.444166e-002 2.193984e+000
      vertex -5.172605e-001 1.071016e-001 2.359375e+000
    endloop 
  endfacet
  facet normal -9.922208E-001 -1.233788E-001 -1.660306E-002
    outer loop 
      vertex -5.325731e-001 2.529140e-001 2.190932e+000
      vertex -5.172605e-001 1.071016e-001 2.359375e+000
      vertex -5.329790e-001 2.311527e-001 2.376899e+000
    endloop 
  endfacet
  facet normal -9.932781E-001 -1.147679E-001 -1.506577E-002
    outer loop 
      vertex -5.325731e-001 2.529140e-001 2.190932e+000
      vertex -5.267509e-001 2.267716e-001 2.006222e+000
      vertex -5.085316e-001 4.444166e-002 2.193984e+000
    endloop 
  endfacet
  facet normal -9.930861E-001 -1.143401E-001 -2.657793E-002
    outer loop 
      vertex -5.514480e-001 4.426406e-001 2.079976e+000
      vertex -5.325731e-001 2.529140e-001 2.190932e+000
      vertex -5.551838e-001 4.378933e-001 2.239987e+000
    endloop 
  endfacet
  facet normal -9.939947E-001 -1.082506E-001 -1.601076E-002
    outer loop 
      vertex -5.325731e-001 2.529140e-001 2.190932e+000
      vertex -5.514480e-001 4.426406e-001 2.079976e+000
      vertex -5.267509e-001 2.267716e-001 2.006222e+000
    endloop 
  endfacet
  facet normal -9.961168E-001 -8.617229E-002 -1.804730E-002
    outer loop 
      vertex -5.163260e-001 1.656830e-001 1.659666e+000
      vertex -5.290327e-001 2.823643e-001 1.803879e+000
      vertex -5.290122e-001 3.211443e-001 1.617580e+000
    endloop 
  endfacet
  facet normal -9.963320E-001 -8.466570E-002 -1.241713E-002
    outer loop 
      vertex -5.163529e-001 1.998033e-001 1.429174e+000
      vertex -5.163260e-001 1.656830e-001 1.659666e+000
      vertex -5.290122e-001 3.211443e-001 1.617580e+000
    endloop 
  endfacet
  facet normal -9.954234E-001 -9.493964E-002 -1.089264E-002
    outer loop 
      vertex -5.163260e-001 1.656830e-001 1.659666e+000
      vertex -5.142268e-001 1.218280e-001 1.850066e+000
      vertex -5.290327e-001 2.823643e-001 1.803879e+000
    endloop 
  endfacet
  facet normal -9.967206E-001 -8.006453E-002 -1.173595E-002
    outer loop 
      vertex -5.037760e-001 2.566693e-002 1.549021e+000
      vertex -5.163260e-001 1.656830e-001 1.659666e+000
      vertex -5.163529e-001 1.998033e-001 1.429174e+000
    endloop 
  endfacet
  facet normal -9.962341E-001 -8.663876E-002 -3.361366E-003
    outer loop 
      vertex -5.163260e-001 1.656830e-001 1.659666e+000
      vertex -5.037760e-001 2.566693e-002 1.549021e+000
      vertex -5.036959e-001 1.764281e-002 1.732099e+000
    endloop 
  endfacet
  facet normal -9.959214E-001 -8.970430E-002 -9.681300E-003
    outer loop 
      vertex -5.163260e-001 1.656830e-001 1.659666e+000
      vertex -5.036959e-001 1.764281e-002 1.732099e+000
      vertex -5.142268e-001 1.218280e-001 1.850066e+000
    endloop 
  endfacet
  facet normal 9.937004E-001 1.088620E-001 -2.661922E-002
    outer loop 
      vertex 5.550491e-001 -4.379760e-001 2.239962e+000
      vertex 5.512798e-001 -4.426722e-001 2.080049e+000
      vertex 5.327395e-001 -2.712128e-001 2.089135e+000
    endloop 
  endfacet
  facet normal 9.929485E-001 1.172940E-001 -1.718506E-002
    outer loop 
      vertex 5.550491e-001 -4.379760e-001 2.239962e+000
      vertex 5.327395e-001 -2.712128e-001 2.089135e+000
      vertex 5.276105e-001 -2.049694e-001 2.244919e+000
    endloop 
  endfacet
  facet normal -1.151947E-001 9.933218E-001 6.469319E-003
    outer loop 
      vertex -1.905324e-001 4.818078e-001 2.119122e+000
      vertex -3.661141e-001 4.609218e-001 2.199575e+000
      vertex -1.695644e-001 4.830820e-001 2.296841e+000
    endloop 
  endfacet
  facet normal -1.201872E-001 9.926104E-001 1.671997E-002
    outer loop 
      vertex -3.816468e-001 4.565057e-001 2.350088e+000
      vertex -1.695644e-001 4.830820e-001 2.296841e+000
      vertex -3.661141e-001 4.609218e-001 2.199575e+000
    endloop 
  endfacet
  facet normal -1.152218E-001 9.929790E-001 2.677038E-002
    outer loop 
      vertex -5.514480e-001 4.426406e-001 2.079976e+000
      vertex -5.551838e-001 4.378933e-001 2.239987e+000
      vertex -3.661141e-001 4.609218e-001 2.199575e+000
    endloop 
  endfacet
  facet normal -1.173006E-001 9.929504E-001 1.702785E-002
    outer loop 
      vertex -5.551838e-001 4.378933e-001 2.239987e+000
      vertex -3.816468e-001 4.565057e-001 2.350088e+000
      vertex -3.661141e-001 4.609218e-001 2.199575e+000
    endloop 
  endfacet
  facet normal -9.881557E-001 -1.531641E-001 -9.445522E-003
    outer loop 
      vertex -5.180588e-001 7.524572e-002 2.962115e+000
      vertex -5.452716e-001 2.532515e-001 2.922560e+000
      vertex -5.212681e-001 1.060998e-001 2.797550e+000
    endloop 
  endfacet
  facet normal -9.890739E-001 -1.471863E-001 -8.306842E-003
    outer loop 
      vertex -4.943649e-001 -7.553597e-002 2.812599e+000
      vertex -5.180588e-001 7.524572e-002 2.962115e+000
      vertex -5.212681e-001 1.060998e-001 2.797550e+000
    endloop 
  endfacet
  facet normal -9.877674E-001 -1.549308E-001 -1.766325E-002
    outer loop 
      vertex -5.473640e-001 2.473375e-001 3.091447e+000
      vertex -5.452716e-001 2.532515e-001 2.922560e+000
      vertex -5.180588e-001 7.524572e-002 2.962115e+000
    endloop 
  endfacet
  facet normal -9.868531E-001 -1.613760E-001 -8.879930E-003
    outer loop 
      vertex -5.249295e-001 1.064939e-001 3.157798e+000
      vertex -5.473640e-001 2.473375e-001 3.091447e+000
      vertex -5.180588e-001 7.524572e-002 2.962115e+000
    endloop 
  endfacet
  facet normal -9.878992E-001 -1.550713E-001 -2.835819E-003
    outer loop 
      vertex -4.847031e-001 -1.372230e-001 2.960624e+000
      vertex -5.026872e-001 -2.480697e-002 3.078394e+000
      vertex -5.180588e-001 7.524572e-002 2.962115e+000
    endloop 
  endfacet
  facet normal -9.867786E-001 -1.618352E-001 -8.803987E-003
    outer loop 
      vertex -5.249295e-001 1.064939e-001 3.157798e+000
      vertex -5.180588e-001 7.524572e-002 2.962115e+000
      vertex -5.026872e-001 -2.480697e-002 3.078394e+000
    endloop 
  endfacet
  facet normal -9.879003E-001 -1.550903E-001 -1.499481E-004
    outer loop 
      vertex -4.847031e-001 -1.372230e-001 2.960624e+000
      vertex -5.180588e-001 7.524572e-002 2.962115e+000
      vertex -4.943649e-001 -7.553597e-002 2.812599e+000
    endloop 
  endfacet
  facet normal -9.970543E-001 -7.432716E-002 -1.892530E-002
    outer loop 
      vertex -5.163529e-001 1.998033e-001 1.429174e+000
      vertex -5.285059e-001 3.617480e-001 1.433419e+000
      vertex -5.221131e-001 3.228076e-001 1.249559e+000
    endloop 
  endfacet
  facet normal -9.976336E-001 -6.552871E-002 -2.080890E-002
    outer loop 
      vertex -5.285059e-001 3.617480e-001 1.433419e+000
      vertex -5.321295e-001 4.656239e-001 1.280032e+000
      vertex -5.221131e-001 3.228076e-001 1.249559e+000
    endloop 
  endfacet
  facet normal -9.978597E-001 -6.427850E-002 -1.201795E-002
    outer loop 
      vertex -5.104617e-001 1.544442e-001 1.182633e+000
      vertex -5.163529e-001 1.998033e-001 1.429174e+000
      vertex -5.221131e-001 3.228076e-001 1.249559e+000
    endloop 
  endfacet
  facet normal -9.979256E-001 -6.151869E-002 -1.897223E-002
    outer loop 
      vertex -5.104617e-001 1.544442e-001 1.182633e+000
      vertex -5.221131e-001 3.228076e-001 1.249559e+000
      vertex -5.185776e-001 3.230068e-001 1.062945e+000
    endloop 
  endfacet
  facet normal -9.975770E-001 -6.429335E-002 -2.657994E-002
    outer loop 
      vertex -5.281560e-001 4.701260e-001 1.120012e+000
      vertex -5.221131e-001 3.228076e-001 1.249559e+000
      vertex -5.321295e-001 4.656239e-001 1.280032e+000
    endloop 
  endfacet
  facet normal -9.981579E-001 -5.762745E-002 -1.897248E-002
    outer loop 
      vertex -5.281560e-001 4.701260e-001 1.120012e+000
      vertex -5.185776e-001 3.230068e-001 1.062945e+000
      vertex -5.221131e-001 3.228076e-001 1.249559e+000
    endloop 
  endfacet
  facet normal -2.009922E-002 9.996854E-001 -1.500472E-002
    outer loop 
      vertex 2.832991e-001 5.037476e-001 2.741924e-001
      vertex 2.169043e-001 5.046449e-001 4.229076e-001
      vertex 3.646037e-001 5.072454e-001 3.983215e-001
    endloop 
  endfacet
  facet normal -1.284708E-002 9.998482E-001 -1.176794E-002
    outer loop 
      vertex 2.832991e-001 5.037476e-001 2.741924e-001
      vertex 1.398836e-001 5.019839e-001 2.809036e-001
      vertex 2.169043e-001 5.046449e-001 4.229076e-001
    endloop 
  endfacet
  facet normal -2.067014E-002 9.997580E-001 -7.523143E-003
    outer loop 
      vertex 7.236318e-002 5.015700e-001 4.114159e-001
      vertex 2.169043e-001 5.046449e-001 4.229076e-001
      vertex 1.398836e-001 5.019839e-001 2.809036e-001
    endloop 
  endfacet
  facet normal 1.869910E-001 -9.822183E-001 -1.677884E-002
    outer loop 
      vertex -1.112845e-001 -5.302246e-001 3.576324e+000
      vertex -2.054114e-001 -5.503707e-001 3.706663e+000
      vertex -2.616514e-001 -5.586235e-001 3.563011e+000
    endloop 
  endfacet
  facet normal 1.943596E-001 -9.808658E-001 -1.124841E-002
    outer loop 
      vertex -4.386516e-002 -5.184444e-001 3.714008e+000
      vertex -2.054114e-001 -5.503707e-001 3.706663e+000
      vertex -1.112845e-001 -5.302246e-001 3.576324e+000
    endloop 
  endfacet
  facet normal 1.867441E-001 -9.823118E-001 -1.379078E-002
    outer loop 
      vertex -1.640223e-001 -5.382544e-001 3.434145e+000
      vertex -1.112845e-001 -5.302246e-001 3.576324e+000
      vertex -2.616514e-001 -5.586235e-001 3.563011e+000
    endloop 
  endfacet
  facet normal 1.873296E-001 -9.822670E-001 -7.686173E-003
    outer loop 
      vertex -1.112845e-001 -5.302246e-001 3.576324e+000
      vertex 4.584109e-002 -5.002792e-001 3.578914e+000
      vertex -4.386516e-002 -5.184444e-001 3.714008e+000
    endloop 
  endfacet
  facet normal 9.887984E-001 1.491256E-001 -6.273098E-003
    outer loop 
      vertex 5.125721e-001 -4.391625e-002 2.918773e+000
      vertex 5.310364e-001 -1.692770e-001 2.849102e+000
      vertex 5.116637e-001 -4.535573e-002 2.741361e+000
    endloop 
  endfacet
  facet normal 9.890757E-001 1.472758E-001 -6.259504E-003
    outer loop 
      vertex 5.125721e-001 -4.391625e-002 2.918773e+000
      vertex 5.116637e-001 -4.535573e-002 2.741361e+000
      vertex 4.957889e-001 6.435302e-002 2.814225e+000
    endloop 
  endfacet
  facet normal 9.903369E-001 1.385282E-001 -6.542694E-003
    outer loop 
      vertex 5.137529e-001 -6.777623e-002 2.582894e+000
      vertex 4.887311e-001 1.144149e-001 2.652976e+000
      vertex 5.116637e-001 -4.535573e-002 2.741361e+000
    endloop 
  endfacet
  facet normal 9.898454E-001 1.419740E-001 -7.036689E-003
    outer loop 
      vertex 5.137529e-001 -6.777623e-002 2.582894e+000
      vertex 5.116637e-001 -4.535573e-002 2.741361e+000
      vertex 5.292767e-001 -1.700168e-001 2.703774e+000
    endloop 
  endfacet
  facet normal 9.897811E-001 1.425917E-001 9.468867E-004
    outer loop 
      vertex 4.887311e-001 1.144149e-001 2.652976e+000
      vertex 4.957889e-001 6.435302e-002 2.814225e+000
      vertex 5.116637e-001 -4.535573e-002 2.741361e+000
    endloop 
  endfacet
  facet normal 9.895478E-001 1.436435E-001 -1.271322E-002
    outer loop 
      vertex 5.116637e-001 -4.535573e-002 2.741361e+000
      vertex 5.310364e-001 -1.692770e-001 2.849102e+000
      vertex 5.292767e-001 -1.700168e-001 2.703774e+000
    endloop 
  endfacet
  facet normal -1.505993E-001 9.885722E-001 -6.691223E-003
    outer loop 
      vertex 5.460199e-002 5.130748e-001 2.736856e+000
      vertex 3.777390e-002 5.115256e-001 2.886735e+000
      vertex 2.068033e-001 5.371938e-001 2.874653e+000
    endloop 
  endfacet
  facet normal -1.460814E-001 9.892533E-001 -6.176931E-003
    outer loop 
      vertex -8.106868e-002 4.933805e-001 2.791317e+000
      vertex 3.777390e-002 5.115256e-001 2.886735e+000
      vertex 5.460199e-002 5.130748e-001 2.736856e+000
    endloop 
  endfacet
  facet normal -1.373971E-001 9.904940E-001 -6.615364E-003
    outer loop 
      vertex 4.974507e-002 5.111744e-001 2.553195e+000
      vertex -6.814154e-002 4.952889e-001 2.623152e+000
      vertex 5.460199e-002 5.130748e-001 2.736856e+000
    endloop 
  endfacet
  facet normal -1.397300E-001 9.901680E-001 -6.550298E-003
    outer loop 
      vertex 1.741319e-001 5.295278e-001 2.674172e+000
      vertex 4.974507e-002 5.111744e-001 2.553195e+000
      vertex 5.460199e-002 5.130748e-001 2.736856e+000
    endloop 
  endfacet
  facet normal -1.435803E-001 9.896386E-001 1.931255E-004
    outer loop 
      vertex -6.814154e-002 4.952889e-001 2.623152e+000
      vertex -8.106868e-002 4.933805e-001 2.791317e+000
      vertex 5.460199e-002 5.130748e-001 2.736856e+000
    endloop 
  endfacet
  facet normal -1.437603E-001 9.895077E-001 -1.440884E-002
    outer loop 
      vertex 1.741319e-001 5.295278e-001 2.674172e+000
      vertex 5.460199e-002 5.130748e-001 2.736856e+000
      vertex 2.068033e-001 5.371938e-001 2.874653e+000
    endloop 
  endfacet
  facet normal -1.731071E-001 9.847105E-001 -1.947343E-002
    outer loop 
      vertex 1.581019e-001 5.353884e-001 3.306723e+000
      vertex 2.695783e-001 5.570081e-001 3.409007e+000
      vertex 2.742359e-001 5.545463e-001 3.243119e+000
    endloop 
  endfacet
  facet normal -1.786880E-001 9.838172E-001 -1.320215E-002
    outer loop 
      vertex 2.695783e-001 5.570081e-001 3.409007e+000
      vertex 1.581019e-001 5.353884e-001 3.306723e+000
      vertex 1.207617e-001 5.302330e-001 3.427942e+000
    endloop 
  endfacet
  facet normal -1.843250E-001 9.826818E-001 -1.899513E-002
    outer loop 
      vertex 3.991582e-001 5.834590e-001 3.519981e+000
      vertex 2.695783e-001 5.570081e-001 3.409007e+000
      vertex 2.417389e-001 5.550104e-001 3.575810e+000
    endloop 
  endfacet
  facet normal -1.792829E-001 9.836302E-001 -1.814224E-002
    outer loop 
      vertex 2.695783e-001 5.570081e-001 3.409007e+000
      vertex 1.207617e-001 5.302330e-001 3.427942e+000
      vertex 2.417389e-001 5.550104e-001 3.575810e+000
    endloop 
  endfacet
  facet normal -1.757381E-001 9.842430E-001 -1.954036E-002
    outer loop 
      vertex 2.695783e-001 5.570081e-001 3.409007e+000
      vertex 4.040834e-001 5.800521e-001 3.360046e+000
      vertex 2.742359e-001 5.545463e-001 3.243119e+000
    endloop 
  endfacet
  facet normal -1.781473E-001 9.836486E-001 -2.643891E-002
    outer loop 
      vertex 4.040834e-001 5.800521e-001 3.360046e+000
      vertex 2.695783e-001 5.570081e-001 3.409007e+000
      vertex 3.991582e-001 5.834590e-001 3.519981e+000
    endloop 
  endfacet
  facet normal -9.996232E-001 -2.017134E-002 -1.861498E-002
    outer loop 
      vertex -5.089718e-001 3.328608e-001 5.238888e-001
      vertex -5.058978e-001 3.387622e-001 3.524210e-001
      vertex -5.032530e-001 1.544118e-001 4.101602e-001
    endloop 
  endfacet
  facet normal -9.995516E-001 -2.336806E-002 -1.872371E-002
    outer loop 
      vertex -5.058978e-001 3.387622e-001 3.524210e-001
      vertex -5.089718e-001 3.328608e-001 5.238888e-001
      vertex -5.117740e-001 4.878717e-001 4.800211e-001
    endloop 
  endfacet
  facet normal -9.996178E-001 -2.594216E-002 -9.559851E-003
    outer loop 
      vertex -5.089718e-001 3.328608e-001 5.238888e-001
      vertex -5.032530e-001 1.544118e-001 4.101602e-001
      vertex -5.057446e-001 1.886679e-001 5.777321e-001
    endloop 
  endfacet
  facet normal -9.992973E-001 -3.267357E-002 -1.836450E-002
    outer loop 
      vertex -5.160272e-001 4.833918e-001 6.399825e-001
      vertex -5.089718e-001 3.328608e-001 5.238888e-001
      vertex -5.116560e-001 3.146537e-001 7.023440e-001
    endloop 
  endfacet
  facet normal -9.994147E-001 -2.908949E-002 -1.800060E-002
    outer loop 
      vertex -5.116560e-001 3.146537e-001 7.023440e-001
      vertex -5.089718e-001 3.328608e-001 5.238888e-001
      vertex -5.057446e-001 1.886679e-001 5.777321e-001
    endloop 
  endfacet
  facet normal -9.992948E-001 -2.578824E-002 -2.729209E-002
    outer loop 
      vertex -5.160272e-001 4.833918e-001 6.399825e-001
      vertex -5.117740e-001 4.878717e-001 4.800211e-001
      vertex -5.089718e-001 3.328608e-001 5.238888e-001
    endloop 
  endfacet
  facet normal -2.057246E-001 9.785072E-001 1.417812E-002
    outer loop 
      vertex -4.308094e-001 4.193005e-001 4.000000e+000
      vertex -3.367752e-001 4.409154e-001 3.872674e+000
      vertex -4.813701e-001 4.101498e-001 3.897897e+000
    endloop 
  endfacet
  facet normal -2.159769E-001 9.762045E-001 1.946135E-002
    outer loop 
      vertex -4.813701e-001 4.101498e-001 3.897897e+000
      vertex -5.946875e-001 3.830438e-001 4.000000e+000
      vertex -4.308094e-001 4.193005e-001 4.000000e+000
    endloop 
  endfacet
  facet normal -2.076375E-001 9.777720E-001 2.913279E-002
    outer loop 
      vertex -5.909021e-001 3.886192e-001 3.839857e+000
      vertex -5.946875e-001 3.830438e-001 4.000000e+000
      vertex -4.813701e-001 4.101498e-001 3.897897e+000
    endloop 
  endfacet
  facet normal -2.047920E-001 9.786083E-001 1.964792E-002
    outer loop 
      vertex -4.813701e-001 4.101498e-001 3.897897e+000
      vertex -3.367752e-001 4.409154e-001 3.872674e+000
      vertex -4.420958e-001 4.211415e-001 3.759793e+000
    endloop 
  endfacet
  facet normal -2.031106E-001 9.789484E-001 2.015316E-002
    outer loop 
      vertex -4.813701e-001 4.101498e-001 3.897897e+000
      vertex -4.420958e-001 4.211415e-001 3.759793e+000
      vertex -5.909021e-001 3.886192e-001 3.839857e+000
    endloop 
  endfacet
  facet normal 9.996599E-001 1.556712E-002 -2.092456E-002
    outer loop 
      vertex 5.052986e-001 -3.017222e-001 3.536381e-001
      vertex 5.092809e-001 -3.699300e-001 4.931465e-001
      vertex 5.075617e-001 -4.922723e-001 3.199983e-001
    endloop 
  endfacet
  facet normal 9.995581E-001 2.478138E-002 -1.641666E-002
    outer loop 
      vertex 5.092809e-001 -3.699300e-001 4.931465e-001
      vertex 5.052986e-001 -3.017222e-001 3.536381e-001
      vertex 5.058593e-001 -2.289790e-001 4.975888e-001
    endloop 
  endfacet
  facet normal 9.992477E-001 3.318467E-002 -2.006479E-002
    outer loop 
      vertex 5.092809e-001 -3.699300e-001 4.931465e-001
      vertex 5.101713e-001 -2.879429e-001 6.730876e-001
      vertex 5.159969e-001 -4.833747e-001 6.399876e-001
    endloop 
  endfacet
  facet normal 9.995612E-001 2.477573E-002 -1.623495E-002
    outer loop 
      vertex 5.101713e-001 -2.879429e-001 6.730876e-001
      vertex 5.092809e-001 -3.699300e-001 4.931465e-001
      vertex 5.058593e-001 -2.289790e-001 4.975888e-001
    endloop 
  endfacet
  facet normal 9.993241E-001 2.460814E-002 -2.730939E-002
    outer loop 
      vertex 5.092809e-001 -3.699300e-001 4.931465e-001
      vertex 5.118250e-001 -4.878008e-001 4.800325e-001
      vertex 5.075617e-001 -4.922723e-001 3.199983e-001
    endloop 
  endfacet
  facet normal 9.993410E-001 2.454553E-002 -2.674336E-002
    outer loop 
      vertex 5.092809e-001 -3.699300e-001 4.931465e-001
      vertex 5.159969e-001 -4.833747e-001 6.399876e-001
      vertex 5.118250e-001 -4.878008e-001 4.800325e-001
    endloop 
  endfacet
  facet normal -9.969897E-001 -7.500496E-002 1.964240E-002
    outer loop 
      vertex -4.678889e-001 -4.138700e-001 1.563260e+000
      vertex -4.725374e-001 -3.923286e-001 1.409572e+000
      vertex -4.611260e-001 -5.360583e-001 1.439947e+000
    endloop 
  endfacet
  facet normal -9.966444E-001 -7.962108E-002 1.898494E-002
    outer loop 
      vertex -4.678889e-001 -4.138700e-001 1.563260e+000
      vertex -4.785602e-001 -2.898004e-001 1.523389e+000
      vertex -4.725374e-001 -3.923286e-001 1.409572e+000
    endloop 
  endfacet
  facet normal -9.963147E-001 -8.345219E-002 1.981751E-002
    outer loop 
      vertex -4.565974e-001 -5.399568e-001 1.599979e+000
      vertex -4.651151e-001 -4.141259e-001 1.701632e+000
      vertex -4.678889e-001 -4.138700e-001 1.563260e+000
    endloop 
  endfacet
  facet normal -9.963211E-001 -8.159226E-002 2.620628E-002
    outer loop 
      vertex -4.565974e-001 -5.399568e-001 1.599979e+000
      vertex -4.678889e-001 -4.138700e-001 1.563260e+000
      vertex -4.611260e-001 -5.360583e-001 1.439947e+000
    endloop 
  endfacet
  facet normal -7.465475E-002 9.970260E-001 1.912260E-002
    outer loop 
      vertex -5.360724e-001 4.610574e-001 1.440032e+000
      vertex -4.134909e-001 4.681603e-001 1.548253e+000
      vertex -3.686322e-001 4.744874e-001 1.393498e+000
    endloop 
  endfacet
  facet normal -7.925242E-002 9.966961E-001 1.777639E-002
    outer loop 
      vertex -2.428475e-001 4.822859e-001 1.517035e+000
      vertex -3.686322e-001 4.744874e-001 1.393498e+000
      vertex -4.134909e-001 4.681603e-001 1.548253e+000
    endloop 
  endfacet
  facet normal -8.391755E-002 9.962641E-001 2.038613E-002
    outer loop 
      vertex -4.209579e-001 4.644437e-001 1.699148e+000
      vertex -4.134909e-001 4.681603e-001 1.548253e+000
      vertex -5.399989e-001 4.564455e-001 1.599993e+000
    endloop 
  endfacet
  facet normal -8.132949E-002 9.963288E-001 2.672877E-002
    outer loop 
      vertex -5.399989e-001 4.564455e-001 1.599993e+000
      vertex -4.134909e-001 4.681603e-001 1.548253e+000
      vertex -5.360724e-001 4.610574e-001 1.440032e+000
    endloop 
  endfacet
  facet normal 9.968290E-001 7.716538E-002 1.942872E-002
    outer loop 
      vertex 4.802848e-001 2.751956e-001 1.470499e+000
      vertex 4.735067e-001 3.909097e-001 1.358674e+000
      vertex 4.683308e-001 4.147629e-001 1.529496e+000
    endloop 
  endfacet
  facet normal 9.969922E-001 7.494580E-002 1.974360E-002
    outer loop 
      vertex 4.735067e-001 3.909097e-001 1.358674e+000
      vertex 4.609849e-001 5.360555e-001 1.440020e+000
      vertex 4.683308e-001 4.147629e-001 1.529496e+000
    endloop 
  endfacet
  facet normal 9.967414E-001 7.942832E-002 1.405765E-002
    outer loop 
      vertex 4.802848e-001 2.751956e-001 1.470499e+000
      vertex 4.683308e-001 4.147629e-001 1.529496e+000
      vertex 4.748347e-001 3.171909e-001 1.619650e+000
    endloop 
  endfacet
  facet normal 9.963531E-001 8.298492E-002 1.984681E-002
    outer loop 
      vertex 4.683308e-001 4.147629e-001 1.529496e+000
      vertex 4.565070e-001 5.398704e-001 1.599968e+000
      vertex 4.644516e-001 4.218755e-001 1.694502e+000
    endloop 
  endfacet
  facet normal 9.962127E-001 8.467189E-002 1.977080E-002
    outer loop 
      vertex 4.683308e-001 4.147629e-001 1.529496e+000
      vertex 4.644516e-001 4.218755e-001 1.694502e+000
      vertex 4.748347e-001 3.171909e-001 1.619650e+000
    endloop 
  endfacet
  facet normal 9.964932E-001 7.953157E-002 2.600098E-002
    outer loop 
      vertex 4.683308e-001 4.147629e-001 1.529496e+000
      vertex 4.609849e-001 5.360555e-001 1.440020e+000
      vertex 4.565070e-001 5.398704e-001 1.599968e+000
    endloop 
  endfacet
  facet normal 9.999414E-001 7.425525E-003 7.876187E-003
    outer loop 
      vertex 5.000000e-001 1.666667e-001 0.000000e+000
      vertex 4.980843e-001 2.648860e-001 1.506124e-001
      vertex 4.990897e-001 1.109910e-001 1.680648e-001
    endloop 
  endfacet
  facet normal 9.999083E-001 7.789009E-003 1.108328E-002
    outer loop 
      vertex 4.968970e-001 2.270840e-001 2.842934e-001
      vertex 4.990897e-001 1.109910e-001 1.680648e-001
      vertex 4.980843e-001 2.648860e-001 1.506124e-001
    endloop 
  endfacet
  facet normal 9.999225E-001 1.108235E-002 5.668658E-003
    outer loop 
      vertex 4.990897e-001 1.109910e-001 1.680648e-001
      vertex 4.979035e-001 1.233608e-001 3.531092e-001
      vertex 5.004411e-001 -3.922544e-002 2.233476e-001
    endloop 
  endfacet
  facet normal 9.999608E-001 8.841089E-003 -4.223066E-004
    outer loop 
      vertex 5.004411e-001 -3.922544e-002 2.233476e-001
      vertex 5.000000e-001 0.000000e+000 0.000000e+000
      vertex 4.990897e-001 1.109910e-001 1.680648e-001
    endloop 
  endfacet
  facet normal 9.998955E-001 1.336249E-002 5.516061E-003
    outer loop 
      vertex 4.979035e-001 1.233608e-001 3.531092e-001
      vertex 4.990897e-001 1.109910e-001 1.680648e-001
      vertex 4.968970e-001 2.270840e-001 2.842934e-001
    endloop 
  endfacet
  facet normal 9.999853E-001 0.000000E+000 5.416532E-003
    outer loop 
      vertex 5.000000e-001 0.000000e+000 0.000000e+000
      vertex 5.000000e-001 1.666667e-001 0.000000e+000
      vertex 4.990897e-001 1.109910e-001 1.680648e-001
    endloop 
  endfacet
  facet normal -9.896033E-001 -1.425050E-001 -1.943312E-002
    outer loop 
      vertex -5.661647e-001 4.236422e-001 2.719995e+000
      vertex -5.463021e-001 2.994665e-001 2.619117e+000
      vertex -5.452535e-001 2.724062e-001 2.764151e+000
    endloop 
  endfacet
  facet normal -9.901639E-001 -1.386551E-001 -1.871075E-002
    outer loop 
      vertex -5.452535e-001 2.724062e-001 2.764151e+000
      vertex -5.463021e-001 2.994665e-001 2.619117e+000
      vertex -5.259959e-001 1.496444e-001 2.654767e+000
    endloop 
  endfacet
  facet normal -9.890915E-001 -1.462241E-001 -1.779433E-002
    outer loop 
      vertex -5.452716e-001 2.532515e-001 2.922560e+000
      vertex -5.452535e-001 2.724062e-001 2.764151e+000
      vertex -5.212681e-001 1.060998e-001 2.797550e+000
    endloop 
  endfacet
  facet normal -9.893665E-001 -1.449915E-001 -1.145898E-002
    outer loop 
      vertex -5.259959e-001 1.496444e-001 2.654767e+000
      vertex -5.212681e-001 1.060998e-001 2.797550e+000
      vertex -5.452535e-001 2.724062e-001 2.764151e+000
    endloop 
  endfacet
  facet normal -9.891497E-001 -1.445025E-001 -2.648941E-002
    outer loop 
      vertex -5.452535e-001 2.724062e-001 2.764151e+000
      vertex -5.697445e-001 4.188185e-001 2.879983e+000
      vertex -5.661647e-001 4.236422e-001 2.719995e+000
    endloop 
  endfacet
  facet normal -9.883916E-001 -1.508155E-001 -1.834943E-002
    outer loop 
      vertex -5.697445e-001 4.188185e-001 2.879983e+000
      vertex -5.452535e-001 2.724062e-001 2.764151e+000
      vertex -5.452716e-001 2.532515e-001 2.922560e+000
    endloop 
  endfacet
  facet normal -1.419624E-001 9.896768E-001 -1.965903E-002
    outer loop 
      vertex 4.236261e-001 5.659726e-001 2.720041e+000
      vertex 2.986574e-001 5.458466e-001 2.609284e+000
      vertex 3.040898e-001 5.495898e-001 2.758495e+000
    endloop 
  endfacet
  facet normal -1.400151E-001 9.899527E-001 -1.973684E-002
    outer loop 
      vertex 1.741319e-001 5.295278e-001 2.674172e+000
      vertex 3.040898e-001 5.495898e-001 2.758495e+000
      vertex 2.986574e-001 5.458466e-001 2.609284e+000
    endloop 
  endfacet
  facet normal -1.441561E-001 9.891951E-001 -2.668348E-002
    outer loop 
      vertex 3.040898e-001 5.495898e-001 2.758495e+000
      vertex 4.187663e-001 5.695797e-001 2.880016e+000
      vertex 4.236261e-001 5.659726e-001 2.720041e+000
    endloop 
  endfacet
  facet normal -1.504968E-001 9.883965E-001 -2.056859E-002
    outer loop 
      vertex 4.187663e-001 5.695797e-001 2.880016e+000
      vertex 3.040898e-001 5.495898e-001 2.758495e+000
      vertex 2.068033e-001 5.371938e-001 2.874653e+000
    endloop 
  endfacet
  facet normal -1.433694E-001 9.895633E-001 -1.447467E-002
    outer loop 
      vertex 1.741319e-001 5.295278e-001 2.674172e+000
      vertex 2.068033e-001 5.371938e-001 2.874653e+000
      vertex 3.040898e-001 5.495898e-001 2.758495e+000
    endloop 
  endfacet
  facet normal 1.425062E-001 -9.896117E-001 -1.899055E-002
    outer loop 
      vertex -4.237717e-001 -5.661662e-001 2.720005e+000
      vertex -2.731982e-001 -5.428671e-001 2.635786e+000
      vertex -2.745298e-001 -5.458941e-001 2.783535e+000
    endloop 
  endfacet
  facet normal 1.418076E-001 -9.897119E-001 -1.899889E-002
    outer loop 
      vertex -1.242719e-001 -5.229658e-001 2.710648e+000
      vertex -2.745298e-001 -5.458941e-001 2.783535e+000
      vertex -2.731982e-001 -5.428671e-001 2.635786e+000
    endloop 
  endfacet
  facet normal 1.458388E-001 -9.892522E-001 -1.054385E-002
    outer loop 
      vertex -1.242719e-001 -5.229658e-001 2.710648e+000
      vertex -1.243133e-001 -5.244759e-001 2.851762e+000
      vertex -2.745298e-001 -5.458941e-001 2.783535e+000
    endloop 
  endfacet
  facet normal 1.453462E-001 -9.890432E-001 -2.584369E-002
    outer loop 
      vertex -4.190534e-001 -5.696551e-001 2.880062e+000
      vertex -4.237717e-001 -5.661662e-001 2.720005e+000
      vertex -2.745298e-001 -5.458941e-001 2.783535e+000
    endloop 
  endfacet
  facet normal 9.898148E-001 1.411663E-001 -1.840090E-002
    outer loop 
      vertex 5.396990e-001 -2.575088e-001 2.585847e+000
      vertex 5.489692e-001 -2.972276e-001 2.779798e+000
      vertex 5.659103e-001 -4.238003e-001 2.720058e+000
    endloop 
  endfacet
  facet normal 9.896495E-001 1.423533E-001 -1.814991E-002
    outer loop 
      vertex 5.489692e-001 -2.972276e-001 2.779798e+000
      vertex 5.396990e-001 -2.575088e-001 2.585847e+000
      vertex 5.292767e-001 -1.700168e-001 2.703774e+000
    endloop 
  endfacet
  facet normal 9.890714E-001 1.449951E-001 -2.672395E-002
    outer loop 
      vertex 5.659103e-001 -4.238003e-001 2.720058e+000
      vertex 5.489692e-001 -2.972276e-001 2.779798e+000
      vertex 5.695191e-001 -4.189295e-001 2.880050e+000
    endloop 
  endfacet
  facet normal 9.892706E-001 1.455400E-001 -1.271952E-002
    outer loop 
      vertex 5.489692e-001 -2.972276e-001 2.779798e+000
      vertex 5.292767e-001 -1.700168e-001 2.703774e+000
      vertex 5.310364e-001 -1.692770e-001 2.849102e+000
    endloop 
  endfacet
  facet normal 1.136454E-001 -9.934835E-001 8.680901E-003
    outer loop 
      vertex 2.152910e-001 -4.802397e-001 1.991694e+000
      vertex 2.850110e-001 -4.706073e-001 2.181335e+000
      vertex 1.375837e-001 -4.875489e-001 2.172498e+000
    endloop 
  endfacet
  facet normal 1.042043E-001 -9.945454E-001 4.580322E-003
    outer loop 
      vertex 7.555360e-002 -4.948275e-001 2.003278e+000
      vertex 2.152910e-001 -4.802397e-001 1.991694e+000
      vertex 1.375837e-001 -4.875489e-001 2.172498e+000
    endloop 
  endfacet
  facet normal 9.420057E-002 -9.955121E-001 9.050886E-003
    outer loop 
      vertex 2.920632e-001 -4.747806e-001 1.793111e+000
      vertex 2.152910e-001 -4.802397e-001 1.991694e+000
      vertex 1.399888e-001 -4.889251e-001 1.820118e+000
    endloop 
  endfacet
  facet normal 1.042068E-001 -9.945450E-001 4.610329E-003
    outer loop 
      vertex 1.399888e-001 -4.889251e-001 1.820118e+000
      vertex 2.152910e-001 -4.802397e-001 1.991694e+000
      vertex 7.555360e-002 -4.948275e-001 2.003278e+000
    endloop 
  endfacet
  facet normal 1.048712E-001 -9.944140E-001 1.195394E-002
    outer loop 
      vertex 2.152910e-001 -4.802397e-001 1.991694e+000
      vertex 3.719916e-001 -4.634822e-001 2.010982e+000
      vertex 2.850110e-001 -4.706073e-001 2.181335e+000
    endloop 
  endfacet
  facet normal 1.047240E-001 -9.944144E-001 1.314944E-002
    outer loop 
      vertex 3.719916e-001 -4.634822e-001 2.010982e+000
      vertex 2.152910e-001 -4.802397e-001 1.991694e+000
      vertex 2.920632e-001 -4.747806e-001 1.793111e+000
    endloop 
  endfacet
  facet normal 9.802858E-001 1.968416E-001 -1.712232E-002
    outer loop 
      vertex 5.655743e-001 -2.777650e-001 3.754488e+000
      vertex 5.361688e-001 -1.325739e-001 3.740110e+000
      vertex 5.546555e-001 -2.122137e-001 3.882957e+000
    endloop 
  endfacet
  facet normal 9.790720E-001 2.030662E-001 -1.349493E-002
    outer loop 
      vertex 5.131606e-001 -1.369394e-002 3.859704e+000
      vertex 5.546555e-001 -2.122137e-001 3.882957e+000
      vertex 5.361688e-001 -1.325739e-001 3.740110e+000
    endloop 
  endfacet
  facet normal 9.785623E-001 2.048413E-001 -2.135067E-002
    outer loop 
      vertex 5.655743e-001 -2.777650e-001 3.754488e+000
      vertex 5.546555e-001 -2.122137e-001 3.882957e+000
      vertex 5.906362e-001 -3.885970e-001 3.839809e+000
    endloop 
  endfacet
  facet normal 9.789983E-001 2.037197E-001 -7.783646E-003
    outer loop 
      vertex 5.131606e-001 -1.369394e-002 3.859704e+000
      vertex 5.237809e-001 -5.937060e-002 4.000000e+000
      vertex 5.546555e-001 -2.122137e-001 3.882957e+000
    endloop 
  endfacet
  facet normal 9.776028E-001 2.098384E-001 -1.614186E-002
    outer loop 
      vertex 5.585691e-001 -2.214431e-001 4.000000e+000
      vertex 5.546555e-001 -2.122137e-001 3.882957e+000
      vertex 5.237809e-001 -5.937060e-002 4.000000e+000
    endloop 
  endfacet
  facet normal 9.763919E-001 2.154384E-001 -1.565978E-002
    outer loop 
      vertex 5.942082e-001 -3.829637e-001 4.000000e+000
      vertex 5.546555e-001 -2.122137e-001 3.882957e+000
      vertex 5.585691e-001 -2.214431e-001 4.000000e+000
    endloop 
  endfacet
  facet normal 9.779905E-001 2.066139E-001 -2.907365E-002
    outer loop 
      vertex 5.906362e-001 -3.885970e-001 3.839809e+000
      vertex 5.546555e-001 -2.122137e-001 3.882957e+000
      vertex 5.942082e-001 -3.829637e-001 4.000000e+000
    endloop 
  endfacet
  facet normal -9.795330E-001 -2.012766E-001 -1.706370E-003
    outer loop 
      vertex -4.772195e-001 -1.625465e-001 3.855174e+000
      vertex -5.105459e-001 -3.154203e-004 3.849876e+000
      vertex -4.960810e-001 -6.956290e-002 3.714508e+000
    endloop 
  endfacet
  facet normal -9.795439E-001 -2.012306E-001 -2.287438E-004
    outer loop 
      vertex -5.105459e-001 -3.154203e-004 3.849876e+000
      vertex -4.772195e-001 -1.625465e-001 3.855174e+000
      vertex -4.893816e-001 -1.035091e-001 4.000000e+000
    endloop 
  endfacet
  facet normal -9.796291E-001 -2.006488E-001 -8.173657E-003
    outer loop 
      vertex -5.506681e-001 1.971665e-001 3.810764e+000
      vertex -5.105459e-001 -3.154203e-004 3.849876e+000
      vertex -5.239996e-001 5.925403e-002 4.000000e+000
    endloop 
  endfacet
  facet normal -9.795726E-001 -2.008727E-001 -9.362056E-003
    outer loop 
      vertex -5.506681e-001 1.971665e-001 3.810764e+000
      vertex -5.254348e-001 7.901845e-002 3.705542e+000
      vertex -5.105459e-001 -3.154203e-004 3.849876e+000
    endloop 
  endfacet
  facet normal -9.781084E-001 -2.080333E-001 -5.107215E-003
    outer loop 
      vertex -5.105459e-001 -3.154203e-004 3.849876e+000
      vertex -4.893816e-001 -1.035091e-001 4.000000e+000
      vertex -5.239996e-001 5.925403e-002 4.000000e+000
    endloop 
  endfacet
  facet normal -9.809600E-001 -1.941318E-001 -5.513773E-003
    outer loop 
      vertex -4.960810e-001 -6.956290e-002 3.714508e+000
      vertex -5.105459e-001 -3.154203e-004 3.849876e+000
      vertex -5.254348e-001 7.901845e-002 3.705542e+000
    endloop 
  endfacet
  facet normal 2.017862E-001 -9.793957E-001 -8.149140E-003
    outer loop 
      vertex -1.273063e-001 -5.367287e-001 3.854421e+000
      vertex 2.755053e-002 -5.048339e-001 3.855683e+000
      vertex -5.945522e-002 -5.239606e-001 4.000000e+000
    endloop 
  endfacet
  facet normal 2.017829E-001 -9.794006E-001 -7.625597E-003
    outer loop 
      vertex -1.273063e-001 -5.367287e-001 3.854421e+000
      vertex -4.386516e-002 -5.184444e-001 3.714008e+000
      vertex 2.755053e-002 -5.048339e-001 3.855683e+000
    endloop 
  endfacet
  facet normal 2.013999E-001 -9.795089E-001 4.895455E-004
    outer loop 
      vertex 1.089574e-001 -4.881679e-001 3.711014e+000
      vertex 1.767730e-001 -4.741526e-001 3.854004e+000
      vertex 2.755053e-002 -5.048339e-001 3.855683e+000
    endloop 
  endfacet
  facet normal 2.013896E-001 -9.795111E-001 -4.680101E-004
    outer loop 
      vertex 1.767730e-001 -4.741526e-001 3.854004e+000
      vertex 1.032944e-001 -4.893297e-001 4.000000e+000
      vertex 2.755053e-002 -5.048339e-001 3.855683e+000
    endloop 
  endfacet
  facet normal 2.081247E-001 -9.780935E-001 -4.155187E-003
    outer loop 
      vertex 2.755053e-002 -5.048339e-001 3.855683e+000
      vertex 1.032944e-001 -4.893297e-001 4.000000e+000
      vertex -5.945522e-002 -5.239606e-001 4.000000e+000
    endloop 
  endfacet
  facet normal 1.942674E-001 -9.809417E-001 -3.689077E-003
    outer loop 
      vertex 1.089574e-001 -4.881679e-001 3.711014e+000
      vertex 2.755053e-002 -5.048339e-001 3.855683e+000
      vertex -4.386516e-002 -5.184444e-001 3.714008e+000
    endloop 
  endfacet
  facet normal -9.955628E-001 -9.210232E-002 -1.928163E-002
    outer loop 
      vertex -5.438631e-001 4.518553e-001 1.760004e+000
      vertex -5.290122e-001 3.211443e-001 1.617580e+000
      vertex -5.290327e-001 2.823643e-001 1.803879e+000
    endloop 
  endfacet
  facet normal -9.970508E-001 -7.432161E-002 -1.912744E-002
    outer loop 
      vertex -5.285059e-001 3.617480e-001 1.433419e+000
      vertex -5.163529e-001 1.998033e-001 1.429174e+000
      vertex -5.290122e-001 3.211443e-001 1.617580e+000
    endloop 
  endfacet
  facet normal -9.962698E-001 -8.365209E-002 -2.118248E-002
    outer loop 
      vertex -5.285059e-001 3.617480e-001 1.433419e+000
      vertex -5.290122e-001 3.211443e-001 1.617580e+000
      vertex -5.399989e-001 4.564455e-001 1.599993e+000
    endloop 
  endfacet
  facet normal -9.960865E-001 -8.432499E-002 -2.647394E-002
    outer loop 
      vertex -5.290122e-001 3.211443e-001 1.617580e+000
      vertex -5.438631e-001 4.518553e-001 1.760004e+000
      vertex -5.399989e-001 4.564455e-001 1.599993e+000
    endloop 
  endfacet
  facet normal -9.993795E-001 -3.268155E-002 1.314433E-002
    outer loop 
      vertex -4.909402e-001 -2.643112e-001 6.960230e-001
      vertex -4.951464e-001 -1.569177e-001 6.432366e-001
      vertex -4.929963e-001 -2.606689e-001 5.487520e-001
    endloop 
  endfacet
  facet normal 9.854216E-001 1.700803E-001 -4.127624E-003
    outer loop 
      vertex 5.045249e-001 1.252981e-002 3.108528e+000
      vertex 4.807577e-001 1.535199e-001 3.243936e+000
      vertex 5.086582e-001 -6.724268e-003 3.301915e+000
    endloop 
  endfacet
  facet normal 9.867179E-001 1.623914E-001 4.105747E-003
    outer loop 
      vertex 4.699627e-001 2.228563e-001 3.095860e+000
      vertex 4.807577e-001 1.535199e-001 3.243936e+000
      vertex 5.045249e-001 1.252981e-002 3.108528e+000
    endloop 
  endfacet
  facet normal 9.850410E-001 1.723060E-001 2.206951E-003
    outer loop 
      vertex 4.807577e-001 1.535199e-001 3.243936e+000
      vertex 4.865219e-001 1.186631e-001 3.392617e+000
      vertex 5.086582e-001 -6.724268e-003 3.301915e+000
    endloop 
  endfacet
  facet normal 9.854678E-001 1.696915E-001 7.615129E-003
    outer loop 
      vertex 4.513818e-001 3.241151e-001 3.243999e+000
      vertex 4.807577e-001 1.535199e-001 3.243936e+000
      vertex 4.699627e-001 2.228563e-001 3.095860e+000
    endloop 
  endfacet
  facet normal 9.854488E-001 1.696874E-001 9.839520E-003
    outer loop 
      vertex 4.589592e-001 2.711090e-001 3.399227e+000
      vertex 4.807577e-001 1.535199e-001 3.243936e+000
      vertex 4.513818e-001 3.241151e-001 3.243999e+000
    endloop 
  endfacet
  facet normal 9.840658E-001 1.777694E-001 3.525593E-003
    outer loop 
      vertex 4.589592e-001 2.711090e-001 3.399227e+000
      vertex 4.865219e-001 1.186631e-001 3.392617e+000
      vertex 4.807577e-001 1.535199e-001 3.243936e+000
    endloop 
  endfacet
  facet normal 9.214140E-002 -9.955394E-001 2.027756E-002
    outer loop 
      vertex 4.313051e-001 -4.604597e-001 1.852331e+000
      vertex 4.224297e-001 -4.644623e-001 1.696151e+000
      vertex 5.437353e-001 -4.519336e-001 1.760043e+000
    endloop 
  endfacet
  facet normal 9.379172E-002 -9.953873E-001 2.017988E-002
    outer loop 
      vertex 4.313051e-001 -4.604597e-001 1.852331e+000
      vertex 2.920632e-001 -4.747806e-001 1.793111e+000
      vertex 4.224297e-001 -4.644623e-001 1.696151e+000
    endloop 
  endfacet
  facet normal 8.372337E-002 -9.962789E-001 2.046471E-002
    outer loop 
      vertex 4.314058e-001 -4.668675e-001 1.542337e+000
      vertex 5.398568e-001 -4.565683e-001 1.600046e+000
      vertex 4.224297e-001 -4.644623e-001 1.696151e+000
    endloop 
  endfacet
  facet normal 8.240654E-002 -9.963902E-001 2.038961E-002
    outer loop 
      vertex 3.106218e-001 -4.759895e-001 1.584730e+000
      vertex 4.314058e-001 -4.668675e-001 1.542337e+000
      vertex 4.224297e-001 -4.644623e-001 1.696151e+000
    endloop 
  endfacet
  facet normal 8.877953E-002 -9.956937E-001 2.669073E-002
    outer loop 
      vertex 5.437353e-001 -4.519336e-001 1.760043e+000
      vertex 4.224297e-001 -4.644623e-001 1.696151e+000
      vertex 5.398568e-001 -4.565683e-001 1.600046e+000
    endloop 
  endfacet
  facet normal 8.902017E-002 -9.959356E-001 1.370600E-002
    outer loop 
      vertex 2.920632e-001 -4.747806e-001 1.793111e+000
      vertex 3.106218e-001 -4.759895e-001 1.584730e+000
      vertex 4.224297e-001 -4.644623e-001 1.696151e+000
    endloop 
  endfacet
  facet normal -1.358312E-001 9.905509E-001 1.894135E-002
    outer loop 
      vertex -4.390447e-001 4.435373e-001 2.640536e+000
      vertex -3.039789e-001 4.630609e-001 2.588109e+000
      vertex -4.150899e-001 4.496005e-001 2.495240e+000
    endloop 
  endfacet
  facet normal -1.338170E-001 9.908184E-001 1.928459E-002
    outer loop 
      vertex -5.625535e-001 4.284240e-001 2.560002e+000
      vertex -4.390447e-001 4.435373e-001 2.640536e+000
      vertex -4.150899e-001 4.496005e-001 2.495240e+000
    endloop 
  endfacet
  facet normal -1.379853E-001 9.903448E-001 1.331498E-002
    outer loop 
      vertex -4.390447e-001 4.435373e-001 2.640536e+000
      vertex -3.270710e-001 4.579719e-001 2.727316e+000
      vertex -3.039789e-001 4.630609e-001 2.588109e+000
    endloop 
  endfacet
  facet normal -1.384021E-001 9.900224E-001 2.646576E-002
    outer loop 
      vertex -5.625535e-001 4.284240e-001 2.560002e+000
      vertex -5.661647e-001 4.236422e-001 2.719995e+000
      vertex -4.390447e-001 4.435373e-001 2.640536e+000
    endloop 
  endfacet
  facet normal 9.910824E-001 1.317673E-001 1.982831E-002
    outer loop 
      vertex 4.468507e-001 4.363092e-001 2.489799e+000
      vertex 4.445844e-001 4.332681e-001 2.623286e+000
      vertex 4.696218e-001 2.607273e-001 2.518441e+000
    endloop 
  endfacet
  facet normal 9.907315E-001 1.343718E-001 1.988170E-002
    outer loop 
      vertex 4.445844e-001 4.332681e-001 2.623286e+000
      vertex 4.468507e-001 4.363092e-001 2.489799e+000
      vertex 4.283382e-001 5.624106e-001 2.560037e+000
    endloop 
  endfacet
  facet normal 9.905195E-001 1.369135E-001 1.122486E-002
    outer loop 
      vertex 4.625237e-001 2.980063e-001 2.690095e+000
      vertex 4.696218e-001 2.607273e-001 2.518441e+000
      vertex 4.445844e-001 4.332681e-001 2.623286e+000
    endloop 
  endfacet
  facet normal 9.901787E-001 1.373493E-001 2.610310E-002
    outer loop 
      vertex 4.236261e-001 5.659726e-001 2.720041e+000
      vertex 4.445844e-001 4.332681e-001 2.623286e+000
      vertex 4.283382e-001 5.624106e-001 2.560037e+000
    endloop 
  endfacet
  facet normal 1.391500E-001 -9.899290E-001 2.603485E-002
    outer loop 
      vertex 5.659103e-001 -4.238003e-001 2.720058e+000
      vertex 4.524170e-001 -4.412330e-001 2.663802e+000
      vertex 5.623277e-001 -4.285127e-001 2.560023e+000
    endloop 
  endfacet
  facet normal 1.427284E-001 -9.895851E-001 1.870896E-002
    outer loop 
      vertex 4.078383e-001 -4.443923e-001 2.836781e+000
      vertex 4.524170e-001 -4.412330e-001 2.663802e+000
      vertex 5.659103e-001 -4.238003e-001 2.720058e+000
    endloop 
  endfacet
  facet normal 1.399837E-001 -9.899903E-001 1.799422E-002
    outer loop 
      vertex 4.078383e-001 -4.443923e-001 2.836781e+000
      vertex 3.182612e-001 -4.599837e-001 2.675840e+000
      vertex 4.524170e-001 -4.412330e-001 2.663802e+000
    endloop 
  endfacet
  facet normal -9.997038E-001 -1.500211E-002 -1.916739E-002
    outer loop 
      vertex -5.025774e-001 3.597291e-001 1.628271e-001
      vertex -5.058978e-001 3.387622e-001 3.524210e-001
      vertex -5.075808e-001 4.922562e-001 3.200589e-001
    endloop 
  endfacet
  facet normal -9.995072E-001 -1.657871E-002 -2.665549E-002
    outer loop 
      vertex -5.075808e-001 4.922562e-001 3.200589e-001
      vertex -5.058978e-001 3.387622e-001 3.524210e-001
      vertex -5.117740e-001 4.878717e-001 4.800211e-001
    endloop 
  endfacet
  facet normal 9.787083E-001 2.045868E-001 1.656247E-002
    outer loop 
      vertex 4.189428e-001 4.306788e-001 4.000000e+000
      vertex 4.408545e-001 3.361727e-001 3.872575e+000
      vertex 4.101048e-001 4.812286e-001 3.897841e+000
    endloop 
  endfacet
  facet normal 9.760375E-001 2.164205E-001 2.264904E-002
    outer loop 
      vertex 3.826352e-001 5.944228e-001 4.000000e+000
      vertex 4.189428e-001 4.306788e-001 4.000000e+000
      vertex 4.101048e-001 4.812286e-001 3.897841e+000
    endloop 
  endfacet
  facet normal 9.773722E-001 2.092502E-001 3.095275E-002
    outer loop 
      vertex 3.885183e-001 5.906221e-001 3.839929e+000
      vertex 3.826352e-001 5.944228e-001 4.000000e+000
      vertex 4.101048e-001 4.812286e-001 3.897841e+000
    endloop 
  endfacet
  facet normal 9.787566E-001 2.041090E-001 1.936416E-002
    outer loop 
      vertex 4.211711e-001 4.414071e-001 3.758238e+000
      vertex 4.101048e-001 4.812286e-001 3.897841e+000
      vertex 4.408545e-001 3.361727e-001 3.872575e+000
    endloop 
  endfacet
  facet normal 9.788781E-001 2.035083E-001 1.954515E-002
    outer loop 
      vertex 4.211711e-001 4.414071e-001 3.758238e+000
      vertex 3.885183e-001 5.906221e-001 3.839929e+000
      vertex 4.101048e-001 4.812286e-001 3.897841e+000
    endloop 
  endfacet
  facet normal 1.048704E-001 -9.944160E-001 -1.179197E-002
    outer loop 
      vertex -1.633986e-001 -5.217674e-001 2.155442e+000
      vertex -1.994806e-001 -5.236776e-001 1.995639e+000
      vertex -6.222870e-002 -5.093901e-001 2.011410e+000
    endloop 
  endfacet
  facet normal -7.179797E-002 9.973676E-001 1.014394E-002
    outer loop 
      vertex -2.428475e-001 4.822859e-001 1.517035e+000
      vertex -1.571724e-001 4.900898e-001 1.356137e+000
      vertex -3.686322e-001 4.744874e-001 1.393498e+000
    endloop 
  endfacet
  facet normal -7.255657E-002 9.970077E-001 2.666704E-002
    outer loop 
      vertex -3.686322e-001 4.744874e-001 1.393498e+000
      vertex -5.321295e-001 4.656239e-001 1.280032e+000
      vertex -5.360724e-001 4.610574e-001 1.440032e+000
    endloop 
  endfacet
  facet normal 9.974706E-001 7.005438E-002 1.203152E-002
    outer loop 
      vertex 4.735067e-001 3.909097e-001 1.358674e+000
      vertex 4.802848e-001 2.751956e-001 1.470499e+000
      vertex 4.852325e-001 2.352285e-001 1.293015e+000
    endloop 
  endfacet
  facet normal 9.971184E-001 7.090095E-002 2.698023E-002
    outer loop 
      vertex 4.655957e-001 5.320696e-001 1.280093e+000
      vertex 4.609849e-001 5.360555e-001 1.440020e+000
      vertex 4.735067e-001 3.909097e-001 1.358674e+000
    endloop 
  endfacet
  facet normal 9.976391E-001 6.616119E-002 1.841350E-002
    outer loop 
      vertex 4.655957e-001 5.320696e-001 1.280093e+000
      vertex 4.735067e-001 3.909097e-001 1.358674e+000
      vertex 4.785343e-001 3.673492e-001 1.170938e+000
    endloop 
  endfacet
  facet normal 9.975566E-001 6.743777E-002 1.825108E-002
    outer loop 
      vertex 4.785343e-001 3.673492e-001 1.170938e+000
      vertex 4.735067e-001 3.909097e-001 1.358674e+000
      vertex 4.852325e-001 2.352285e-001 1.293015e+000
    endloop 
  endfacet
  facet normal -9.972250E-001 -7.326154E-002 1.322543E-002
    outer loop 
      vertex -4.725374e-001 -3.923286e-001 1.409572e+000
      vertex -4.785602e-001 -2.898004e-001 1.523389e+000
      vertex -4.842192e-001 -2.328947e-001 1.411918e+000
    endloop 
  endfacet
  facet normal -9.969398E-001 -7.356301E-002 2.644674E-002
    outer loop 
      vertex -4.656593e-001 -5.321070e-001 1.280048e+000
      vertex -4.611260e-001 -5.360583e-001 1.439947e+000
      vertex -4.725374e-001 -3.923286e-001 1.409572e+000
    endloop 
  endfacet
  facet normal 1.290570E-001 -9.915916E-001 -9.511279E-003
    outer loop 
      vertex -4.759305e-002 -5.104393e-001 2.466674e+000
      vertex -2.435639e-001 -5.359445e-001 2.466595e+000
      vertex -1.158540e-001 -5.179299e-001 2.321370e+000
    endloop 
  endfacet
  facet normal 1.217170E-001 -9.925466E-001 -6.013828E-003
    outer loop 
      vertex -4.759305e-002 -5.104393e-001 2.466674e+000
      vertex -1.158540e-001 -5.179299e-001 2.321370e+000
      vertex 4.820761e-002 -4.978482e-001 2.327538e+000
    endloop 
  endfacet
  facet normal 9.818227E-001 1.894084E-001 -1.219163E-002
    outer loop 
      vertex 5.607957e-001 -2.679627e-001 3.619991e+000
      vertex 5.318480e-001 -1.209205e-001 3.573198e+000
      vertex 5.361688e-001 -1.325739e-001 3.740110e+000
    endloop 
  endfacet
  facet normal 9.810721E-001 1.932765E-001 -1.190214E-002
    outer loop 
      vertex 5.318480e-001 -1.209205e-001 3.573198e+000
      vertex 4.987800e-001 5.409877e-002 3.689564e+000
      vertex 5.361688e-001 -1.325739e-001 3.740110e+000
    endloop 
  endfacet
  facet normal 9.821507E-001 1.870504E-001 -1.980429E-002
    outer loop 
      vertex 5.607957e-001 -2.679627e-001 3.619991e+000
      vertex 5.580075e-001 -2.692715e-001 3.469352e+000
      vertex 5.318480e-001 -1.209205e-001 3.573198e+000
    endloop 
  endfacet
  facet normal 9.832692E-001 1.817648E-001 -1.197164E-002
    outer loop 
      vertex 5.580075e-001 -2.692715e-001 3.469352e+000
      vertex 5.326424e-001 -1.372911e-001 3.389890e+000
      vertex 5.318480e-001 -1.209205e-001 3.573198e+000
    endloop 
  endfacet
  facet normal 9.822033E-001 1.877912E-001 -3.330659E-003
    outer loop 
      vertex 5.061601e-001 1.198957e-002 3.491702e+000
      vertex 4.987800e-001 5.409877e-002 3.689564e+000
      vertex 5.318480e-001 -1.209205e-001 3.573198e+000
    endloop 
  endfacet
  facet normal 9.831097E-001 1.826208E-001 -1.204877E-002
    outer loop 
      vertex 5.061601e-001 1.198957e-002 3.491702e+000
      vertex 5.318480e-001 -1.209205e-001 3.573198e+000
      vertex 5.326424e-001 -1.372911e-001 3.389890e+000
    endloop 
  endfacet
  facet normal -1.868654E-001 9.823157E-001 -1.171844E-002
    outer loop 
      vertex 2.417389e-001 5.550104e-001 3.575810e+000
      vertex 1.207617e-001 5.302330e-001 3.427942e+000
      vertex 5.240301e-002 5.187737e-001 3.557411e+000
    endloop 
  endfacet
  facet normal -1.868806E-001 9.823146E-001 -1.155947E-002
    outer loop 
      vertex 1.206959e-001 5.335946e-001 3.712798e+000
      vertex 2.417389e-001 5.550104e-001 3.575810e+000
      vertex 5.240301e-002 5.187737e-001 3.557411e+000
    endloop 
  endfacet
  facet normal -1.859782E-001 9.825536E-001 -6.879574E-004
    outer loop 
      vertex -7.766663e-002 4.942406e-001 3.681107e+000
      vertex 5.240301e-002 5.187737e-001 3.557411e+000
      vertex -9.494909e-002 4.908566e-001 3.519930e+000
    endloop 
  endfacet
  facet normal -1.851911E-001 9.826949E-001 -3.887669E-003
    outer loop 
      vertex 5.240301e-002 5.187737e-001 3.557411e+000
      vertex -2.954409e-002 5.027408e-001 3.408336e+000
      vertex -9.494909e-002 4.908566e-001 3.519930e+000
    endloop 
  endfacet
  facet normal -1.932661E-001 9.811084E-001 -8.637990E-003
    outer loop 
      vertex -7.766663e-002 4.942406e-001 3.681107e+000
      vertex 1.206959e-001 5.335946e-001 3.712798e+000
      vertex 5.240301e-002 5.187737e-001 3.557411e+000
    endloop 
  endfacet
  facet normal -1.789818E-001 9.838244E-001 -7.422426E-003
    outer loop 
      vertex -2.954409e-002 5.027408e-001 3.408336e+000
      vertex 5.240301e-002 5.187737e-001 3.557411e+000
      vertex 1.207617e-001 5.302330e-001 3.427942e+000
    endloop 
  endfacet
  facet normal -9.999772E-001 -6.742506E-003 -2.386004E-004
    outer loop 
      vertex -5.004717e-001 6.510595e-002 1.371461e-001
      vertex -5.000000e-001 0.000000e+000 0.000000e+000
      vertex -4.990376e-001 -1.477156e-001 1.409004e-001
    endloop 
  endfacet
  facet normal -9.998604E-001 -6.500253E-003 1.539247E-002
    outer loop 
      vertex -4.962929e-001 -3.239845e-001 2.447556e-001
      vertex -4.990376e-001 -1.477156e-001 1.409004e-001
      vertex -5.000000e-001 -3.333333e-001 0.000000e+000
    endloop 
  endfacet
  facet normal -9.999096E-001 -1.110675E-002 7.575372E-003
    outer loop 
      vertex -4.978005e-001 -1.535192e-001 2.956893e-001
      vertex -4.990376e-001 -1.477156e-001 1.409004e-001
      vertex -4.962929e-001 -3.239845e-001 2.447556e-001
    endloop 
  endfacet
  facet normal -9.999767E-001 0.000000E+000 6.830032E-003
    outer loop 
      vertex -4.990376e-001 -1.477156e-001 1.409004e-001
      vertex -5.000000e-001 -1.666667e-001 0.000000e+000
      vertex -5.000000e-001 -3.333333e-001 0.000000e+000
    endloop 
  endfacet
  facet normal -9.999767E-001 0.000000E+000 6.830032E-003
    outer loop 
      vertex -4.990376e-001 -1.477156e-001 1.409004e-001
      vertex -5.000000e-001 0.000000e+000 0.000000e+000
      vertex -5.000000e-001 -1.666667e-001 0.000000e+000
    endloop 
  endfacet
  facet normal 9.802880E-001 1.965069E-001 -2.050706E-002
    outer loop 
      vertex 5.361688e-001 -1.325739e-001 3.740110e+000
      vertex 5.655743e-001 -2.777650e-001 3.754488e+000
      vertex 5.607957e-001 -2.679627e-001 3.619991e+000
    endloop 
  endfacet
  facet normal 9.807822E-001 1.950372E-001 -5.184935E-003
    outer loop 
      vertex 4.987800e-001 5.409877e-002 3.689564e+000
      vertex 5.131606e-001 -1.369394e-002 3.859704e+000
      vertex 5.361688e-001 -1.325739e-001 3.740110e+000
    endloop 
  endfacet
  facet normal 7.427382E-002 -9.970200E-001 -2.084469E-002
    outer loop 
      vertex -4.611260e-001 -5.360583e-001 1.439947e+000
      vertex -3.526097e-001 -5.245875e-001 1.277951e+000
      vertex -2.806731e-001 -5.222362e-001 1.421812e+000
    endloop 
  endfacet
  facet normal 6.676243E-002 -9.976227E-001 -1.707882E-002
    outer loop 
      vertex -1.935963e-001 -5.141653e-001 1.290762e+000
      vertex -2.806731e-001 -5.222362e-001 1.421812e+000
      vertex -3.526097e-001 -5.245875e-001 1.277951e+000
    endloop 
  endfacet
  facet normal 7.484291E-002 -9.971044E-001 -1.346906E-002
    outer loop 
      vertex -2.078471e-001 -5.183991e-001 1.542427e+000
      vertex -2.806731e-001 -5.222362e-001 1.421812e+000
      vertex -1.227256e-001 -5.106479e-001 1.441600e+000
    endloop 
  endfacet
  facet normal 7.463844E-002 -9.971406E-001 -1.181587E-002
    outer loop 
      vertex -1.935963e-001 -5.141653e-001 1.290762e+000
      vertex -1.227256e-001 -5.106479e-001 1.441600e+000
      vertex -2.806731e-001 -5.222362e-001 1.421812e+000
    endloop 
  endfacet
  facet normal 9.857047E-001 1.673526E-001 -1.947639E-002
    outer loop 
      vertex 5.765164e-001 -4.092517e-001 3.200020e+000
      vertex 5.534838e-001 -2.828212e-001 3.120703e+000
      vertex 5.551010e-001 -2.717379e-001 3.297784e+000
    endloop 
  endfacet
  facet normal 9.856663E-001 1.675774E-001 -1.949011E-002
    outer loop 
      vertex 5.551010e-001 -2.717379e-001 3.297784e+000
      vertex 5.534838e-001 -2.828212e-001 3.120703e+000
      vertex 5.307806e-001 -1.396451e-001 3.203580e+000
    endloop 
  endfacet
  facet normal 9.843261E-001 1.753103E-001 -1.919516E-002
    outer loop 
      vertex 5.799380e-001 -4.043763e-001 3.360028e+000
      vertex 5.551010e-001 -2.717379e-001 3.297784e+000
      vertex 5.580075e-001 -2.692715e-001 3.469352e+000
    endloop 
  endfacet
  facet normal 9.839282E-001 1.775273E-001 -1.922029E-002
    outer loop 
      vertex 5.326424e-001 -1.372911e-001 3.389890e+000
      vertex 5.580075e-001 -2.692715e-001 3.469352e+000
      vertex 5.551010e-001 -2.717379e-001 3.297784e+000
    endloop 
  endfacet
  facet normal 9.847365E-001 1.720530E-001 -2.630000E-002
    outer loop 
      vertex 5.551010e-001 -2.717379e-001 3.297784e+000
      vertex 5.799380e-001 -4.043763e-001 3.360028e+000
      vertex 5.765164e-001 -4.092517e-001 3.200020e+000
    endloop 
  endfacet
  facet normal 9.848908E-001 1.727587E-001 -1.202485E-002
    outer loop 
      vertex 5.307806e-001 -1.396451e-001 3.203580e+000
      vertex 5.326424e-001 -1.372911e-001 3.389890e+000
      vertex 5.551010e-001 -2.717379e-001 3.297784e+000
    endloop 
  endfacet
  facet normal -9.787396E-001 -2.038971E-001 2.224460E-002
    outer loop 
      vertex -4.159897e-001 -4.573616e-001 3.864963e+000
      vertex -4.126506e-001 -4.866521e-001 3.743400e+000
      vertex -3.887641e-001 -5.907745e-001 3.839978e+000
    endloop 
  endfacet
  facet normal -9.803506E-001 -1.962107E-001 2.034833E-002
    outer loop 
      vertex -4.126506e-001 -4.866521e-001 3.743400e+000
      vertex -4.159897e-001 -4.573616e-001 3.864963e+000
      vertex -4.373444e-001 -3.653910e-001 3.722961e+000
    endloop 
  endfacet
  facet normal -9.789276E-001 -2.036426E-001 1.517923E-002
    outer loop 
      vertex -4.194401e-001 -4.307096e-001 4.000000e+000
      vertex -4.465746e-001 -3.107306e-001 3.859686e+000
      vertex -4.159897e-001 -4.573616e-001 3.864963e+000
    endloop 
  endfacet
  facet normal -9.789265E-001 -2.036371E-001 1.532427E-002
    outer loop 
      vertex -4.373444e-001 -3.653910e-001 3.722961e+000
      vertex -4.159897e-001 -4.573616e-001 3.864963e+000
      vertex -4.465746e-001 -3.107306e-001 3.859686e+000
    endloop 
  endfacet
  facet normal -9.763012E-001 -2.156971E-001 1.762550E-002
    outer loop 
      vertex -4.194401e-001 -4.307096e-001 4.000000e+000
      vertex -4.159897e-001 -4.573616e-001 3.864963e+000
      vertex -3.832296e-001 -5.946077e-001 4.000000e+000
    endloop 
  endfacet
  facet normal -9.783214E-001 -2.050626E-001 2.892404E-002
    outer loop 
      vertex -3.887641e-001 -5.907745e-001 3.839978e+000
      vertex -3.832296e-001 -5.946077e-001 4.000000e+000
      vertex -4.159897e-001 -4.573616e-001 3.864963e+000
    endloop 
  endfacet
  facet normal 9.969972E-001 7.462522E-002 -2.067913E-002
    outer loop 
      vertex 5.248511e-001 -3.575214e-001 1.276432e+000
      vertex 5.215687e-001 -2.701802e-001 1.433364e+000
      vertex 5.359969e-001 -4.611069e-001 1.439986e+000
    endloop 
  endfacet
  facet normal 9.976678E-001 6.634197E-002 -1.605503E-002
    outer loop 
      vertex 5.215687e-001 -2.701802e-001 1.433364e+000
      vertex 5.248511e-001 -3.575214e-001 1.276432e+000
      vertex 5.155820e-001 -2.188075e-001 1.273632e+000
    endloop 
  endfacet
  facet normal -5.125452E-002 9.985191E-001 1.824030E-002
    outer loop 
      vertex -3.738953e-001 4.830951e-001 9.036561e-001
      vertex -3.632903e-001 4.806553e-001 1.067018e+000
      vertex -2.159244e-001 4.895045e-001 9.966848e-001
    endloop 
  endfacet
  facet normal -4.681217E-002 9.988467E-001 1.067422E-002
    outer loop 
      vertex -2.355771e-001 4.902762e-001 8.382818e-001
      vertex -3.738953e-001 4.830951e-001 9.036561e-001
      vertex -2.159244e-001 4.895045e-001 9.966848e-001
    endloop 
  endfacet
  facet normal -4.165661E-002 9.989555E-001 1.877622E-002
    outer loop 
      vertex -3.738953e-001 4.830951e-001 9.036561e-001
      vertex -3.777705e-001 4.859405e-001 7.436771e-001
      vertex -5.201672e-001 4.789440e-001 7.999904e-001
    endloop 
  endfacet
  facet normal -4.297101E-002 9.988993E-001 1.880706E-002
    outer loop 
      vertex -2.355771e-001 4.902762e-001 8.382818e-001
      vertex -3.777705e-001 4.859405e-001 7.436771e-001
      vertex -3.738953e-001 4.830951e-001 9.036561e-001
    endloop 
  endfacet
  facet normal -4.695923E-002 9.985512E-001 2.627439E-002
    outer loop 
      vertex -5.201672e-001 4.789440e-001 7.999904e-001
      vertex -5.241792e-001 4.745449e-001 9.600084e-001
      vertex -3.738953e-001 4.830951e-001 9.036561e-001
    endloop 
  endfacet
  facet normal -5.000374E-002 9.985839E-001 1.816007E-002
    outer loop 
      vertex -5.241792e-001 4.745449e-001 9.600084e-001
      vertex -3.632903e-001 4.806553e-001 1.067018e+000
      vertex -3.738953e-001 4.830951e-001 9.036561e-001
    endloop 
  endfacet
  facet normal 9.989727E-001 4.088556E-002 1.954302E-002
    outer loop 
      vertex 4.821936e-001 3.961861e-001 8.952072e-001
      vertex 4.860259e-001 3.748135e-001 7.440304e-001
      vertex 4.789859e-001 5.200588e-001 8.000246e-001
    endloop 
  endfacet
  facet normal 9.988679E-001 4.353912E-002 1.916522E-002
    outer loop 
      vertex 4.821936e-001 3.961861e-001 8.952072e-001
      vertex 4.896900e-001 2.479603e-001 8.412439e-001
      vertex 4.860259e-001 3.748135e-001 7.440304e-001
    endloop 
  endfacet
  facet normal 9.988691E-001 4.552365E-002 1.371431E-002
    outer loop 
      vertex 4.896900e-001 2.479603e-001 8.412439e-001
      vertex 4.821936e-001 3.961861e-001 8.952072e-001
      vertex 4.854381e-001 2.926365e-001 1.002623e+000
    endloop 
  endfacet
  facet normal 9.985811E-001 4.620329E-002 2.647683E-002
    outer loop 
      vertex 4.789859e-001 5.200588e-001 8.000246e-001
      vertex 4.745567e-001 5.241022e-001 9.600159e-001
      vertex 4.821936e-001 3.961861e-001 8.952072e-001
    endloop 
  endfacet
  facet normal 4.091789E-002 -9.989733E-001 1.944119E-002
    outer loop 
      vertex 3.710724e-001 -4.869860e-001 7.027733e-001
      vertex 5.200899e-001 -4.789903e-001 7.999883e-001
      vertex 4.037362e-001 -4.820885e-001 8.856810e-001
    endloop 
  endfacet
  facet normal 4.313475E-002 -9.988878E-001 1.904301E-002
    outer loop 
      vertex 3.710724e-001 -4.869860e-001 7.027733e-001
      vertex 4.037362e-001 -4.820885e-001 8.856810e-001
      vertex 2.635494e-001 -4.891846e-001 8.309999e-001
    endloop 
  endfacet
  facet normal 4.477051E-002 -9.988869E-001 1.484927E-002
    outer loop 
      vertex 2.635494e-001 -4.891846e-001 8.309999e-001
      vertex 4.037362e-001 -4.820885e-001 8.856810e-001
      vertex 3.187300e-001 -4.845515e-001 9.762917e-001
    endloop 
  endfacet
  facet normal 4.594800E-002 -9.985979E-001 2.628465E-002
    outer loop 
      vertex 5.241112e-001 -4.745940e-001 9.599812e-001
      vertex 4.037362e-001 -4.820885e-001 8.856810e-001
      vertex 5.200899e-001 -4.789903e-001 7.999883e-001
    endloop 
  endfacet
  facet normal -9.861128E-001 -1.655017E-001 1.381216E-002
    outer loop 
      vertex -4.334181e-001 -4.406402e-001 3.151483e+000
      vertex -4.556693e-001 -3.034802e-001 3.206366e+000
      vertex -4.511615e-001 -3.461127e-001 3.017358e+000
    endloop 
  endfacet
  facet normal -9.871104E-001 -1.589615E-001 1.855346E-002
    outer loop 
      vertex -4.511615e-001 -3.461127e-001 3.017358e+000
      vertex -4.141653e-001 -5.732024e-001 3.040041e+000
      vertex -4.334181e-001 -4.406402e-001 3.151483e+000
    endloop 
  endfacet
  facet normal -9.858938E-001 -1.652935E-001 2.629571E-002
    outer loop 
      vertex -4.093148e-001 -5.766914e-001 3.199965e+000
      vertex -4.334181e-001 -4.406402e-001 3.151483e+000
      vertex -4.141653e-001 -5.732024e-001 3.040041e+000
    endloop 
  endfacet
  facet normal -1.676918E-001 9.856477E-001 1.944578E-002
    outer loop 
      vertex -4.473019e-001 4.331106e-001 3.100479e+000
      vertex -5.767722e-001 4.091202e-001 3.199985e+000
      vertex -4.420673e-001 4.309404e-001 3.255617e+000
    endloop 
  endfacet
  facet normal -1.653054E-001 9.860522E-001 1.937092E-002
    outer loop 
      vertex -3.289806e-001 4.517530e-001 3.161229e+000
      vertex -4.473019e-001 4.331106e-001 3.100479e+000
      vertex -4.420673e-001 4.309404e-001 3.255617e+000
    endloop 
  endfacet
  facet normal -1.617719E-001 9.867519E-001 1.227408E-002
    outer loop 
      vertex -3.289806e-001 4.517530e-001 3.161229e+000
      vertex -2.948737e-001 4.593449e-001 3.000416e+000
      vertex -4.473019e-001 4.331106e-001 3.100479e+000
    endloop 
  endfacet
  facet normal -1.624147E-001 9.863670E-001 2.648537E-002
    outer loop 
      vertex -4.473019e-001 4.331106e-001 3.100479e+000
      vertex -5.732733e-001 4.139926e-001 3.039983e+000
      vertex -5.767722e-001 4.091202e-001 3.199985e+000
    endloop 
  endfacet
  facet normal 9.866910E-001 1.622301E-001 1.105553E-002
    outer loop 
      vertex 4.612115e-001 2.854812e-001 2.957929e+000
      vertex 4.386246e-001 4.130469e-001 3.101866e+000
      vertex 4.699627e-001 2.228563e-001 3.095860e+000
    endloop 
  endfacet
  facet normal 9.863640E-001 1.623512E-001 2.698436E-002
    outer loop 
      vertex 4.139750e-001 5.730774e-001 3.040063e+000
      vertex 4.090216e-001 5.765814e-001 3.200046e+000
      vertex 4.386246e-001 4.130469e-001 3.101866e+000
    endloop 
  endfacet
  facet normal 9.866785E-001 1.621695E-001 1.290857E-002
    outer loop 
      vertex 4.386246e-001 4.130469e-001 3.101866e+000
      vertex 4.513818e-001 3.241151e-001 3.243999e+000
      vertex 4.699627e-001 2.228563e-001 3.095860e+000
    endloop 
  endfacet
  facet normal 0.000000E+000 0.000000E+000 -1.000000E+000
    outer loop 
      vertex 3.779213e-001 8.281100e-002 0.000000e+000
      vertex 3.752419e-001 -5.933267e-002 0.000000e+000
      vertex 2.514290e-001 2.113478e-002 0.000000e+000
    endloop 
  endfacet
  facet normal 0.000000E+000 0.000000E+000 -1.000000E+000
    outer loop 
      vertex 5.000000e-001 0.000000e+000 0.000000e+000
      vertex 3.752419e-001 -5.933267e-002 0.000000e+000
      vertex 3.779213e-001 8.281100e-002 0.000000e+000
    endloop 
  endfacet
  facet normal 0.000000E+000 0.000000E+000 -1.000000E+000
    outer loop 
      vertex 3.752419e-001 -5.933267e-002 0.000000e+000
      vertex 2.463146e-001 -1.167427e-001 0.000000e+000
      vertex 2.514290e-001 2.113478e-002 0.000000e+000
    endloop 
  endfacet
  facet normal 0.000000E+000 0.000000E+000 -1.000000E+000
    outer loop 
      vertex 5.000000e-001 0.000000e+000 0.000000e+000
      vertex 5.000000e-001 -1.666667e-001 0.000000e+000
      vertex 3.752419e-001 -5.933267e-002 0.000000e+000
    endloop 
  endfacet
  facet normal -9.985495E-001 -4.977680E-002 2.052253E-002
    outer loop 
      vertex -4.745728e-001 -5.241665e-001 9.600024e-001
      vertex -4.840794e-001 -3.340558e-001 9.585558e-001
      vertex -4.823780e-001 -4.093739e-001 8.586581e-001
    endloop 
  endfacet
  facet normal -9.989105E-001 -4.382784E-002 1.603113E-002
    outer loop 
      vertex -4.885167e-001 -2.815992e-001 8.254749e-001
      vertex -4.823780e-001 -4.093739e-001 8.586581e-001
      vertex -4.840794e-001 -3.340558e-001 9.585558e-001
    endloop 
  endfacet
  facet normal -9.986570E-001 -4.453756E-002 2.646529E-002
    outer loop 
      vertex -4.745728e-001 -5.241665e-001 9.600024e-001
      vertex -4.823780e-001 -4.093739e-001 8.586581e-001
      vertex -4.789937e-001 -5.201299e-001 7.999756e-001
    endloop 
  endfacet
  facet normal -9.952297E-001 -9.391766E-002 -2.640711E-002
    outer loop 
      vertex -5.438631e-001 4.518553e-001 1.760004e+000
      vertex -5.290327e-001 2.823643e-001 1.803879e+000
      vertex -5.476748e-001 4.472786e-001 1.919940e+000
    endloop 
  endfacet
  facet normal -9.947655E-001 -1.008454E-001 -1.648870E-002
    outer loop 
      vertex -5.476748e-001 4.472786e-001 1.919940e+000
      vertex -5.290327e-001 2.823643e-001 1.803879e+000
      vertex -5.267509e-001 2.267716e-001 2.006222e+000
    endloop 
  endfacet
  facet normal -9.952497E-001 -9.616186E-002 -1.519645E-002
    outer loop 
      vertex -5.290327e-001 2.823643e-001 1.803879e+000
      vertex -5.142268e-001 1.218280e-001 1.850066e+000
      vertex -5.267509e-001 2.267716e-001 2.006222e+000
    endloop 
  endfacet
  facet normal -3.702378E-002 9.992979E-001 -5.748071E-003
    outer loop 
      vertex 1.000894e-001 5.030675e-001 5.671134e-001
      vertex 1.190666e-002 5.007784e-001 7.371442e-001
      vertex 1.786388e-001 5.067967e-001 7.094930e-001
    endloop 
  endfacet
  facet normal -3.040138E-002 9.995351E-001 -2.310314E-003
    outer loop 
      vertex 1.190666e-002 5.007784e-001 7.371442e-001
      vertex 1.000894e-001 5.030675e-001 5.671134e-001
      vertex -9.151343e-002 4.973546e-001 6.167818e-001
    endloop 
  endfacet
  facet normal -2.079840E-002 9.997662E-001 -5.912079E-003
    outer loop 
      vertex 2.169043e-001 5.046449e-001 4.229076e-001
      vertex 7.236318e-002 5.015700e-001 4.114159e-001
      vertex 1.000894e-001 5.030675e-001 5.671134e-001
    endloop 
  endfacet
  facet normal -2.847237E-002 9.995210E-001 -1.213111E-002
    outer loop 
      vertex 1.000894e-001 5.030675e-001 5.671134e-001
      vertex 3.124500e-001 5.090780e-001 5.639138e-001
      vertex 2.169043e-001 5.046449e-001 4.229076e-001
    endloop 
  endfacet
  facet normal -2.844812E-002 9.995403E-001 -1.048553E-002
    outer loop 
      vertex 1.000894e-001 5.030675e-001 5.671134e-001
      vertex 1.786388e-001 5.067967e-001 7.094930e-001
      vertex 3.124500e-001 5.090780e-001 5.639138e-001
    endloop 
  endfacet
  facet normal -2.374253E-002 9.997036E-001 -5.387194E-003
    outer loop 
      vertex 1.000894e-001 5.030675e-001 5.671134e-001
      vertex 7.236318e-002 5.015700e-001 4.114159e-001
      vertex -6.816975e-002 4.985172e-001 4.642766e-001
    endloop 
  endfacet
  facet normal -2.897809E-002 9.995750E-001 3.184802E-003
    outer loop 
      vertex 1.000894e-001 5.030675e-001 5.671134e-001
      vertex -6.816975e-002 4.985172e-001 4.642766e-001
      vertex -9.151343e-002 4.973546e-001 6.167818e-001
    endloop 
  endfacet
  facet normal 9.986863E-001 5.123993E-002 -2.987109E-004
    outer loop 
      vertex 5.070776e-001 -1.269917e-001 9.840344e-001
      vertex 5.001538e-001 7.451221e-003 8.972842e-001
      vertex 4.989024e-001 3.280342e-002 1.062292e+000
    endloop 
  endfacet
  facet normal 9.858882E-001 1.673469E-001 -4.409747E-003
    outer loop 
      vertex 5.045249e-001 1.252981e-002 3.108528e+000
      vertex 5.086582e-001 -6.724268e-003 3.301915e+000
      vertex 5.307806e-001 -1.396451e-001 3.203580e+000
    endloop 
  endfacet
  facet normal 9.872490E-001 1.590900E-001 -5.456749E-003
    outer loop 
      vertex 5.045249e-001 1.252981e-002 3.108528e+000
      vertex 5.311964e-001 -1.560070e-001 3.020356e+000
      vertex 5.125721e-001 -4.391625e-002 2.918773e+000
    endloop 
  endfacet
  facet normal 9.866224E-001 1.625592E-001 -1.227752E-002
    outer loop 
      vertex 5.311964e-001 -1.560070e-001 3.020356e+000
      vertex 5.045249e-001 1.252981e-002 3.108528e+000
      vertex 5.307806e-001 -1.396451e-001 3.203580e+000
    endloop 
  endfacet
  facet normal 9.880537E-001 1.540597E-001 -3.926280E-003
    outer loop 
      vertex 4.880934e-001 1.140218e-001 2.955859e+000
      vertex 5.045249e-001 1.252981e-002 3.108528e+000
      vertex 5.125721e-001 -4.391625e-002 2.918773e+000
    endloop 
  endfacet
  facet normal 9.867485E-001 1.622490E-001 1.658304E-003
    outer loop 
      vertex 4.880934e-001 1.140218e-001 2.955859e+000
      vertex 4.699627e-001 2.228563e-001 3.095860e+000
      vertex 5.045249e-001 1.252981e-002 3.108528e+000
    endloop 
  endfacet
  facet normal -1.586929E-001 9.872077E-001 -1.541265E-002
    outer loop 
      vertex 2.068033e-001 5.371938e-001 2.874653e+000
      vertex 8.882831e-002 5.206289e-001 3.028341e+000
      vertex 2.727808e-001 5.505239e-001 3.049148e+000
    endloop 
  endfacet
  facet normal -1.591985E-001 9.871863E-001 -1.091143E-002
    outer loop 
      vertex 2.727808e-001 5.505239e-001 3.049148e+000
      vertex 8.882831e-002 5.206289e-001 3.028341e+000
      vertex 1.307927e-001 5.289478e-001 3.168711e+000
    endloop 
  endfacet
  facet normal -1.564633E-001 9.876584E-001 -7.081233E-003
    outer loop 
      vertex 8.882831e-002 5.206289e-001 3.028341e+000
      vertex 3.777390e-002 5.115256e-001 2.886735e+000
      vertex -1.026794e-001 4.899314e-001 2.978255e+000
    endloop 
  endfacet
  facet normal -1.507708E-001 9.885260E-001 -9.189363E-003
    outer loop 
      vertex 3.777390e-002 5.115256e-001 2.886735e+000
      vertex 8.882831e-002 5.206289e-001 3.028341e+000
      vertex 2.068033e-001 5.371938e-001 2.874653e+000
    endloop 
  endfacet
  facet normal -9.989327E-001 -4.603870E-002 -3.742188E-003
    outer loop 
      vertex -5.042373e-001 8.265536e-002 8.697860e-001
      vertex -4.983309e-001 -4.793956e-002 8.997929e-001
      vertex -5.028526e-001 3.966331e-002 1.029078e+000
    endloop 
  endfacet
  facet normal -9.995760E-001 -2.882450E-002 -4.112386E-003
    outer loop 
      vertex -5.027551e-001 7.684245e-002 6.348889e-001
      vertex -5.057446e-001 1.886679e-001 5.777321e-001
      vertex -5.012043e-001 3.987586e-002 5.170370e-001
    endloop 
  endfacet
  facet normal -9.994667E-001 -3.251904E-002 -2.952083E-003
    outer loop 
      vertex -5.027551e-001 7.684245e-002 6.348889e-001
      vertex -5.012043e-001 3.987586e-002 5.170370e-001
      vertex -4.988876e-001 -4.244957e-002 6.395591e-001
    endloop 
  endfacet
  facet normal 3.746276E-002 -9.992499E-001 -9.802565E-003
    outer loop 
      vertex -2.254346e-001 -5.085965e-001 7.148759e-001
      vertex -1.710795e-001 -5.052939e-001 5.859500e-001
      vertex -6.886449e-002 -5.029644e-001 7.391278e-001
    endloop 
  endfacet
  facet normal 3.760596E-002 -9.992350E-001 -1.073055E-002
    outer loop 
      vertex -1.789427e-001 -5.084029e-001 8.597879e-001
      vertex -2.254346e-001 -5.085965e-001 7.148759e-001
      vertex -6.886449e-002 -5.029644e-001 7.391278e-001
    endloop 
  endfacet
  facet normal 4.493695E-002 -9.989817E-001 -4.031063E-003
    outer loop 
      vertex -5.994545e-003 -5.008153e-001 9.073880e-001
      vertex -1.789427e-001 -5.084029e-001 8.597879e-001
      vertex -6.886449e-002 -5.029644e-001 7.391278e-001
    endloop 
  endfacet
  facet normal 3.001162E-002 -9.995379E-001 -4.826067E-003
    outer loop 
      vertex -1.710795e-001 -5.052939e-001 5.859500e-001
      vertex 1.205165e-002 -4.998590e-001 5.991499e-001
      vertex -6.886449e-002 -5.029644e-001 7.391278e-001
    endloop 
  endfacet
  facet normal -4.964129E-002 9.987505E-001 -5.756857E-003
    outer loop 
      vertex 9.367812e-002 5.046616e-001 8.606861e-001
      vertex 7.917028e-002 5.047714e-001 1.004824e+000
      vertex 2.194154e-001 5.114791e-001 9.592191e-001
    endloop 
  endfacet
  facet normal -4.405874E-002 9.989457E-001 -1.289421E-002
    outer loop 
      vertex 9.367812e-002 5.046616e-001 8.606861e-001
      vertex 2.194154e-001 5.114791e-001 9.592191e-001
      vertex 2.343554e-001 5.104797e-001 8.307449e-001
    endloop 
  endfacet
  facet normal -4.351887E-002 9.989991E-001 -1.034725E-002
    outer loop 
      vertex 9.367812e-002 5.046616e-001 8.606861e-001
      vertex 2.343554e-001 5.104797e-001 8.307449e-001
      vertex 1.786388e-001 5.067967e-001 7.094930e-001
    endloop 
  endfacet
  facet normal -4.655351E-002 9.989009E-001 -5.446183E-003
    outer loop 
      vertex 9.367812e-002 5.046616e-001 8.606861e-001
      vertex -7.268714e-002 4.971423e-001 9.036132e-001
      vertex 7.917028e-002 5.047714e-001 1.004824e+000
    endloop 
  endfacet
  facet normal -1.723230E-001 9.850299E-001 4.565868E-003
    outer loop 
      vertex -1.797046e-001 4.755065e-001 3.412261e+000
      vertex -1.189856e-001 4.867492e-001 3.278421e+000
      vertex -2.868341e-001 4.572925e-001 3.298492e+000
    endloop 
  endfacet
  facet normal -1.721573E-001 9.850513E-001 5.982809E-003
    outer loop 
      vertex -2.868341e-001 4.572925e-001 3.298492e+000
      vertex -1.189856e-001 4.867492e-001 3.278421e+000
      vertex -1.891039e-001 4.753527e-001 3.137140e+000
    endloop 
  endfacet
  facet normal -1.784127E-001 9.839543E-001 1.712801E-003
    outer loop 
      vertex -2.954409e-002 5.027408e-001 3.408336e+000
      vertex -1.189856e-001 4.867492e-001 3.278421e+000
      vertex -1.797046e-001 4.755065e-001 3.412261e+000
    endloop 
  endfacet
  facet normal -1.693963E-001 9.854691E-001 -1.246934E-002
    outer loop 
      vertex 1.581019e-001 5.353884e-001 3.306723e+000
      vertex 2.742359e-001 5.545463e-001 3.243119e+000
      vertex 1.307927e-001 5.289478e-001 3.168711e+000
    endloop 
  endfacet
  facet normal -9.994569E-001 -3.019037E-002 1.320703E-002
    outer loop 
      vertex -4.886269e-001 -3.843022e-001 5.967923e-001
      vertex -4.909402e-001 -2.643112e-001 6.960230e-001
      vertex -4.929963e-001 -2.606689e-001 5.487520e-001
    endloop 
  endfacet
  facet normal -9.995223E-001 -2.385127E-002 1.965626E-002
    outer loop 
      vertex -4.878823e-001 -5.117799e-001 4.799690e-001
      vertex -4.886269e-001 -3.843022e-001 5.967923e-001
      vertex -4.921087e-001 -3.739761e-001 4.322737e-001
    endloop 
  endfacet
  facet normal -9.994257E-001 -2.777990E-002 1.940763E-002
    outer loop 
      vertex -4.886269e-001 -3.843022e-001 5.967923e-001
      vertex -4.929963e-001 -2.606689e-001 5.487520e-001
      vertex -4.921087e-001 -3.739761e-001 4.322737e-001
    endloop 
  endfacet
  facet normal -9.991826E-001 -3.032779E-002 2.672561E-002
    outer loop 
      vertex -4.878823e-001 -5.117799e-001 4.799690e-001
      vertex -4.834748e-001 -5.159795e-001 6.399862e-001
      vertex -4.886269e-001 -3.843022e-001 5.967923e-001
    endloop 
  endfacet
  facet normal -8.836234E-002 9.960883E-001 -4.032546E-004
    outer loop 
      vertex -1.663839e-001 4.872533e-001 1.679966e+000
      vertex 1.470312e-002 5.033376e-001 1.729938e+000
      vertex -4.789390e-002 4.977122e-001 1.550815e+000
    endloop 
  endfacet
  facet normal -8.012125E-002 9.967590E-001 7.211829E-003
    outer loop 
      vertex -2.428475e-001 4.822859e-001 1.517035e+000
      vertex -1.663839e-001 4.872533e-001 1.679966e+000
      vertex -4.789390e-002 4.977122e-001 1.550815e+000
    endloop 
  endfacet
  facet normal -8.218446E-002 9.965926E-001 -7.001539E-003
    outer loop 
      vertex -4.789390e-002 4.977122e-001 1.550815e+000
      vertex 1.841417e-001 5.172595e-001 1.609522e+000
      vertex 7.116090e-002 5.065656e-001 1.413528e+000
    endloop 
  endfacet
  facet normal -8.340559E-002 9.965134E-001 -2.148804E-003
    outer loop 
      vertex 1.841417e-001 5.172595e-001 1.609522e+000
      vertex -4.789390e-002 4.977122e-001 1.550815e+000
      vertex 1.470312e-002 5.033376e-001 1.729938e+000
    endloop 
  endfacet
  facet normal -7.236131E-002 9.973772E-001 1.567707E-003
    outer loop 
      vertex -4.789390e-002 4.977122e-001 1.550815e+000
      vertex 7.116090e-002 5.065656e-001 1.413528e+000
      vertex -1.571724e-001 4.900898e-001 1.356137e+000
    endloop 
  endfacet
  facet normal -7.988092E-002 9.967875E-001 5.811790E-003
    outer loop 
      vertex -2.428475e-001 4.822859e-001 1.517035e+000
      vertex -4.789390e-002 4.977122e-001 1.550815e+000
      vertex -1.571724e-001 4.900898e-001 1.356137e+000
    endloop 
  endfacet
  facet normal -1.724832E-001 9.848254E-001 1.919524E-002
    outer loop 
      vertex -2.868341e-001 4.572925e-001 3.298492e+000
      vertex -4.420673e-001 4.309404e-001 3.255617e+000
      vertex -4.422521e-001 4.279508e-001 3.407343e+000
    endloop 
  endfacet
  facet normal -1.780547E-001 9.839590E-001 1.100658E-002
    outer loop 
      vertex -2.868341e-001 4.572925e-001 3.298492e+000
      vertex -4.422521e-001 4.279508e-001 3.407343e+000
      vertex -3.110659e-001 4.511712e-001 3.453719e+000
    endloop 
  endfacet
  facet normal -1.760504E-001 9.841943E-001 1.917846E-002
    outer loop 
      vertex -4.420673e-001 4.309404e-001 3.255617e+000
      vertex -5.802376e-001 4.041907e-001 3.360006e+000
      vertex -4.422521e-001 4.279508e-001 3.407343e+000
    endloop 
  endfacet
  facet normal -1.852166E-001 9.825208E-001 1.864864E-002
    outer loop 
      vertex -4.067413e-001 4.312493e-001 3.586247e+000
      vertex -4.422521e-001 4.279508e-001 3.407343e+000
      vertex -5.837346e-001 3.991418e-001 3.519982e+000
    endloop 
  endfacet
  facet normal -1.803164E-001 9.834501E-001 1.765885E-002
    outer loop 
      vertex -3.110659e-001 4.511712e-001 3.453719e+000
      vertex -4.422521e-001 4.279508e-001 3.407343e+000
      vertex -4.067413e-001 4.312493e-001 3.586247e+000
    endloop 
  endfacet
  facet normal -1.786666E-001 9.835354E-001 2.713542E-002
    outer loop 
      vertex -5.802376e-001 4.041907e-001 3.360006e+000
      vertex -5.837346e-001 3.991418e-001 3.519982e+000
      vertex -4.422521e-001 4.279508e-001 3.407343e+000
    endloop 
  endfacet
  facet normal 9.826102E-001 1.848073E-001 1.798721E-002
    outer loop 
      vertex 4.341238e-001 3.924174e-001 3.572705e+000
      vertex 4.292660e-001 4.352847e-001 3.397645e+000
      vertex 3.991582e-001 5.834590e-001 3.519981e+000
    endloop 
  endfacet
  facet normal 9.838766E-001 1.781033E-001 1.631042E-002
    outer loop 
      vertex 4.341238e-001 3.924174e-001 3.572705e+000
      vertex 4.589592e-001 2.711090e-001 3.399227e+000
      vertex 4.292660e-001 4.352847e-001 3.397645e+000
    endloop 
  endfacet
  facet normal 9.836745E-001 1.779948E-001 2.650058E-002
    outer loop 
      vertex 4.040834e-001 5.800521e-001 3.360046e+000
      vertex 3.991582e-001 5.834590e-001 3.519981e+000
      vertex 4.292660e-001 4.352847e-001 3.397645e+000
    endloop 
  endfacet
  facet normal 9.839332E-001 1.780794E-001 1.277915E-002
    outer loop 
      vertex 4.589592e-001 2.711090e-001 3.399227e+000
      vertex 4.513818e-001 3.241151e-001 3.243999e+000
      vertex 4.292660e-001 4.352847e-001 3.397645e+000
    endloop 
  endfacet
  facet normal 9.907494E-001 1.353282E-001 -1.010154E-002
    outer loop 
      vertex 5.396990e-001 -2.575088e-001 2.585847e+000
      vertex 5.196930e-001 -1.235880e-001 2.417786e+000
      vertex 5.137529e-001 -6.777623e-002 2.582894e+000
    endloop 
  endfacet
  facet normal 9.918280E-001 1.263977E-001 -1.734634E-002
    outer loop 
      vertex 5.396990e-001 -2.575088e-001 2.585847e+000
      vertex 5.408084e-001 -2.918230e-001 2.399247e+000
      vertex 5.196930e-001 -1.235880e-001 2.417786e+000
    endloop 
  endfacet
  facet normal 9.917004E-001 1.283395E-001 -7.704922E-003
    outer loop 
      vertex 5.196930e-001 -1.235880e-001 2.417786e+000
      vertex 4.958249e-001 6.352603e-002 2.462456e+000
      vertex 5.137529e-001 -6.777623e-002 2.582894e+000
    endloop 
  endfacet
  facet normal 9.929081E-001 1.184390E-001 -1.028160E-002
    outer loop 
      vertex 5.196930e-001 -1.235880e-001 2.417786e+000
      vertex 5.276105e-001 -2.049694e-001 2.244919e+000
      vertex 5.044082e-001 -7.859506e-003 2.274851e+000
    endloop 
  endfacet
  facet normal 9.918665E-001 1.272468E-001 -3.038919E-003
    outer loop 
      vertex 4.958249e-001 6.352603e-002 2.462456e+000
      vertex 5.196930e-001 -1.235880e-001 2.417786e+000
      vertex 5.044082e-001 -7.859506e-003 2.274851e+000
    endloop 
  endfacet
  facet normal 9.919289E-001 1.260306E-001 -1.390035E-002
    outer loop 
      vertex 5.196930e-001 -1.235880e-001 2.417786e+000
      vertex 5.408084e-001 -2.918230e-001 2.399247e+000
      vertex 5.276105e-001 -2.049694e-001 2.244919e+000
    endloop 
  endfacet
  facet normal 1.380654E-001 -9.900536E-001 -2.705228E-002
    outer loop 
      vertex -4.237717e-001 -5.661662e-001 2.720005e+000
      vertex -4.286249e-001 -5.624691e-001 2.559933e+000
      vertex -2.731982e-001 -5.428671e-001 2.635786e+000
    endloop 
  endfacet
  facet normal 1.333596E-001 -9.909187E-001 -1.718630E-002
    outer loop 
      vertex -4.286249e-001 -5.624691e-001 2.559933e+000
      vertex -2.435639e-001 -5.359445e-001 2.466595e+000
      vertex -2.731982e-001 -5.428671e-001 2.635786e+000
    endloop 
  endfacet
  facet normal -1.363893E-001 9.903125E-001 -2.606282E-002
    outer loop 
      vertex 2.986574e-001 5.458466e-001 2.609284e+000
      vertex 4.236261e-001 5.659726e-001 2.720041e+000
      vertex 4.283382e-001 5.624106e-001 2.560037e+000
    endloop 
  endfacet
  facet normal -9.902303E-001 -1.369113E-001 -2.644210E-002
    outer loop 
      vertex -5.625535e-001 4.284240e-001 2.560002e+000
      vertex -5.463021e-001 2.994665e-001 2.619117e+000
      vertex -5.661647e-001 4.236422e-001 2.719995e+000
    endloop 
  endfacet
  facet normal 9.907242E-001 1.352827E-001 -1.280908E-002
    outer loop 
      vertex 5.396990e-001 -2.575088e-001 2.585847e+000
      vertex 5.137529e-001 -6.777623e-002 2.582894e+000
      vertex 5.292767e-001 -1.700168e-001 2.703774e+000
    endloop 
  endfacet
  facet normal 9.904977E-001 1.350202E-001 -2.614949E-002
    outer loop 
      vertex 5.659103e-001 -4.238003e-001 2.720058e+000
      vertex 5.623277e-001 -4.285127e-001 2.560023e+000
      vertex 5.396990e-001 -2.575088e-001 2.585847e+000
    endloop 
  endfacet
  facet normal 9.908118E-001 1.339428E-001 -1.873987E-002
    outer loop 
      vertex 5.408084e-001 -2.918230e-001 2.399247e+000
      vertex 5.396990e-001 -2.575088e-001 2.585847e+000
      vertex 5.623277e-001 -4.285127e-001 2.560023e+000
    endloop 
  endfacet
  facet normal 9.995653E-001 2.375302E-002 1.746281E-002
    outer loop 
      vertex 4.877829e-001 5.118603e-001 4.800415e-001
      vertex 4.896083e-001 3.541483e-001 5.900724e-001
      vertex 4.936357e-001 2.987084e-001 4.349552e-001
    endloop 
  endfacet
  facet normal 9.994991E-001 2.715944E-002 1.624361E-002
    outer loop 
      vertex 4.955881e-001 1.706150e-001 5.289966e-001
      vertex 4.936357e-001 2.987084e-001 4.349552e-001
      vertex 4.896083e-001 3.541483e-001 5.900724e-001
    endloop 
  endfacet
  facet normal 9.992956E-001 3.242159E-002 1.890096E-002
    outer loop 
      vertex 4.834134e-001 5.159706e-001 6.400210e-001
      vertex 4.860259e-001 3.748135e-001 7.440304e-001
      vertex 4.896083e-001 3.541483e-001 5.900724e-001
    endloop 
  endfacet
  facet normal 9.991961E-001 3.006655E-002 2.651840E-002
    outer loop 
      vertex 4.896083e-001 3.541483e-001 5.900724e-001
      vertex 4.877829e-001 5.118603e-001 4.800415e-001
      vertex 4.834134e-001 5.159706e-001 6.400210e-001
    endloop 
  endfacet
  facet normal 9.912539E-001 1.310672E-001 1.540055E-002
    outer loop 
      vertex 4.592614e-001 3.580060e-001 2.357390e+000
      vertex 4.468507e-001 4.363092e-001 2.489799e+000
      vertex 4.696218e-001 2.607273e-001 2.518441e+000
    endloop 
  endfacet
  facet normal 9.910616E-001 1.307543E-001 2.646340E-002
    outer loop 
      vertex 4.283382e-001 5.624106e-001 2.560037e+000
      vertex 4.468507e-001 4.363092e-001 2.489799e+000
      vertex 4.330871e-001 5.587879e-001 2.400088e+000
    endloop 
  endfacet
  facet normal 9.919397E-001 1.252965E-001 1.887747E-002
    outer loop 
      vertex 4.330871e-001 5.587879e-001 2.400088e+000
      vertex 4.468507e-001 4.363092e-001 2.489799e+000
      vertex 4.592614e-001 3.580060e-001 2.357390e+000
    endloop 
  endfacet
  facet normal 9.902086E-001 1.391834E-001 1.071905E-002
    outer loop 
      vertex 4.625237e-001 2.980063e-001 2.690095e+000
      vertex 4.887311e-001 1.144149e-001 2.652976e+000
      vertex 4.696218e-001 2.607273e-001 2.518441e+000
    endloop 
  endfacet
  facet normal 9.913548E-001 1.311956E-001 1.869215E-003
    outer loop 
      vertex 4.887311e-001 1.144149e-001 2.652976e+000
      vertex 4.958249e-001 6.352603e-002 2.462456e+000
      vertex 4.696218e-001 2.607273e-001 2.518441e+000
    endloop 
  endfacet
  facet normal 9.924192E-001 1.224797E-001 1.013848E-002
    outer loop 
      vertex 4.816328e-001 1.796609e-001 2.322058e+000
      vertex 4.592614e-001 3.580060e-001 2.357390e+000
      vertex 4.696218e-001 2.607273e-001 2.518441e+000
    endloop 
  endfacet
  facet normal 9.915232E-001 1.297364E-001 7.088104E-003
    outer loop 
      vertex 4.816328e-001 1.796609e-001 2.322058e+000
      vertex 4.696218e-001 2.607273e-001 2.518441e+000
      vertex 4.958249e-001 6.352603e-002 2.462456e+000
    endloop 
  endfacet
  facet normal -2.051783E-002 9.996359E-001 -1.752472E-002
    outer loop 
      vertex 3.646037e-001 5.072454e-001 3.983215e-001
      vertex 2.169043e-001 5.046449e-001 4.229076e-001
      vertex 3.124500e-001 5.090780e-001 5.639138e-001
    endloop 
  endfacet
  facet normal -3.657331E-002 9.991696E-001 -1.795972E-002
    outer loop 
      vertex 1.786388e-001 5.067967e-001 7.094930e-001
      vertex 3.397418e-001 5.131614e-001 7.355118e-001
      vertex 3.124500e-001 5.090780e-001 5.639138e-001
    endloop 
  endfacet
  facet normal -3.196626E-002 9.993141E-001 -1.869588E-002
    outer loop 
      vertex 4.834134e-001 5.159706e-001 6.400210e-001
      vertex 3.124500e-001 5.090780e-001 5.639138e-001
      vertex 3.397418e-001 5.131614e-001 7.355118e-001
    endloop 
  endfacet
  facet normal -2.490454E-002 9.995111E-001 -1.890494E-002
    outer loop 
      vertex 4.877829e-001 5.118603e-001 4.800415e-001
      vertex 3.646037e-001 5.072454e-001 3.983215e-001
      vertex 3.124500e-001 5.090780e-001 5.639138e-001
    endloop 
  endfacet
  facet normal -2.851058E-002 9.992434E-001 -2.645215E-002
    outer loop 
      vertex 4.834134e-001 5.159706e-001 6.400210e-001
      vertex 4.877829e-001 5.118603e-001 4.800415e-001
      vertex 3.124500e-001 5.090780e-001 5.639138e-001
    endloop 
  endfacet
  facet normal -9.968880E-001 -7.417756E-002 -2.668362E-002
    outer loop 
      vertex -5.360724e-001 4.610574e-001 1.440032e+000
      vertex -5.321295e-001 4.656239e-001 1.280032e+000
      vertex -5.285059e-001 3.617480e-001 1.433419e+000
    endloop 
  endfacet
  facet normal -9.968896E-001 -7.418267E-002 -2.660862E-002
    outer loop 
      vertex -5.399989e-001 4.564455e-001 1.599993e+000
      vertex -5.360724e-001 4.610574e-001 1.440032e+000
      vertex -5.285059e-001 3.617480e-001 1.433419e+000
    endloop 
  endfacet
  facet normal -7.501967E-002 9.969891E-001 -1.961575E-002
    outer loop 
      vertex 3.356193e-001 5.231602e-001 1.264058e+000
      vertex 2.803675e-001 5.225571e-001 1.444715e+000
      vertex 4.609849e-001 5.360555e-001 1.440020e+000
    endloop 
  endfacet
  facet normal -6.612907E-002 9.976680E-001 -1.689439E-002
    outer loop 
      vertex 3.356193e-001 5.231602e-001 1.264058e+000
      vertex 1.629035e-001 5.118674e-001 1.273239e+000
      vertex 2.803675e-001 5.225571e-001 1.444715e+000
    endloop 
  endfacet
  facet normal -6.513286E-002 9.975300E-001 -2.629709E-002
    outer loop 
      vertex 3.356193e-001 5.231602e-001 1.264058e+000
      vertex 4.655957e-001 5.320696e-001 1.280093e+000
      vertex 4.700741e-001 5.281418e-001 1.120008e+000
    endloop 
  endfacet
  facet normal -6.507792E-002 9.975219E-001 -2.673787E-002
    outer loop 
      vertex 4.655957e-001 5.320696e-001 1.280093e+000
      vertex 3.356193e-001 5.231602e-001 1.264058e+000
      vertex 4.609849e-001 5.360555e-001 1.440020e+000
    endloop 
  endfacet
  facet normal -6.590305E-002 9.977472E-001 -1.254526E-002
    outer loop 
      vertex 3.356193e-001 5.231602e-001 1.264058e+000
      vertex 2.098729e-001 5.129984e-001 1.116449e+000
      vertex 1.629035e-001 5.118674e-001 1.273239e+000
    endloop 
  endfacet
  facet normal -9.974233E-001 -7.092683E-002 -1.078435E-002
    outer loop 
      vertex -5.104617e-001 1.544442e-001 1.182633e+000
      vertex -5.038113e-001 3.613222e-002 1.345664e+000
      vertex -5.163529e-001 1.998033e-001 1.429174e+000
    endloop 
  endfacet
  facet normal -7.451390E-002 9.971542E-001 -1.145388E-002
    outer loop 
      vertex 1.841417e-001 5.172595e-001 1.609522e+000
      vertex 2.803675e-001 5.225571e-001 1.444715e+000
      vertex 7.116090e-002 5.065656e-001 1.413528e+000
    endloop 
  endfacet
  facet normal -8.329939E-002 9.963862E-001 -1.660812E-002
    outer loop 
      vertex 2.803675e-001 5.225571e-001 1.444715e+000
      vertex 1.841417e-001 5.172595e-001 1.609522e+000
      vertex 4.565070e-001 5.398704e-001 1.599968e+000
    endloop 
  endfacet
  facet normal -7.456958E-002 9.971542E-001 -1.108044E-002
    outer loop 
      vertex 1.629035e-001 5.118674e-001 1.273239e+000
      vertex 7.116090e-002 5.065656e-001 1.413528e+000
      vertex 2.803675e-001 5.225571e-001 1.444715e+000
    endloop 
  endfacet
  facet normal -7.517094E-002 9.968348E-001 -2.588008E-002
    outer loop 
      vertex 2.803675e-001 5.225571e-001 1.444715e+000
      vertex 4.565070e-001 5.398704e-001 1.599968e+000
      vertex 4.609849e-001 5.360555e-001 1.440020e+000
    endloop 
  endfacet
  facet normal 9.975012E-001 6.552657E-002 -2.641013E-002
    outer loop 
      vertex 5.281070e-001 -4.701329e-001 1.120002e+000
      vertex 5.248511e-001 -3.575214e-001 1.276432e+000
      vertex 5.320500e-001 -4.656514e-001 1.280048e+000
    endloop 
  endfacet
  facet normal 9.981580E-001 5.714783E-002 -2.036474E-002
    outer loop 
      vertex 5.281070e-001 -4.701329e-001 1.120002e+000
      vertex 5.172050e-001 -2.903053e-001 1.090286e+000
      vertex 5.248511e-001 -3.575214e-001 1.276432e+000
    endloop 
  endfacet
  facet normal 9.974997E-001 6.552421E-002 -2.647742E-002
    outer loop 
      vertex 5.359969e-001 -4.611069e-001 1.439986e+000
      vertex 5.320500e-001 -4.656514e-001 1.280048e+000
      vertex 5.248511e-001 -3.575214e-001 1.276432e+000
    endloop 
  endfacet
  facet normal 9.976529E-001 6.632127E-002 -1.703152E-002
    outer loop 
      vertex 5.248511e-001 -3.575214e-001 1.276432e+000
      vertex 5.172050e-001 -2.903053e-001 1.090286e+000
      vertex 5.155820e-001 -2.188075e-001 1.273632e+000
    endloop 
  endfacet
  facet normal 6.585577E-002 -9.974768E-001 -2.651604E-002
    outer loop 
      vertex -4.656593e-001 -5.321070e-001 1.280048e+000
      vertex -3.526097e-001 -5.245875e-001 1.277951e+000
      vertex -4.611260e-001 -5.360583e-001 1.439947e+000
    endloop 
  endfacet
  facet normal 6.585230E-002 -9.974725E-001 -2.668722E-002
    outer loop 
      vertex -4.701690e-001 -5.281213e-001 1.119949e+000
      vertex -3.526097e-001 -5.245875e-001 1.277951e+000
      vertex -4.656593e-001 -5.321070e-001 1.280048e+000
    endloop 
  endfacet
  facet normal 5.815282E-002 -9.980879E-001 -2.094477E-002
    outer loop 
      vertex -2.627150e-001 -5.164090e-001 1.137814e+000
      vertex -3.526097e-001 -5.245875e-001 1.277951e+000
      vertex -4.701690e-001 -5.281213e-001 1.119949e+000
    endloop 
  endfacet
  facet normal 6.663574E-002 -9.976574E-001 -1.547806E-002
    outer loop 
      vertex -2.627150e-001 -5.164090e-001 1.137814e+000
      vertex -1.935963e-001 -5.141653e-001 1.290762e+000
      vertex -3.526097e-001 -5.245875e-001 1.277951e+000
    endloop 
  endfacet
  facet normal 9.995257E-001 2.315048E-002 2.030626E-002
    outer loop 
      vertex 4.936357e-001 2.987084e-001 4.349552e-001
      vertex 4.946087e-001 3.666308e-001 3.096263e-001
      vertex 4.877829e-001 5.118603e-001 4.800415e-001
    endloop 
  endfacet
  facet normal 9.997920E-001 1.364321E-002 1.515583E-002
    outer loop 
      vertex 4.968970e-001 2.270840e-001 2.842934e-001
      vertex 4.946087e-001 3.666308e-001 3.096263e-001
      vertex 4.936357e-001 2.987084e-001 4.349552e-001
    endloop 
  endfacet
  facet normal 9.997550E-001 2.079801E-002 7.573430E-003
    outer loop 
      vertex 4.979035e-001 1.233608e-001 3.531092e-001
      vertex 4.936357e-001 2.987084e-001 4.349552e-001
      vertex 4.955881e-001 1.706150e-001 5.289966e-001
    endloop 
  endfacet
  facet normal 9.997489E-001 1.829029E-002 1.294568E-002
    outer loop 
      vertex 4.968970e-001 2.270840e-001 2.842934e-001
      vertex 4.936357e-001 2.987084e-001 4.349552e-001
      vertex 4.979035e-001 1.233608e-001 3.531092e-001
    endloop 
  endfacet
  facet normal 7.460291E-002 -9.970103E-001 2.012066E-002
    outer loop 
      vertex 4.314058e-001 -4.668675e-001 1.542337e+000
      vertex 3.759492e-001 -4.738531e-001 1.401812e+000
      vertex 5.359969e-001 -4.611069e-001 1.439986e+000
    endloop 
  endfacet
  facet normal 8.137627E-002 -9.965312E-001 1.742383E-002
    outer loop 
      vertex 4.314058e-001 -4.668675e-001 1.542337e+000
      vertex 3.106218e-001 -4.759895e-001 1.584730e+000
      vertex 3.759492e-001 -4.738531e-001 1.401812e+000
    endloop 
  endfacet
  facet normal 7.486209E-002 -9.970797E-001 1.509095E-002
    outer loop 
      vertex 3.106218e-001 -4.759895e-001 1.584730e+000
      vertex 2.066088e-001 -4.857878e-001 1.453322e+000
      vertex 3.759492e-001 -4.738531e-001 1.401812e+000
    endloop 
  endfacet
  facet normal 7.361652E-002 -9.972264E-001 1.096212E-002
    outer loop 
      vertex 2.587101e-001 -4.837338e-001 1.290289e+000
      vertex 3.759492e-001 -4.738531e-001 1.401812e+000
      vertex 2.066088e-001 -4.857878e-001 1.453322e+000
    endloop 
  endfacet
  facet normal 7.307245E-002 -9.969739E-001 2.652507E-002
    outer loop 
      vertex 5.320500e-001 -4.656514e-001 1.280048e+000
      vertex 5.359969e-001 -4.611069e-001 1.439986e+000
      vertex 3.759492e-001 -4.738531e-001 1.401812e+000
    endloop 
  endfacet
  facet normal 6.871814E-002 -9.976361E-001 1.807376E-004
    outer loop 
      vertex 4.061172e-002 -4.983529e-001 1.488241e+000
      vertex -4.283289e-002 -5.041311e-001 1.320006e+000
      vertex 1.100128e-001 -4.936025e-001 1.322406e+000
    endloop 
  endfacet
  facet normal 6.871845E-002 -9.976360E-001 1.601023E-004
    outer loop 
      vertex -4.283289e-002 -5.041311e-001 1.320006e+000
      vertex 3.198012e-002 -4.989965e-001 1.204082e+000
      vertex 1.100128e-001 -4.936025e-001 1.322406e+000
    endloop 
  endfacet
  facet normal 7.604718E-002 -9.970982E-001 -3.472968E-003
    outer loop 
      vertex 4.061172e-002 -4.983529e-001 1.488241e+000
      vertex -1.227256e-001 -5.106479e-001 1.441600e+000
      vertex -4.283289e-002 -5.041311e-001 1.320006e+000
    endloop 
  endfacet
  facet normal 6.766946E-002 -9.976864E-001 -6.532064E-003
    outer loop 
      vertex -4.283289e-002 -5.041311e-001 1.320006e+000
      vertex -1.935963e-001 -5.141653e-001 1.290762e+000
      vertex -9.785704e-002 -5.068569e-001 1.166306e+000
    endloop 
  endfacet
  facet normal 6.170128E-002 -9.980850E-001 -4.388405E-003
    outer loop 
      vertex -9.785704e-002 -5.068569e-001 1.166306e+000
      vertex 3.198012e-002 -4.989965e-001 1.204082e+000
      vertex -4.283289e-002 -5.041311e-001 1.320006e+000
    endloop 
  endfacet
  facet normal 6.809251E-002 -9.976408E-001 -8.728632E-003
    outer loop 
      vertex -4.283289e-002 -5.041311e-001 1.320006e+000
      vertex -1.227256e-001 -5.106479e-001 1.441600e+000
      vertex -1.935963e-001 -5.141653e-001 1.290762e+000
    endloop 
  endfacet
  facet normal -8.340647E-002 9.963185E-001 -1.982114E-002
    outer loop 
      vertex 4.565070e-001 5.398704e-001 1.599968e+000
      vertex 1.841417e-001 5.172595e-001 1.609522e+000
      vertex 3.213122e-001 5.318062e-001 1.763508e+000
    endloop 
  endfacet
  facet normal -9.217682E-002 9.956710E-001 -1.194736E-002
    outer loop 
      vertex 3.213122e-001 5.318062e-001 1.763508e+000
      vertex 1.841417e-001 5.172595e-001 1.609522e+000
      vertex 1.645245e-001 5.176119e-001 1.790236e+000
    endloop 
  endfacet
  facet normal -9.198432E-002 9.953955E-001 -2.695777E-002
    outer loop 
      vertex 4.518327e-001 5.437746e-001 1.760076e+000
      vertex 4.565070e-001 5.398704e-001 1.599968e+000
      vertex 3.213122e-001 5.318062e-001 1.763508e+000
    endloop 
  endfacet
  facet normal -9.196369E-002 9.954206E-001 -2.608514E-002
    outer loop 
      vertex 3.213122e-001 5.318062e-001 1.763508e+000
      vertex 4.472513e-001 5.475428e-001 1.920024e+000
      vertex 4.518327e-001 5.437746e-001 1.760076e+000
    endloop 
  endfacet
  facet normal -9.823316E-001 -1.871430E-001 -1.463292E-003
    outer loop 
      vertex -5.135766e-001 2.336328e-002 3.575132e+000
      vertex -4.824882e-001 -1.398506e-001 3.578711e+000
      vertex -4.960810e-001 -6.956290e-002 3.714508e+000
    endloop 
  endfacet
  facet normal -9.823212E-001 -1.871774E-001 -3.122616E-003
    outer loop 
      vertex -4.824882e-001 -1.398506e-001 3.578711e+000
      vertex -5.135766e-001 2.336328e-002 3.575132e+000
      vertex -5.028206e-001 -3.101552e-002 3.451077e+000
    endloop 
  endfacet
  facet normal -9.835459E-001 -1.806389E-001 2.647954E-003
    outer loop 
      vertex -4.755893e-001 -1.794555e-001 3.439449e+000
      vertex -4.824882e-001 -1.398506e-001 3.578711e+000
      vertex -5.028206e-001 -3.101552e-002 3.451077e+000
    endloop 
  endfacet
  facet normal -9.824403E-001 -1.865260E-001 4.376953E-003
    outer loop 
      vertex -4.507145e-001 -3.075882e-001 3.562356e+000
      vertex -4.824882e-001 -1.398506e-001 3.578711e+000
      vertex -4.755893e-001 -1.794555e-001 3.439449e+000
    endloop 
  endfacet
  facet normal 9.955426E-001 9.207648E-002 2.041407E-002
    outer loop 
      vertex 4.644516e-001 4.218755e-001 1.694502e+000
      vertex 4.518327e-001 5.437746e-001 1.760076e+000
      vertex 4.604546e-001 4.301485e-001 1.852109e+000
    endloop 
  endfacet
  facet normal 9.953662E-001 9.398775E-002 2.030927E-002
    outer loop 
      vertex 4.750321e-001 2.880512e-001 1.795262e+000
      vertex 4.644516e-001 4.218755e-001 1.694502e+000
      vertex 4.604546e-001 4.301485e-001 1.852109e+000
    endloop 
  endfacet
  facet normal 9.949647E-001 9.673476E-002 2.621945E-002
    outer loop 
      vertex 4.604546e-001 4.301485e-001 1.852109e+000
      vertex 4.518327e-001 5.437746e-001 1.760076e+000
      vertex 4.472513e-001 5.475428e-001 1.920024e+000
    endloop 
  endfacet
  facet normal 9.946979E-001 1.011583E-001 1.852125E-002
    outer loop 
      vertex 4.472513e-001 5.475428e-001 1.920024e+000
      vertex 4.636503e-001 3.692947e-001 2.012851e+000
      vertex 4.604546e-001 4.301485e-001 1.852109e+000
    endloop 
  endfacet
  facet normal 9.952898E-001 9.554943E-002 1.638606E-002
    outer loop 
      vertex 4.750321e-001 2.880512e-001 1.795262e+000
      vertex 4.604546e-001 4.301485e-001 1.852109e+000
      vertex 4.636503e-001 3.692947e-001 2.012851e+000
    endloop 
  endfacet
  facet normal 9.720176E-002 -9.949118E-001 2.650028E-002
    outer loop 
      vertex 5.437353e-001 -4.519336e-001 1.760043e+000
      vertex 5.475705e-001 -4.472961e-001 1.920083e+000
      vertex 4.313051e-001 -4.604597e-001 1.852331e+000
    endloop 
  endfacet
  facet normal 1.015361E-001 -9.946502E-001 1.901152E-002
    outer loop 
      vertex 5.475705e-001 -4.472961e-001 1.920083e+000
      vertex 3.719916e-001 -4.634822e-001 2.010982e+000
      vertex 4.313051e-001 -4.604597e-001 1.852331e+000
    endloop 
  endfacet
  facet normal 9.528077E-002 -9.953110E-001 1.666031E-002
    outer loop 
      vertex 3.719916e-001 -4.634822e-001 2.010982e+000
      vertex 2.920632e-001 -4.747806e-001 1.793111e+000
      vertex 4.313051e-001 -4.604597e-001 1.852331e+000
    endloop 
  endfacet
  facet normal -9.233814E-002 9.955378E-001 1.944486E-002
    outer loop 
      vertex -5.438631e-001 4.518553e-001 1.760004e+000
      vertex -4.064629e-001 4.625089e-001 1.867040e+000
      vertex -4.209579e-001 4.644437e-001 1.699148e+000
    endloop 
  endfacet
  facet normal -9.324382E-002 9.954519E-001 1.952206E-002
    outer loop 
      vertex -4.064629e-001 4.625089e-001 1.867040e+000
      vertex -2.807705e-001 4.758514e-001 1.787037e+000
      vertex -4.209579e-001 4.644437e-001 1.699148e+000
    endloop 
  endfacet
  facet normal -9.750827E-002 9.948912E-001 2.614607E-002
    outer loop 
      vertex -5.438631e-001 4.518553e-001 1.760004e+000
      vertex -5.476748e-001 4.472786e-001 1.919940e+000
      vertex -4.064629e-001 4.625089e-001 1.867040e+000
    endloop 
  endfacet
  facet normal -9.844282E-002 9.950786E-001 1.129161E-002
    outer loop 
      vertex -2.329357e-001 4.787367e-001 1.949805e+000
      vertex -2.807705e-001 4.758514e-001 1.787037e+000
      vertex -4.064629e-001 4.625089e-001 1.867040e+000
    endloop 
  endfacet
  facet normal -9.955661E-001 -9.204432E-002 1.938685E-002
    outer loop 
      vertex -4.651151e-001 -4.141259e-001 1.701632e+000
      vertex -4.519870e-001 -5.438268e-001 1.760006e+000
      vertex -4.617372e-001 -4.162438e-001 1.865040e+000
    endloop 
  endfacet
  facet normal -9.954446E-001 -9.335415E-002 1.936736E-002
    outer loop 
      vertex -4.765621e-001 -2.740132e-001 1.788646e+000
      vertex -4.651151e-001 -4.141259e-001 1.701632e+000
      vertex -4.617372e-001 -4.162438e-001 1.865040e+000
    endloop 
  endfacet
  facet normal -9.948298E-001 -9.798969E-002 2.667693E-002
    outer loop 
      vertex -4.473192e-001 -5.476587e-001 1.920000e+000
      vertex -4.617372e-001 -4.162438e-001 1.865040e+000
      vertex -4.519870e-001 -5.438268e-001 1.760006e+000
    endloop 
  endfacet
  facet normal -9.951858E-001 -9.726452E-002 1.203679E-002
    outer loop 
      vertex -4.739063e-001 -2.801653e-001 1.958517e+000
      vertex -4.765621e-001 -2.740132e-001 1.788646e+000
      vertex -4.617372e-001 -4.162438e-001 1.865040e+000
    endloop 
  endfacet
  facet normal -9.858307E-001 -1.675159E-001 -8.732917E-003
    outer loop 
      vertex -5.249295e-001 1.064939e-001 3.157798e+000
      vertex -5.001757e-001 -4.200220e-002 3.211898e+000
      vertex -5.194770e-001 6.635205e-002 3.312287e+000
    endloop 
  endfacet
  facet normal -9.848281E-001 -1.735207E-001 -2.058970E-003
    outer loop 
      vertex -5.194770e-001 6.635205e-002 3.312287e+000
      vertex -5.001757e-001 -4.200220e-002 3.211898e+000
      vertex -4.951467e-001 -7.204518e-002 3.338348e+000
    endloop 
  endfacet
  facet normal -9.849279E-001 -1.725148E-001 -1.248024E-002
    outer loop 
      vertex -5.194770e-001 6.635205e-002 3.312287e+000
      vertex -5.323967e-001 1.308436e-001 3.440430e+000
      vertex -5.493720e-001 2.392991e-001 3.280918e+000
    endloop 
  endfacet
  facet normal -9.850340E-001 -1.720733E-001 -9.945209E-003
    outer loop 
      vertex -5.249295e-001 1.064939e-001 3.157798e+000
      vertex -5.194770e-001 6.635205e-002 3.312287e+000
      vertex -5.493720e-001 2.392991e-001 3.280918e+000
    endloop 
  endfacet
  facet normal 1.673862E-001 -9.858500E-001 -9.037212E-003
    outer loop 
      vertex -1.205277e-001 -5.273168e-001 3.169033e+000
      vertex 3.692302e-002 -5.009451e-001 3.208484e+000
      vertex -7.377038e-002 -5.207183e-001 3.315253e+000
    endloop 
  endfacet
  facet normal 1.735886E-001 -9.848152E-001 -2.415306E-003
    outer loop 
      vertex -7.377038e-002 -5.207183e-001 3.315253e+000
      vertex 3.692302e-002 -5.009451e-001 3.208484e+000
      vertex 5.201110e-002 -4.986140e-001 3.342371e+000
    endloop 
  endfacet
  facet normal 1.727613E-001 -9.848625E-001 -1.411832E-002
    outer loop 
      vertex -7.377038e-002 -5.207183e-001 3.315253e+000
      vertex -1.640223e-001 -5.382544e-001 3.434145e+000
      vertex -2.462587e-001 -5.505090e-001 3.282698e+000
    endloop 
  endfacet
  facet normal 1.721222E-001 -9.850187E-001 -1.058916E-002
    outer loop 
      vertex -7.377038e-002 -5.207183e-001 3.315253e+000
      vertex -2.462587e-001 -5.505090e-001 3.282698e+000
      vertex -1.205277e-001 -5.273168e-001 3.169033e+000
    endloop 
  endfacet
  facet normal 7.617154E-002 -9.970892E-001 3.315632E-003
    outer loop 
      vertex 2.066088e-001 -4.857878e-001 1.453322e+000
      vertex 4.061172e-002 -4.983529e-001 1.488241e+000
      vertex 1.100128e-001 -4.936025e-001 1.322406e+000
    endloop 
  endfacet
  facet normal 6.820338E-002 -9.976287E-001 9.227140E-003
    outer loop 
      vertex 1.100128e-001 -4.936025e-001 1.322406e+000
      vertex 2.587101e-001 -4.837338e-001 1.290289e+000
      vertex 2.066088e-001 -4.857878e-001 1.453322e+000
    endloop 
  endfacet
  facet normal -9.910281E-001 -1.334830E-001 6.762908E-003
    outer loop 
      vertex -4.892968e-001 -1.140049e-001 2.545284e+000
      vertex -4.670435e-001 -2.787454e-001 2.554680e+000
      vertex -4.771440e-001 -1.968843e-001 2.690305e+000
    endloop 
  endfacet
  facet normal -9.901469E-001 -1.400013E-001 2.963860E-003
    outer loop 
      vertex -4.771440e-001 -1.968843e-001 2.690305e+000
      vertex -5.032504e-001 -1.267666e-002 2.670115e+000
      vertex -4.892968e-001 -1.140049e-001 2.545284e+000
    endloop 
  endfacet
  facet normal -9.911421E-001 -1.327715E-001 -3.016013E-003
    outer loop 
      vertex -4.892968e-001 -1.140049e-001 2.545284e+000
      vertex -5.032504e-001 -1.267666e-002 2.670115e+000
      vertex -5.099211e-001 4.037116e-002 2.527028e+000
    endloop 
  endfacet
  facet normal -9.911786E-001 -1.325293E-001 -9.271792E-004
    outer loop 
      vertex -4.892968e-001 -1.140049e-001 2.545284e+000
      vertex -5.099211e-001 4.037116e-002 2.527028e+000
      vertex -4.984164e-001 -4.467257e-002 2.384161e+000
    endloop 
  endfacet
  facet normal -9.922585E-001 -1.240734E-001 -5.362581E-003
    outer loop 
      vertex -5.085316e-001 4.444166e-002 2.193984e+000
      vertex -4.984164e-001 -4.467257e-002 2.384161e+000
      vertex -5.172605e-001 1.071016e-001 2.359375e+000
    endloop 
  endfacet
  facet normal -9.922425E-001 -1.241734E-001 -5.986858E-003
    outer loop 
      vertex -4.984164e-001 -4.467257e-002 2.384161e+000
      vertex -5.099211e-001 4.037116e-002 2.527028e+000
      vertex -5.172605e-001 1.071016e-001 2.359375e+000
    endloop 
  endfacet
  facet normal 1.301063E-001 -9.914930E-001 -3.719941E-003
    outer loop 
      vertex -4.759305e-002 -5.104393e-001 2.466674e+000
      vertex 1.125999e-001 -4.895183e-001 2.493299e+000
      vertex 5.922630e-003 -5.039865e-001 2.618510e+000
    endloop 
  endfacet
  facet normal 1.375924E-001 -9.904850E-001 2.774517E-003
    outer loop 
      vertex 1.125999e-001 -4.895183e-001 2.493299e+000
      vertex 1.661308e-001 -4.816278e-001 2.655491e+000
      vertex 5.922630e-003 -5.039865e-001 2.618510e+000
    endloop 
  endfacet
  facet normal 1.385525E-001 -9.903540E-001 -1.463820E-003
    outer loop 
      vertex 5.922630e-003 -5.039865e-001 2.618510e+000
      vertex 1.661308e-001 -4.816278e-001 2.655491e+000
      vertex 4.940983e-002 -4.981537e-001 2.788390e+000
    endloop 
  endfacet
  facet normal 1.425193E-001 -9.897888E-001 -2.498663E-003
    outer loop 
      vertex 4.940983e-002 -4.981537e-001 2.788390e+000
      vertex -1.242719e-001 -5.229658e-001 2.710648e+000
      vertex 5.922630e-003 -5.039865e-001 2.618510e+000
    endloop 
  endfacet
  facet normal 1.357738E-001 -9.907231E-001 -5.750199E-003
    outer loop 
      vertex 5.922630e-003 -5.039865e-001 2.618510e+000
      vertex -1.320816e-001 -5.226775e-001 2.580294e+000
      vertex -4.759305e-002 -5.104393e-001 2.466674e+000
    endloop 
  endfacet
  facet normal 1.370328E-001 -9.905119E-001 -1.040014E-002
    outer loop 
      vertex -1.242719e-001 -5.229658e-001 2.710648e+000
      vertex -1.320816e-001 -5.226775e-001 2.580294e+000
      vertex 5.922630e-003 -5.039865e-001 2.618510e+000
    endloop 
  endfacet
  facet normal 1.228850E-001 -9.923620E-001 1.080953E-002
    outer loop 
      vertex 3.790801e-001 -4.568042e-001 2.356745e+000
      vertex 2.694120e-001 -4.686523e-001 2.515760e+000
      vertex 2.094445e-001 -4.779109e-001 2.347507e+000
    endloop 
  endfacet
  facet normal 1.136844E-001 -9.934844E-001 8.032364E-003
    outer loop 
      vertex 2.850110e-001 -4.706073e-001 2.181335e+000
      vertex 2.094445e-001 -4.779109e-001 2.347507e+000
      vertex 1.375837e-001 -4.875489e-001 2.172498e+000
    endloop 
  endfacet
  facet normal 1.221679E-001 -9.924993E-001 4.494671E-003
    outer loop 
      vertex 1.375837e-001 -4.875489e-001 2.172498e+000
      vertex 2.094445e-001 -4.779109e-001 2.347507e+000
      vertex 4.820761e-002 -4.978482e-001 2.327538e+000
    endloop 
  endfacet
  facet normal 1.228068E-001 -9.923552E-001 1.223041E-002
    outer loop 
      vertex 3.790801e-001 -4.568042e-001 2.356745e+000
      vertex 2.094445e-001 -4.779109e-001 2.347507e+000
      vertex 2.850110e-001 -4.706073e-001 2.181335e+000
    endloop 
  endfacet
  facet normal 1.393925E-001 -9.901752E-001 1.108339E-002
    outer loop 
      vertex 3.182612e-001 -4.599837e-001 2.675840e+000
      vertex 1.661308e-001 -4.816278e-001 2.655491e+000
      vertex 2.694120e-001 -4.686523e-001 2.515760e+000
    endloop 
  endfacet
  facet normal -1.306993E-001 9.910688E-001 2.646550E-002
    outer loop 
      vertex -5.588815e-001 4.331806e-001 2.400012e+000
      vertex -5.625535e-001 4.284240e-001 2.560002e+000
      vertex -4.150899e-001 4.496005e-001 2.495240e+000
    endloop 
  endfacet
  facet normal -1.253902E-001 9.919387E-001 1.829896E-002
    outer loop 
      vertex -3.816468e-001 4.565057e-001 2.350088e+000
      vertex -5.588815e-001 4.331806e-001 2.400012e+000
      vertex -4.150899e-001 4.496005e-001 2.495240e+000
    endloop 
  endfacet
  facet normal -1.408918E-001 9.899420E-001 1.281812E-002
    outer loop 
      vertex -3.270710e-001 4.579719e-001 2.727316e+000
      vertex -1.963757e-001 4.770677e-001 2.689102e+000
      vertex -3.039789e-001 4.630609e-001 2.588109e+000
    endloop 
  endfacet
  facet normal -9.975780E-001 -6.946816E-002 3.504844E-003
    outer loop 
      vertex -4.949655e-001 -8.632795e-002 1.436187e+000
      vertex -5.038113e-001 3.613222e-002 1.345664e+000
      vertex -4.914584e-001 -1.437679e-001 1.295932e+000
    endloop 
  endfacet
  facet normal -9.972432E-001 -7.400806E-002 5.372479E-003
    outer loop 
      vertex -4.949655e-001 -8.632795e-002 1.436187e+000
      vertex -4.914584e-001 -1.437679e-001 1.295932e+000
      vertex -4.842192e-001 -2.328947e-001 1.411918e+000
    endloop 
  endfacet
  facet normal 1.748933E-001 -9.843936E-001 -1.953466E-002
    outer loop 
      vertex -2.933422e-001 -5.617592e-001 3.428082e+000
      vertex -4.044208e-001 -5.801427e-001 3.359983e+000
      vertex -2.462587e-001 -5.505090e-001 3.282698e+000
    endloop 
  endfacet
  facet normal 1.796126E-001 -9.835737E-001 -1.794286E-002
    outer loop 
      vertex -1.640223e-001 -5.382544e-001 3.434145e+000
      vertex -2.933422e-001 -5.617592e-001 3.428082e+000
      vertex -2.462587e-001 -5.505090e-001 3.282698e+000
    endloop 
  endfacet
  facet normal 1.844659E-001 -9.826252E-001 -2.048992E-002
    outer loop 
      vertex -3.994311e-001 -5.835917e-001 3.520001e+000
      vertex -2.933422e-001 -5.617592e-001 3.428082e+000
      vertex -2.616514e-001 -5.586235e-001 3.563011e+000
    endloop 
  endfacet
  facet normal 1.796714E-001 -9.835365E-001 -1.934265E-002
    outer loop 
      vertex -1.640223e-001 -5.382544e-001 3.434145e+000
      vertex -2.616514e-001 -5.586235e-001 3.563011e+000
      vertex -2.933422e-001 -5.617592e-001 3.428082e+000
    endloop 
  endfacet
  facet normal 1.791821E-001 -9.834512E-001 -2.678459E-002
    outer loop 
      vertex -2.933422e-001 -5.617592e-001 3.428082e+000
      vertex -3.994311e-001 -5.835917e-001 3.520001e+000
      vertex -4.044208e-001 -5.801427e-001 3.359983e+000
    endloop 
  endfacet
  facet normal 2.385582E-002 -9.995179E-001 -1.987044E-002
    outer loop 
      vertex -3.425520e-001 -5.110375e-001 6.171052e-001
      vertex -4.878823e-001 -5.117799e-001 4.799690e-001
      vertex -2.938465e-001 -5.072598e-001 4.855523e-001
    endloop 
  endfacet
  facet normal 3.029921E-002 -9.993880E-001 -1.748114E-002
    outer loop 
      vertex -1.710795e-001 -5.052939e-001 5.859500e-001
      vertex -3.425520e-001 -5.110375e-001 6.171052e-001
      vertex -2.938465e-001 -5.072598e-001 4.855523e-001
    endloop 
  endfacet
  facet normal 3.682194E-002 -9.991381E-001 -1.916261E-002
    outer loop 
      vertex -3.425520e-001 -5.110375e-001 6.171052e-001
      vertex -2.254346e-001 -5.085965e-001 7.148759e-001
      vertex -3.485595e-001 -5.147700e-001 8.001709e-001
    endloop 
  endfacet
  facet normal 3.190591E-002 -9.993040E-001 -1.932731E-002
    outer loop 
      vertex -3.485595e-001 -5.147700e-001 8.001709e-001
      vertex -4.834748e-001 -5.159795e-001 6.399862e-001
      vertex -3.425520e-001 -5.110375e-001 6.171052e-001
    endloop 
  endfacet
  facet normal 3.121660E-002 -9.994352E-001 -1.244069E-002
    outer loop 
      vertex -3.425520e-001 -5.110375e-001 6.171052e-001
      vertex -1.710795e-001 -5.052939e-001 5.859500e-001
      vertex -2.254346e-001 -5.085965e-001 7.148759e-001
    endloop 
  endfacet
  facet normal 3.064441E-002 -9.991638E-001 -2.706658E-002
    outer loop 
      vertex -3.425520e-001 -5.110375e-001 6.171052e-001
      vertex -4.834748e-001 -5.159795e-001 6.399862e-001
      vertex -4.878823e-001 -5.117799e-001 4.799690e-001
    endloop 
  endfacet
  facet normal 9.971089E-001 7.563500E-002 7.294261E-003
    outer loop 
      vertex 4.861356e-001 1.839777e-001 1.616549e+000
      vertex 4.928326e-001 1.137551e-001 1.429235e+000
      vertex 4.802848e-001 2.751956e-001 1.470499e+000
    endloop 
  endfacet
  facet normal 9.963655E-001 8.422974E-002 1.269202E-002
    outer loop 
      vertex 4.802848e-001 2.751956e-001 1.470499e+000
      vertex 4.748347e-001 3.171909e-001 1.619650e+000
      vertex 4.861356e-001 1.839777e-001 1.616549e+000
    endloop 
  endfacet
  facet normal 9.964922E-001 8.357562E-002 4.295337E-003
    outer loop 
      vertex 4.928326e-001 1.137551e-001 1.429235e+000
      vertex 4.861356e-001 1.839777e-001 1.616549e+000
      vertex 5.006589e-001 1.194136e-002 1.594600e+000
    endloop 
  endfacet
  facet normal 9.956003E-001 9.340426E-002 7.462921E-003
    outer loop 
      vertex 4.750321e-001 2.880512e-001 1.795262e+000
      vertex 4.916230e-001 1.122025e-001 1.782820e+000
      vertex 4.861356e-001 1.839777e-001 1.616549e+000
    endloop 
  endfacet
  facet normal 9.964850E-001 8.370860E-002 3.248343E-003
    outer loop 
      vertex 5.006589e-001 1.194136e-002 1.594600e+000
      vertex 4.861356e-001 1.839777e-001 1.616549e+000
      vertex 4.916230e-001 1.122025e-001 1.782820e+000
    endloop 
  endfacet
  facet normal 9.963638E-001 8.422580E-002 1.285543E-002
    outer loop 
      vertex 4.750321e-001 2.880512e-001 1.795262e+000
      vertex 4.861356e-001 1.839777e-001 1.616549e+000
      vertex 4.748347e-001 3.171909e-001 1.619650e+000
    endloop 
  endfacet
  facet normal 9.971459E-001 7.469655E-002 1.097711E-002
    outer loop 
      vertex 4.928326e-001 1.137551e-001 1.429235e+000
      vertex 4.852325e-001 2.352285e-001 1.293015e+000
      vertex 4.802848e-001 2.751956e-001 1.470499e+000
    endloop 
  endfacet
  facet normal -9.825081E-001 -1.852658E-001 -1.882187E-002
    outer loop 
      vertex -5.511501e-001 2.183080e-001 3.599025e+000
      vertex -5.837346e-001 3.991418e-001 3.519982e+000
      vertex -5.595640e-001 2.792512e-001 3.438362e+000
    endloop 
  endfacet
  facet normal -9.834727E-001 -1.802684E-001 -1.687573E-002
    outer loop 
      vertex -5.511501e-001 2.183080e-001 3.599025e+000
      vertex -5.595640e-001 2.792512e-001 3.438362e+000
      vertex -5.323967e-001 1.308436e-001 3.440430e+000
    endloop 
  endfacet
  facet normal -9.810361E-001 -1.930744E-001 -1.704453E-002
    outer loop 
      vertex -5.871597e-001 3.941297e-001 3.679993e+000
      vertex -5.511501e-001 2.183080e-001 3.599025e+000
      vertex -5.506681e-001 1.971665e-001 3.810764e+000
    endloop 
  endfacet
  facet normal -9.808128E-001 -1.941955E-001 -1.715697E-002
    outer loop 
      vertex -5.254348e-001 7.901845e-002 3.705542e+000
      vertex -5.506681e-001 1.971665e-001 3.810764e+000
      vertex -5.511501e-001 2.183080e-001 3.599025e+000
    endloop 
  endfacet
  facet normal -9.821356E-001 -1.877529E-001 -1.258998E-002
    outer loop 
      vertex -5.135766e-001 2.336328e-002 3.575132e+000
      vertex -5.511501e-001 2.183080e-001 3.599025e+000
      vertex -5.323967e-001 1.308436e-001 3.440430e+000
    endloop 
  endfacet
  facet normal -9.820923E-001 -1.881858E-001 -8.989372E-003
    outer loop 
      vertex -5.135766e-001 2.336328e-002 3.575132e+000
      vertex -5.254348e-001 7.901845e-002 3.705542e+000
      vertex -5.511501e-001 2.183080e-001 3.599025e+000
    endloop 
  endfacet
  facet normal -9.816741E-001 -1.886562E-001 -2.692229E-002
    outer loop 
      vertex -5.837346e-001 3.991418e-001 3.519982e+000
      vertex -5.511501e-001 2.183080e-001 3.599025e+000
      vertex -5.871597e-001 3.941297e-001 3.679993e+000
    endloop 
  endfacet
  facet normal -4.055611E-003 9.998871E-001 -1.446706E-002
    outer loop 
      vertex 3.748215e-001 5.020853e-001 1.336452e-001
      vertex 2.245100e-001 5.015742e-001 1.404574e-001
      vertex 2.832991e-001 5.037476e-001 2.741924e-001
    endloop 
  endfacet
  facet normal -4.050060E-003 9.998889E-001 -1.434445E-002
    outer loop 
      vertex 3.748215e-001 5.020853e-001 1.336452e-001
      vertex 3.333333e-001 5.000000e-001 0.000000e+000
      vertex 2.245100e-001 5.015742e-001 1.404574e-001
    endloop 
  endfacet
  facet normal 0.000000E+000 9.998783E-001 -1.560156E-002
    outer loop 
      vertex 5.000000e-001 5.000000e-001 0.000000e+000
      vertex 3.333333e-001 5.000000e-001 0.000000e+000
      vertex 3.748215e-001 5.020853e-001 1.336452e-001
    endloop 
  endfacet
  facet normal -1.173102E-002 9.997417E-001 -1.946346E-002
    outer loop 
      vertex 3.748215e-001 5.020853e-001 1.336452e-001
      vertex 2.832991e-001 5.037476e-001 2.741924e-001
      vertex 4.014057e-001 5.048863e-001 2.614959e-001
    endloop 
  endfacet
  facet normal -3.127689E-003 9.997692E-001 -2.125297E-002
    outer loop 
      vertex 3.748215e-001 5.020853e-001 1.336452e-001
      vertex 4.014057e-001 5.048863e-001 2.614959e-001
      vertex 4.969316e-001 5.030266e-001 1.599539e-001
    endloop 
  endfacet
  facet normal -3.616110E-003 9.998132E-001 -1.898757E-002
    outer loop 
      vertex 4.969316e-001 5.030266e-001 1.599539e-001
      vertex 5.000000e-001 5.000000e-001 0.000000e+000
      vertex 3.748215e-001 5.020853e-001 1.336452e-001
    endloop 
  endfacet
  facet normal -9.843791E-001 -1.749987E-001 -1.931639E-002
    outer loop 
      vertex -5.802376e-001 4.041907e-001 3.360006e+000
      vertex -5.493720e-001 2.392991e-001 3.280918e+000
      vertex -5.595640e-001 2.792512e-001 3.438362e+000
    endloop 
  endfacet
  facet normal -9.834523E-001 -1.802792E-001 -1.791645E-002
    outer loop 
      vertex -5.493720e-001 2.392991e-001 3.280918e+000
      vertex -5.323967e-001 1.308436e-001 3.440430e+000
      vertex -5.595640e-001 2.792512e-001 3.438362e+000
    endloop 
  endfacet
  facet normal -9.833369E-001 -1.797507E-001 -2.716842E-002
    outer loop 
      vertex -5.802376e-001 4.041907e-001 3.360006e+000
      vertex -5.595640e-001 2.792512e-001 3.438362e+000
      vertex -5.837346e-001 3.991418e-001 3.519982e+000
    endloop 
  endfacet
  facet normal 1.958839E-002 -9.996660E-001 -1.685240E-002
    outer loop 
      vertex -2.938465e-001 -5.072598e-001 4.855523e-001
      vertex -3.289656e-001 -5.054886e-001 3.396690e-001
      vertex -1.335822e-001 -5.028026e-001 4.074409e-001
    endloop 
  endfacet
  facet normal 2.379902E-002 -9.995571E-001 -1.786472E-002
    outer loop 
      vertex -3.289656e-001 -5.054886e-001 3.396690e-001
      vertex -2.938465e-001 -5.072598e-001 4.855523e-001
      vertex -4.878823e-001 -5.117799e-001 4.799690e-001
    endloop 
  endfacet
  facet normal 2.339822E-002 -9.996853E-001 -9.036736E-003
    outer loop 
      vertex -1.335822e-001 -5.028026e-001 4.074409e-001
      vertex -1.710795e-001 -5.052939e-001 5.859500e-001
      vertex -2.938465e-001 -5.072598e-001 4.855523e-001
    endloop 
  endfacet
  facet normal 9.840758E-001 1.776902E-001 -4.568050E-003
    outer loop 
      vertex 5.086582e-001 -6.724268e-003 3.301915e+000
      vertex 5.061601e-001 1.198957e-002 3.491702e+000
      vertex 5.326424e-001 -1.372911e-001 3.389890e+000
    endloop 
  endfacet
  facet normal 9.841990E-001 1.770084E-001 -4.499198E-003
    outer loop 
      vertex 5.086582e-001 -6.724268e-003 3.301915e+000
      vertex 4.865219e-001 1.186631e-001 3.392617e+000
      vertex 5.061601e-001 1.198957e-002 3.491702e+000
    endloop 
  endfacet
  facet normal 9.848812E-001 1.728134E-001 -1.202544E-002
    outer loop 
      vertex 5.307806e-001 -1.396451e-001 3.203580e+000
      vertex 5.086582e-001 -6.724268e-003 3.301915e+000
      vertex 5.326424e-001 -1.372911e-001 3.389890e+000
    endloop 
  endfacet
  facet normal -9.998757E-001 -4.599199E-003 -1.508130E-002
    outer loop 
      vertex -5.011174e-001 2.256033e-001 1.069365e-001
      vertex -5.025774e-001 3.597291e-001 1.628271e-001
      vertex -5.000000e-001 3.333333e-001 0.000000e+000
    endloop 
  endfacet
  facet normal -9.995835E-001 -3.797729E-003 -2.860748E-002
    outer loop 
      vertex -5.025774e-001 3.597291e-001 1.628271e-001
      vertex -5.075808e-001 4.922562e-001 3.200589e-001
      vertex -5.030224e-001 4.969611e-001 1.601604e-001
    endloop 
  endfacet
  facet normal -9.998142E-001 -3.610546E-003 -1.893629E-002
    outer loop 
      vertex -5.025774e-001 3.597291e-001 1.628271e-001
      vertex -5.030224e-001 4.969611e-001 1.601604e-001
      vertex -5.000000e-001 5.000000e-001 0.000000e+000
    endloop 
  endfacet
  facet normal -9.998748E-001 0.000000E+000 -1.582686E-002
    outer loop 
      vertex -5.025774e-001 3.597291e-001 1.628271e-001
      vertex -5.000000e-001 5.000000e-001 0.000000e+000
      vertex -5.000000e-001 3.333333e-001 0.000000e+000
    endloop 
  endfacet
  facet normal 9.996952E-001 1.529473E-002 -1.937925E-002
    outer loop 
      vertex 5.075617e-001 -4.922723e-001 3.199983e-001
      vertex 5.038490e-001 -3.676987e-001 2.267892e-001
      vertex 5.052986e-001 -3.017222e-001 3.536381e-001
    endloop 
  endfacet
  facet normal 9.998335E-001 2.600594E-003 -1.806646E-002
    outer loop 
      vertex 5.038490e-001 -3.676987e-001 2.267892e-001
      vertex 5.029789e-001 -4.968949e-001 1.600384e-001
      vertex 5.015162e-001 -3.346398e-001 1.024458e-001
    endloop 
  endfacet
  facet normal 9.995496E-001 8.186284E-003 -2.887386E-002
    outer loop 
      vertex 5.075617e-001 -4.922723e-001 3.199983e-001
      vertex 5.029789e-001 -4.968949e-001 1.600384e-001
      vertex 5.038490e-001 -3.676987e-001 2.267892e-001
    endloop 
  endfacet
  facet normal 1.929583E-001 -9.809914E-001 2.056528E-002
    outer loop 
      vertex 5.868081e-001 -3.942742e-001 3.679984e+000
      vertex 4.660680e-001 -4.148084e-001 3.833346e+000
      vertex 4.667251e-001 -4.188038e-001 3.636598e+000
    endloop 
  endfacet
  facet normal 1.955390E-001 -9.804803E-001 2.056352E-002
    outer loop 
      vertex 4.667251e-001 -4.188038e-001 3.636598e+000
      vertex 4.660680e-001 -4.148084e-001 3.833346e+000
      vertex 3.662476e-001 -4.370058e-001 3.724159e+000
    endloop 
  endfacet
  facet normal 2.026162E-001 -9.791312E-001 1.577308E-002
    outer loop 
      vertex 3.169395e-001 -4.452237e-001 3.860945e+000
      vertex 4.660680e-001 -4.148084e-001 3.833346e+000
      vertex 4.306035e-001 -4.194626e-001 4.000000e+000
    endloop 
  endfacet
  facet normal 2.023247E-001 -9.792169E-001 1.410308E-002
    outer loop 
      vertex 3.662476e-001 -4.370058e-001 3.724159e+000
      vertex 4.660680e-001 -4.148084e-001 3.833346e+000
      vertex 3.169395e-001 -4.452237e-001 3.860945e+000
    endloop 
  endfacet
  facet normal 2.176993E-001 -9.758295E-001 1.907502E-002
    outer loop 
      vertex 4.306035e-001 -4.194626e-001 4.000000e+000
      vertex 4.660680e-001 -4.148084e-001 3.833346e+000
      vertex 5.942082e-001 -3.829637e-001 4.000000e+000
    endloop 
  endfacet
  facet normal 2.043333E-001 -9.784458E-001 2.986150E-002
    outer loop 
      vertex 5.906362e-001 -3.885970e-001 3.839809e+000
      vertex 4.660680e-001 -4.148084e-001 3.833346e+000
      vertex 5.868081e-001 -3.942742e-001 3.679984e+000
    endloop 
  endfacet
  facet normal 2.043338E-001 -9.784460E-001 2.985171E-002
    outer loop 
      vertex 4.660680e-001 -4.148084e-001 3.833346e+000
      vertex 5.906362e-001 -3.885970e-001 3.839809e+000
      vertex 5.942082e-001 -3.829637e-001 4.000000e+000
    endloop 
  endfacet
  facet normal -9.798940E-001 -1.973053E-001 2.963687E-002
    outer loop 
      vertex -3.887641e-001 -5.907745e-001 3.839978e+000
      vertex -4.126506e-001 -4.866521e-001 3.743400e+000
      vertex -3.943481e-001 -5.870813e-001 3.679941e+000
    endloop 
  endfacet
  facet normal 4.968563E-003 -9.999575E-001 7.770962E-003
    outer loop 
      vertex 1.666667e-001 -5.000000e-001 0.000000e+000
      vertex 3.299439e-001 -4.983476e-001 1.082320e-001
      vertex 1.394963e-001 -4.989777e-001 1.489215e-001
    endloop 
  endfacet
  facet normal 0.000000E+000 -9.998834E-001 1.526533E-002
    outer loop 
      vertex 3.333333e-001 -5.000000e-001 0.000000e+000
      vertex 3.299439e-001 -4.983476e-001 1.082320e-001
      vertex 1.666667e-001 -5.000000e-001 0.000000e+000
    endloop 
  endfacet
  facet normal 0.000000E+000 -9.998834E-001 1.526533E-002
    outer loop 
      vertex 3.333333e-001 -5.000000e-001 0.000000e+000
      vertex 5.000000e-001 -5.000000e-001 0.000000e+000
      vertex 3.299439e-001 -4.983476e-001 1.082320e-001
    endloop 
  endfacet
  facet normal 2.600371E-003 -9.998094E-001 1.934996E-002
    outer loop 
      vertex 5.000000e-001 -5.000000e-001 0.000000e+000
      vertex 5.029789e-001 -4.968949e-001 1.600384e-001
      vertex 3.299439e-001 -4.983476e-001 1.082320e-001
    endloop 
  endfacet
  facet normal -4.199620E-003 9.999616E-001 7.692018E-003
    outer loop 
      vertex -3.335653e-001 4.985011e-001 1.037399e-001
      vertex -1.463221e-001 4.988175e-001 1.648359e-001
      vertex -1.666667e-001 5.000000e-001 0.000000e+000
    endloop 
  endfacet
  facet normal 0.000000E+000 9.998956E-001 1.444749E-002
    outer loop 
      vertex -3.333333e-001 5.000000e-001 0.000000e+000
      vertex -3.335653e-001 4.985011e-001 1.037399e-001
      vertex -1.666667e-001 5.000000e-001 0.000000e+000
    endloop 
  endfacet
  facet normal 0.000000E+000 9.998956E-001 1.444749E-002
    outer loop 
      vertex -5.000000e-001 5.000000e-001 0.000000e+000
      vertex -3.335653e-001 4.985011e-001 1.037399e-001
      vertex -3.333333e-001 5.000000e-001 0.000000e+000
    endloop 
  endfacet
  facet normal -2.787282E-003 9.998171E-001 1.891812E-002
    outer loop 
      vertex -3.335653e-001 4.985011e-001 1.037399e-001
      vertex -5.000000e-001 5.000000e-001 0.000000e+000
      vertex -5.030224e-001 4.969611e-001 1.601604e-001
    endloop 
  endfacet
  facet normal -2.030852E-001 9.791299E-001 -7.805612E-003
    outer loop 
      vertex 5.914094e-002 5.238972e-001 4.000000e+000
      vertex 2.136817e-001 5.549628e-001 3.876026e+000
      vertex 8.503772e-003 5.121528e-001 3.844256e+000
    endloop 
  endfacet
  facet normal -2.023121E-001 9.792356E-001 -1.294126E-002
    outer loop 
      vertex 1.206959e-001 5.335946e-001 3.712798e+000
      vertex 8.503772e-003 5.121528e-001 3.844256e+000
      vertex 2.136817e-001 5.549628e-001 3.876026e+000
    endloop 
  endfacet
  facet normal -2.090533E-001 9.777800E-001 -1.558346E-002
    outer loop 
      vertex 2.212095e-001 5.585482e-001 4.000000e+000
      vertex 2.136817e-001 5.549628e-001 3.876026e+000
      vertex 5.914094e-002 5.238972e-001 4.000000e+000
    endloop 
  endfacet
  facet normal -2.169187E-001 9.760735E-001 -1.505652E-002
    outer loop 
      vertex 3.826352e-001 5.944228e-001 4.000000e+000
      vertex 2.136817e-001 5.549628e-001 3.876026e+000
      vertex 2.212095e-001 5.585482e-001 4.000000e+000
    endloop 
  endfacet
  facet normal -2.058478E-001 9.780995E-001 -3.078889E-002
    outer loop 
      vertex 3.885183e-001 5.906221e-001 3.839929e+000
      vertex 2.136817e-001 5.549628e-001 3.876026e+000
      vertex 3.826352e-001 5.944228e-001 4.000000e+000
    endloop 
  endfacet
  facet normal -9.997647E-001 -1.096091E-002 -1.872155E-002
    outer loop 
      vertex -5.023230e-001 1.931799e-001 2.467549e-001
      vertex -5.058978e-001 3.387622e-001 3.524210e-001
      vertex -5.025774e-001 3.597291e-001 1.628271e-001
    endloop 
  endfacet
  facet normal -9.998000E-001 -1.742029E-002 -9.823289E-003
    outer loop 
      vertex -5.058978e-001 3.387622e-001 3.524210e-001
      vertex -5.023230e-001 1.931799e-001 2.467549e-001
      vertex -5.032530e-001 1.544118e-001 4.101602e-001
    endloop 
  endfacet
  facet normal -9.999263E-001 -6.648814E-003 -1.016398E-002
    outer loop 
      vertex -5.025774e-001 3.597291e-001 1.628271e-001
      vertex -5.011174e-001 2.256033e-001 1.069365e-001
      vertex -5.023230e-001 1.931799e-001 2.467549e-001
    endloop 
  endfacet
  facet normal -9.999326E-001 -5.903421E-003 -9.991178E-003
    outer loop 
      vertex -5.011174e-001 2.256033e-001 1.069365e-001
      vertex -5.004717e-001 6.510595e-002 1.371461e-001
      vertex -5.023230e-001 1.931799e-001 2.467549e-001
    endloop 
  endfacet
  facet normal 2.001282E-002 -9.996956E-001 1.442887E-002
    outer loop 
      vertex 2.039497e-001 -4.959500e-001 4.046261e-001
      vertex 3.717460e-001 -4.924944e-001 4.113149e-001
      vertex 2.906441e-001 -4.922987e-001 5.373607e-001
    endloop 
  endfacet
  facet normal 2.059484E-002 -9.997706E-001 5.871763E-003
    outer loop 
      vertex 2.039497e-001 -4.959500e-001 4.046261e-001
      vertex 3.545727e-002 -4.993558e-001 4.157193e-001
      vertex 1.243578e-001 -4.982401e-001 2.938754e-001
    endloop 
  endfacet
  facet normal 0.000000E+000 0.000000E+000 1.000000E+000
    outer loop 
      vertex -4.429528e-001 2.927535e-001 4.000000e+000
      vertex -5.588940e-001 2.212767e-001 4.000000e+000
      vertex -4.384754e-001 1.656747e-001 4.000000e+000
    endloop 
  endfacet
  facet normal 0.000000E+000 0.000000E+000 1.000000E+000
    outer loop 
      vertex -3.246020e-001 2.000811e-001 4.000000e+000
      vertex -4.429528e-001 2.927535e-001 4.000000e+000
      vertex -4.384754e-001 1.656747e-001 4.000000e+000
    endloop 
  endfacet
  facet normal 0.000000E+000 0.000000E+000 1.000000E+000
    outer loop 
      vertex -5.946875e-001 3.830438e-001 4.000000e+000
      vertex -4.429528e-001 2.927535e-001 4.000000e+000
      vertex -4.308094e-001 4.193005e-001 4.000000e+000
    endloop 
  endfacet
  facet normal 0.000000E+000 0.000000E+000 1.000000E+000
    outer loop 
      vertex -5.588940e-001 2.212767e-001 4.000000e+000
      vertex -4.429528e-001 2.927535e-001 4.000000e+000
      vertex -5.946875e-001 3.830438e-001 4.000000e+000
    endloop 
  endfacet
  facet normal 9.864525E-001 1.635801E-001 -1.236906E-002
    outer loop 
      vertex 5.534838e-001 -2.828212e-001 3.120703e+000
      vertex 5.311964e-001 -1.560070e-001 3.020356e+000
      vertex 5.307806e-001 -1.396451e-001 3.203580e+000
    endloop 
  endfacet
  facet normal 9.882000E-001 1.526376E-001 -1.275093E-002
    outer loop 
      vertex 5.311964e-001 -1.560070e-001 3.020356e+000
      vertex 5.310364e-001 -1.692770e-001 2.849102e+000
      vertex 5.125721e-001 -4.391625e-002 2.918773e+000
    endloop 
  endfacet
  facet normal -9.792967E-001 -2.023041E-001 7.142716E-003
    outer loop 
      vertex -4.546112e-001 -2.668735e-001 4.000000e+000
      vertex -4.772195e-001 -1.625465e-001 3.855174e+000
      vertex -4.465746e-001 -3.107306e-001 3.859686e+000
    endloop 
  endfacet
  facet normal -9.776798E-001 -2.098810E-001 9.603613E-003
    outer loop 
      vertex -4.546112e-001 -2.668735e-001 4.000000e+000
      vertex -4.465746e-001 -3.107306e-001 3.859686e+000
      vertex -4.194401e-001 -4.307096e-001 4.000000e+000
    endloop 
  endfacet
  facet normal 9.811441E-001 1.921496E-001 -2.085504E-002
    outer loop 
      vertex 5.607957e-001 -2.679627e-001 3.619991e+000
      vertex 5.655743e-001 -2.777650e-001 3.754488e+000
      vertex 5.868081e-001 -3.942742e-001 3.679984e+000
    endloop 
  endfacet
  facet normal 9.797156E-001 1.980578E-001 -3.050128E-002
    outer loop 
      vertex 5.655743e-001 -2.777650e-001 3.754488e+000
      vertex 5.906362e-001 -3.885970e-001 3.839809e+000
      vertex 5.868081e-001 -3.942742e-001 3.679984e+000
    endloop 
  endfacet
  facet normal 0.000000E+000 0.000000E+000 1.000000E+000
    outer loop 
      vertex 3.738227e-001 2.408326e-004 4.000000e+000
      vertex 3.422549e-001 1.775305e-001 4.000000e+000
      vertex 2.226899e-001 9.359199e-002 4.000000e+000
    endloop 
  endfacet
  facet normal 0.000000E+000 0.000000E+000 1.000000E+000
    outer loop 
      vertex 4.890685e-001 1.033580e-001 4.000000e+000
      vertex 3.422549e-001 1.775305e-001 4.000000e+000
      vertex 3.738227e-001 2.408326e-004 4.000000e+000
    endloop 
  endfacet
  facet normal 0.000000E+000 0.000000E+000 1.000000E+000
    outer loop 
      vertex 4.890685e-001 1.033580e-001 4.000000e+000
      vertex 4.542501e-001 2.667092e-001 4.000000e+000
      vertex 3.422549e-001 1.775305e-001 4.000000e+000
    endloop 
  endfacet
  facet normal 0.000000E+000 0.000000E+000 1.000000E+000
    outer loop 
      vertex 1.840341e-001 2.546759e-001 4.000000e+000
      vertex 2.226899e-001 9.359199e-002 4.000000e+000
      vertex 3.422549e-001 1.775305e-001 4.000000e+000
    endloop 
  endfacet
  facet normal 0.000000E+000 0.000000E+000 1.000000E+000
    outer loop 
      vertex 2.212095e-001 5.585482e-001 4.000000e+000
      vertex 5.914094e-002 5.238972e-001 4.000000e+000
      vertex 1.706610e-001 4.151497e-001 4.000000e+000
    endloop 
  endfacet
  facet normal 0.000000E+000 0.000000E+000 -1.000000E+000
    outer loop 
      vertex -3.333333e-001 5.000000e-001 0.000000e+000
      vertex -1.666667e-001 5.000000e-001 0.000000e+000
      vertex -2.453599e-001 3.902999e-001 0.000000e+000
    endloop 
  endfacet
  facet normal 0.000000E+000 0.000000E+000 1.000000E+000
    outer loop 
      vertex -1.239437e-001 -8.801395e-002 4.000000e+000
      vertex -2.668164e-001 -2.897741e-002 4.000000e+000
      vertex -2.844383e-001 -1.731388e-001 4.000000e+000
    endloop 
  endfacet
  facet normal 0.000000E+000 0.000000E+000 1.000000E+000
    outer loop 
      vertex -2.595823e-001 -3.181396e-001 4.000000e+000
      vertex -2.844383e-001 -1.731388e-001 4.000000e+000
      vertex -4.546112e-001 -2.668735e-001 4.000000e+000
    endloop 
  endfacet
  facet normal 0.000000E+000 0.000000E+000 1.000000E+000
    outer loop 
      vertex -4.893816e-001 -1.035091e-001 4.000000e+000
      vertex -4.546112e-001 -2.668735e-001 4.000000e+000
      vertex -2.844383e-001 -1.731388e-001 4.000000e+000
    endloop 
  endfacet
  facet normal 0.000000E+000 0.000000E+000 1.000000E+000
    outer loop 
      vertex -4.893816e-001 -1.035091e-001 4.000000e+000
      vertex -2.844383e-001 -1.731388e-001 4.000000e+000
      vertex -2.668164e-001 -2.897741e-002 4.000000e+000
    endloop 
  endfacet
  facet normal 0.000000E+000 0.000000E+000 1.000000E+000
    outer loop 
      vertex -1.434011e-001 3.519147e-001 4.000000e+000
      vertex -1.035933e-001 4.891163e-001 4.000000e+000
      vertex -2.669391e-001 4.542817e-001 4.000000e+000
    endloop 
  endfacet
  facet normal 0.000000E+000 0.000000E+000 -1.000000E+000
    outer loop 
      vertex 3.739951e-001 3.607144e-001 0.000000e+000
      vertex 2.542583e-001 3.949247e-001 0.000000e+000
      vertex 3.333333e-001 5.000000e-001 0.000000e+000
    endloop 
  endfacet
  facet normal 0.000000E+000 0.000000E+000 -1.000000E+000
    outer loop 
      vertex 2.514211e-001 2.763562e-001 0.000000e+000
      vertex 2.542583e-001 3.949247e-001 0.000000e+000
      vertex 3.739951e-001 3.607144e-001 0.000000e+000
    endloop 
  endfacet
  facet normal 0.000000E+000 0.000000E+000 -1.000000E+000
    outer loop 
      vertex 5.000000e-001 3.333333e-001 0.000000e+000
      vertex 3.775123e-001 2.188884e-001 0.000000e+000
      vertex 3.739951e-001 3.607144e-001 0.000000e+000
    endloop 
  endfacet
  facet normal 0.000000E+000 0.000000E+000 -1.000000E+000
    outer loop 
      vertex 3.775123e-001 2.188884e-001 0.000000e+000
      vertex 2.514211e-001 2.763562e-001 0.000000e+000
      vertex 3.739951e-001 3.607144e-001 0.000000e+000
    endloop 
  endfacet
  facet normal 0.000000E+000 0.000000E+000 -1.000000E+000
    outer loop 
      vertex 3.739951e-001 3.607144e-001 0.000000e+000
      vertex 3.333333e-001 5.000000e-001 0.000000e+000
      vertex 5.000000e-001 5.000000e-001 0.000000e+000
    endloop 
  endfacet
  facet normal 0.000000E+000 0.000000E+000 -1.000000E+000
    outer loop 
      vertex 5.000000e-001 3.333333e-001 0.000000e+000
      vertex 3.739951e-001 3.607144e-001 0.000000e+000
      vertex 5.000000e-001 5.000000e-001 0.000000e+000
    endloop 
  endfacet
  facet normal 0.000000E+000 0.000000E+000 -1.000000E+000
    outer loop 
      vertex -3.766828e-001 6.072977e-002 0.000000e+000
      vertex -2.533354e-001 -3.212956e-002 0.000000e+000
      vertex -3.789835e-001 -8.326499e-002 0.000000e+000
    endloop 
  endfacet
  facet normal 0.000000E+000 0.000000E+000 -1.000000E+000
    outer loop 
      vertex -3.766828e-001 6.072977e-002 0.000000e+000
      vertex -3.789835e-001 -8.326499e-002 0.000000e+000
      vertex -5.000000e-001 0.000000e+000 0.000000e+000
    endloop 
  endfacet
  facet normal 0.000000E+000 0.000000E+000 -1.000000E+000
    outer loop 
      vertex -3.766828e-001 6.072977e-002 0.000000e+000
      vertex -5.000000e-001 0.000000e+000 0.000000e+000
      vertex -5.000000e-001 1.666667e-001 0.000000e+000
    endloop 
  endfacet
  facet normal 0.000000E+000 0.000000E+000 -1.000000E+000
    outer loop 
      vertex -1.666667e-001 -5.000000e-001 0.000000e+000
      vertex -6.641074e-002 -3.674450e-001 0.000000e+000
      vertex 0.000000e+000 -5.000000e-001 0.000000e+000
    endloop 
  endfacet
  facet normal 0.000000E+000 0.000000E+000 -1.000000E+000
    outer loop 
      vertex 1.666667e-001 5.000000e-001 0.000000e+000
      vertex 1.274870e-001 3.588903e-001 0.000000e+000
      vertex 0.000000e+000 5.000000e-001 0.000000e+000
    endloop 
  endfacet
  facet normal 0.000000E+000 0.000000E+000 -1.000000E+000
    outer loop 
      vertex 5.137601e-003 2.877174e-001 0.000000e+000
      vertex 0.000000e+000 5.000000e-001 0.000000e+000
      vertex 1.274870e-001 3.588903e-001 0.000000e+000
    endloop 
  endfacet
  facet normal 0.000000E+000 0.000000E+000 -1.000000E+000
    outer loop 
      vertex 5.000000e-001 0.000000e+000 0.000000e+000
      vertex 3.779213e-001 8.281100e-002 0.000000e+000
      vertex 5.000000e-001 1.666667e-001 0.000000e+000
    endloop 
  endfacet
  facet normal 0.000000E+000 0.000000E+000 -1.000000E+000
    outer loop 
      vertex -3.789835e-001 -8.326499e-002 0.000000e+000
      vertex -5.000000e-001 -1.666667e-001 0.000000e+000
      vertex -5.000000e-001 0.000000e+000 0.000000e+000
    endloop 
  endfacet
  facet normal 0.000000E+000 0.000000E+000 1.000000E+000
    outer loop 
      vertex 5.201131e-002 -2.817054e-001 4.000000e+000
      vertex 2.125349e-001 -2.841353e-001 4.000000e+000
      vertex 1.308172e-001 -1.461488e-001 4.000000e+000
    endloop 
  endfacet
  facet normal 0.000000E+000 0.000000E+000 1.000000E+000
    outer loop 
      vertex 2.125349e-001 -2.841353e-001 4.000000e+000
      vertex 1.032944e-001 -4.893297e-001 4.000000e+000
      vertex 2.666182e-001 -4.544252e-001 4.000000e+000
    endloop 
  endfacet
  facet normal 0.000000E+000 0.000000E+000 1.000000E+000
    outer loop 
      vertex 1.032944e-001 -4.893297e-001 4.000000e+000
      vertex 2.125349e-001 -2.841353e-001 4.000000e+000
      vertex 5.201131e-002 -2.817054e-001 4.000000e+000
    endloop 
  endfacet
  facet normal 0.000000E+000 0.000000E+000 -1.000000E+000
    outer loop 
      vertex 2.567876e-001 -3.806878e-001 0.000000e+000
      vertex 3.333333e-001 -5.000000e-001 0.000000e+000
      vertex 1.666667e-001 -5.000000e-001 0.000000e+000
    endloop 
  endfacet
  facet normal 0.000000E+000 0.000000E+000 1.000000E+000
    outer loop 
      vertex -5.588940e-001 2.212767e-001 4.000000e+000
      vertex -5.239996e-001 5.925403e-002 4.000000e+000
      vertex -4.384754e-001 1.656747e-001 4.000000e+000
    endloop 
  endfacet
  facet normal 0.000000E+000 0.000000E+000 1.000000E+000
    outer loop 
      vertex 5.237809e-001 -5.937060e-002 4.000000e+000
      vertex 3.738227e-001 2.408326e-004 4.000000e+000
      vertex 3.724706e-001 -1.682360e-001 4.000000e+000
    endloop 
  endfacet
  facet normal 0.000000E+000 0.000000E+000 1.000000E+000
    outer loop 
      vertex 5.237809e-001 -5.937060e-002 4.000000e+000
      vertex 4.890685e-001 1.033580e-001 4.000000e+000
      vertex 3.738227e-001 2.408326e-004 4.000000e+000
    endloop 
  endfacet
  facet normal 0.000000E+000 0.000000E+000 -1.000000E+000
    outer loop 
      vertex 2.463146e-001 -1.167427e-001 0.000000e+000
      vertex 2.407040e-001 -2.523085e-001 0.000000e+000
      vertex 1.197696e-001 -1.840909e-001 0.000000e+000
    endloop 
  endfacet
  facet normal 0.000000E+000 0.000000E+000 1.000000E+000
    outer loop 
      vertex 1.706610e-001 4.151497e-001 4.000000e+000
      vertex 3.078475e-001 3.385073e-001 4.000000e+000
      vertex 2.990240e-001 4.666958e-001 4.000000e+000
    endloop 
  endfacet
  facet normal 0.000000E+000 0.000000E+000 1.000000E+000
    outer loop 
      vertex 2.990240e-001 4.666958e-001 4.000000e+000
      vertex 3.078475e-001 3.385073e-001 4.000000e+000
      vertex 4.189428e-001 4.306788e-001 4.000000e+000
    endloop 
  endfacet
  facet normal 0.000000E+000 0.000000E+000 1.000000E+000
    outer loop 
      vertex 2.990240e-001 4.666958e-001 4.000000e+000
      vertex 2.212095e-001 5.585482e-001 4.000000e+000
      vertex 1.706610e-001 4.151497e-001 4.000000e+000
    endloop 
  endfacet
  facet normal 0.000000E+000 0.000000E+000 1.000000E+000
    outer loop 
      vertex 3.826352e-001 5.944228e-001 4.000000e+000
      vertex 2.212095e-001 5.585482e-001 4.000000e+000
      vertex 2.990240e-001 4.666958e-001 4.000000e+000
    endloop 
  endfacet
  facet normal 0.000000E+000 0.000000E+000 1.000000E+000
    outer loop 
      vertex 2.990240e-001 4.666958e-001 4.000000e+000
      vertex 4.189428e-001 4.306788e-001 4.000000e+000
      vertex 3.826352e-001 5.944228e-001 4.000000e+000
    endloop 
  endfacet
  facet normal 0.000000E+000 0.000000E+000 1.000000E+000
    outer loop 
      vertex -5.945522e-002 -5.239606e-001 4.000000e+000
      vertex 1.032944e-001 -4.893297e-001 4.000000e+000
      vertex -6.426155e-002 -3.751689e-001 4.000000e+000
    endloop 
  endfacet
  facet normal 0.000000E+000 0.000000E+000 1.000000E+000
    outer loop 
      vertex 1.032944e-001 -4.893297e-001 4.000000e+000
      vertex 5.201131e-002 -2.817054e-001 4.000000e+000
      vertex -6.426155e-002 -3.751689e-001 4.000000e+000
    endloop 
  endfacet
  facet normal 1.460393E-001 -9.892226E-001 -1.054348E-002
    outer loop 
      vertex 4.940983e-002 -4.981537e-001 2.788390e+000
      vertex -1.243133e-001 -5.244759e-001 2.851762e+000
      vertex -1.242719e-001 -5.229658e-001 2.710648e+000
    endloop 
  endfacet
  facet normal -9.901489E-001 -1.396738E-001 -9.811345E-003
    outer loop 
      vertex -5.259959e-001 1.496444e-001 2.654767e+000
      vertex -5.032504e-001 -1.267666e-002 2.670115e+000
      vertex -5.212681e-001 1.060998e-001 2.797550e+000
    endloop 
  endfacet
  facet normal -9.891666E-001 -1.467656E-001 -3.062581E-003
    outer loop 
      vertex -4.943649e-001 -7.553597e-002 2.812599e+000
      vertex -5.212681e-001 1.060998e-001 2.797550e+000
      vertex -5.032504e-001 -1.267666e-002 2.670115e+000
    endloop 
  endfacet
  facet normal -5.559927E-002 9.984370E-001 -5.668986E-003
    outer loop 
      vertex -5.867202e-002 4.974768e-001 1.072002e+000
      vertex 8.125318e-002 5.056360e-001 1.136676e+000
      vertex 7.917028e-002 5.047714e-001 1.004824e+000
    endloop 
  endfacet
  facet normal -5.828481E-002 9.983000E-001 1.585347E-004
    outer loop 
      vertex 8.125318e-002 5.056360e-001 1.136676e+000
      vertex -5.867202e-002 4.974768e-001 1.072002e+000
      vertex -1.902393e-002 4.997655e-001 1.237028e+000
    endloop 
  endfacet
  facet normal -5.802977E-002 9.982990E-001 -5.629692E-003
    outer loop 
      vertex 8.125318e-002 5.056360e-001 1.136676e+000
      vertex 2.098729e-001 5.129984e-001 1.116449e+000
      vertex 7.917028e-002 5.047714e-001 1.004824e+000
    endloop 
  endfacet
  facet normal -5.877635E-002 9.982169E-001 -1.040694E-002
    outer loop 
      vertex 2.098729e-001 5.129984e-001 1.116449e+000
      vertex 8.125318e-002 5.056360e-001 1.136676e+000
      vertex 1.629035e-001 5.118674e-001 1.273239e+000
    endloop 
  endfacet
  facet normal -6.505769E-002 9.978594E-001 -6.635059E-003
    outer loop 
      vertex 8.125318e-002 5.056360e-001 1.136676e+000
      vertex -1.902393e-002 4.997655e-001 1.237028e+000
      vertex 1.629035e-001 5.118674e-001 1.273239e+000
    endloop 
  endfacet
  facet normal -9.981103E-001 -6.133147E-002 -3.792944E-003
    outer loop 
      vertex -5.038113e-001 3.613222e-002 1.345664e+000
      vertex -5.104617e-001 1.544442e-001 1.182633e+000
      vertex -4.991237e-001 -2.981928e-002 1.178552e+000
    endloop 
  endfacet
  facet normal -9.981107E-001 -6.133551E-002 -3.611785E-003
    outer loop 
      vertex -4.991237e-001 -2.981928e-002 1.178552e+000
      vertex -5.104617e-001 1.544442e-001 1.182633e+000
      vertex -5.028526e-001 3.966331e-002 1.029078e+000
    endloop 
  endfacet
  facet normal 9.984767E-001 5.468270E-002 -7.350476E-003
    outer loop 
      vertex 5.070893e-001 -1.014328e-001 1.175755e+000
      vertex 5.070776e-001 -1.269917e-001 9.840344e-001
      vertex 4.989024e-001 3.280342e-002 1.062292e+000
    endloop 
  endfacet
  facet normal 9.981099E-001 6.144952E-002 6.816771E-004
    outer loop 
      vertex 4.969731e-001 6.207756e-002 1.248194e+000
      vertex 5.070893e-001 -1.014328e-001 1.175755e+000
      vertex 4.989024e-001 3.280342e-002 1.062292e+000
    endloop 
  endfacet
  facet normal 9.983488E-001 5.693207E-002 -7.650340E-003
    outer loop 
      vertex 5.172050e-001 -2.903053e-001 1.090286e+000
      vertex 5.070776e-001 -1.269917e-001 9.840344e-001
      vertex 5.070893e-001 -1.014328e-001 1.175755e+000
    endloop 
  endfacet
  facet normal 9.980885E-001 6.005593E-002 -1.458442E-002
    outer loop 
      vertex 5.172050e-001 -2.903053e-001 1.090286e+000
      vertex 5.070893e-001 -1.014328e-001 1.175755e+000
      vertex 5.155820e-001 -2.188075e-001 1.273632e+000
    endloop 
  endfacet
  facet normal 5.490273E-002 -9.984654E-001 -7.251786E-003
    outer loop 
      vertex 3.492555e-002 -4.988295e-001 1.066336e+000
      vertex -9.785704e-002 -5.068569e-001 1.166306e+000
      vertex -1.329325e-001 -5.076942e-001 1.016040e+000
    endloop 
  endfacet
  facet normal 6.040615E-002 -9.981739E-001 8.141539E-005
    outer loop 
      vertex -9.785704e-002 -5.068569e-001 1.166306e+000
      vertex 3.492555e-002 -4.988295e-001 1.066336e+000
      vertex 3.198012e-002 -4.989965e-001 1.204082e+000
    endloop 
  endfacet
  facet normal 5.926771E-002 -9.982078E-001 -8.272104E-003
    outer loop 
      vertex -1.329325e-001 -5.076942e-001 1.016040e+000
      vertex -9.785704e-002 -5.068569e-001 1.166306e+000
      vertex -2.627150e-001 -5.164090e-001 1.137814e+000
    endloop 
  endfacet
  facet normal 5.998767E-002 -9.981213E-001 -1.246692E-002
    outer loop 
      vertex -9.785704e-002 -5.068569e-001 1.166306e+000
      vertex -1.935963e-001 -5.141653e-001 1.290762e+000
      vertex -2.627150e-001 -5.164090e-001 1.137814e+000
    endloop 
  endfacet
  facet normal -4.043297E-002 9.989912E-001 -1.953779E-002
    outer loop 
      vertex 3.528306e-001 5.167264e-001 8.907084e-001
      vertex 4.789859e-001 5.200588e-001 8.000246e-001
      vertex 3.397418e-001 5.131614e-001 7.355118e-001
    endloop 
  endfacet
  facet normal -4.288397E-002 9.988931E-001 -1.932882E-002
    outer loop 
      vertex 3.528306e-001 5.167264e-001 8.907084e-001
      vertex 3.397418e-001 5.131614e-001 7.355118e-001
      vertex 2.343554e-001 5.104797e-001 8.307449e-001
    endloop 
  endfacet
  facet normal -4.602338E-002 9.988542E-001 -1.312196E-002
    outer loop 
      vertex 2.194154e-001 5.114791e-001 9.592191e-001
      vertex 3.528306e-001 5.167264e-001 8.907084e-001
      vertex 2.343554e-001 5.104797e-001 8.307449e-001
    endloop 
  endfacet
  facet normal -4.542395E-002 9.986164E-001 -2.649480E-002
    outer loop 
      vertex 4.789859e-001 5.200588e-001 8.000246e-001
      vertex 3.528306e-001 5.167264e-001 8.907084e-001
      vertex 4.745567e-001 5.241022e-001 9.600159e-001
    endloop 
  endfacet
  facet normal -3.734535E-002 9.992154E-001 -1.319062E-002
    outer loop 
      vertex 1.786388e-001 5.067967e-001 7.094930e-001
      vertex 2.343554e-001 5.104797e-001 8.307449e-001
      vertex 3.397418e-001 5.131614e-001 7.355118e-001
    endloop 
  endfacet
  facet normal -3.718120E-002 9.989557E-001 -2.655261E-002
    outer loop 
      vertex 4.789859e-001 5.200588e-001 8.000246e-001
      vertex 4.834134e-001 5.159706e-001 6.400210e-001
      vertex 3.397418e-001 5.131614e-001 7.355118e-001
    endloop 
  endfacet
  facet normal -1.672797E-001 9.857228E-001 -1.918598E-002
    outer loop 
      vertex 2.727808e-001 5.505239e-001 3.049148e+000
      vertex 2.742359e-001 5.545463e-001 3.243119e+000
      vertex 4.090216e-001 5.765814e-001 3.200046e+000
    endloop 
  endfacet
  facet normal -1.659890E-001 9.859407E-001 -1.920019E-002
    outer loop 
      vertex 2.727808e-001 5.505239e-001 3.049148e+000
      vertex 1.307927e-001 5.289478e-001 3.168711e+000
      vertex 2.742359e-001 5.545463e-001 3.243119e+000
    endloop 
  endfacet
  facet normal -1.593314E-001 9.868737E-001 -2.633727E-002
    outer loop 
      vertex 2.727808e-001 5.505239e-001 3.049148e+000
      vertex 4.139750e-001 5.730774e-001 3.040063e+000
      vertex 4.187663e-001 5.695797e-001 2.880016e+000
    endloop 
  endfacet
  facet normal -1.505517E-001 9.884274E-001 -1.858408E-002
    outer loop 
      vertex 4.187663e-001 5.695797e-001 2.880016e+000
      vertex 2.068033e-001 5.371938e-001 2.874653e+000
      vertex 2.727808e-001 5.505239e-001 3.049148e+000
    endloop 
  endfacet
  facet normal -1.593437E-001 9.868661E-001 -2.654855E-002
    outer loop 
      vertex 4.139750e-001 5.730774e-001 3.040063e+000
      vertex 2.727808e-001 5.505239e-001 3.049148e+000
      vertex 4.090216e-001 5.765814e-001 3.200046e+000
    endloop 
  endfacet
  facet normal 9.857627E-001 1.670724E-001 1.893904E-002
    outer loop 
      vertex 4.090216e-001 5.765814e-001 3.200046e+000
      vertex 4.269546e-001 4.642906e-001 3.257227e+000
      vertex 4.386246e-001 4.130469e-001 3.101866e+000
    endloop 
  endfacet
  facet normal 9.852802E-001 1.700037E-001 1.793594E-002
    outer loop 
      vertex 4.269546e-001 4.642906e-001 3.257227e+000
      vertex 4.513818e-001 3.241151e-001 3.243999e+000
      vertex 4.386246e-001 4.130469e-001 3.101866e+000
    endloop 
  endfacet
  facet normal 9.841021E-001 1.764455E-001 2.024914E-002
    outer loop 
      vertex 4.269546e-001 4.642906e-001 3.257227e+000
      vertex 4.040834e-001 5.800521e-001 3.360046e+000
      vertex 4.292660e-001 4.352847e-001 3.397645e+000
    endloop 
  endfacet
  facet normal 9.852780E-001 1.699142E-001 1.888063E-002
    outer loop 
      vertex 4.269546e-001 4.642906e-001 3.257227e+000
      vertex 4.292660e-001 4.352847e-001 3.397645e+000
      vertex 4.513818e-001 3.241151e-001 3.243999e+000
    endloop 
  endfacet
  facet normal 9.849291E-001 1.708869E-001 2.669138E-002
    outer loop 
      vertex 4.269546e-001 4.642906e-001 3.257227e+000
      vertex 4.090216e-001 5.765814e-001 3.200046e+000
      vertex 4.040834e-001 5.800521e-001 3.360046e+000
    endloop 
  endfacet
  facet normal 0.000000E+000 0.000000E+000 -1.000000E+000
    outer loop 
      vertex -3.700074e-001 -3.688355e-001 0.000000e+000
      vertex -2.201840e-001 -3.768720e-001 0.000000e+000
      vertex -3.333333e-001 -5.000000e-001 0.000000e+000
    endloop 
  endfacet
  facet normal 0.000000E+000 0.000000E+000 -1.000000E+000
    outer loop 
      vertex -2.751296e-001 -2.709708e-001 0.000000e+000
      vertex -2.201840e-001 -3.768720e-001 0.000000e+000
      vertex -3.700074e-001 -3.688355e-001 0.000000e+000
    endloop 
  endfacet
  facet normal 0.000000E+000 0.000000E+000 -1.000000E+000
    outer loop 
      vertex -3.700074e-001 -3.688355e-001 0.000000e+000
      vertex -5.000000e-001 -3.333333e-001 0.000000e+000
      vertex -3.818465e-001 -2.199804e-001 0.000000e+000
    endloop 
  endfacet
  facet normal 0.000000E+000 0.000000E+000 -1.000000E+000
    outer loop 
      vertex -2.751296e-001 -2.709708e-001 0.000000e+000
      vertex -3.700074e-001 -3.688355e-001 0.000000e+000
      vertex -3.818465e-001 -2.199804e-001 0.000000e+000
    endloop 
  endfacet
  facet normal 0.000000E+000 0.000000E+000 -1.000000E+000
    outer loop 
      vertex -5.000000e-001 -5.000000e-001 0.000000e+000
      vertex -5.000000e-001 -3.333333e-001 0.000000e+000
      vertex -3.700074e-001 -3.688355e-001 0.000000e+000
    endloop 
  endfacet
  facet normal 0.000000E+000 0.000000E+000 -1.000000E+000
    outer loop 
      vertex -5.000000e-001 -5.000000e-001 0.000000e+000
      vertex -3.700074e-001 -3.688355e-001 0.000000e+000
      vertex -3.333333e-001 -5.000000e-001 0.000000e+000
    endloop 
  endfacet
  facet normal -9.857313E-001 -1.674090E-001 -1.754891E-002
    outer loop 
      vertex -5.473640e-001 2.473375e-001 3.091447e+000
      vertex -5.493720e-001 2.392991e-001 3.280918e+000
      vertex -5.767722e-001 4.091202e-001 3.199985e+000
    endloop 
  endfacet
  facet normal -9.860891E-001 -1.652978E-001 -1.746314E-002
    outer loop 
      vertex -5.249295e-001 1.064939e-001 3.157798e+000
      vertex -5.493720e-001 2.392991e-001 3.280918e+000
      vertex -5.473640e-001 2.473375e-001 3.091447e+000
    endloop 
  endfacet
  facet normal -9.865088E-001 -1.615502E-001 -2.649246E-002
    outer loop 
      vertex -5.732733e-001 4.139926e-001 3.039983e+000
      vertex -5.473640e-001 2.473375e-001 3.091447e+000
      vertex -5.767722e-001 4.091202e-001 3.199985e+000
    endloop 
  endfacet
  facet normal -9.871245E-001 -1.589605E-001 -1.779639E-002
    outer loop 
      vertex -5.473640e-001 2.473375e-001 3.091447e+000
      vertex -5.732733e-001 4.139926e-001 3.039983e+000
      vertex -5.452716e-001 2.532515e-001 2.922560e+000
    endloop 
  endfacet
  facet normal -9.857398E-001 -1.681991E-001 5.093673E-003
    outer loop 
      vertex -4.781551e-001 -1.738454e-001 3.119760e+000
      vertex -4.755812e-001 -1.838854e-001 3.286338e+000
      vertex -5.001757e-001 -4.200220e-002 3.211898e+000
    endloop 
  endfacet
  facet normal -9.851643E-001 -1.716063E-001 -1.590770E-003
    outer loop 
      vertex -4.755812e-001 -1.838854e-001 3.286338e+000
      vertex -4.951467e-001 -7.204518e-002 3.338348e+000
      vertex -5.001757e-001 -4.200220e-002 3.211898e+000
    endloop 
  endfacet
  facet normal -9.858466E-001 -1.675711E-001 5.133172E-003
    outer loop 
      vertex -4.556693e-001 -3.034802e-001 3.206366e+000
      vertex -4.755812e-001 -1.838854e-001 3.286338e+000
      vertex -4.781551e-001 -1.738454e-001 3.119760e+000
    endloop 
  endfacet
  facet normal -9.850135E-001 -1.720557E-001 1.204706E-002
    outer loop 
      vertex -4.556693e-001 -3.034802e-001 3.206366e+000
      vertex -4.517670e-001 -3.135621e-001 3.381442e+000
      vertex -4.755812e-001 -1.838854e-001 3.286338e+000
    endloop 
  endfacet
  facet normal 1.681148E-001 -9.857565E-001 4.654624E-003
    outer loop 
      vertex 3.692302e-002 -5.009451e-001 3.208484e+000
      vertex 1.651828e-001 -4.795083e-001 3.115911e+000
      vertex 1.763662e-001 -4.767889e-001 3.287900e+000
    endloop 
  endfacet
  facet normal 1.719189E-001 -9.851086E-001 -2.222041E-003
    outer loop 
      vertex 1.763662e-001 -4.767889e-001 3.287900e+000
      vertex 5.201110e-002 -4.986140e-001 3.342371e+000
      vertex 3.692302e-002 -5.009451e-001 3.208484e+000
    endloop 
  endfacet
  facet normal 1.666668E-001 -9.860018E-001 4.752654E-003
    outer loop 
      vertex 3.106683e-001 -4.545541e-001 3.191074e+000
      vertex 1.763662e-001 -4.767889e-001 3.287900e+000
      vertex 1.651828e-001 -4.795083e-001 3.115911e+000
    endloop 
  endfacet
  facet normal 1.717059E-001 -9.850757E-001 1.195472E-002
    outer loop 
      vertex 3.106683e-001 -4.545541e-001 3.191074e+000
      vertex 3.017251e-001 -4.535278e-001 3.404097e+000
      vertex 1.763662e-001 -4.767889e-001 3.287900e+000
    endloop 
  endfacet
  facet normal -9.956924E-001 -8.883884E-002 2.653749E-002
    outer loop 
      vertex -4.651151e-001 -4.141259e-001 1.701632e+000
      vertex -4.565974e-001 -5.399568e-001 1.599979e+000
      vertex -4.519870e-001 -5.438268e-001 1.760006e+000
    endloop 
  endfacet
  facet normal 9.149051E-002 -9.954531E-001 -2.651038E-002
    outer loop 
      vertex -4.473192e-001 -5.476587e-001 1.920000e+000
      vertex -4.519870e-001 -5.438268e-001 1.760006e+000
      vertex -3.451231e-001 -5.340049e-001 1.759996e+000
    endloop 
  endfacet
  facet normal 9.149001E-002 -9.954478E-001 -2.670918E-002
    outer loop 
      vertex -3.451231e-001 -5.340049e-001 1.759996e+000
      vertex -4.519870e-001 -5.438268e-001 1.760006e+000
      vertex -4.565974e-001 -5.399568e-001 1.599979e+000
    endloop 
  endfacet
  facet normal 9.957038E-001 8.859926E-002 2.690907E-002
    outer loop 
      vertex 4.518327e-001 5.437746e-001 1.760076e+000
      vertex 4.644516e-001 4.218755e-001 1.694502e+000
      vertex 4.565070e-001 5.398704e-001 1.599968e+000
    endloop 
  endfacet
  facet normal 9.959363E-001 8.901995E-002 1.365142E-002
    outer loop 
      vertex 4.748347e-001 3.171909e-001 1.619650e+000
      vertex 4.644516e-001 4.218755e-001 1.694502e+000
      vertex 4.750321e-001 2.880512e-001 1.795262e+000
    endloop 
  endfacet
  facet normal -8.890179E-002 9.956900E-001 2.641633E-002
    outer loop 
      vertex -4.209579e-001 4.644437e-001 1.699148e+000
      vertex -5.399989e-001 4.564455e-001 1.599993e+000
      vertex -5.438631e-001 4.518553e-001 1.760004e+000
    endloop 
  endfacet
  facet normal 8.062483E-002 -9.963973E-001 2.630885E-002
    outer loop 
      vertex 4.314058e-001 -4.668675e-001 1.542337e+000
      vertex 5.359969e-001 -4.611069e-001 1.439986e+000
      vertex 5.398568e-001 -4.565683e-001 1.600046e+000
    endloop 
  endfacet
  facet normal 9.954500E-001 9.152450E-002 -2.650698E-002
    outer loop 
      vertex 5.437353e-001 -4.519336e-001 1.760043e+000
      vertex 5.321559e-001 -3.265428e-001 1.758142e+000
      vertex 5.475705e-001 -4.472961e-001 1.920083e+000
    endloop 
  endfacet
  facet normal 9.957422E-001 9.137014E-002 -1.220708E-002
    outer loop 
      vertex 5.215834e-001 -2.058467e-001 1.799151e+000
      vertex 5.321559e-001 -3.265428e-001 1.758142e+000
      vertex 5.166000e-001 -1.764224e-001 1.612890e+000
    endloop 
  endfacet
  facet normal -9.016003E-002 9.958582E-001 -1.172880E-002
    outer loop 
      vertex 1.841417e-001 5.172595e-001 1.609522e+000
      vertex 1.470312e-002 5.033376e-001 1.729938e+000
      vertex 1.645245e-001 5.176119e-001 1.790236e+000
    endloop 
  endfacet
  facet normal 9.998642E-001 1.644571E-002 -1.052569E-003
    outer loop 
      vertex 4.979035e-001 1.233608e-001 3.531092e-001
      vertex 4.998680e-001 9.981474e-003 4.477718e-001
      vertex 5.004411e-001 -3.922544e-002 2.233476e-001
    endloop 
  endfacet
  facet normal 9.997994E-001 1.994657E-002 -1.820327E-003
    outer loop 
      vertex 5.026335e-001 -1.344984e-001 3.835216e-001
      vertex 5.004411e-001 -3.922544e-002 2.233476e-001
      vertex 4.998680e-001 9.981474e-003 4.477718e-001
    endloop 
  endfacet
  facet normal 9.997085E-001 2.312299E-002 6.948184E-003
    outer loop 
      vertex 4.998680e-001 9.981474e-003 4.477718e-001
      vertex 4.979035e-001 1.233608e-001 3.531092e-001
      vertex 4.955881e-001 1.706150e-001 5.289966e-001
    endloop 
  endfacet
  facet normal 9.996531E-001 2.632874E-002 6.054381E-004
    outer loop 
      vertex 4.990983e-001 3.492742e-002 6.339208e-001
      vertex 4.998680e-001 9.981474e-003 4.477718e-001
      vertex 4.955881e-001 1.706150e-001 5.289966e-001
    endloop 
  endfacet
  facet normal 9.997301E-001 2.219329E-002 -6.875538E-003
    outer loop 
      vertex 5.034407e-001 -1.109135e-001 5.770243e-001
      vertex 5.026335e-001 -1.344984e-001 3.835216e-001
      vertex 4.998680e-001 9.981474e-003 4.477718e-001
    endloop 
  endfacet
  facet normal 9.995588E-001 2.970257E-002 1.529185E-004
    outer loop 
      vertex 4.990983e-001 3.492742e-002 6.339208e-001
      vertex 5.034407e-001 -1.109135e-001 5.770243e-001
      vertex 4.998680e-001 9.981474e-003 4.477718e-001
    endloop 
  endfacet
  facet normal -9.908991E-001 -1.338090E-001 1.463590E-002
    outer loop 
      vertex -4.616339e-001 -3.390089e-001 2.369968e+000
      vertex -4.462812e-001 -4.333310e-001 2.547056e+000
      vertex -4.670435e-001 -2.787454e-001 2.554680e+000
    endloop 
  endfacet
  facet normal -9.908447E-001 -1.339222E-001 1.707877E-002
    outer loop 
      vertex -4.492258e-001 -3.902250e-001 2.714236e+000
      vertex -4.670435e-001 -2.787454e-001 2.554680e+000
      vertex -4.462812e-001 -4.333310e-001 2.547056e+000
    endloop 
  endfacet
  facet normal -9.907793E-001 -1.327742E-001 2.697228E-002
    outer loop 
      vertex -4.237717e-001 -5.661662e-001 2.720005e+000
      vertex -4.462812e-001 -4.333310e-001 2.547056e+000
      vertex -4.286249e-001 -5.624691e-001 2.559933e+000
    endloop 
  endfacet
  facet normal -9.896011E-001 -1.425356E-001 1.932159E-002
    outer loop 
      vertex -4.492258e-001 -3.902250e-001 2.714236e+000
      vertex -4.462812e-001 -4.333310e-001 2.547056e+000
      vertex -4.237717e-001 -5.661662e-001 2.720005e+000
    endloop 
  endfacet
  facet normal -9.907935E-001 -1.328844E-001 2.588676E-002
    outer loop 
      vertex -4.286249e-001 -5.624691e-001 2.559933e+000
      vertex -4.462812e-001 -4.333310e-001 2.547056e+000
      vertex -4.332842e-001 -5.588797e-001 2.400025e+000
    endloop 
  endfacet
  facet normal -9.919363E-001 -1.252629E-001 1.927773E-002
    outer loop 
      vertex -4.616339e-001 -3.390089e-001 2.369968e+000
      vertex -4.332842e-001 -5.588797e-001 2.400025e+000
      vertex -4.462812e-001 -4.333310e-001 2.547056e+000
    endloop 
  endfacet
  facet normal -1.788240E-001 9.838209E-001 1.088105E-002
    outer loop 
      vertex -3.110659e-001 4.511712e-001 3.453719e+000
      vertex -1.797046e-001 4.755065e-001 3.412261e+000
      vertex -2.868341e-001 4.572925e-001 3.298492e+000
    endloop 
  endfacet
  facet normal -1.707495E-001 9.852330E-001 1.266771E-002
    outer loop 
      vertex -2.868341e-001 4.572925e-001 3.298492e+000
      vertex -3.289806e-001 4.517530e-001 3.161229e+000
      vertex -4.420673e-001 4.309404e-001 3.255617e+000
    endloop 
  endfacet
  facet normal -1.645615E-001 9.863085E-001 1.072428E-002
    outer loop 
      vertex -2.868341e-001 4.572925e-001 3.298492e+000
      vertex -1.891039e-001 4.753527e-001 3.137140e+000
      vertex -3.289806e-001 4.517530e-001 3.161229e+000
    endloop 
  endfacet
  facet normal -1.562412E-001 9.876851E-001 8.174437E-003
    outer loop 
      vertex -2.202513e-001 4.724557e-001 2.842586e+000
      vertex -2.948737e-001 4.593449e-001 3.000416e+000
      vertex -1.026794e-001 4.899314e-001 2.978255e+000
    endloop 
  endfacet
  facet normal -1.492360E-001 9.887338E-001 1.157363E-002
    outer loop 
      vertex -3.496885e-001 4.527596e-001 2.856194e+000
      vertex -2.948737e-001 4.593449e-001 3.000416e+000
      vertex -2.202513e-001 4.724557e-001 2.842586e+000
    endloop 
  endfacet
  facet normal -1.423965E-001 9.897805E-001 7.591083E-003
    outer loop 
      vertex -3.270710e-001 4.579719e-001 2.727316e+000
      vertex -2.202513e-001 4.724557e-001 2.842586e+000
      vertex -1.963757e-001 4.770677e-001 2.689102e+000
    endloop 
  endfacet
  facet normal -1.461482E-001 9.892380E-001 6.991182E-003
    outer loop 
      vertex -8.106868e-002 4.933805e-001 2.791317e+000
      vertex -1.963757e-001 4.770677e-001 2.689102e+000
      vertex -2.202513e-001 4.724557e-001 2.842586e+000
    endloop 
  endfacet
  facet normal -1.482721E-001 9.889460E-001 1.105938E-003
    outer loop 
      vertex -8.106868e-002 4.933805e-001 2.791317e+000
      vertex -2.202513e-001 4.724557e-001 2.842586e+000
      vertex -1.026794e-001 4.899314e-001 2.978255e+000
    endloop 
  endfacet
  facet normal -1.489987E-001 9.887404E-001 1.384003E-002
    outer loop 
      vertex -3.270710e-001 4.579719e-001 2.727316e+000
      vertex -3.496885e-001 4.527596e-001 2.856194e+000
      vertex -2.202513e-001 4.724557e-001 2.842586e+000
    endloop 
  endfacet
  facet normal 1.549217E-001 -9.878899E-001 8.525936E-003
    outer loop 
      vertex 1.286490e-001 -4.859863e-001 2.950473e+000
      vertex 2.260095e-001 -4.718594e-001 2.818233e+000
      vertex 2.844229e-001 -4.612197e-001 2.989635e+000
    endloop 
  endfacet
  facet normal 1.482741E-001 -9.888868E-001 1.085330E-002
    outer loop 
      vertex 2.260095e-001 -4.718594e-001 2.818233e+000
      vertex 4.078383e-001 -4.443923e-001 2.836781e+000
      vertex 2.844229e-001 -4.612197e-001 2.989635e+000
    endloop 
  endfacet
  facet normal 1.398018E-001 -9.901472E-001 7.994085E-003
    outer loop 
      vertex 3.182612e-001 -4.599837e-001 2.675840e+000
      vertex 2.260095e-001 -4.718594e-001 2.818233e+000
      vertex 1.661308e-001 -4.816278e-001 2.655491e+000
    endloop 
  endfacet
  facet normal 1.463524E-001 -9.892170E-001 5.528008E-003
    outer loop 
      vertex 1.661308e-001 -4.816278e-001 2.655491e+000
      vertex 2.260095e-001 -4.718594e-001 2.818233e+000
      vertex 4.940983e-002 -4.981537e-001 2.788390e+000
    endloop 
  endfacet
  facet normal 1.468620E-001 -9.891539E-001 2.456993E-003
    outer loop 
      vertex 1.286490e-001 -4.859863e-001 2.950473e+000
      vertex 4.940983e-002 -4.981537e-001 2.788390e+000
      vertex 2.260095e-001 -4.718594e-001 2.818233e+000
    endloop 
  endfacet
  facet normal 1.480136E-001 -9.888943E-001 1.341876E-002
    outer loop 
      vertex 3.182612e-001 -4.599837e-001 2.675840e+000
      vertex 4.078383e-001 -4.443923e-001 2.836781e+000
      vertex 2.260095e-001 -4.718594e-001 2.818233e+000
    endloop 
  endfacet
  facet normal 9.879219E-001 1.548089E-001 6.668500E-003
    outer loop 
      vertex 4.880934e-001 1.140218e-001 2.955859e+000
      vertex 4.759335e-001 1.978237e-001 2.811861e+000
      vertex 4.612115e-001 2.854812e-001 2.957929e+000
    endloop 
  endfacet
  facet normal 9.889835E-001 1.476096E-001 1.109589E-002
    outer loop 
      vertex 4.759335e-001 1.978237e-001 2.811861e+000
      vertex 4.549325e-001 3.367314e-001 2.835790e+000
      vertex 4.612115e-001 2.854812e-001 2.957929e+000
    endloop 
  endfacet
  facet normal 9.901205E-001 1.400820E-001 6.212358E-003
    outer loop 
      vertex 4.759335e-001 1.978237e-001 2.811861e+000
      vertex 4.887311e-001 1.144149e-001 2.652976e+000
      vertex 4.625237e-001 2.980063e-001 2.690095e+000
    endloop 
  endfacet
  facet normal 9.891062E-001 1.471842E-001 2.402241E-003
    outer loop 
      vertex 4.957889e-001 6.435302e-002 2.814225e+000
      vertex 4.887311e-001 1.144149e-001 2.652976e+000
      vertex 4.759335e-001 1.978237e-001 2.811861e+000
    endloop 
  endfacet
  facet normal 9.891075E-001 1.471796E-001 2.128363E-003
    outer loop 
      vertex 4.759335e-001 1.978237e-001 2.811861e+000
      vertex 4.880934e-001 1.140218e-001 2.955859e+000
      vertex 4.957889e-001 6.435302e-002 2.814225e+000
    endloop 
  endfacet
  facet normal 9.890005E-001 1.473956E-001 1.235297E-002
    outer loop 
      vertex 4.549325e-001 3.367314e-001 2.835790e+000
      vertex 4.759335e-001 1.978237e-001 2.811861e+000
      vertex 4.625237e-001 2.980063e-001 2.690095e+000
    endloop 
  endfacet
  facet normal -9.877848E-001 -1.553654E-001 1.194452E-002
    outer loop 
      vertex -4.847031e-001 -1.372230e-001 2.960624e+000
      vertex -4.618591e-001 -2.910566e-001 2.848819e+000
      vertex -4.511615e-001 -3.461127e-001 3.017358e+000
    endloop 
  endfacet
  facet normal -9.885378E-001 -1.503571E-001 1.362838E-002
    outer loop 
      vertex -4.511615e-001 -3.461127e-001 3.017358e+000
      vertex -4.618591e-001 -2.910566e-001 2.848819e+000
      vertex -4.190534e-001 -5.696551e-001 2.880062e+000
    endloop 
  endfacet
  facet normal -9.898688E-001 -1.415290E-001 1.136749E-002
    outer loop 
      vertex -4.492258e-001 -3.902250e-001 2.714236e+000
      vertex -4.618591e-001 -2.910566e-001 2.848819e+000
      vertex -4.771440e-001 -1.968843e-001 2.690305e+000
    endloop 
  endfacet
  facet normal -9.889737E-001 -1.479018E-001 7.495145E-003
    outer loop 
      vertex -4.618591e-001 -2.910566e-001 2.848819e+000
      vertex -4.943649e-001 -7.553597e-002 2.812599e+000
      vertex -4.771440e-001 -1.968843e-001 2.690305e+000
    endloop 
  endfacet
  facet normal -9.888768E-001 -1.487148E-001 2.570697E-003
    outer loop 
      vertex -4.943649e-001 -7.553597e-002 2.812599e+000
      vertex -4.618591e-001 -2.910566e-001 2.848819e+000
      vertex -4.847031e-001 -1.372230e-001 2.960624e+000
    endloop 
  endfacet
  facet normal -9.885426E-001 -1.499052E-001 1.766401E-002
    outer loop 
      vertex -4.618591e-001 -2.910566e-001 2.848819e+000
      vertex -4.492258e-001 -3.902250e-001 2.714236e+000
      vertex -4.190534e-001 -5.696551e-001 2.880062e+000
    endloop 
  endfacet
  facet normal -5.174226E-002 9.986578E-001 2.322205E-003
    outer loop 
      vertex -7.268714e-002 4.971423e-001 9.036132e-001
      vertex -2.159244e-001 4.895045e-001 9.966848e-001
      vertex -5.867202e-002 4.974768e-001 1.072002e+000
    endloop 
  endfacet
  facet normal -4.636272E-002 9.988682E-001 1.061856E-002
    outer loop 
      vertex -2.355771e-001 4.902762e-001 8.382818e-001
      vertex -2.159244e-001 4.895045e-001 9.966848e-001
      vertex -7.268714e-002 4.971423e-001 9.036132e-001
    endloop 
  endfacet
  facet normal -9.984022E-001 -5.399089E-002 1.667606E-002
    outer loop 
      vertex -4.883619e-001 -2.302413e-001 1.038273e+000
      vertex -4.840794e-001 -3.340558e-001 9.585558e-001
      vertex -4.801363e-001 -3.654772e-001 1.092897e+000
    endloop 
  endfacet
  facet normal 5.033703E-002 -9.986337E-001 1.403444E-002
    outer loop 
      vertex 2.910873e-001 -4.839135e-001 1.120835e+000
      vertex 1.771015e-001 -4.916604e-001 9.784252e-001
      vertex 3.187300e-001 -4.845515e-001 9.762917e-001
    endloop 
  endfacet
  facet normal 5.031836E-002 -9.986520E-001 1.273475E-002
    outer loop 
      vertex 3.187300e-001 -4.845515e-001 9.762917e-001
      vertex 1.771015e-001 -4.916604e-001 9.784252e-001
      vertex 2.635494e-001 -4.891846e-001 8.309999e-001
    endloop 
  endfacet
  facet normal 5.010074E-002 -9.987441E-001 -4.199067E-004
    outer loop 
      vertex 3.492555e-002 -4.988295e-001 1.066336e+000
      vertex -5.994545e-003 -5.008153e-001 9.073880e-001
      vertex 1.771015e-001 -4.916604e-001 9.784252e-001
    endloop 
  endfacet
  facet normal 4.975631E-002 -9.985715E-001 -1.947785E-002
    outer loop 
      vertex -3.485595e-001 -5.147700e-001 8.001709e-001
      vertex -3.088865e-001 -5.163437e-001 9.821939e-001
      vertex -4.745728e-001 -5.241665e-001 9.600024e-001
    endloop 
  endfacet
  facet normal 4.389315E-002 -9.988704E-001 -1.820252E-002
    outer loop 
      vertex -1.789427e-001 -5.084029e-001 8.597879e-001
      vertex -3.088865e-001 -5.163437e-001 9.821939e-001
      vertex -3.485595e-001 -5.147700e-001 8.001709e-001
    endloop 
  endfacet
  facet normal 5.214092E-002 -9.985133E-001 -1.588944E-002
    outer loop 
      vertex -1.329325e-001 -5.076942e-001 1.016040e+000
      vertex -2.627150e-001 -5.164090e-001 1.137814e+000
      vertex -3.088865e-001 -5.163437e-001 9.821939e-001
    endloop 
  endfacet
  facet normal 5.111444E-002 -9.986374E-001 -1.052142E-002
    outer loop 
      vertex -1.789427e-001 -5.084029e-001 8.597879e-001
      vertex -1.329325e-001 -5.076942e-001 1.016040e+000
      vertex -3.088865e-001 -5.163437e-001 9.821939e-001
    endloop 
  endfacet
  facet normal 5.063133E-002 -9.983768E-001 -2.607946E-002
    outer loop 
      vertex -4.701690e-001 -5.281213e-001 1.119949e+000
      vertex -4.745728e-001 -5.241665e-001 9.600024e-001
      vertex -3.088865e-001 -5.163437e-001 9.821939e-001
    endloop 
  endfacet
  facet normal 5.786840E-002 -9.981693E-001 -1.758860E-002
    outer loop 
      vertex -3.088865e-001 -5.163437e-001 9.821939e-001
      vertex -2.627150e-001 -5.164090e-001 1.137814e+000
      vertex -4.701690e-001 -5.281213e-001 1.119949e+000
    endloop 
  endfacet
  facet normal -9.997787E-001 -2.015659E-002 6.028776E-003
    outer loop 
      vertex -4.990486e-001 -5.199397e-002 4.078448e-001
      vertex -4.954621e-001 -2.294837e-001 4.091917e-001
      vertex -4.968536e-001 -1.263143e-001 5.233741e-001
    endloop 
  endfacet
  facet normal -9.995803E-001 -2.647956E-002 1.174430E-002
    outer loop 
      vertex -4.929963e-001 -2.606689e-001 5.487520e-001
      vertex -4.968536e-001 -1.263143e-001 5.233741e-001
      vertex -4.954621e-001 -2.294837e-001 4.091917e-001
    endloop 
  endfacet
  facet normal -9.996002E-001 -2.732719E-002 7.259818E-003
    outer loop 
      vertex -4.929963e-001 -2.606689e-001 5.487520e-001
      vertex -4.951464e-001 -1.569177e-001 6.432366e-001
      vertex -4.968536e-001 -1.263143e-001 5.233741e-001
    endloop 
  endfacet
  facet normal -9.994549E-001 -3.247410E-002 5.943636E-003
    outer loop 
      vertex -4.951464e-001 -1.569177e-001 6.432366e-001
      vertex -4.988876e-001 -4.244957e-002 6.395591e-001
      vertex -4.968536e-001 -1.263143e-001 5.233741e-001
    endloop 
  endfacet
  facet normal -9.996573E-001 -2.608549E-002 2.212395E-003
    outer loop 
      vertex -5.012043e-001 3.987586e-002 5.170370e-001
      vertex -4.990486e-001 -5.199397e-002 4.078448e-001
      vertex -4.968536e-001 -1.263143e-001 5.233741e-001
    endloop 
  endfacet
  facet normal -9.996579E-001 -2.611830E-002 1.352333E-003
    outer loop 
      vertex -5.012043e-001 3.987586e-002 5.170370e-001
      vertex -4.968536e-001 -1.263143e-001 5.233741e-001
      vertex -4.988876e-001 -4.244957e-002 6.395591e-001
    endloop 
  endfacet
  facet normal 1.627311E-001 -9.866659E-001 -3.014991E-003
    outer loop 
      vertex 1.651828e-001 -4.795083e-001 3.115911e+000
      vertex 3.692302e-002 -5.009451e-001 3.208484e+000
      vertex 1.116952e-002 -5.047527e-001 3.064515e+000
    endloop 
  endfacet
  facet normal 1.660738E-001 -9.861066E-001 -3.627744E-003
    outer loop 
      vertex 3.692302e-002 -5.009451e-001 3.208484e+000
      vertex -1.205277e-001 -5.273168e-001 3.169033e+000
      vertex 1.116952e-002 -5.047527e-001 3.064515e+000
    endloop 
  endfacet
  facet normal -9.866103E-001 -1.630769E-001 -2.443892E-003
    outer loop 
      vertex -4.781551e-001 -1.738454e-001 3.119760e+000
      vertex -5.001757e-001 -4.200220e-002 3.211898e+000
      vertex -5.026872e-001 -2.480697e-002 3.078394e+000
    endloop 
  endfacet
  facet normal -9.862224E-001 -1.654017E-001 -2.750631E-003
    outer loop 
      vertex -5.249295e-001 1.064939e-001 3.157798e+000
      vertex -5.026872e-001 -2.480697e-002 3.078394e+000
      vertex -5.001757e-001 -4.200220e-002 3.211898e+000
    endloop 
  endfacet
  facet normal -1.204393E-001 9.927126E-001 -4.005302E-003
    outer loop 
      vertex 3.497875e-002 5.081729e-001 2.364997e+000
      vertex 7.093407e-003 5.040981e-001 2.193583e+000
      vertex -1.695644e-001 4.830820e-001 2.296841e+000
    endloop 
  endfacet
  facet normal -1.202006E-001 9.927414E-001 -4.044821E-003
    outer loop 
      vertex 7.093407e-003 5.040981e-001 2.193583e+000
      vertex 3.497875e-002 5.081729e-001 2.364997e+000
      vertex 1.706870e-001 5.243495e-001 2.302448e+000
    endloop 
  endfacet
  facet normal -1.144513E-001 9.934084E-001 6.380980E-003
    outer loop 
      vertex 7.093407e-003 5.040981e-001 2.193583e+000
      vertex -1.905324e-001 4.818078e-001 2.119122e+000
      vertex -1.695644e-001 4.830820e-001 2.296841e+000
    endloop 
  endfacet
  facet normal -1.150086E-001 9.932926E-001 -1.194947E-002
    outer loop 
      vertex 1.639557e-001 5.211474e-001 2.101064e+000
      vertex 7.093407e-003 5.040981e-001 2.193583e+000
      vertex 1.706870e-001 5.243495e-001 2.302448e+000
    endloop 
  endfacet
  facet normal 2.005077E-002 -9.994237E-001 2.739035E-002
    outer loop 
      vertex 3.717460e-001 -4.924944e-001 4.113149e-001
      vertex 5.075617e-001 -4.922723e-001 3.199983e-001
      vertex 5.118250e-001 -4.878008e-001 4.800325e-001
    endloop 
  endfacet
  facet normal -2.007721E-002 9.994374E-001 2.686799E-002
    outer loop 
      vertex -3.626716e-001 4.926147e-001 4.150077e-001
      vertex -5.075808e-001 4.922562e-001 3.200589e-001
      vertex -5.117740e-001 4.878717e-001 4.800211e-001
    endloop 
  endfacet
  facet normal 9.997467E-001 1.827966E-002 -1.313185E-002
    outer loop 
      vertex 5.052986e-001 -3.017222e-001 3.536381e-001
      vertex 5.026335e-001 -1.344984e-001 3.835216e-001
      vertex 5.058593e-001 -2.289790e-001 4.975888e-001
    endloop 
  endfacet
  facet normal -9.997897E-001 -2.033594E-002 -2.627656E-003
    outer loop 
      vertex -5.032530e-001 1.544118e-001 4.101602e-001
      vertex -4.990486e-001 -5.199397e-002 4.078448e-001
      vertex -5.012043e-001 3.987586e-002 5.170370e-001
    endloop 
  endfacet
  facet normal -9.996002E-001 -2.666336E-002 -9.412155E-003
    outer loop 
      vertex -5.012043e-001 3.987586e-002 5.170370e-001
      vertex -5.057446e-001 1.886679e-001 5.777321e-001
      vertex -5.032530e-001 1.544118e-001 4.101602e-001
    endloop 
  endfacet
  facet normal -1.871473E-001 9.819518E-001 -2.732521E-002
    outer loop 
      vertex 3.940407e-001 5.869361e-001 3.679985e+000
      vertex 3.991582e-001 5.834590e-001 3.519981e+000
      vertex 2.417389e-001 5.550104e-001 3.575810e+000
    endloop 
  endfacet
  facet normal 9.827529E-001 1.838622E-001 -1.978773E-002
    outer loop 
      vertex 5.833720e-001 -3.993910e-001 3.520040e+000
      vertex 5.580075e-001 -2.692715e-001 3.469352e+000
      vertex 5.607957e-001 -2.679627e-001 3.619991e+000
    endloop 
  endfacet
  facet normal 9.815541E-001 1.892485E-001 -2.714107E-002
    outer loop 
      vertex 5.833720e-001 -3.993910e-001 3.520040e+000
      vertex 5.607957e-001 -2.679627e-001 3.619991e+000
      vertex 5.868081e-001 -3.942742e-001 3.679984e+000
    endloop 
  endfacet
  facet normal -2.642466E-002 9.994709E-001 1.896215E-002
    outer loop 
      vertex -3.626716e-001 4.926147e-001 4.150077e-001
      vertex -3.796459e-001 4.889963e-001 5.820754e-001
      vertex -2.294331e-001 4.941383e-001 5.203772e-001
    endloop 
  endfacet
  facet normal -2.929405E-002 9.994991E-001 1.197857E-002
    outer loop 
      vertex -2.483410e-001 4.916849e-001 6.788518e-001
      vertex -2.294331e-001 4.941383e-001 5.203772e-001
      vertex -3.796459e-001 4.889963e-001 5.820754e-001
    endloop 
  endfacet
  facet normal -2.007514E-002 9.997388E-001 1.092939E-002
    outer loop 
      vertex -3.626716e-001 4.926147e-001 4.150077e-001
      vertex -2.294331e-001 4.941383e-001 5.203772e-001
      vertex -1.965346e-001 4.966544e-001 3.506466e-001
    endloop 
  endfacet
  facet normal -3.149572E-002 9.994352E-001 1.171490E-002
    outer loop 
      vertex -2.294331e-001 4.941383e-001 5.203772e-001
      vertex -2.483410e-001 4.916849e-001 6.788518e-001
      vertex -9.151343e-002 4.973546e-001 6.167818e-001
    endloop 
  endfacet
  facet normal -2.357973E-002 9.996694E-001 1.024907E-002
    outer loop 
      vertex -1.965346e-001 4.966544e-001 3.506466e-001
      vertex -2.294331e-001 4.941383e-001 5.203772e-001
      vertex -6.816975e-002 4.985172e-001 4.642766e-001
    endloop 
  endfacet
  facet normal -2.587131E-002 9.996586E-001 3.660989E-003
    outer loop 
      vertex -2.294331e-001 4.941383e-001 5.203772e-001
      vertex -9.151343e-002 4.973546e-001 6.167818e-001
      vertex -6.816975e-002 4.985172e-001 4.642766e-001
    endloop 
  endfacet
  facet normal -3.838561E-002 9.991922E-001 1.190164E-002
    outer loop 
      vertex -3.777705e-001 4.859405e-001 7.436771e-001
      vertex -2.355771e-001 4.902762e-001 8.382818e-001
      vertex -2.483410e-001 4.916849e-001 6.788518e-001
    endloop 
  endfacet
  facet normal -1.847364E-001 9.827738E-001 5.311107E-003
    outer loop 
      vertex -9.494909e-002 4.908566e-001 3.519930e+000
      vertex -1.797046e-001 4.755065e-001 3.412261e+000
      vertex -2.311654e-001 4.650059e-001 3.565343e+000
    endloop 
  endfacet
  facet normal -1.784513E-001 9.839487E-001 1.960467E-004
    outer loop 
      vertex -9.494909e-002 4.908566e-001 3.519930e+000
      vertex -2.954409e-002 5.027408e-001 3.408336e+000
      vertex -1.797046e-001 4.755065e-001 3.412261e+000
    endloop 
  endfacet
  facet normal -1.800297E-001 9.836366E-001 6.952514E-003
    outer loop 
      vertex -1.797046e-001 4.755065e-001 3.412261e+000
      vertex -3.110659e-001 4.511712e-001 3.453719e+000
      vertex -2.311654e-001 4.650059e-001 3.565343e+000
    endloop 
  endfacet
  facet normal 1.905869E-001 -9.812906E-001 2.729792E-002
    outer loop 
      vertex 5.833720e-001 -3.993910e-001 3.520040e+000
      vertex 5.868081e-001 -3.942742e-001 3.679984e+000
      vertex 4.667251e-001 -4.188038e-001 3.636598e+000
    endloop 
  endfacet
  facet normal -1.705597E-001 9.849869E-001 2.664909E-002
    outer loop 
      vertex -5.767722e-001 4.091202e-001 3.199985e+000
      vertex -5.802376e-001 4.041907e-001 3.360006e+000
      vertex -4.420673e-001 4.309404e-001 3.255617e+000
    endloop 
  endfacet
  facet normal 1.714103E-001 -9.848475E-001 2.634274E-002
    outer loop 
      vertex 4.471115e-001 -4.297395e-001 3.276096e+000
      vertex 5.765164e-001 -4.092517e-001 3.200020e+000
      vertex 5.799380e-001 -4.043763e-001 3.360028e+000
    endloop 
  endfacet
  facet normal 1.717046E-001 -9.850760E-001 1.195467E-002
    outer loop 
      vertex 4.471115e-001 -4.297395e-001 3.276096e+000
      vertex 3.017251e-001 -4.535278e-001 3.404097e+000
      vertex 3.106683e-001 -4.545541e-001 3.191074e+000
    endloop 
  endfacet
  facet normal -9.866400E-001 -1.623881E-001 1.309729E-002
    outer loop 
      vertex -4.511615e-001 -3.461127e-001 3.017358e+000
      vertex -4.556693e-001 -3.034802e-001 3.206366e+000
      vertex -4.781551e-001 -1.738454e-001 3.119760e+000
    endloop 
  endfacet
  facet normal 9.989166E-001 3.813659E-002 2.666664E-002
    outer loop 
      vertex 4.789859e-001 5.200588e-001 8.000246e-001
      vertex 4.860259e-001 3.748135e-001 7.440304e-001
      vertex 4.834134e-001 5.159706e-001 6.400210e-001
    endloop 
  endfacet
  facet normal -3.849245E-002 9.989002E-001 2.677040E-002
    outer loop 
      vertex -5.201672e-001 4.789440e-001 7.999904e-001
      vertex -3.777705e-001 4.859405e-001 7.436771e-001
      vertex -5.160272e-001 4.833918e-001 6.399825e-001
    endloop 
  endfacet
  facet normal 3.634977E-002 -9.989892E-001 2.644480E-002
    outer loop 
      vertex 5.200899e-001 -4.789903e-001 7.999883e-001
      vertex 3.710724e-001 -4.869860e-001 7.027733e-001
      vertex 5.159969e-001 -4.833747e-001 6.399876e-001
    endloop 
  endfacet
  facet normal 1.341106E-001 -9.907523E-001 2.059685E-002
    outer loop 
      vertex 5.623277e-001 -4.285127e-001 2.560023e+000
      vertex 4.524170e-001 -4.412330e-001 2.663802e+000
      vertex 4.212756e-001 -4.483034e-001 2.526470e+000
    endloop 
  endfacet
  facet normal 1.400868E-001 -9.899531E-001 1.920055E-002
    outer loop 
      vertex 3.182612e-001 -4.599837e-001 2.675840e+000
      vertex 4.212756e-001 -4.483034e-001 2.526470e+000
      vertex 4.524170e-001 -4.412330e-001 2.663802e+000
    endloop 
  endfacet
  facet normal 1.316164E-001 -9.911563E-001 1.692114E-002
    outer loop 
      vertex 3.790801e-001 -4.568042e-001 2.356745e+000
      vertex 4.212756e-001 -4.483034e-001 2.526470e+000
      vertex 2.694120e-001 -4.686523e-001 2.515760e+000
    endloop 
  endfacet
  facet normal 1.318650E-001 -9.911767E-001 1.343467E-002
    outer loop 
      vertex 4.212756e-001 -4.483034e-001 2.526470e+000
      vertex 3.182612e-001 -4.599837e-001 2.675840e+000
      vertex 2.694120e-001 -4.686523e-001 2.515760e+000
    endloop 
  endfacet
  facet normal 1.326772E-001 -9.908009E-001 2.665147E-002
    outer loop 
      vertex 5.586551e-001 -4.333068e-001 2.400080e+000
      vertex 5.623277e-001 -4.285127e-001 2.560023e+000
      vertex 4.212756e-001 -4.483034e-001 2.526470e+000
    endloop 
  endfacet
  facet normal 1.253251E-001 -9.919428E-001 1.852461E-002
    outer loop 
      vertex 5.586551e-001 -4.333068e-001 2.400080e+000
      vertex 4.212756e-001 -4.483034e-001 2.526470e+000
      vertex 3.790801e-001 -4.568042e-001 2.356745e+000
    endloop 
  endfacet
  facet normal 9.927922E-001 1.198091E-001 3.061749E-003
    outer loop 
      vertex 4.914754e-001 1.029641e-001 2.131757e+000
      vertex 4.816328e-001 1.796609e-001 2.322058e+000
      vertex 5.044082e-001 -7.859506e-003 2.274851e+000
    endloop 
  endfacet
  facet normal 9.936170E-001 1.126473E-001 5.990823E-003
    outer loop 
      vertex 4.719934e-001 2.727323e-001 2.170773e+000
      vertex 4.816328e-001 1.796609e-001 2.322058e+000
      vertex 4.914754e-001 1.029641e-001 2.131757e+000
    endloop 
  endfacet
  facet normal -5.192295E-002 9.985690E-001 -1.280013E-002
    outer loop 
      vertex 2.098729e-001 5.129984e-001 1.116449e+000
      vertex 2.194154e-001 5.114791e-001 9.592191e-001
      vertex 7.917028e-002 5.047714e-001 1.004824e+000
    endloop 
  endfacet
  facet normal -9.989958E-001 -4.095346E-002 -1.817151E-002
    outer loop 
      vertex -5.201672e-001 4.789440e-001 7.999904e-001
      vertex -5.116560e-001 3.146537e-001 7.023440e-001
      vertex -5.156626e-001 3.320925e-001 8.833033e-001
    endloop 
  endfacet
  facet normal -9.989189E-001 -4.286619E-002 -1.798548E-002
    outer loop 
      vertex -5.156626e-001 3.320925e-001 8.833033e-001
      vertex -5.116560e-001 3.146537e-001 7.023440e-001
      vertex -5.095034e-001 2.116437e-001 8.282951e-001
    endloop 
  endfacet
  facet normal -9.986162E-001 -4.554741E-002 -2.628957E-002
    outer loop 
      vertex -5.201672e-001 4.789440e-001 7.999904e-001
      vertex -5.156626e-001 3.320925e-001 8.833033e-001
      vertex -5.241792e-001 4.745449e-001 9.600084e-001
    endloop 
  endfacet
  facet normal -9.985926E-001 -4.962518E-002 -1.871395E-002
    outer loop 
      vertex -5.156626e-001 3.320925e-001 8.833033e-001
      vertex -5.185776e-001 3.230068e-001 1.062945e+000
      vertex -5.241792e-001 4.745449e-001 9.600084e-001
    endloop 
  endfacet
  facet normal 9.990249E-001 4.101650E-002 -1.633452E-002
    outer loop 
      vertex 5.101713e-001 -2.879429e-001 6.730876e-001
      vertex 5.134792e-001 -2.867917e-001 8.782928e-001
      vertex 5.200899e-001 -4.789903e-001 7.999883e-001
    endloop 
  endfacet
  facet normal 9.985561E-001 5.105503E-002 -1.670336E-002
    outer loop 
      vertex 5.134792e-001 -2.867917e-001 8.782928e-001
      vertex 5.070776e-001 -1.269917e-001 9.840344e-001
      vertex 5.172050e-001 -2.903053e-001 1.090286e+000
    endloop 
  endfacet
  facet normal 9.986362E-001 4.507876E-002 -2.633818E-002
    outer loop 
      vertex 5.241112e-001 -4.745940e-001 9.599812e-001
      vertex 5.200899e-001 -4.789903e-001 7.999883e-001
      vertex 5.134792e-001 -2.867917e-001 8.782928e-001
    endloop 
  endfacet
  facet normal 9.986460E-001 4.925653E-002 -1.673475E-002
    outer loop 
      vertex 5.241112e-001 -4.745940e-001 9.599812e-001
      vertex 5.134792e-001 -2.867917e-001 8.782928e-001
      vertex 5.172050e-001 -2.903053e-001 1.090286e+000
    endloop 
  endfacet
  facet normal 1.675984E-001 -9.856841E-001 -1.837608E-002
    outer loop 
      vertex -2.462587e-001 -5.505090e-001 3.282698e+000
      vertex -4.093148e-001 -5.766914e-001 3.199965e+000
      vertex -2.682398e-001 -5.509897e-001 3.108005e+000
    endloop 
  endfacet
  facet normal 1.655098E-001 -9.860418E-001 -1.811229E-002
    outer loop 
      vertex -1.205277e-001 -5.273168e-001 3.169033e+000
      vertex -2.462587e-001 -5.505090e-001 3.282698e+000
      vertex -2.682398e-001 -5.509897e-001 3.108005e+000
    endloop 
  endfacet
  facet normal 1.624607E-001 -9.863605E-001 -2.644698E-002
    outer loop 
      vertex -4.093148e-001 -5.766914e-001 3.199965e+000
      vertex -4.141653e-001 -5.732024e-001 3.040041e+000
      vertex -2.682398e-001 -5.509897e-001 3.108005e+000
    endloop 
  endfacet
  facet normal 9.862717E-001 1.629694E-001 -2.662779E-002
    outer loop 
      vertex 5.534838e-001 -2.828212e-001 3.120703e+000
      vertex 5.765164e-001 -4.092517e-001 3.200020e+000
      vertex 5.730039e-001 -4.141403e-001 3.040001e+000
    endloop 
  endfacet
  facet normal 4.174012E-002 -9.990557E-001 -1.205715E-002
    outer loop 
      vertex -1.789427e-001 -5.084029e-001 8.597879e-001
      vertex -3.485595e-001 -5.147700e-001 8.001709e-001
      vertex -2.254346e-001 -5.085965e-001 7.148759e-001
    endloop 
  endfacet
  facet normal 4.108315E-002 -9.988087E-001 -2.632984E-002
    outer loop 
      vertex -4.745728e-001 -5.241665e-001 9.600024e-001
      vertex -4.789937e-001 -5.201299e-001 7.999756e-001
      vertex -3.485595e-001 -5.147700e-001 8.001709e-001
    endloop 
  endfacet
  facet normal 4.108344E-002 -9.987892E-001 -2.706096E-002
    outer loop 
      vertex -4.789937e-001 -5.201299e-001 7.999756e-001
      vertex -4.834748e-001 -5.159795e-001 6.399862e-001
      vertex -3.485595e-001 -5.147700e-001 8.001709e-001
    endloop 
  endfacet
  facet normal -1.279378E-002 9.998617E-001 -1.062540E-002
    outer loop 
      vertex 2.245100e-001 5.015742e-001 1.404574e-001
      vertex 1.398836e-001 5.019839e-001 2.809036e-001
      vertex 2.832991e-001 5.037476e-001 2.741924e-001
    endloop 
  endfacet
  facet normal 1.943992E-001 -9.808466E-001 -1.220174E-002
    outer loop 
      vertex -4.386516e-002 -5.184444e-001 3.714008e+000
      vertex -1.273063e-001 -5.367287e-001 3.854421e+000
      vertex -2.054114e-001 -5.503707e-001 3.706663e+000
    endloop 
  endfacet
  facet normal 2.090574E-001 -9.778337E-001 -1.167512E-002
    outer loop 
      vertex -5.945522e-002 -5.239606e-001 4.000000e+000
      vertex -2.214216e-001 -5.585884e-001 4.000000e+000
      vertex -1.273063e-001 -5.367287e-001 3.854421e+000
    endloop 
  endfacet
  facet normal 9.998184E-001 1.406112E-002 1.285610E-002
    outer loop 
      vertex 4.980843e-001 2.648860e-001 1.506124e-001
      vertex 4.946087e-001 3.666308e-001 3.096263e-001
      vertex 4.968970e-001 2.270840e-001 2.842934e-001
    endloop 
  endfacet
  facet normal 9.999191E-001 0.000000E+000 1.271833E-002
    outer loop 
      vertex 5.000000e-001 3.333333e-001 0.000000e+000
      vertex 4.980843e-001 2.648860e-001 1.506124e-001
      vertex 5.000000e-001 1.666667e-001 0.000000e+000
    endloop 
  endfacet
  facet normal -8.666068E-002 9.961846E-001 1.029829E-002
    outer loop 
      vertex -1.663839e-001 4.872533e-001 1.679966e+000
      vertex -2.428475e-001 4.822859e-001 1.517035e+000
      vertex -3.127847e-001 4.748936e-001 1.643585e+000
    endloop 
  endfacet
  facet normal -8.728229E-002 9.961010E-001 1.282807E-002
    outer loop 
      vertex -2.807705e-001 4.758514e-001 1.787037e+000
      vertex -1.663839e-001 4.872533e-001 1.679966e+000
      vertex -3.127847e-001 4.748936e-001 1.643585e+000
    endloop 
  endfacet
  facet normal -8.580605E-002 9.961053E-001 2.028876E-002
    outer loop 
      vertex -3.127847e-001 4.748936e-001 1.643585e+000
      vertex -4.134909e-001 4.681603e-001 1.548253e+000
      vertex -4.209579e-001 4.644437e-001 1.699148e+000
    endloop 
  endfacet
  facet normal -7.993546E-002 9.967011E-001 1.404512E-002
    outer loop 
      vertex -2.428475e-001 4.822859e-001 1.517035e+000
      vertex -4.134909e-001 4.681603e-001 1.548253e+000
      vertex -3.127847e-001 4.748936e-001 1.643585e+000
    endloop 
  endfacet
  facet normal -8.937831E-002 9.959090E-001 1.329711E-002
    outer loop 
      vertex -2.807705e-001 4.758514e-001 1.787037e+000
      vertex -3.127847e-001 4.748936e-001 1.643585e+000
      vertex -4.209579e-001 4.644437e-001 1.699148e+000
    endloop 
  endfacet
  facet normal -9.986030E-001 -4.980124E-002 1.766188E-002
    outer loop 
      vertex -4.840794e-001 -3.340558e-001 9.585558e-001
      vertex -4.745728e-001 -5.241665e-001 9.600024e-001
      vertex -4.801363e-001 -3.654772e-001 1.092897e+000
    endloop 
  endfacet
  facet normal -9.985616E-001 -5.359885E-002 1.393506E-003
    outer loop 
      vertex -5.028526e-001 3.966331e-002 1.029078e+000
      vertex -4.983309e-001 -4.793956e-002 8.997929e-001
      vertex -4.950070e-001 -1.062011e-001 1.040653e+000
    endloop 
  endfacet
  facet normal -9.985564E-001 -5.371373E-002 -5.771143E-005
    outer loop 
      vertex -4.950070e-001 -1.062011e-001 1.040653e+000
      vertex -4.991237e-001 -2.981928e-002 1.178552e+000
      vertex -5.028526e-001 3.966331e-002 1.029078e+000
    endloop 
  endfacet
  facet normal 5.309362E-002 -9.985888E-001 -1.192340E-003
    outer loop 
      vertex 3.492555e-002 -4.988295e-001 1.066336e+000
      vertex -1.329325e-001 -5.076942e-001 1.016040e+000
      vertex -5.994545e-003 -5.008153e-001 9.073880e-001
    endloop 
  endfacet
  facet normal -5.171753E-002 9.986591E-001 2.320144E-003
    outer loop 
      vertex 7.917028e-002 5.047714e-001 1.004824e+000
      vertex -7.268714e-002 4.971423e-001 9.036132e-001
      vertex -5.867202e-002 4.974768e-001 1.072002e+000
    endloop 
  endfacet
  facet normal -9.875300E-001 -1.573686E-001 4.418466E-003
    outer loop 
      vertex -4.781551e-001 -1.738454e-001 3.119760e+000
      vertex -4.847031e-001 -1.372230e-001 2.960624e+000
      vertex -4.511615e-001 -3.461127e-001 3.017358e+000
    endloop 
  endfacet
  facet normal -9.870564E-001 -1.581437E-001 2.665287E-002
    outer loop 
      vertex -4.141653e-001 -5.732024e-001 3.040041e+000
      vertex -4.511615e-001 -3.461127e-001 3.017358e+000
      vertex -4.190534e-001 -5.696551e-001 2.880062e+000
    endloop 
  endfacet
  facet normal 1.559792E-001 -9.877512E-001 4.231855E-003
    outer loop 
      vertex 1.286490e-001 -4.859863e-001 2.950473e+000
      vertex 2.844229e-001 -4.612197e-001 2.989635e+000
      vertex 1.651828e-001 -4.795083e-001 3.115911e+000
    endloop 
  endfacet
  facet normal 1.633386E-001 -9.865047E-001 1.136170E-002
    outer loop 
      vertex 2.844229e-001 -4.612197e-001 2.989635e+000
      vertex 3.106683e-001 -4.545541e-001 3.191074e+000
      vertex 1.651828e-001 -4.795083e-001 3.115911e+000
    endloop 
  endfacet
  facet normal -1.565483E-001 9.876552E-001 5.469945E-003
    outer loop 
      vertex -2.948737e-001 4.593449e-001 3.000416e+000
      vertex -1.891039e-001 4.753527e-001 3.137140e+000
      vertex -1.026794e-001 4.899314e-001 2.978255e+000
    endloop 
  endfacet
  facet normal -1.643967E-001 9.863250E-001 1.169722E-002
    outer loop 
      vertex -3.289806e-001 4.517530e-001 3.161229e+000
      vertex -1.891039e-001 4.753527e-001 3.137140e+000
      vertex -2.948737e-001 4.593449e-001 3.000416e+000
    endloop 
  endfacet
  facet normal -9.962482E-001 -8.637907E-002 5.299552E-003
    outer loop 
      vertex -4.780600e-001 -2.760924e-001 1.650418e+000
      vertex -4.914626e-001 -1.192708e-001 1.686984e+000
      vertex -4.892793e-001 -1.526981e-001 1.552578e+000
    endloop 
  endfacet
  facet normal -9.966658E-001 -8.060981E-002 1.262354E-002
    outer loop 
      vertex -4.780600e-001 -2.760924e-001 1.650418e+000
      vertex -4.892793e-001 -1.526981e-001 1.552578e+000
      vertex -4.785602e-001 -2.898004e-001 1.523389e+000
    endloop 
  endfacet
  facet normal -9.960926E-001 -8.606474E-002 1.980823E-002
    outer loop 
      vertex -4.780600e-001 -2.760924e-001 1.650418e+000
      vertex -4.678889e-001 -4.138700e-001 1.563260e+000
      vertex -4.651151e-001 -4.141259e-001 1.701632e+000
    endloop 
  endfacet
  facet normal -9.965818E-001 -8.162492E-002 1.273275E-002
    outer loop 
      vertex -4.678889e-001 -4.138700e-001 1.563260e+000
      vertex -4.780600e-001 -2.760924e-001 1.650418e+000
      vertex -4.785602e-001 -2.898004e-001 1.523389e+000
    endloop 
  endfacet
  facet normal -9.959665E-001 -8.890189E-002 1.212955E-002
    outer loop 
      vertex -4.651151e-001 -4.141259e-001 1.701632e+000
      vertex -4.765621e-001 -2.740132e-001 1.788646e+000
      vertex -4.780600e-001 -2.760924e-001 1.650418e+000
    endloop 
  endfacet
  facet normal -9.960511E-001 -8.795163E-002 1.211617E-002
    outer loop 
      vertex -4.780600e-001 -2.760924e-001 1.650418e+000
      vertex -4.765621e-001 -2.740132e-001 1.788646e+000
      vertex -4.914626e-001 -1.192708e-001 1.686984e+000
    endloop 
  endfacet
  facet normal 9.879171E-001 1.547969E-001 7.602833E-003
    outer loop 
      vertex 4.880934e-001 1.140218e-001 2.955859e+000
      vertex 4.612115e-001 2.854812e-001 2.957929e+000
      vertex 4.699627e-001 2.228563e-001 3.095860e+000
    endloop 
  endfacet
  facet normal 9.794887E-001 2.014837E-001 -2.506993E-003
    outer loop 
      vertex 5.131606e-001 -1.369394e-002 3.859704e+000
      vertex 4.987800e-001 5.409877e-002 3.689564e+000
      vertex 4.762283e-001 1.657646e-001 3.852984e+000
    endloop 
  endfacet
  facet normal 9.794731E-001 2.015751E-001 2.023277E-005
    outer loop 
      vertex 4.890685e-001 1.033580e-001 4.000000e+000
      vertex 5.131606e-001 -1.369394e-002 3.859704e+000
      vertex 4.762283e-001 1.657646e-001 3.852984e+000
    endloop 
  endfacet
  facet normal 9.792691E-001 2.024281E-001 7.404493E-003
    outer loop 
      vertex 4.408545e-001 3.361727e-001 3.872575e+000
      vertex 4.542501e-001 2.667092e-001 4.000000e+000
      vertex 4.762283e-001 1.657646e-001 3.852984e+000
    endloop 
  endfacet
  facet normal 9.792952E-001 2.022292E-001 9.181714E-003
    outer loop 
      vertex 4.408545e-001 3.361727e-001 3.872575e+000
      vertex 4.762283e-001 1.657646e-001 3.852984e+000
      vertex 4.577372e-001 2.615421e-001 3.715670e+000
    endloop 
  endfacet
  facet normal 9.780247E-001 2.084668E-001 3.072161E-003
    outer loop 
      vertex 4.890685e-001 1.033580e-001 4.000000e+000
      vertex 4.762283e-001 1.657646e-001 3.852984e+000
      vertex 4.542501e-001 2.667092e-001 4.000000e+000
    endloop 
  endfacet
  facet normal 9.810517E-001 1.937227E-001 3.011832E-003
    outer loop 
      vertex 4.577372e-001 2.615421e-001 3.715670e+000
      vertex 4.762283e-001 1.657646e-001 3.852984e+000
      vertex 4.987800e-001 5.409877e-002 3.689564e+000
    endloop 
  endfacet
  facet normal -2.013923E-001 9.795099E-001 -1.171183E-003
    outer loop 
      vertex -1.687675e-001 4.757120e-001 3.850163e+000
      vertex 8.503772e-003 5.121528e-001 3.844256e+000
      vertex -7.766663e-002 4.942406e-001 3.681107e+000
    endloop 
  endfacet
  facet normal -2.013564E-001 9.795181E-001 -4.395959E-005
    outer loop 
      vertex -1.687675e-001 4.757120e-001 3.850163e+000
      vertex -1.035933e-001 4.891163e-001 4.000000e+000
      vertex 8.503772e-003 5.121528e-001 3.844256e+000
    endloop 
  endfacet
  facet normal -2.017918E-001 9.793969E-001 7.865235E-003
    outer loop 
      vertex -1.687675e-001 4.757120e-001 3.850163e+000
      vertex -3.367752e-001 4.409154e-001 3.872674e+000
      vertex -2.669391e-001 4.542817e-001 4.000000e+000
    endloop 
  endfacet
  facet normal -2.016046E-001 9.794228E-001 9.302651E-003
    outer loop 
      vertex -1.687675e-001 4.757120e-001 3.850163e+000
      vertex -2.689790e-001 4.563263e-001 3.719409e+000
      vertex -3.367752e-001 4.409154e-001 3.872674e+000
    endloop 
  endfacet
  facet normal -2.085660E-001 9.780030E-001 3.227530E-003
    outer loop 
      vertex -2.669391e-001 4.542817e-001 4.000000e+000
      vertex -1.035933e-001 4.891163e-001 4.000000e+000
      vertex -1.687675e-001 4.757120e-001 3.850163e+000
    endloop 
  endfacet
  facet normal -1.938041E-001 9.810354E-001 3.085136E-003
    outer loop 
      vertex -1.687675e-001 4.757120e-001 3.850163e+000
      vertex -7.766663e-002 4.942406e-001 3.681107e+000
      vertex -2.689790e-001 4.563263e-001 3.719409e+000
    endloop 
  endfacet
  facet normal 1.068849E-002 -9.999236E-001 6.204655E-003
    outer loop 
      vertex 1.243578e-001 -4.982401e-001 2.938754e-001
      vertex -3.760568e-002 -5.004466e-001 2.172796e-001
      vertex 1.394963e-001 -4.989777e-001 1.489215e-001
    endloop 
  endfacet
  facet normal 8.037551E-003 -9.999675E-001 -6.643307E-004
    outer loop 
      vertex 0.000000e+000 -5.000000e-001 0.000000e+000
      vertex 1.394963e-001 -4.989777e-001 1.489215e-001
      vertex -3.760568e-002 -5.004466e-001 2.172796e-001
    endloop 
  endfacet
  facet normal 2.048671E-002 -9.997880E-001 -2.046952E-003
    outer loop 
      vertex 3.545727e-002 -4.993558e-001 4.157193e-001
      vertex -1.335822e-001 -5.028026e-001 4.074409e-001
      vertex -3.760568e-002 -5.004466e-001 2.172796e-001
    endloop 
  endfacet
  facet normal 1.334719E-002 -9.999108E-001 5.824030E-004
    outer loop 
      vertex 3.545727e-002 -4.993558e-001 4.157193e-001
      vertex -3.760568e-002 -5.004466e-001 2.172796e-001
      vertex 1.243578e-001 -4.982401e-001 2.938754e-001
    endloop 
  endfacet
  facet normal 9.558236E-003 -9.999257E-001 -7.564380E-003
    outer loop 
      vertex -3.760568e-002 -5.004466e-001 2.172796e-001
      vertex -1.335822e-001 -5.028026e-001 4.074409e-001
      vertex -2.187827e-001 -5.019851e-001 1.917135e-001
    endloop 
  endfacet
  facet normal 9.584161E-003 -9.999241E-001 -7.748196E-003
    outer loop 
      vertex -2.187827e-001 -5.019851e-001 1.917135e-001
      vertex -1.666667e-001 -5.000000e-001 0.000000e+000
      vertex -3.760568e-002 -5.004466e-001 2.172796e-001
    endloop 
  endfacet
  facet normal 0.000000E+000 -9.999979E-001 -2.055493E-003
    outer loop 
      vertex -3.760568e-002 -5.004466e-001 2.172796e-001
      vertex -1.666667e-001 -5.000000e-001 0.000000e+000
      vertex 0.000000e+000 -5.000000e-001 0.000000e+000
    endloop 
  endfacet
  facet normal 2.017336E-001 -9.794062E-001 8.194539E-003
    outer loop 
      vertex 1.767730e-001 -4.741526e-001 3.854004e+000
      vertex 3.169395e-001 -4.452237e-001 3.860945e+000
      vertex 2.666182e-001 -4.544252e-001 4.000000e+000
    endloop 
  endfacet
  facet normal 2.089930E-001 -9.779108E-001 3.525078E-003
    outer loop 
      vertex 1.032944e-001 -4.893297e-001 4.000000e+000
      vertex 1.767730e-001 -4.741526e-001 3.854004e+000
      vertex 2.666182e-001 -4.544252e-001 4.000000e+000
    endloop 
  endfacet
  facet normal -7.773134E-003 9.999694E-001 8.746551E-004
    outer loop 
      vertex 5.711740e-002 5.004139e-001 1.476755e-001
      vertex -1.463221e-001 4.988175e-001 1.648359e-001
      vertex -2.771494e-002 4.996219e-001 2.992657e-001
    endloop 
  endfacet
  facet normal -7.827931E-003 9.999693E-001 2.250145E-004
    outer loop 
      vertex 5.711740e-002 5.004139e-001 1.476755e-001
      vertex 0.000000e+000 5.000000e-001 0.000000e+000
      vertex -1.463221e-001 4.988175e-001 1.648359e-001
    endloop 
  endfacet
  facet normal -7.285218E-003 9.999397E-001 -8.206914E-003
    outer loop 
      vertex 1.666667e-001 5.000000e-001 0.000000e+000
      vertex 5.711740e-002 5.004139e-001 1.476755e-001
      vertex 2.245100e-001 5.015742e-001 1.404574e-001
    endloop 
  endfacet
  facet normal -7.245407E-003 9.999472E-001 -7.282461E-003
    outer loop 
      vertex 2.245100e-001 5.015742e-001 1.404574e-001
      vertex 5.711740e-002 5.004139e-001 1.476755e-001
      vertex 1.398836e-001 5.019839e-001 2.809036e-001
    endloop 
  endfacet
  facet normal 0.000000E+000 9.999961E-001 -2.802720E-003
    outer loop 
      vertex 5.711740e-002 5.004139e-001 1.476755e-001
      vertex 1.666667e-001 5.000000e-001 0.000000e+000
      vertex 0.000000e+000 5.000000e-001 0.000000e+000
    endloop 
  endfacet
  facet normal -1.440243E-002 9.998922E-001 -2.835610E-003
    outer loop 
      vertex 5.711740e-002 5.004139e-001 1.476755e-001
      vertex -2.771494e-002 4.996219e-001 2.992657e-001
      vertex 1.398836e-001 5.019839e-001 2.809036e-001
    endloop 
  endfacet
  facet normal -9.999574E-001 -5.426708E-003 -7.457971E-003
    outer loop 
      vertex -5.000000e-001 1.666667e-001 0.000000e+000
      vertex -5.004717e-001 6.510595e-002 1.371461e-001
      vertex -5.011174e-001 2.256033e-001 1.069365e-001
    endloop 
  endfacet
  facet normal -9.999940E-001 0.000000E+000 -3.439459E-003
    outer loop 
      vertex -5.000000e-001 1.666667e-001 0.000000e+000
      vertex -5.000000e-001 0.000000e+000 0.000000e+000
      vertex -5.004717e-001 6.510595e-002 1.371461e-001
    endloop 
  endfacet
  facet normal 9.999981E-001 0.000000E+000 -1.975097E-003
    outer loop 
      vertex 5.004411e-001 -3.922544e-002 2.233476e-001
      vertex 5.000000e-001 -1.666667e-001 0.000000e+000
      vertex 5.000000e-001 0.000000e+000 0.000000e+000
    endloop 
  endfacet
  facet normal -9.780877E-001 -2.081754E-001 2.724517E-003
    outer loop 
      vertex -4.772195e-001 -1.625465e-001 3.855174e+000
      vertex -4.546112e-001 -2.668735e-001 4.000000e+000
      vertex -4.893816e-001 -1.035091e-001 4.000000e+000
    endloop 
  endfacet
  facet normal 2.085071E-001 -9.779619E-001 1.074129E-002
    outer loop 
      vertex 2.666182e-001 -4.544252e-001 4.000000e+000
      vertex 3.169395e-001 -4.452237e-001 3.860945e+000
      vertex 4.306035e-001 -4.194626e-001 4.000000e+000
    endloop 
  endfacet
  facet normal 1.307787E-001 -9.913798E-001 7.942073E-003
    outer loop 
      vertex 1.125999e-001 -4.895183e-001 2.493299e+000
      vertex 2.094445e-001 -4.779109e-001 2.347507e+000
      vertex 2.694120e-001 -4.686523e-001 2.515760e+000
    endloop 
  endfacet
  facet normal 1.224351E-001 -9.924738E-001 2.312551E-003
    outer loop 
      vertex 2.094445e-001 -4.779109e-001 2.347507e+000
      vertex 1.125999e-001 -4.895183e-001 2.493299e+000
      vertex 4.820761e-002 -4.978482e-001 2.327538e+000
    endloop 
  endfacet
  facet normal 1.312061E-001 -9.913429E-001 4.924030E-003
    outer loop 
      vertex 1.125999e-001 -4.895183e-001 2.493299e+000
      vertex 2.694120e-001 -4.686523e-001 2.515760e+000
      vertex 1.661308e-001 -4.816278e-001 2.655491e+000
    endloop 
  endfacet
  facet normal 1.295826E-001 -9.915685E-001 -5.095239E-004
    outer loop 
      vertex 1.125999e-001 -4.895183e-001 2.493299e+000
      vertex -4.759305e-002 -5.104393e-001 2.466674e+000
      vertex 4.820761e-002 -4.978482e-001 2.327538e+000
    endloop 
  endfacet
  facet normal 0.000000E+000 9.999743E-001 7.173778E-003
    outer loop 
      vertex -1.666667e-001 5.000000e-001 0.000000e+000
      vertex -1.463221e-001 4.988175e-001 1.648359e-001
      vertex 0.000000e+000 5.000000e-001 0.000000e+000
    endloop 
  endfacet
  facet normal -1.529011E-002 9.998549E-001 7.507554E-003
    outer loop 
      vertex -1.463221e-001 4.988175e-001 1.648359e-001
      vertex -1.965346e-001 4.966544e-001 3.506466e-001
      vertex -2.771494e-002 4.996219e-001 2.992657e-001
    endloop 
  endfacet
  facet normal 0.000000E+000 -9.999765E-001 6.864590E-003
    outer loop 
      vertex 1.666667e-001 -5.000000e-001 0.000000e+000
      vertex 1.394963e-001 -4.989777e-001 1.489215e-001
      vertex 0.000000e+000 -5.000000e-001 0.000000e+000
    endloop 
  endfacet
  facet normal -9.999455E-001 0.000000E+000 -1.044870E-002
    outer loop 
      vertex -5.011174e-001 2.256033e-001 1.069365e-001
      vertex -5.000000e-001 3.333333e-001 0.000000e+000
      vertex -5.000000e-001 1.666667e-001 0.000000e+000
    endloop 
  endfacet
  facet normal 9.998231E-001 2.391060E-003 -1.865651E-002
    outer loop 
      vertex 5.015162e-001 -3.346398e-001 1.024458e-001
      vertex 5.029789e-001 -4.968949e-001 1.600384e-001
      vertex 5.000000e-001 -5.000000e-001 0.000000e+000
    endloop 
  endfacet
  facet normal 9.998905E-001 0.000000E+000 -1.479804E-002
    outer loop 
      vertex 5.000000e-001 -3.333333e-001 0.000000e+000
      vertex 5.000000e-001 -1.666667e-001 0.000000e+000
      vertex 5.015162e-001 -3.346398e-001 1.024458e-001
    endloop 
  endfacet
  facet normal 9.998905E-001 0.000000E+000 -1.479804E-002
    outer loop 
      vertex 5.015162e-001 -3.346398e-001 1.024458e-001
      vertex 5.000000e-001 -5.000000e-001 0.000000e+000
      vertex 5.000000e-001 -3.333333e-001 0.000000e+000
    endloop 
  endfacet
  facet normal -2.090042E-001 9.778976E-001 -5.788216E-003
    outer loop 
      vertex 5.914094e-002 5.238972e-001 4.000000e+000
      vertex 8.503772e-003 5.121528e-001 3.844256e+000
      vertex -1.035933e-001 4.891163e-001 4.000000e+000
    endloop 
  endfacet
  facet normal -1.937743E-001 9.810315E-001 -5.361820E-003
    outer loop 
      vertex 8.503772e-003 5.121528e-001 3.844256e+000
      vertex 1.206959e-001 5.335946e-001 3.712798e+000
      vertex -7.766663e-002 4.942406e-001 3.681107e+000
    endloop 
  endfacet
  facet normal 9.779782E-001 2.086173E-001 -6.111893E-003
    outer loop 
      vertex 5.131606e-001 -1.369394e-002 3.859704e+000
      vertex 4.890685e-001 1.033580e-001 4.000000e+000
      vertex 5.237809e-001 -5.937060e-002 4.000000e+000
    endloop 
  endfacet
  facet normal -1.288130E-001 9.916524E-001 -5.708695E-003
    outer loop 
      vertex 3.497875e-002 5.081729e-001 2.364997e+000
      vertex -8.929763e-002 4.925496e-001 2.455309e+000
      vertex 4.974507e-002 5.111744e-001 2.553195e+000
    endloop 
  endfacet
  facet normal -1.226910E-001 9.924408E-001 2.852132E-003
    outer loop 
      vertex 3.497875e-002 5.081729e-001 2.364997e+000
      vertex -1.695644e-001 4.830820e-001 2.296841e+000
      vertex -8.929763e-002 4.925496e-001 2.455309e+000
    endloop 
  endfacet
  facet normal -9.933289E-001 -1.152458E-001 4.012461E-003
    outer loop 
      vertex -5.085316e-001 4.444166e-002 2.193984e+000
      vertex -4.913340e-001 -1.058647e-001 2.134343e+000
      vertex -4.847673e-001 -1.573514e-001 2.281204e+000
    endloop 
  endfacet
  facet normal -9.930086E-001 -1.180162E-001 -2.484360E-003
    outer loop 
      vertex -5.085316e-001 4.444166e-002 2.193984e+000
      vertex -4.847673e-001 -1.573514e-001 2.281204e+000
      vertex -4.984164e-001 -4.467257e-002 2.384161e+000
    endloop 
  endfacet
  facet normal -9.936928E-001 -1.120173E-001 5.160589E-003
    outer loop 
      vertex -4.728628e-001 -2.691279e-001 2.147194e+000
      vertex -4.847673e-001 -1.573514e-001 2.281204e+000
      vertex -4.913340e-001 -1.058647e-001 2.134343e+000
    endloop 
  endfacet
  facet normal -9.926475E-001 -1.204186E-001 1.226083E-002
    outer loop 
      vertex -4.847673e-001 -1.573514e-001 2.281204e+000
      vertex -4.728628e-001 -2.691279e-001 2.147194e+000
      vertex -4.616339e-001 -3.390089e-001 2.369968e+000
    endloop 
  endfacet
  facet normal -9.898707E-001 -1.414904E-001 1.168222E-002
    outer loop 
      vertex -4.492258e-001 -3.902250e-001 2.714236e+000
      vertex -4.771440e-001 -1.968843e-001 2.690305e+000
      vertex -4.670435e-001 -2.787454e-001 2.554680e+000
    endloop 
  endfacet
  facet normal -9.967142E-001 -8.095823E-002 2.529089E-003
    outer loop 
      vertex -5.037760e-001 2.566693e-002 1.549021e+000
      vertex -4.949655e-001 -8.632795e-002 1.436187e+000
      vertex -4.892793e-001 -1.526981e-001 1.552578e+000
    endloop 
  endfacet
  facet normal -9.967120E-001 -8.092998E-002 3.936807E-003
    outer loop 
      vertex -4.914626e-001 -1.192708e-001 1.686984e+000
      vertex -5.037760e-001 2.566693e-002 1.549021e+000
      vertex -4.892793e-001 -1.526981e-001 1.552578e+000
    endloop 
  endfacet
  facet normal -9.972110E-001 -7.454400E-002 -3.663205E-003
    outer loop 
      vertex -5.037760e-001 2.566693e-002 1.549021e+000
      vertex -5.163529e-001 1.998033e-001 1.429174e+000
      vertex -5.038113e-001 3.613222e-002 1.345664e+000
    endloop 
  endfacet
  facet normal -9.971958E-001 -7.474693E-002 -3.673648E-003
    outer loop 
      vertex -4.949655e-001 -8.632795e-002 1.436187e+000
      vertex -5.037760e-001 2.566693e-002 1.549021e+000
      vertex -5.038113e-001 3.613222e-002 1.345664e+000
    endloop 
  endfacet
  facet normal -9.961253E-001 -8.787887E-002 -3.415767E-003
    outer loop 
      vertex -5.036959e-001 1.764281e-002 1.732099e+000
      vertex -5.037760e-001 2.566693e-002 1.549021e+000
      vertex -4.914626e-001 -1.192708e-001 1.686984e+000
    endloop 
  endfacet
  facet normal -9.868692E-001 -1.614853E-001 3.443874E-003
    outer loop 
      vertex -4.847031e-001 -1.372230e-001 2.960624e+000
      vertex -4.781551e-001 -1.738454e-001 3.119760e+000
      vertex -5.026872e-001 -2.480697e-002 3.078394e+000
    endloop 
  endfacet
  facet normal 1.607263E-001 -9.869940E-001 3.153909E-003
    outer loop 
      vertex 1.286490e-001 -4.859863e-001 2.950473e+000
      vertex 1.651828e-001 -4.795083e-001 3.115911e+000
      vertex 1.116952e-002 -5.047527e-001 3.064515e+000
    endloop 
  endfacet
  facet normal 9.882006E-001 1.531652E-001 -1.997865E-005
    outer loop 
      vertex 4.880934e-001 1.140218e-001 2.955859e+000
      vertex 5.125721e-001 -4.391625e-002 2.918773e+000
      vertex 4.957889e-001 6.435302e-002 2.814225e+000
    endloop 
  endfacet
  facet normal -1.515003E-001 9.884570E-001 7.237170E-004
    outer loop 
      vertex 3.777390e-002 5.115256e-001 2.886735e+000
      vertex -8.106868e-002 4.933805e-001 2.791317e+000
      vertex -1.026794e-001 4.899314e-001 2.978255e+000
    endloop 
  endfacet
  facet normal 9.824131E-001 1.864378E-001 1.027275E-002
    outer loop 
      vertex 4.341238e-001 3.924174e-001 3.572705e+000
      vertex 4.729165e-001 1.891269e-001 3.552319e+000
      vertex 4.589592e-001 2.711090e-001 3.399227e+000
    endloop 
  endfacet
  facet normal 9.823975E-001 1.866062E-001 8.564311E-003
    outer loop 
      vertex 4.729165e-001 1.891269e-001 3.552319e+000
      vertex 4.341238e-001 3.924174e-001 3.572705e+000
      vertex 4.577372e-001 2.615421e-001 3.715670e+000
    endloop 
  endfacet
  facet normal 9.819295E-001 1.872629E-001 2.733621E-002
    outer loop 
      vertex 4.341238e-001 3.924174e-001 3.572705e+000
      vertex 3.991582e-001 5.834590e-001 3.519981e+000
      vertex 3.940407e-001 5.869361e-001 3.679985e+000
    endloop 
  endfacet
  facet normal -1.873681E-001 9.822118E-001 1.238191E-002
    outer loop 
      vertex -2.311654e-001 4.650059e-001 3.565343e+000
      vertex -3.110659e-001 4.511712e-001 3.453719e+000
      vertex -4.067413e-001 4.312493e-001 3.586247e+000
    endloop 
  endfacet
  facet normal -1.877334E-001 9.821764E-001 9.255981E-003
    outer loop 
      vertex -2.689790e-001 4.563263e-001 3.719409e+000
      vertex -2.311654e-001 4.650059e-001 3.565343e+000
      vertex -4.067413e-001 4.312493e-001 3.586247e+000
    endloop 
  endfacet
  facet normal -1.881074E-001 9.817848E-001 2.672644E-002
    outer loop 
      vertex -5.837346e-001 3.991418e-001 3.519982e+000
      vertex -5.871597e-001 3.941297e-001 3.679993e+000
      vertex -4.067413e-001 4.312493e-001 3.586247e+000
    endloop 
  endfacet
  facet normal 1.744924E-002 -9.997907E-001 -1.068038E-002
    outer loop 
      vertex -1.335822e-001 -5.028026e-001 4.074409e-001
      vertex -3.289656e-001 -5.054886e-001 3.396690e-001
      vertex -2.187827e-001 -5.019851e-001 1.917135e-001
    endloop 
  endfacet
  facet normal 1.528507E-002 -9.995047E-001 -2.750606E-002
    outer loop 
      vertex -3.289656e-001 -5.054886e-001 3.396690e-001
      vertex -4.878823e-001 -5.117799e-001 4.799690e-001
      vertex -4.923732e-001 -5.074478e-001 3.200543e-001
    endloop 
  endfacet
  facet normal -9.952998E-001 -9.678259E-002 -3.374477E-003
    outer loop 
      vertex -5.036959e-001 1.764281e-002 1.732099e+000
      vertex -5.007628e-001 -1.775106e-002 1.882111e+000
      vertex -5.142268e-001 1.218280e-001 1.850066e+000
    endloop 
  endfacet
  facet normal 9.956821E-001 9.281394E-002 -1.640446E-003
    outer loop 
      vertex 5.077050e-001 -6.046520e-002 1.774673e+000
      vertex 5.006589e-001 1.194136e-002 1.594600e+000
      vertex 4.916230e-001 1.122025e-001 1.782820e+000
    endloop 
  endfacet
  facet normal 9.956840E-001 9.279847E-002 -1.308683E-003
    outer loop 
      vertex 5.000333e-001 2.437273e-002 1.953607e+000
      vertex 5.077050e-001 -6.046520e-002 1.774673e+000
      vertex 4.916230e-001 1.122025e-001 1.782820e+000
    endloop 
  endfacet
  facet normal 9.955829E-001 9.334379E-002 -1.007594E-002
    outer loop 
      vertex 5.215834e-001 -2.058467e-001 1.799151e+000
      vertex 5.077050e-001 -6.046520e-002 1.774673e+000
      vertex 5.175280e-001 -1.476739e-001 1.937356e+000
    endloop 
  endfacet
  facet normal 9.948013E-001 1.016825E-001 -5.558682E-003
    outer loop 
      vertex 5.077050e-001 -6.046520e-002 1.774673e+000
      vertex 5.000333e-001 2.437273e-002 1.953607e+000
      vertex 5.175280e-001 -1.476739e-001 1.937356e+000
    endloop 
  endfacet
  facet normal 9.955916E-001 9.303063E-002 -1.194074E-002
    outer loop 
      vertex 5.215834e-001 -2.058467e-001 1.799151e+000
      vertex 5.166000e-001 -1.764224e-001 1.612890e+000
      vertex 5.077050e-001 -6.046520e-002 1.774673e+000
    endloop 
  endfacet
  facet normal 9.964671E-001 8.381705E-002 -5.288789E-003
    outer loop 
      vertex 5.077050e-001 -6.046520e-002 1.774673e+000
      vertex 5.166000e-001 -1.764224e-001 1.612890e+000
      vertex 5.006589e-001 1.194136e-002 1.594600e+000
    endloop 
  endfacet
  facet normal 1.869323E-001 -9.823725E-001 7.526316E-004
    outer loop 
      vertex 1.089574e-001 -4.881679e-001 3.711014e+000
      vertex 4.584109e-002 -5.002792e-001 3.578914e+000
      vertex 2.006143e-001 -4.708348e-001 3.570027e+000
    endloop 
  endfacet
  facet normal 2.039345E-002 -9.997920E-001 -1.409026E-004
    outer loop 
      vertex 3.545727e-002 -4.993558e-001 4.157193e-001
      vertex 1.205165e-002 -4.998590e-001 5.991499e-001
      vertex -1.335822e-001 -5.028026e-001 4.074409e-001
    endloop 
  endfacet
  facet normal -2.115075E-002 9.997751E-001 1.507325E-003
    outer loop 
      vertex 7.236318e-002 5.015700e-001 4.114159e-001
      vertex -2.771494e-002 4.996219e-001 2.992657e-001
      vertex -6.816975e-002 4.985172e-001 4.642766e-001
    endloop 
  endfacet
  facet normal -1.679083E-002 9.998557E-001 2.576761E-003
    outer loop 
      vertex -2.771494e-002 4.996219e-001 2.992657e-001
      vertex -1.965346e-001 4.966544e-001 3.506466e-001
      vertex -6.816975e-002 4.985172e-001 4.642766e-001
    endloop 
  endfacet
  facet normal -9.848107E-001 -1.715800E-001 -2.661260E-002
    outer loop 
      vertex -5.767722e-001 4.091202e-001 3.199985e+000
      vertex -5.493720e-001 2.392991e-001 3.280918e+000
      vertex -5.802376e-001 4.041907e-001 3.360006e+000
    endloop 
  endfacet
  facet normal 9.830796E-001 1.812162E-001 -2.674378E-002
    outer loop 
      vertex 5.580075e-001 -2.692715e-001 3.469352e+000
      vertex 5.833720e-001 -3.993910e-001 3.520040e+000
      vertex 5.799380e-001 -4.043763e-001 3.360028e+000
    endloop 
  endfacet
  facet normal -1.695582E-001 9.851610E-001 -2.660333E-002
    outer loop 
      vertex 4.040834e-001 5.800521e-001 3.360046e+000
      vertex 4.090216e-001 5.765814e-001 3.200046e+000
      vertex 2.742359e-001 5.545463e-001 3.243119e+000
    endloop 
  endfacet
  facet normal 1.715747E-001 -9.848150E-001 -2.648771E-002
    outer loop 
      vertex -4.044208e-001 -5.801427e-001 3.359983e+000
      vertex -4.093148e-001 -5.766914e-001 3.199965e+000
      vertex -2.462587e-001 -5.505090e-001 3.282698e+000
    endloop 
  endfacet
  facet normal 9.990613E-001 3.426844E-002 -2.649649E-002
    outer loop 
      vertex 5.200899e-001 -4.789903e-001 7.999883e-001
      vertex 5.159969e-001 -4.833747e-001 6.399876e-001
      vertex 5.101713e-001 -2.879429e-001 6.730876e-001
    endloop 
  endfacet
  facet normal -9.988862E-001 -4.678841E-002 6.102476E-003
    outer loop 
      vertex -4.951825e-001 -1.310763e-001 7.777217e-001
      vertex -4.919060e-001 -1.820336e-001 9.233362e-001
      vertex -4.983309e-001 -4.793956e-002 8.997929e-001
    endloop 
  endfacet
  facet normal -9.990973E-001 -4.174665E-002 7.871568E-003
    outer loop 
      vertex -4.919060e-001 -1.820336e-001 9.233362e-001
      vertex -4.951825e-001 -1.310763e-001 7.777217e-001
      vertex -4.885167e-001 -2.815992e-001 8.254749e-001
    endloop 
  endfacet
  facet normal -9.987440E-001 -4.905010E-002 1.022341E-002
    outer loop 
      vertex -4.883619e-001 -2.302413e-001 1.038273e+000
      vertex -4.919060e-001 -1.820336e-001 9.233362e-001
      vertex -4.840794e-001 -3.340558e-001 9.585558e-001
    endloop 
  endfacet
  facet normal -9.985253E-001 -5.365251E-002 8.286293E-003
    outer loop 
      vertex -4.950070e-001 -1.062011e-001 1.040653e+000
      vertex -4.919060e-001 -1.820336e-001 9.233362e-001
      vertex -4.883619e-001 -2.302413e-001 1.038273e+000
    endloop 
  endfacet
  facet normal -9.987397E-001 -4.809541E-002 1.434329E-002
    outer loop 
      vertex -4.919060e-001 -1.820336e-001 9.233362e-001
      vertex -4.885167e-001 -2.815992e-001 8.254749e-001
      vertex -4.840794e-001 -3.340558e-001 9.585558e-001
    endloop 
  endfacet
  facet normal -9.988797E-001 -4.714486E-002 4.070458E-003
    outer loop 
      vertex -4.983309e-001 -4.793956e-002 8.997929e-001
      vertex -4.919060e-001 -1.820336e-001 9.233362e-001
      vertex -4.950070e-001 -1.062011e-001 1.040653e+000
    endloop 
  endfacet
  facet normal -9.821795E-001 -1.868972E-001 1.982189E-002
    outer loop 
      vertex -4.262206e-001 -4.473903e-001 3.457862e+000
      vertex -4.210185e-001 -4.583574e-001 3.612221e+000
      vertex -4.507145e-001 -3.075882e-001 3.562356e+000
    endloop 
  endfacet
  facet normal -9.826946E-001 -1.841463E-001 2.003470E-002
    outer loop 
      vertex -4.262206e-001 -4.473903e-001 3.457862e+000
      vertex -3.994311e-001 -5.835917e-001 3.520001e+000
      vertex -4.210185e-001 -4.583574e-001 3.612221e+000
    endloop 
  endfacet
  facet normal -9.811356E-001 -1.921616E-001 2.113853E-002
    outer loop 
      vertex -3.943481e-001 -5.870813e-001 3.679941e+000
      vertex -4.126506e-001 -4.866521e-001 3.743400e+000
      vertex -4.210185e-001 -4.583574e-001 3.612221e+000
    endloop 
  endfacet
  facet normal -9.803488E-001 -1.962337E-001 2.021003E-002
    outer loop 
      vertex -4.210185e-001 -4.583574e-001 3.612221e+000
      vertex -4.126506e-001 -4.866521e-001 3.743400e+000
      vertex -4.373444e-001 -3.653910e-001 3.722961e+000
    endloop 
  endfacet
  facet normal -9.819105E-001 -1.888438E-001 1.377601E-002
    outer loop 
      vertex -4.210185e-001 -4.583574e-001 3.612221e+000
      vertex -4.373444e-001 -3.653910e-001 3.722961e+000
      vertex -4.507145e-001 -3.075882e-001 3.562356e+000
    endloop 
  endfacet
  facet normal -9.815782E-001 -1.891336E-001 2.706868E-002
    outer loop 
      vertex -3.994311e-001 -5.835917e-001 3.520001e+000
      vertex -3.943481e-001 -5.870813e-001 3.679941e+000
      vertex -4.210185e-001 -4.583574e-001 3.612221e+000
    endloop 
  endfacet
  facet normal -9.989985E-001 -3.579943E-002 -2.684342E-002
    outer loop 
      vertex -5.116560e-001 3.146537e-001 7.023440e-001
      vertex -5.201672e-001 4.789440e-001 7.999904e-001
      vertex -5.160272e-001 4.833918e-001 6.399825e-001
    endloop 
  endfacet
  facet normal -1.331881E-001 9.910906E-001 6.128696E-004
    outer loop 
      vertex -6.814154e-002 4.952889e-001 2.623152e+000
      vertex 4.974507e-002 5.111744e-001 2.553195e+000
      vertex -8.929763e-002 4.925496e-001 2.455309e+000
    endloop 
  endfacet
  facet normal 9.907317E-001 1.358320E-001 6.076078E-004
    outer loop 
      vertex 4.887311e-001 1.144149e-001 2.652976e+000
      vertex 5.137529e-001 -6.777623e-002 2.582894e+000
      vertex 4.958249e-001 6.352603e-002 2.462456e+000
    endloop 
  endfacet
  facet normal -1.404592E-001 9.900864E-001 4.381306E-004
    outer loop 
      vertex -8.106868e-002 4.933805e-001 2.791317e+000
      vertex -6.814154e-002 4.952889e-001 2.623152e+000
      vertex -1.963757e-001 4.770677e-001 2.689102e+000
    endloop 
  endfacet
  facet normal -9.997321E-001 -1.370296E-002 1.865438E-002
    outer loop 
      vertex -4.921087e-001 -3.739761e-001 4.322737e-001
      vertex -4.962929e-001 -3.239845e-001 2.447556e-001
      vertex -4.923732e-001 -5.074478e-001 3.200543e-001
    endloop 
  endfacet
  facet normal -9.998769E-001 -3.559403E-003 1.528039E-002
    outer loop 
      vertex -4.969492e-001 -5.028875e-001 1.601345e-001
      vertex -4.962929e-001 -3.239845e-001 2.447556e-001
      vertex -5.000000e-001 -3.333333e-001 0.000000e+000
    endloop 
  endfacet
  facet normal -9.995514E-001 -9.730325E-003 2.832421E-002
    outer loop 
      vertex -4.969492e-001 -5.028875e-001 1.601345e-001
      vertex -4.923732e-001 -5.074478e-001 3.200543e-001
      vertex -4.962929e-001 -3.239845e-001 2.447556e-001
    endloop 
  endfacet
  facet normal 1.933327E-001 -9.809427E-001 -1.933487E-002
    outer loop 
      vertex -3.943481e-001 -5.870813e-001 3.679941e+000
      vertex -2.616514e-001 -5.586235e-001 3.563011e+000
      vertex -2.054114e-001 -5.503707e-001 3.706663e+000
    endloop 
  endfacet
  facet normal -2.087509E-001 9.778972E-001 1.183959E-002
    outer loop 
      vertex -2.669391e-001 4.542817e-001 4.000000e+000
      vertex -3.367752e-001 4.409154e-001 3.872674e+000
      vertex -4.308094e-001 4.193005e-001 4.000000e+000
    endloop 
  endfacet
  facet normal -3.819642E-002 9.992673E-001 2.416526E-003
    outer loop 
      vertex 1.190666e-002 5.007784e-001 7.371442e-001
      vertex -1.295834e-001 4.953221e-001 7.569361e-001
      vertex -7.268714e-002 4.971423e-001 9.036132e-001
    endloop 
  endfacet
  facet normal -3.794949E-002 9.992709E-001 4.182830E-003
    outer loop 
      vertex 1.190666e-002 5.007784e-001 7.371442e-001
      vertex -9.151343e-002 4.973546e-001 6.167818e-001
      vertex -1.295834e-001 4.953221e-001 7.569361e-001
    endloop 
  endfacet
  facet normal -3.843082E-002 9.991903E-001 1.190524E-002
    outer loop 
      vertex -1.295834e-001 4.953221e-001 7.569361e-001
      vertex -2.483410e-001 4.916849e-001 6.788518e-001
      vertex -2.355771e-001 4.902762e-001 8.382818e-001
    endloop 
  endfacet
  facet normal -3.405644E-002 9.994062E-001 5.242254E-003
    outer loop 
      vertex -2.483410e-001 4.916849e-001 6.788518e-001
      vertex -1.295834e-001 4.953221e-001 7.569361e-001
      vertex -9.151343e-002 4.973546e-001 6.167818e-001
    endloop 
  endfacet
  facet normal -4.398067E-002 9.990215E-001 4.663290E-003
    outer loop 
      vertex -1.295834e-001 4.953221e-001 7.569361e-001
      vertex -2.355771e-001 4.902762e-001 8.382818e-001
      vertex -7.268714e-002 4.971423e-001 9.036132e-001
    endloop 
  endfacet
  facet normal 9.775230E-001 2.104881E-001 1.198183E-002
    outer loop 
      vertex 4.189428e-001 4.306788e-001 4.000000e+000
      vertex 4.542501e-001 2.667092e-001 4.000000e+000
      vertex 4.408545e-001 3.361727e-001 3.872575e+000
    endloop 
  endfacet
  facet normal 0.000000E+000 -9.999464E-001 -1.035382E-002
    outer loop 
      vertex -3.333333e-001 -5.000000e-001 0.000000e+000
      vertex -1.666667e-001 -5.000000e-001 0.000000e+000
      vertex -2.187827e-001 -5.019851e-001 1.917135e-001
    endloop 
  endfacet
  facet normal 0.000000E+000 9.999372E-001 -1.120709E-002
    outer loop 
      vertex 1.666667e-001 5.000000e-001 0.000000e+000
      vertex 2.245100e-001 5.015742e-001 1.404574e-001
      vertex 3.333333e-001 5.000000e-001 0.000000e+000
    endloop 
  endfacet
  facet normal 0.000000E+000 0.000000E+000 1.000000E+000
    outer loop 
      vertex 1.840341e-001 2.546759e-001 4.000000e+000
      vertex 5.414885e-002 1.455029e-001 4.000000e+000
      vertex 2.226899e-001 9.359199e-002 4.000000e+000
    endloop 
  endfacet
  facet normal -1.351671E-001 9.908009E-001 6.599674E-003
    outer loop 
      vertex -1.963757e-001 4.770677e-001 2.689102e+000
      vertex -1.798436e-001 4.802324e-001 2.552577e+000
      vertex -3.039789e-001 4.630609e-001 2.588109e+000
    endloop 
  endfacet
  facet normal -1.374954E-001 9.904823E-001 6.310361E-003
    outer loop 
      vertex -6.814154e-002 4.952889e-001 2.623152e+000
      vertex -1.798436e-001 4.802324e-001 2.552577e+000
      vertex -1.963757e-001 4.770677e-001 2.689102e+000
    endloop 
  endfacet
  facet normal -1.340920E-001 9.909142E-001 1.041061E-002
    outer loop 
      vertex -1.798436e-001 4.802324e-001 2.552577e+000
      vertex -2.540860e-001 4.712985e-001 2.446670e+000
      vertex -3.039789e-001 4.630609e-001 2.588109e+000
    endloop 
  endfacet
  facet normal -1.282194E-001 9.917263E-001 6.225333E-003
    outer loop 
      vertex -1.798436e-001 4.802324e-001 2.552577e+000
      vertex -8.929763e-002 4.925496e-001 2.455309e+000
      vertex -2.540860e-001 4.712985e-001 2.446670e+000
    endloop 
  endfacet
  facet normal -1.340306E-001 9.909770E-001 7.209031E-004
    outer loop 
      vertex -6.814154e-002 4.952889e-001 2.623152e+000
      vertex -8.929763e-002 4.925496e-001 2.455309e+000
      vertex -1.798436e-001 4.802324e-001 2.552577e+000
    endloop 
  endfacet
  facet normal 9.826638E-001 1.853756E-001 -2.799397E-003
    outer loop 
      vertex 5.061601e-001 1.198957e-002 3.491702e+000
      vertex 4.729165e-001 1.891269e-001 3.552319e+000
      vertex 4.987800e-001 5.409877e-002 3.689564e+000
    endloop 
  endfacet
  facet normal 9.830090E-001 1.835364E-001 2.764597E-003
    outer loop 
      vertex 5.061601e-001 1.198957e-002 3.491702e+000
      vertex 4.865219e-001 1.186631e-001 3.392617e+000
      vertex 4.729165e-001 1.891269e-001 3.552319e+000
    endloop 
  endfacet
  facet normal -1.866459E-001 9.824271E-001 -6.136977E-004
    outer loop 
      vertex -2.311654e-001 4.650059e-001 3.565343e+000
      vertex -7.766663e-002 4.942406e-001 3.681107e+000
      vertex -9.494909e-002 4.908566e-001 3.519930e+000
    endloop 
  endfacet
  facet normal -9.993986E-001 -2.113504E-002 2.749318E-002
    outer loop 
      vertex -4.878823e-001 -5.117799e-001 4.799690e-001
      vertex -4.921087e-001 -3.739761e-001 4.322737e-001
      vertex -4.923732e-001 -5.074478e-001 3.200543e-001
    endloop 
  endfacet
  facet normal 9.995130E-001 1.463977E-002 2.755866E-002
    outer loop 
      vertex 4.922571e-001 5.075794e-001 3.200431e-001
      vertex 4.877829e-001 5.118603e-001 4.800415e-001
      vertex 4.946087e-001 3.666308e-001 3.096263e-001
    endloop 
  endfacet
  facet normal -9.774653E-001 -2.105141E-001 -1.566827E-002
    outer loop 
      vertex -5.588940e-001 2.212767e-001 4.000000e+000
      vertex -5.506681e-001 1.971665e-001 3.810764e+000
      vertex -5.239996e-001 5.925403e-002 4.000000e+000
    endloop 
  endfacet
  facet normal -9.789945E-001 -2.032044E-001 -1.666606E-002
    outer loop 
      vertex -5.909021e-001 3.886192e-001 3.839857e+000
      vertex -5.506681e-001 1.971665e-001 3.810764e+000
      vertex -5.588940e-001 2.212767e-001 4.000000e+000
    endloop 
  endfacet
  facet normal -9.790909E-001 -2.012202E-001 -2.985633E-002
    outer loop 
      vertex -5.871597e-001 3.941297e-001 3.679993e+000
      vertex -5.506681e-001 1.971665e-001 3.810764e+000
      vertex -5.909021e-001 3.886192e-001 3.839857e+000
    endloop 
  endfacet
  facet normal 1.865085E-001 -9.820725E-001 -2.735411E-002
    outer loop 
      vertex -3.994311e-001 -5.835917e-001 3.520001e+000
      vertex -2.616514e-001 -5.586235e-001 3.563011e+000
      vertex -3.943481e-001 -5.870813e-001 3.679941e+000
    endloop 
  endfacet
  facet normal -1.934435E-002 9.994406E-001 -2.728202E-002
    outer loop 
      vertex 4.922571e-001 5.075794e-001 3.200431e-001
      vertex 3.646037e-001 5.072454e-001 3.983215e-001
      vertex 4.877829e-001 5.118603e-001 4.800415e-001
    endloop 
  endfacet
  facet normal -1.457008E-002 9.998843E-001 -4.366880E-003
    outer loop 
      vertex 7.236318e-002 5.015700e-001 4.114159e-001
      vertex 1.398836e-001 5.019839e-001 2.809036e-001
      vertex -2.771494e-002 4.996219e-001 2.992657e-001
    endloop 
  endfacet
  facet normal -1.300313E-001 9.914387E-001 1.187357E-002
    outer loop 
      vertex -4.150899e-001 4.496005e-001 2.495240e+000
      vertex -3.039789e-001 4.630609e-001 2.588109e+000
      vertex -2.540860e-001 4.712985e-001 2.446670e+000
    endloop 
  endfacet
  facet normal -1.283204E-001 9.915765E-001 1.760663E-002
    outer loop 
      vertex -2.540860e-001 4.712985e-001 2.446670e+000
      vertex -3.816468e-001 4.565057e-001 2.350088e+000
      vertex -4.150899e-001 4.496005e-001 2.495240e+000
    endloop 
  endfacet
  facet normal -1.220592E-001 9.924802E-001 9.198827E-003
    outer loop 
      vertex -1.695644e-001 4.830820e-001 2.296841e+000
      vertex -3.816468e-001 4.565057e-001 2.350088e+000
      vertex -2.540860e-001 4.712985e-001 2.446670e+000
    endloop 
  endfacet
  facet normal -1.281917E-001 9.917331E-001 5.680630E-003
    outer loop 
      vertex -1.695644e-001 4.830820e-001 2.296841e+000
      vertex -2.540860e-001 4.712985e-001 2.446670e+000
      vertex -8.929763e-002 4.925496e-001 2.455309e+000
    endloop 
  endfacet
  facet normal 3.021111E-002 -9.995146E-001 -7.603247E-003
    outer loop 
      vertex -1.710795e-001 -5.052939e-001 5.859500e-001
      vertex -1.335822e-001 -5.028026e-001 4.074409e-001
      vertex 1.205165e-002 -4.998590e-001 5.991499e-001
    endloop 
  endfacet
  facet normal 1.942829E-001 -9.809413E-001 -2.890694E-003
    outer loop 
      vertex 1.089574e-001 -4.881679e-001 3.711014e+000
      vertex -4.386516e-002 -5.184444e-001 3.714008e+000
      vertex 4.584109e-002 -5.002792e-001 3.578914e+000
    endloop 
  endfacet
  facet normal -9.809459E-001 -1.941781E-001 -6.327775E-003
    outer loop 
      vertex -5.254348e-001 7.901845e-002 3.705542e+000
      vertex -5.135766e-001 2.336328e-002 3.575132e+000
      vertex -4.960810e-001 -6.956290e-002 3.714508e+000
    endloop 
  endfacet
  facet normal -9.901035E-001 -1.403385E-001 -1.687542E-004
    outer loop 
      vertex -4.943649e-001 -7.553597e-002 2.812599e+000
      vertex -5.032504e-001 -1.267666e-002 2.670115e+000
      vertex -4.771440e-001 -1.968843e-001 2.690305e+000
    endloop 
  endfacet
  facet normal -9.976704E-001 -6.821105E-002 -1.065548E-003
    outer loop 
      vertex -5.038113e-001 3.613222e-002 1.345664e+000
      vertex -4.991237e-001 -2.981928e-002 1.178552e+000
      vertex -4.914584e-001 -1.437679e-001 1.295932e+000
    endloop 
  endfacet
  facet normal -7.149472E-002 9.974391E-001 -1.897800E-003
    outer loop 
      vertex -1.902393e-002 4.997655e-001 1.237028e+000
      vertex -1.571724e-001 4.900898e-001 1.356137e+000
      vertex 7.116090e-002 5.065656e-001 1.413528e+000
    endloop 
  endfacet
  facet normal -6.537426E-002 9.978481E-001 -5.040885E-003
    outer loop 
      vertex 1.629035e-001 5.118674e-001 1.273239e+000
      vertex -1.902393e-002 4.997655e-001 1.237028e+000
      vertex 7.116090e-002 5.065656e-001 1.413528e+000
    endloop 
  endfacet
  facet normal -1.928631E-001 9.811935E-001 7.941592E-003
    outer loop 
      vertex -7.766663e-002 4.942406e-001 3.681107e+000
      vertex -2.311654e-001 4.650059e-001 3.565343e+000
      vertex -2.689790e-001 4.563263e-001 3.719409e+000
    endloop 
  endfacet
  facet normal 9.810992E-001 1.934292E-001 5.418967E-003
    outer loop 
      vertex 4.729165e-001 1.891269e-001 3.552319e+000
      vertex 4.577372e-001 2.615421e-001 3.715670e+000
      vertex 4.987800e-001 5.409877e-002 3.689564e+000
    endloop 
  endfacet
  facet normal 9.840719E-001 1.776877E-001 5.435721E-003
    outer loop 
      vertex 4.865219e-001 1.186631e-001 3.392617e+000
      vertex 4.589592e-001 2.711090e-001 3.399227e+000
      vertex 4.729165e-001 1.891269e-001 3.552319e+000
    endloop 
  endfacet
  facet normal -9.835789E-001 -1.802815E-001 -8.435427E-003
    outer loop 
      vertex -5.194770e-001 6.635205e-002 3.312287e+000
      vertex -5.028206e-001 -3.101552e-002 3.451077e+000
      vertex -5.323967e-001 1.308436e-001 3.440430e+000
    endloop 
  endfacet
  facet normal -9.847682E-001 -1.738320E-001 -3.768043E-003
    outer loop 
      vertex -5.028206e-001 -3.101552e-002 3.451077e+000
      vertex -5.194770e-001 6.635205e-002 3.312287e+000
      vertex -4.951467e-001 -7.204518e-002 3.338348e+000
    endloop 
  endfacet
  facet normal -9.836190E-001 -1.801494E-001 -6.315824E-003
    outer loop 
      vertex -5.028206e-001 -3.101552e-002 3.451077e+000
      vertex -5.135766e-001 2.336328e-002 3.575132e+000
      vertex -5.323967e-001 1.308436e-001 3.440430e+000
    endloop 
  endfacet
  facet normal -9.836037E-001 -1.803386E-001 -1.320549E-003
    outer loop 
      vertex -4.755893e-001 -1.794555e-001 3.439449e+000
      vertex -5.028206e-001 -3.101552e-002 3.451077e+000
      vertex -4.951467e-001 -7.204518e-002 3.338348e+000
    endloop 
  endfacet
  facet normal -9.936894E-001 -1.120838E-001 4.310904E-003
    outer loop 
      vertex -4.888206e-001 -1.334843e-001 1.995568e+000
      vertex -4.728628e-001 -2.691279e-001 2.147194e+000
      vertex -4.913340e-001 -1.058647e-001 2.134343e+000
    endloop 
  endfacet
  facet normal 9.926894E-001 1.206954E-001 -5.083759E-004
    outer loop 
      vertex 5.044082e-001 -7.859506e-003 2.274851e+000
      vertex 4.816328e-001 1.796609e-001 2.322058e+000
      vertex 4.958249e-001 6.352603e-002 2.462456e+000
    endloop 
  endfacet
  facet normal -9.902385E-001 -1.392758E-001 -5.469559E-003
    outer loop 
      vertex -5.259959e-001 1.496444e-001 2.654767e+000
      vertex -5.099211e-001 4.037116e-002 2.527028e+000
      vertex -5.032504e-001 -1.267666e-002 2.670115e+000
    endloop 
  endfacet
  facet normal 1.873035E-001 -9.822844E-001 -5.906348E-003
    outer loop 
      vertex -1.702388e-002 -5.115221e-001 3.455116e+000
      vertex 4.584109e-002 -5.002792e-001 3.578914e+000
      vertex -1.112845e-001 -5.302246e-001 3.576324e+000
    endloop 
  endfacet
  facet normal 1.804825E-001 -9.835121E-001 -1.140039E-002
    outer loop 
      vertex -1.702388e-002 -5.115221e-001 3.455116e+000
      vertex -1.112845e-001 -5.302246e-001 3.576324e+000
      vertex -1.640223e-001 -5.382544e-001 3.434145e+000
    endloop 
  endfacet
  facet normal 1.800716E-001 -9.836178E-001 -8.385431E-003
    outer loop 
      vertex -1.702388e-002 -5.115221e-001 3.455116e+000
      vertex -1.640223e-001 -5.382544e-001 3.434145e+000
      vertex -7.377038e-002 -5.207183e-001 3.315253e+000
    endloop 
  endfacet
  facet normal 1.743331E-001 -9.846686E-001 -5.988047E-003
    outer loop 
      vertex -1.702388e-002 -5.115221e-001 3.455116e+000
      vertex -7.377038e-002 -5.207183e-001 3.315253e+000
      vertex 5.201110e-002 -4.986140e-001 3.342371e+000
    endloop 
  endfacet
  facet normal 1.804314E-001 -9.835849E-001 -2.298574E-003
    outer loop 
      vertex -1.702388e-002 -5.115221e-001 3.455116e+000
      vertex 1.327436e-001 -4.840220e-001 3.443851e+000
      vertex 4.584109e-002 -5.002792e-001 3.578914e+000
    endloop 
  endfacet
  facet normal 1.804444E-001 -9.835829E-001 -2.121736E-003
    outer loop 
      vertex 1.327436e-001 -4.840220e-001 3.443851e+000
      vertex -1.702388e-002 -5.115221e-001 3.455116e+000
      vertex 5.201110e-002 -4.986140e-001 3.342371e+000
    endloop 
  endfacet
  facet normal 9.977677E-001 6.667364E-002 3.788011E-003
    outer loop 
      vertex 4.928326e-001 1.137551e-001 1.429235e+000
      vertex 4.969731e-001 6.207756e-002 1.248194e+000
      vertex 4.852325e-001 2.352285e-001 1.293015e+000
    endloop 
  endfacet
  facet normal -9.591305E-002 9.953339E-001 1.054363E-002
    outer loop 
      vertex -2.807705e-001 4.758514e-001 1.787037e+000
      vertex -2.329357e-001 4.787367e-001 1.949805e+000
      vertex -1.039145e-001 4.922245e-001 1.850212e+000
    endloop 
  endfacet
  facet normal 9.998149E-001 5.205048E-003 1.852257E-002
    outer loop 
      vertex 4.972565e-001 4.047049e-001 1.560059e-001
      vertex 4.946087e-001 3.666308e-001 3.096263e-001
      vertex 4.980843e-001 2.648860e-001 1.506124e-001
    endloop 
  endfacet
  facet normal 9.998711E-001 5.335762E-003 1.514262E-002
    outer loop 
      vertex 5.000000e-001 3.333333e-001 0.000000e+000
      vertex 4.972565e-001 4.047049e-001 1.560059e-001
      vertex 4.980843e-001 2.648860e-001 1.506124e-001
    endloop 
  endfacet
  facet normal 9.996654E-001 1.512854E-002 2.097948E-002
    outer loop 
      vertex 4.972565e-001 4.047049e-001 1.560059e-001
      vertex 4.922571e-001 5.075794e-001 3.200431e-001
      vertex 4.946087e-001 3.666308e-001 3.096263e-001
    endloop 
  endfacet
  facet normal 9.995735E-001 2.133258E-003 2.912656E-002
    outer loop 
      vertex 4.969316e-001 5.030266e-001 1.599539e-001
      vertex 4.922571e-001 5.075794e-001 3.200431e-001
      vertex 4.972565e-001 4.047049e-001 1.560059e-001
    endloop 
  endfacet
  facet normal 9.998137E-001 2.535394E-003 1.913141E-002
    outer loop 
      vertex 4.969316e-001 5.030266e-001 1.599539e-001
      vertex 4.972565e-001 4.047049e-001 1.560059e-001
      vertex 5.000000e-001 5.000000e-001 0.000000e+000
    endloop 
  endfacet
  facet normal 9.998454E-001 0.000000E+000 1.758323E-002
    outer loop 
      vertex 5.000000e-001 3.333333e-001 0.000000e+000
      vertex 5.000000e-001 5.000000e-001 0.000000e+000
      vertex 4.972565e-001 4.047049e-001 1.560059e-001
    endloop 
  endfacet
  facet normal 9.924423E-001 1.221333E-001 1.190151E-002
    outer loop 
      vertex 4.816328e-001 1.796609e-001 2.322058e+000
      vertex 4.719934e-001 2.727323e-001 2.170773e+000
      vertex 4.592614e-001 3.580060e-001 2.357390e+000
    endloop 
  endfacet
  facet normal 4.633104E-002 -9.988846E-001 -9.111775E-003
    outer loop 
      vertex -1.789427e-001 -5.084029e-001 8.597879e-001
      vertex -5.994545e-003 -5.008153e-001 9.073880e-001
      vertex -1.329325e-001 -5.076942e-001 1.016040e+000
    endloop 
  endfacet
  facet normal 2.036117E-001 -9.788997E-001 -1.725127E-002
    outer loop 
      vertex -2.744132e-001 -5.671794e-001 3.846041e+000
      vertex -2.054114e-001 -5.503707e-001 3.706663e+000
      vertex -1.273063e-001 -5.367287e-001 3.854421e+000
    endloop 
  endfacet
  facet normal 2.035180E-001 -9.789497E-001 -1.542387E-002
    outer loop 
      vertex -2.744132e-001 -5.671794e-001 3.846041e+000
      vertex -1.273063e-001 -5.367287e-001 3.854421e+000
      vertex -2.214216e-001 -5.585884e-001 4.000000e+000
    endloop 
  endfacet
  facet normal 1.937340E-001 -9.807990E-001 -2.237044E-002
    outer loop 
      vertex -3.943481e-001 -5.870813e-001 3.679941e+000
      vertex -2.054114e-001 -5.503707e-001 3.706663e+000
      vertex -2.744132e-001 -5.671794e-001 3.846041e+000
    endloop 
  endfacet
  facet normal 2.172413E-001 -9.759064E-001 -2.031714E-002
    outer loop 
      vertex -2.744132e-001 -5.671794e-001 3.846041e+000
      vertex -2.214216e-001 -5.585884e-001 4.000000e+000
      vertex -3.832296e-001 -5.946077e-001 4.000000e+000
    endloop 
  endfacet
  facet normal 2.035032E-001 -9.786242E-001 -2.968495E-002
    outer loop 
      vertex -3.887641e-001 -5.907745e-001 3.839978e+000
      vertex -3.943481e-001 -5.870813e-001 3.679941e+000
      vertex -2.744132e-001 -5.671794e-001 3.846041e+000
    endloop 
  endfacet
  facet normal 2.035388E-001 -9.785923E-001 -3.048040E-002
    outer loop 
      vertex -3.887641e-001 -5.907745e-001 3.839978e+000
      vertex -2.744132e-001 -5.671794e-001 3.846041e+000
      vertex -3.832296e-001 -5.946077e-001 4.000000e+000
    endloop 
  endfacet
  facet normal 0.000000E+000 0.000000E+000 1.000000E+000
    outer loop 
      vertex -4.546112e-001 -2.668735e-001 4.000000e+000
      vertex -4.194401e-001 -4.307096e-001 4.000000e+000
      vertex -2.595823e-001 -3.181396e-001 4.000000e+000
    endloop 
  endfacet
  facet normal 0.000000E+000 0.000000E+000 1.000000E+000
    outer loop 
      vertex -4.194401e-001 -4.307096e-001 4.000000e+000
      vertex -3.832296e-001 -5.946077e-001 4.000000e+000
      vertex -2.214216e-001 -5.585884e-001 4.000000e+000
    endloop 
  endfacet
  facet normal -1.183362E-002 9.997215E-001 -2.041970E-002
    outer loop 
      vertex 2.832991e-001 5.037476e-001 2.741924e-001
      vertex 3.646037e-001 5.072454e-001 3.983215e-001
      vertex 4.014057e-001 5.048863e-001 2.614959e-001
    endloop 
  endfacet
  facet normal -1.578828E-002 9.996446E-001 -2.148206E-002
    outer loop 
      vertex 4.922571e-001 5.075794e-001 3.200431e-001
      vertex 4.014057e-001 5.048863e-001 2.614959e-001
      vertex 3.646037e-001 5.072454e-001 3.983215e-001
    endloop 
  endfacet
  facet normal -1.110128E-002 9.995250E-001 -2.874968E-002
    outer loop 
      vertex 4.014057e-001 5.048863e-001 2.614959e-001
      vertex 4.922571e-001 5.075794e-001 3.200431e-001
      vertex 4.969316e-001 5.030266e-001 1.599539e-001
    endloop 
  endfacet
  facet normal -9.759275E-001 -2.159395E-001 -3.058673E-002
    outer loop 
      vertex -5.909021e-001 3.886192e-001 3.839857e+000
      vertex -5.588940e-001 2.212767e-001 4.000000e+000
      vertex -5.946875e-001 3.830438e-001 4.000000e+000
    endloop 
  endfacet
  facet normal -5.532724E-002 9.981248E-001 2.619021E-002
    outer loop 
      vertex -3.632903e-001 4.806553e-001 1.067018e+000
      vertex -5.241792e-001 4.745449e-001 9.600084e-001
      vertex -5.281560e-001 4.701260e-001 1.120012e+000
    endloop 
  endfacet
  facet normal -9.981517E-001 -5.477641E-002 -2.632135E-002
    outer loop 
      vertex -5.241792e-001 4.745449e-001 9.600084e-001
      vertex -5.185776e-001 3.230068e-001 1.062945e+000
      vertex -5.281560e-001 4.701260e-001 1.120012e+000
    endloop 
  endfacet
  facet normal 7.019208E-003 -9.998052E-001 -1.844800E-002
    outer loop 
      vertex -2.187827e-001 -5.019851e-001 1.917135e-001
      vertex -3.289656e-001 -5.054886e-001 3.396690e-001
      vertex -3.840032e-001 -5.026208e-001 1.633040e-001
    endloop 
  endfacet
  facet normal 1.447907E-002 -9.996793E-001 -2.077393E-002
    outer loop 
      vertex -3.840032e-001 -5.026208e-001 1.633040e-001
      vertex -3.289656e-001 -5.054886e-001 3.396690e-001
      vertex -4.923732e-001 -5.074478e-001 3.200543e-001
    endloop 
  endfacet
  facet normal 6.271989E-003 -9.998809E-001 -1.410071E-002
    outer loop 
      vertex -3.333333e-001 -5.000000e-001 0.000000e+000
      vertex -2.187827e-001 -5.019851e-001 1.917135e-001
      vertex -3.840032e-001 -5.026208e-001 1.633040e-001
    endloop 
  endfacet
  facet normal 3.163034E-003 -9.995861E-001 -2.859445E-002
    outer loop 
      vertex -4.969492e-001 -5.028875e-001 1.601345e-001
      vertex -3.840032e-001 -5.026208e-001 1.633040e-001
      vertex -4.923732e-001 -5.074478e-001 3.200543e-001
    endloop 
  endfacet
  facet normal 2.868656E-003 -9.998324E-001 -1.808364E-002
    outer loop 
      vertex -4.969492e-001 -5.028875e-001 1.601345e-001
      vertex -5.000000e-001 -5.000000e-001 0.000000e+000
      vertex -3.840032e-001 -5.026208e-001 1.633040e-001
    endloop 
  endfacet
  facet normal 0.000000E+000 -9.998712E-001 -1.604663E-002
    outer loop 
      vertex -5.000000e-001 -5.000000e-001 0.000000e+000
      vertex -3.333333e-001 -5.000000e-001 0.000000e+000
      vertex -3.840032e-001 -5.026208e-001 1.633040e-001
    endloop 
  endfacet
  facet normal -9.941521E-001 -1.046940E-001 -2.647314E-002
    outer loop 
      vertex -5.514480e-001 4.426406e-001 2.079976e+000
      vertex -5.476748e-001 4.472786e-001 1.919940e+000
      vertex -5.267509e-001 2.267716e-001 2.006222e+000
    endloop 
  endfacet
  facet normal -1.231301E-001 9.920401E-001 2.636992E-002
    outer loop 
      vertex -5.551838e-001 4.378933e-001 2.239987e+000
      vertex -5.588815e-001 4.331806e-001 2.400012e+000
      vertex -3.816468e-001 4.565057e-001 2.350088e+000
    endloop 
  endfacet
  facet normal -9.879025E-001 -1.528129E-001 -2.639751E-002
    outer loop 
      vertex -5.452716e-001 2.532515e-001 2.922560e+000
      vertex -5.732733e-001 4.139926e-001 3.039983e+000
      vertex -5.697445e-001 4.188185e-001 2.879983e+000
    endloop 
  endfacet
  facet normal 9.936579E-001 1.121477E-001 8.184825E-003
    outer loop 
      vertex 4.914754e-001 1.029641e-001 2.131757e+000
      vertex 4.822392e-001 1.967012e-001 1.968679e+000
      vertex 4.719934e-001 2.727323e-001 2.170773e+000
    endloop 
  endfacet
  facet normal 9.947309E-001 1.024877E-001 2.571484E-003
    outer loop 
      vertex 5.000333e-001 2.437273e-002 1.953607e+000
      vertex 4.822392e-001 1.967012e-001 1.968679e+000
      vertex 4.914754e-001 1.029641e-001 2.131757e+000
    endloop 
  endfacet
  facet normal 9.956000E-001 9.337947E-002 7.812721E-003
    outer loop 
      vertex 4.822392e-001 1.967012e-001 1.968679e+000
      vertex 4.916230e-001 1.122025e-001 1.782820e+000
      vertex 4.750321e-001 2.880512e-001 1.795262e+000
    endloop 
  endfacet
  facet normal 9.947373E-001 1.023922E-001 3.671643E-003
    outer loop 
      vertex 5.000333e-001 2.437273e-002 1.953607e+000
      vertex 4.916230e-001 1.122025e-001 1.782820e+000
      vertex 4.822392e-001 1.967012e-001 1.968679e+000
    endloop 
  endfacet
  facet normal 9.944888E-001 1.042430E-001 1.120084E-002
    outer loop 
      vertex 4.822392e-001 1.967012e-001 1.968679e+000
      vertex 4.636503e-001 3.692947e-001 2.012851e+000
      vertex 4.719934e-001 2.727323e-001 2.170773e+000
    endloop 
  endfacet
  facet normal 9.945188E-001 1.037092E-001 1.329901E-002
    outer loop 
      vertex 4.636503e-001 3.692947e-001 2.012851e+000
      vertex 4.822392e-001 1.967012e-001 1.968679e+000
      vertex 4.750321e-001 2.880512e-001 1.795262e+000
    endloop 
  endfacet
  facet normal 1.044709E-001 -9.944938E-001 -8.244656E-003
    outer loop 
      vertex -1.994806e-001 -5.236776e-001 1.995639e+000
      vertex -1.094031e-001 -5.132546e-001 1.879797e+000
      vertex -6.222870e-002 -5.093901e-001 2.011410e+000
    endloop 
  endfacet
  facet normal 9.570933E-002 -9.953758E-001 -8.163914E-003
    outer loop 
      vertex -1.094031e-001 -5.132546e-001 1.879797e+000
      vertex -2.194921e-001 -5.234644e-001 1.833983e+000
      vertex -9.816800e-002 -5.110740e-001 1.745639e+000
    endloop 
  endfacet
  facet normal 9.787538E-002 -9.951081E-001 -1.342852E-002
    outer loop 
      vertex -1.094031e-001 -5.132546e-001 1.879797e+000
      vertex -1.994806e-001 -5.236776e-001 1.995639e+000
      vertex -2.194921e-001 -5.234644e-001 1.833983e+000
    endloop 
  endfacet
  facet normal 9.750640E-002 -9.952184E-001 -5.727082E-003
    outer loop 
      vertex 7.792581e-003 -5.016130e-001 1.852099e+000
      vertex -6.222870e-002 -5.093901e-001 2.011410e+000
      vertex -1.094031e-001 -5.132546e-001 1.879797e+000
    endloop 
  endfacet
  facet normal 9.695942E-002 -9.952558E-001 -8.057273E-003
    outer loop 
      vertex 7.792581e-003 -5.016130e-001 1.852099e+000
      vertex -1.094031e-001 -5.132546e-001 1.879797e+000
      vertex -9.816800e-002 -5.110740e-001 1.745639e+000
    endloop 
  endfacet
  facet normal -9.998186E-001 0.000000E+000 1.904806E-002
    outer loop 
      vertex -4.969492e-001 -5.028875e-001 1.601345e-001
      vertex -5.000000e-001 -3.333333e-001 0.000000e+000
      vertex -5.000000e-001 -5.000000e-001 0.000000e+000
    endloop 
  endfacet
  facet normal 9.947342E-001 1.009827E-001 -1.749955E-002
    outer loop 
      vertex 5.338017e-001 -3.088924e-001 1.932085e+000
      vertex 5.175280e-001 -1.476739e-001 1.937356e+000
      vertex 5.327395e-001 -2.712128e-001 2.089135e+000
    endloop 
  endfacet
  facet normal 9.948131E-001 1.008520E-001 -1.325886E-002
    outer loop 
      vertex 5.338017e-001 -3.088924e-001 1.932085e+000
      vertex 5.215834e-001 -2.058467e-001 1.799151e+000
      vertex 5.175280e-001 -1.476739e-001 1.937356e+000
    endloop 
  endfacet
  facet normal 9.939193E-001 1.096202E-001 -1.038743E-002
    outer loop 
      vertex 5.175280e-001 -1.476739e-001 1.937356e+000
      vertex 5.121269e-001 -8.293693e-002 2.103729e+000
      vertex 5.327395e-001 -2.712128e-001 2.089135e+000
    endloop 
  endfacet
  facet normal 9.947730E-001 1.018474E-001 -7.335245E-003
    outer loop 
      vertex 5.000333e-001 2.437273e-002 1.953607e+000
      vertex 5.121269e-001 -8.293693e-002 2.103729e+000
      vertex 5.175280e-001 -1.476739e-001 1.937356e+000
    endloop 
  endfacet
  facet normal -9.894807E-001 -1.422970E-001 2.606706E-002
    outer loop 
      vertex -4.492258e-001 -3.902250e-001 2.714236e+000
      vertex -4.237717e-001 -5.661662e-001 2.720005e+000
      vertex -4.190534e-001 -5.696551e-001 2.880062e+000
    endloop 
  endfacet
  facet normal 0.000000E+000 0.000000E+000 -1.000000E+000
    outer loop 
      vertex 5.137601e-003 2.877174e-001 0.000000e+000
      vertex 2.232202e-002 1.391538e-001 0.000000e+000
      vertex -1.085704e-001 1.559337e-001 0.000000e+000
    endloop 
  endfacet
  facet normal 0.000000E+000 0.000000E+000 -1.000000E+000
    outer loop 
      vertex 2.232202e-002 1.391538e-001 0.000000e+000
      vertex 1.016581e-003 2.434756e-002 0.000000e+000
      vertex -1.085704e-001 1.559337e-001 0.000000e+000
    endloop 
  endfacet
  facet normal 0.000000E+000 0.000000E+000 -1.000000E+000
    outer loop 
      vertex 1.266406e-001 8.004968e-002 0.000000e+000
      vertex 1.016581e-003 2.434756e-002 0.000000e+000
      vertex 2.232202e-002 1.391538e-001 0.000000e+000
    endloop 
  endfacet
  facet normal 0.000000E+000 0.000000E+000 -1.000000E+000
    outer loop 
      vertex 2.232202e-002 1.391538e-001 0.000000e+000
      vertex 1.315549e-001 2.099927e-001 0.000000e+000
      vertex 1.266406e-001 8.004968e-002 0.000000e+000
    endloop 
  endfacet
  facet normal 0.000000E+000 0.000000E+000 -1.000000E+000
    outer loop 
      vertex 5.137601e-003 2.877174e-001 0.000000e+000
      vertex 1.315549e-001 2.099927e-001 0.000000e+000
      vertex 2.232202e-002 1.391538e-001 0.000000e+000
    endloop 
  endfacet
  facet normal 1.289654E-001 -9.913080E-001 -2.600936E-002
    outer loop 
      vertex -4.286249e-001 -5.624691e-001 2.559933e+000
      vertex -4.332842e-001 -5.588797e-001 2.400025e+000
      vertex -2.435639e-001 -5.359445e-001 2.466595e+000
    endloop 
  endfacet
  facet normal 0.000000E+000 0.000000E+000 -1.000000E+000
    outer loop 
      vertex 1.263364e-001 -4.950204e-002 0.000000e+000
      vertex 2.463146e-001 -1.167427e-001 0.000000e+000
      vertex 1.197696e-001 -1.840909e-001 0.000000e+000
    endloop 
  endfacet
  facet normal 0.000000E+000 0.000000E+000 -1.000000E+000
    outer loop 
      vertex 2.514290e-001 2.113478e-002 0.000000e+000
      vertex 2.463146e-001 -1.167427e-001 0.000000e+000
      vertex 1.263364e-001 -4.950204e-002 0.000000e+000
    endloop 
  endfacet
  facet normal 0.000000E+000 0.000000E+000 -1.000000E+000
    outer loop 
      vertex 2.514290e-001 2.113478e-002 0.000000e+000
      vertex 1.263364e-001 -4.950204e-002 0.000000e+000
      vertex 1.266406e-001 8.004968e-002 0.000000e+000
    endloop 
  endfacet
  facet normal 0.000000E+000 0.000000E+000 -1.000000E+000
    outer loop 
      vertex 1.266406e-001 8.004968e-002 0.000000e+000
      vertex 1.263364e-001 -4.950204e-002 0.000000e+000
      vertex 1.016581e-003 2.434756e-002 0.000000e+000
    endloop 
  endfacet
  facet normal 0.000000E+000 0.000000E+000 -1.000000E+000
    outer loop 
      vertex -1.117158e-003 -1.113729e-001 0.000000e+000
      vertex 1.263364e-001 -4.950204e-002 0.000000e+000
      vertex 1.197696e-001 -1.840909e-001 0.000000e+000
    endloop 
  endfacet
  facet normal 0.000000E+000 0.000000E+000 -1.000000E+000
    outer loop 
      vertex 1.016581e-003 2.434756e-002 0.000000e+000
      vertex 1.263364e-001 -4.950204e-002 0.000000e+000
      vertex -1.117158e-003 -1.113729e-001 0.000000e+000
    endloop 
  endfacet
  facet normal -9.980436E-001 -5.682624E-002 2.607384E-002
    outer loop 
      vertex -4.701690e-001 -5.281213e-001 1.119949e+000
      vertex -4.801363e-001 -3.654772e-001 1.092897e+000
      vertex -4.745728e-001 -5.241665e-001 9.600024e-001
    endloop 
  endfacet
  facet normal 0.000000E+000 0.000000E+000 -1.000000E+000
    outer loop 
      vertex 1.274870e-001 3.588903e-001 0.000000e+000
      vertex 1.315549e-001 2.099927e-001 0.000000e+000
      vertex 5.137601e-003 2.877174e-001 0.000000e+000
    endloop 
  endfacet
  facet normal 0.000000E+000 0.000000E+000 -1.000000E+000
    outer loop 
      vertex 2.514211e-001 2.763562e-001 0.000000e+000
      vertex 1.315549e-001 2.099927e-001 0.000000e+000
      vertex 1.274870e-001 3.588903e-001 0.000000e+000
    endloop 
  endfacet
  facet normal 0.000000E+000 0.000000E+000 -1.000000E+000
    outer loop 
      vertex 1.315549e-001 2.099927e-001 0.000000e+000
      vertex 2.504312e-001 1.480949e-001 0.000000e+000
      vertex 1.266406e-001 8.004968e-002 0.000000e+000
    endloop 
  endfacet
  facet normal 0.000000E+000 0.000000E+000 -1.000000E+000
    outer loop 
      vertex 2.514211e-001 2.763562e-001 0.000000e+000
      vertex 2.504312e-001 1.480949e-001 0.000000e+000
      vertex 1.315549e-001 2.099927e-001 0.000000e+000
    endloop 
  endfacet
  facet normal 0.000000E+000 0.000000E+000 1.000000E+000
    outer loop 
      vertex 5.585691e-001 -2.214431e-001 4.000000e+000
      vertex 5.237809e-001 -5.937060e-002 4.000000e+000
      vertex 3.724706e-001 -1.682360e-001 4.000000e+000
    endloop 
  endfacet
  facet normal 0.000000E+000 0.000000E+000 1.000000E+000
    outer loop 
      vertex -1.239437e-001 -8.801395e-002 4.000000e+000
      vertex 1.742070e-002 -1.256449e-001 4.000000e+000
      vertex -2.816737e-003 -2.162335e-004 4.000000e+000
    endloop 
  endfacet
  facet normal 0.000000E+000 0.000000E+000 1.000000E+000
    outer loop 
      vertex 1.308172e-001 -1.461488e-001 4.000000e+000
      vertex 1.742070e-002 -1.256449e-001 4.000000e+000
      vertex 5.201131e-002 -2.817054e-001 4.000000e+000
    endloop 
  endfacet
  facet normal 0.000000E+000 0.000000E+000 1.000000E+000
    outer loop 
      vertex -1.239437e-001 -8.801395e-002 4.000000e+000
      vertex -1.014113e-001 -2.290357e-001 4.000000e+000
      vertex 1.742070e-002 -1.256449e-001 4.000000e+000
    endloop 
  endfacet
  facet normal 0.000000E+000 0.000000E+000 1.000000E+000
    outer loop 
      vertex -1.014113e-001 -2.290357e-001 4.000000e+000
      vertex 5.201131e-002 -2.817054e-001 4.000000e+000
      vertex 1.742070e-002 -1.256449e-001 4.000000e+000
    endloop 
  endfacet
  facet normal 0.000000E+000 0.000000E+000 1.000000E+000
    outer loop 
      vertex 1.308172e-001 -1.461488e-001 4.000000e+000
      vertex 1.180020e-001 -8.574655e-003 4.000000e+000
      vertex 1.742070e-002 -1.256449e-001 4.000000e+000
    endloop 
  endfacet
  facet normal 0.000000E+000 0.000000E+000 1.000000E+000
    outer loop 
      vertex 1.180020e-001 -8.574655e-003 4.000000e+000
      vertex -2.816737e-003 -2.162335e-004 4.000000e+000
      vertex 1.742070e-002 -1.256449e-001 4.000000e+000
    endloop 
  endfacet
  facet normal 9.977961E-001 6.086781E-002 2.642011E-002
    outer loop 
      vertex 4.655957e-001 5.320696e-001 1.280093e+000
      vertex 4.785343e-001 3.673492e-001 1.170938e+000
      vertex 4.700741e-001 5.281418e-001 1.120008e+000
    endloop 
  endfacet
  facet normal 9.940719E-001 1.053839E-001 2.674579E-002
    outer loop 
      vertex 4.472513e-001 5.475428e-001 1.920024e+000
      vertex 4.425417e-001 5.513523e-001 2.080061e+000
      vertex 4.636503e-001 3.692947e-001 2.012851e+000
    endloop 
  endfacet
  facet normal 0.000000E+000 0.000000E+000 1.000000E+000
    outer loop 
      vertex 2.125349e-001 -2.841353e-001 4.000000e+000
      vertex 2.443554e-001 -7.463016e-002 4.000000e+000
      vertex 1.308172e-001 -1.461488e-001 4.000000e+000
    endloop 
  endfacet
  facet normal 0.000000E+000 0.000000E+000 1.000000E+000
    outer loop 
      vertex 2.443554e-001 -7.463016e-002 4.000000e+000
      vertex 2.125349e-001 -2.841353e-001 4.000000e+000
      vertex 3.724706e-001 -1.682360e-001 4.000000e+000
    endloop 
  endfacet
  facet normal 0.000000E+000 0.000000E+000 1.000000E+000
    outer loop 
      vertex 3.738227e-001 2.408326e-004 4.000000e+000
      vertex 2.226899e-001 9.359199e-002 4.000000e+000
      vertex 2.443554e-001 -7.463016e-002 4.000000e+000
    endloop 
  endfacet
  facet normal 0.000000E+000 0.000000E+000 1.000000E+000
    outer loop 
      vertex 3.738227e-001 2.408326e-004 4.000000e+000
      vertex 2.443554e-001 -7.463016e-002 4.000000e+000
      vertex 3.724706e-001 -1.682360e-001 4.000000e+000
    endloop 
  endfacet
  facet normal 0.000000E+000 0.000000E+000 1.000000E+000
    outer loop 
      vertex 1.180020e-001 -8.574655e-003 4.000000e+000
      vertex 1.308172e-001 -1.461488e-001 4.000000e+000
      vertex 2.443554e-001 -7.463016e-002 4.000000e+000
    endloop 
  endfacet
  facet normal 0.000000E+000 0.000000E+000 1.000000E+000
    outer loop 
      vertex 1.180020e-001 -8.574655e-003 4.000000e+000
      vertex 2.443554e-001 -7.463016e-002 4.000000e+000
      vertex 2.226899e-001 9.359199e-002 4.000000e+000
    endloop 
  endfacet
  facet normal 0.000000E+000 0.000000E+000 1.000000E+000
    outer loop 
      vertex -1.014113e-001 -2.290357e-001 4.000000e+000
      vertex -1.239437e-001 -8.801395e-002 4.000000e+000
      vertex -2.844383e-001 -1.731388e-001 4.000000e+000
    endloop 
  endfacet
  facet normal 0.000000E+000 0.000000E+000 1.000000E+000
    outer loop 
      vertex -2.595823e-001 -3.181396e-001 4.000000e+000
      vertex -1.014113e-001 -2.290357e-001 4.000000e+000
      vertex -2.844383e-001 -1.731388e-001 4.000000e+000
    endloop 
  endfacet
  facet normal 0.000000E+000 0.000000E+000 1.000000E+000
    outer loop 
      vertex -1.014113e-001 -2.290357e-001 4.000000e+000
      vertex -6.426155e-002 -3.751689e-001 4.000000e+000
      vertex 5.201131e-002 -2.817054e-001 4.000000e+000
    endloop 
  endfacet
  facet normal 0.000000E+000 0.000000E+000 1.000000E+000
    outer loop 
      vertex -6.426155e-002 -3.751689e-001 4.000000e+000
      vertex -1.014113e-001 -2.290357e-001 4.000000e+000
      vertex -2.595823e-001 -3.181396e-001 4.000000e+000
    endloop 
  endfacet
  facet normal 9.980720E-001 5.613087E-002 -2.648746E-002
    outer loop 
      vertex 5.172050e-001 -2.903053e-001 1.090286e+000
      vertex 5.281070e-001 -4.701329e-001 1.120002e+000
      vertex 5.241112e-001 -4.745940e-001 9.599812e-001
    endloop 
  endfacet
  facet normal 0.000000E+000 0.000000E+000 1.000000E+000
    outer loop 
      vertex 2.226899e-001 9.359199e-002 4.000000e+000
      vertex 5.414885e-002 1.455029e-001 4.000000e+000
      vertex 1.180020e-001 -8.574655e-003 4.000000e+000
    endloop 
  endfacet
  facet normal 0.000000E+000 0.000000E+000 1.000000E+000
    outer loop 
      vertex 5.414885e-002 1.455029e-001 4.000000e+000
      vertex -2.816737e-003 -2.162335e-004 4.000000e+000
      vertex 1.180020e-001 -8.574655e-003 4.000000e+000
    endloop 
  endfacet
  facet normal 1.052556E-001 -9.940975E-001 2.629446E-002
    outer loop 
      vertex 5.475705e-001 -4.472961e-001 1.920083e+000
      vertex 5.512798e-001 -4.426722e-001 2.080049e+000
      vertex 3.719916e-001 -4.634822e-001 2.010982e+000
    endloop 
  endfacet
  facet normal 1.234934E-001 -9.920009E-001 2.614626E-002
    outer loop 
      vertex 3.790801e-001 -4.568042e-001 2.356745e+000
      vertex 5.550491e-001 -4.379760e-001 2.239962e+000
      vertex 5.586551e-001 -4.333068e-001 2.400080e+000
    endloop 
  endfacet
  facet normal 9.918222E-001 1.249547E-001 -2.598061E-002
    outer loop 
      vertex 5.408084e-001 -2.918230e-001 2.399247e+000
      vertex 5.586551e-001 -4.333068e-001 2.400080e+000
      vertex 5.550491e-001 -4.379760e-001 2.239962e+000
    endloop 
  endfacet
  facet normal 9.929139E-001 1.173261E-001 -1.888335E-002
    outer loop 
      vertex 5.408084e-001 -2.918230e-001 2.399247e+000
      vertex 5.550491e-001 -4.379760e-001 2.239962e+000
      vertex 5.276105e-001 -2.049694e-001 2.244919e+000
    endloop 
  endfacet
  facet normal 9.918087E-001 1.249498E-001 -2.651903E-002
    outer loop 
      vertex 5.586551e-001 -4.333068e-001 2.400080e+000
      vertex 5.408084e-001 -2.918230e-001 2.399247e+000
      vertex 5.623277e-001 -4.285127e-001 2.560023e+000
    endloop 
  endfacet
  facet normal 1.485270E-001 -9.885467E-001 2.674477E-002
    outer loop 
      vertex 5.695191e-001 -4.189295e-001 2.880050e+000
      vertex 4.078383e-001 -4.443923e-001 2.836781e+000
      vertex 5.659103e-001 -4.238003e-001 2.720058e+000
    endloop 
  endfacet
  facet normal 0.000000E+000 0.000000E+000 -1.000000E+000
    outer loop 
      vertex -2.533354e-001 -3.212956e-002 0.000000e+000
      vertex -1.252241e-001 8.427107e-004 0.000000e+000
      vertex -1.298412e-001 -1.264382e-001 0.000000e+000
    endloop 
  endfacet
  facet normal 0.000000E+000 0.000000E+000 -1.000000E+000
    outer loop 
      vertex -1.085704e-001 1.559337e-001 0.000000e+000
      vertex 1.016581e-003 2.434756e-002 0.000000e+000
      vertex -1.252241e-001 8.427107e-004 0.000000e+000
    endloop 
  endfacet
  facet normal 0.000000E+000 0.000000E+000 -1.000000E+000
    outer loop 
      vertex -1.298412e-001 -1.264382e-001 0.000000e+000
      vertex -1.252241e-001 8.427107e-004 0.000000e+000
      vertex -1.117158e-003 -1.113729e-001 0.000000e+000
    endloop 
  endfacet
  facet normal 0.000000E+000 0.000000E+000 -1.000000E+000
    outer loop 
      vertex -1.252241e-001 8.427107e-004 0.000000e+000
      vertex 1.016581e-003 2.434756e-002 0.000000e+000
      vertex -1.117158e-003 -1.113729e-001 0.000000e+000
    endloop 
  endfacet
  facet normal 0.000000E+000 0.000000E+000 -1.000000E+000
    outer loop 
      vertex -1.252241e-001 8.427107e-004 0.000000e+000
      vertex -2.481997e-001 1.045120e-001 0.000000e+000
      vertex -1.085704e-001 1.559337e-001 0.000000e+000
    endloop 
  endfacet
  facet normal 0.000000E+000 0.000000E+000 -1.000000E+000
    outer loop 
      vertex -2.481997e-001 1.045120e-001 0.000000e+000
      vertex -1.252241e-001 8.427107e-004 0.000000e+000
      vertex -2.533354e-001 -3.212956e-002 0.000000e+000
    endloop 
  endfacet
  facet normal -1.113654E-001 9.937777E-001 -1.919550E-003
    outer loop 
      vertex 7.093407e-003 5.040981e-001 2.193583e+000
      vertex -3.673558e-002 4.988615e-001 2.025326e+000
      vertex -1.905324e-001 4.818078e-001 2.119122e+000
    endloop 
  endfacet
  facet normal -1.094644E-001 9.939878E-001 -2.421299E-003
    outer loop 
      vertex -3.673558e-002 4.988615e-001 2.025326e+000
      vertex 7.093407e-003 5.040981e-001 2.193583e+000
      vertex 1.639557e-001 5.211474e-001 2.101064e+000
    endloop 
  endfacet
  facet normal -1.051985E-001 9.944165E-001 8.308553E-003
    outer loop 
      vertex -1.905324e-001 4.818078e-001 2.119122e+000
      vertex -3.673558e-002 4.988615e-001 2.025326e+000
      vertex -2.329357e-001 4.787367e-001 1.949805e+000
    endloop 
  endfacet
  facet normal -1.026816E-001 9.947128E-001 1.690904E-003
    outer loop 
      vertex -3.673558e-002 4.988615e-001 2.025326e+000
      vertex -1.039145e-001 4.922245e-001 1.850212e+000
      vertex -2.329357e-001 4.787367e-001 1.949805e+000
    endloop 
  endfacet
  facet normal -9.908570E-002 9.950788E-001 2.975194E-004
    outer loop 
      vertex -3.673558e-002 4.988615e-001 2.025326e+000
      vertex 7.702424e-002 5.102227e-001 1.913298e+000
      vertex -1.039145e-001 4.922245e-001 1.850212e+000
    endloop 
  endfacet
  facet normal -1.073225E-001 9.941908E-001 -8.156631E-003
    outer loop 
      vertex -3.673558e-002 4.988615e-001 2.025326e+000
      vertex 1.639557e-001 5.211474e-001 2.101064e+000
      vertex 7.702424e-002 5.102227e-001 1.913298e+000
    endloop 
  endfacet
  facet normal 0.000000E+000 0.000000E+000 -1.000000E+000
    outer loop 
      vertex -1.298412e-001 -1.264382e-001 0.000000e+000
      vertex -1.117158e-003 -1.113729e-001 0.000000e+000
      vertex -1.770479e-002 -2.319069e-001 0.000000e+000
    endloop 
  endfacet
  facet normal 0.000000E+000 0.000000E+000 -1.000000E+000
    outer loop 
      vertex -1.117158e-003 -1.113729e-001 0.000000e+000
      vertex 1.197696e-001 -1.840909e-001 0.000000e+000
      vertex -1.770479e-002 -2.319069e-001 0.000000e+000
    endloop 
  endfacet
  facet normal 0.000000E+000 0.000000E+000 1.000000E+000
    outer loop 
      vertex -1.239437e-001 -8.801395e-002 4.000000e+000
      vertex -9.940367e-002 5.866533e-002 4.000000e+000
      vertex -2.668164e-001 -2.897741e-002 4.000000e+000
    endloop 
  endfacet
  facet normal 0.000000E+000 0.000000E+000 1.000000E+000
    outer loop 
      vertex -1.239437e-001 -8.801395e-002 4.000000e+000
      vertex -2.816737e-003 -2.162335e-004 4.000000e+000
      vertex -9.940367e-002 5.866533e-002 4.000000e+000
    endloop 
  endfacet
  facet normal 0.000000E+000 0.000000E+000 1.000000E+000
    outer loop 
      vertex -2.668164e-001 -2.897741e-002 4.000000e+000
      vertex -9.940367e-002 5.866533e-002 4.000000e+000
      vertex -2.160949e-001 1.165226e-001 4.000000e+000
    endloop 
  endfacet
  facet normal 0.000000E+000 0.000000E+000 1.000000E+000
    outer loop 
      vertex -9.940367e-002 5.866533e-002 4.000000e+000
      vertex -8.844926e-002 2.100137e-001 4.000000e+000
      vertex -2.160949e-001 1.165226e-001 4.000000e+000
    endloop 
  endfacet
  facet normal 0.000000E+000 0.000000E+000 1.000000E+000
    outer loop 
      vertex 5.414885e-002 1.455029e-001 4.000000e+000
      vertex -8.844926e-002 2.100137e-001 4.000000e+000
      vertex -9.940367e-002 5.866533e-002 4.000000e+000
    endloop 
  endfacet
  facet normal 0.000000E+000 0.000000E+000 1.000000E+000
    outer loop 
      vertex 5.414885e-002 1.455029e-001 4.000000e+000
      vertex -9.940367e-002 5.866533e-002 4.000000e+000
      vertex -2.816737e-003 -2.162335e-004 4.000000e+000
    endloop 
  endfacet
  facet normal 0.000000E+000 0.000000E+000 1.000000E+000
    outer loop 
      vertex -2.940367e-001 3.285176e-001 4.000000e+000
      vertex -2.071974e-001 2.409688e-001 4.000000e+000
      vertex -1.434011e-001 3.519147e-001 4.000000e+000
    endloop 
  endfacet
  facet normal 0.000000E+000 0.000000E+000 1.000000E+000
    outer loop 
      vertex -3.246020e-001 2.000811e-001 4.000000e+000
      vertex -2.071974e-001 2.409688e-001 4.000000e+000
      vertex -2.940367e-001 3.285176e-001 4.000000e+000
    endloop 
  endfacet
  facet normal 0.000000E+000 0.000000E+000 1.000000E+000
    outer loop 
      vertex -2.071974e-001 2.409688e-001 4.000000e+000
      vertex -8.844926e-002 2.100137e-001 4.000000e+000
      vertex -1.434011e-001 3.519147e-001 4.000000e+000
    endloop 
  endfacet
  facet normal 0.000000E+000 0.000000E+000 1.000000E+000
    outer loop 
      vertex -8.844926e-002 2.100137e-001 4.000000e+000
      vertex -2.071974e-001 2.409688e-001 4.000000e+000
      vertex -2.160949e-001 1.165226e-001 4.000000e+000
    endloop 
  endfacet
  facet normal 0.000000E+000 0.000000E+000 1.000000E+000
    outer loop 
      vertex -2.071974e-001 2.409688e-001 4.000000e+000
      vertex -3.246020e-001 2.000811e-001 4.000000e+000
      vertex -2.160949e-001 1.165226e-001 4.000000e+000
    endloop 
  endfacet
  facet normal 0.000000E+000 0.000000E+000 -1.000000E+000
    outer loop 
      vertex -2.201840e-001 -3.768720e-001 0.000000e+000
      vertex -1.530924e-001 -2.499652e-001 0.000000e+000
      vertex -6.641074e-002 -3.674450e-001 0.000000e+000
    endloop 
  endfacet
  facet normal 0.000000E+000 0.000000E+000 -1.000000E+000
    outer loop 
      vertex -2.751296e-001 -2.709708e-001 0.000000e+000
      vertex -1.530924e-001 -2.499652e-001 0.000000e+000
      vertex -2.201840e-001 -3.768720e-001 0.000000e+000
    endloop 
  endfacet
  facet normal 0.000000E+000 0.000000E+000 -1.000000E+000
    outer loop 
      vertex -6.641074e-002 -3.674450e-001 0.000000e+000
      vertex -1.530924e-001 -2.499652e-001 0.000000e+000
      vertex -1.770479e-002 -2.319069e-001 0.000000e+000
    endloop 
  endfacet
  facet normal 0.000000E+000 0.000000E+000 -1.000000E+000
    outer loop 
      vertex -1.770479e-002 -2.319069e-001 0.000000e+000
      vertex -1.530924e-001 -2.499652e-001 0.000000e+000
      vertex -1.298412e-001 -1.264382e-001 0.000000e+000
    endloop 
  endfacet
  facet normal 0.000000E+000 0.000000E+000 -1.000000E+000
    outer loop 
      vertex -1.530924e-001 -2.499652e-001 0.000000e+000
      vertex -2.574150e-001 -1.560270e-001 0.000000e+000
      vertex -1.298412e-001 -1.264382e-001 0.000000e+000
    endloop 
  endfacet
  facet normal 0.000000E+000 0.000000E+000 -1.000000E+000
    outer loop 
      vertex -2.751296e-001 -2.709708e-001 0.000000e+000
      vertex -2.574150e-001 -1.560270e-001 0.000000e+000
      vertex -1.530924e-001 -2.499652e-001 0.000000e+000
    endloop 
  endfacet
  facet normal -9.945049E-001 -1.040469E-001 1.158652E-002
    outer loop 
      vertex -4.728628e-001 -2.691279e-001 2.147194e+000
      vertex -4.888206e-001 -1.334843e-001 1.995568e+000
      vertex -4.739063e-001 -2.801653e-001 1.958517e+000
    endloop 
  endfacet
  facet normal 0.000000E+000 0.000000E+000 -1.000000E+000
    outer loop 
      vertex -3.818465e-001 -2.199804e-001 0.000000e+000
      vertex -3.789835e-001 -8.326499e-002 0.000000e+000
      vertex -2.574150e-001 -1.560270e-001 0.000000e+000
    endloop 
  endfacet
  facet normal 0.000000E+000 0.000000E+000 -1.000000E+000
    outer loop 
      vertex -3.818465e-001 -2.199804e-001 0.000000e+000
      vertex -2.574150e-001 -1.560270e-001 0.000000e+000
      vertex -2.751296e-001 -2.709708e-001 0.000000e+000
    endloop 
  endfacet
  facet normal 0.000000E+000 0.000000E+000 -1.000000E+000
    outer loop 
      vertex -2.574150e-001 -1.560270e-001 0.000000e+000
      vertex -3.789835e-001 -8.326499e-002 0.000000e+000
      vertex -2.533354e-001 -3.212956e-002 0.000000e+000
    endloop 
  endfacet
  facet normal 0.000000E+000 0.000000E+000 -1.000000E+000
    outer loop 
      vertex -2.574150e-001 -1.560270e-001 0.000000e+000
      vertex -2.533354e-001 -3.212956e-002 0.000000e+000
      vertex -1.298412e-001 -1.264382e-001 0.000000e+000
    endloop 
  endfacet
  facet normal 0.000000E+000 0.000000E+000 -1.000000E+000
    outer loop 
      vertex -1.666667e-001 5.000000e-001 0.000000e+000
      vertex -1.229551e-001 3.372158e-001 0.000000e+000
      vertex -2.453599e-001 3.902999e-001 0.000000e+000
    endloop 
  endfacet
  facet normal 0.000000E+000 0.000000E+000 -1.000000E+000
    outer loop 
      vertex -2.457781e-001 2.525930e-001 0.000000e+000
      vertex -2.453599e-001 3.902999e-001 0.000000e+000
      vertex -1.229551e-001 3.372158e-001 0.000000e+000
    endloop 
  endfacet
  facet normal 0.000000E+000 0.000000E+000 -1.000000E+000
    outer loop 
      vertex -1.229551e-001 3.372158e-001 0.000000e+000
      vertex 5.137601e-003 2.877174e-001 0.000000e+000
      vertex -1.085704e-001 1.559337e-001 0.000000e+000
    endloop 
  endfacet
  facet normal 0.000000E+000 0.000000E+000 -1.000000E+000
    outer loop 
      vertex -1.085704e-001 1.559337e-001 0.000000e+000
      vertex -2.457781e-001 2.525930e-001 0.000000e+000
      vertex -1.229551e-001 3.372158e-001 0.000000e+000
    endloop 
  endfacet
  facet normal 0.000000E+000 0.000000E+000 -1.000000E+000
    outer loop 
      vertex -1.666667e-001 5.000000e-001 0.000000e+000
      vertex 0.000000e+000 5.000000e-001 0.000000e+000
      vertex -1.229551e-001 3.372158e-001 0.000000e+000
    endloop 
  endfacet
  facet normal 0.000000E+000 0.000000E+000 -1.000000E+000
    outer loop 
      vertex -1.229551e-001 3.372158e-001 0.000000e+000
      vertex 0.000000e+000 5.000000e-001 0.000000e+000
      vertex 5.137601e-003 2.877174e-001 0.000000e+000
    endloop 
  endfacet
  facet normal 0.000000E+000 0.000000E+000 -1.000000E+000
    outer loop 
      vertex -3.766828e-001 6.072977e-002 0.000000e+000
      vertex -3.758429e-001 2.112186e-001 0.000000e+000
      vertex -2.481997e-001 1.045120e-001 0.000000e+000
    endloop 
  endfacet
  facet normal 0.000000E+000 0.000000E+000 -1.000000E+000
    outer loop 
      vertex -3.758429e-001 2.112186e-001 0.000000e+000
      vertex -2.457781e-001 2.525930e-001 0.000000e+000
      vertex -2.481997e-001 1.045120e-001 0.000000e+000
    endloop 
  endfacet
  facet normal 0.000000E+000 0.000000E+000 -1.000000E+000
    outer loop 
      vertex -2.533354e-001 -3.212956e-002 0.000000e+000
      vertex -3.766828e-001 6.072977e-002 0.000000e+000
      vertex -2.481997e-001 1.045120e-001 0.000000e+000
    endloop 
  endfacet
  facet normal 0.000000E+000 0.000000E+000 -1.000000E+000
    outer loop 
      vertex -2.481997e-001 1.045120e-001 0.000000e+000
      vertex -2.457781e-001 2.525930e-001 0.000000e+000
      vertex -1.085704e-001 1.559337e-001 0.000000e+000
    endloop 
  endfacet
  facet normal 0.000000E+000 0.000000E+000 1.000000E+000
    outer loop 
      vertex 1.706610e-001 4.151497e-001 4.000000e+000
      vertex 5.914094e-002 5.238972e-001 4.000000e+000
      vertex 2.426205e-002 3.412801e-001 4.000000e+000
    endloop 
  endfacet
  facet normal 0.000000E+000 0.000000E+000 1.000000E+000
    outer loop 
      vertex 1.706610e-001 4.151497e-001 4.000000e+000
      vertex 2.426205e-002 3.412801e-001 4.000000e+000
      vertex 1.840341e-001 2.546759e-001 4.000000e+000
    endloop 
  endfacet
  facet normal 0.000000E+000 0.000000E+000 1.000000E+000
    outer loop 
      vertex -8.844926e-002 2.100137e-001 4.000000e+000
      vertex 2.426205e-002 3.412801e-001 4.000000e+000
      vertex -1.434011e-001 3.519147e-001 4.000000e+000
    endloop 
  endfacet
  facet normal 0.000000E+000 0.000000E+000 1.000000E+000
    outer loop 
      vertex -1.035933e-001 4.891163e-001 4.000000e+000
      vertex -1.434011e-001 3.519147e-001 4.000000e+000
      vertex 2.426205e-002 3.412801e-001 4.000000e+000
    endloop 
  endfacet
  facet normal 0.000000E+000 0.000000E+000 1.000000E+000
    outer loop 
      vertex 5.414885e-002 1.455029e-001 4.000000e+000
      vertex 2.426205e-002 3.412801e-001 4.000000e+000
      vertex -8.844926e-002 2.100137e-001 4.000000e+000
    endloop 
  endfacet
  facet normal 0.000000E+000 0.000000E+000 1.000000E+000
    outer loop 
      vertex 1.840341e-001 2.546759e-001 4.000000e+000
      vertex 2.426205e-002 3.412801e-001 4.000000e+000
      vertex 5.414885e-002 1.455029e-001 4.000000e+000
    endloop 
  endfacet
  facet normal 0.000000E+000 0.000000E+000 1.000000E+000
    outer loop 
      vertex 2.426205e-002 3.412801e-001 4.000000e+000
      vertex 5.914094e-002 5.238972e-001 4.000000e+000
      vertex -1.035933e-001 4.891163e-001 4.000000e+000
    endloop 
  endfacet
  facet normal 0.000000E+000 0.000000E+000 -1.000000E+000
    outer loop 
      vertex 3.775123e-001 2.188884e-001 0.000000e+000
      vertex 3.779213e-001 8.281100e-002 0.000000e+000
      vertex 2.504312e-001 1.480949e-001 0.000000e+000
    endloop 
  endfacet
  facet normal 0.000000E+000 0.000000E+000 -1.000000E+000
    outer loop 
      vertex 2.514211e-001 2.763562e-001 0.000000e+000
      vertex 3.775123e-001 2.188884e-001 0.000000e+000
      vertex 2.504312e-001 1.480949e-001 0.000000e+000
    endloop 
  endfacet
  facet normal 0.000000E+000 0.000000E+000 -1.000000E+000
    outer loop 
      vertex 2.504312e-001 1.480949e-001 0.000000e+000
      vertex 3.779213e-001 8.281100e-002 0.000000e+000
      vertex 2.514290e-001 2.113478e-002 0.000000e+000
    endloop 
  endfacet
  facet normal 0.000000E+000 0.000000E+000 -1.000000E+000
    outer loop 
      vertex 1.266406e-001 8.004968e-002 0.000000e+000
      vertex 2.504312e-001 1.480949e-001 0.000000e+000
      vertex 2.514290e-001 2.113478e-002 0.000000e+000
    endloop 
  endfacet
  facet normal 0.000000E+000 0.000000E+000 1.000000E+000
    outer loop 
      vertex -5.239996e-001 5.925403e-002 4.000000e+000
      vertex -3.703866e-001 5.946148e-002 4.000000e+000
      vertex -4.384754e-001 1.656747e-001 4.000000e+000
    endloop 
  endfacet
  facet normal 0.000000E+000 0.000000E+000 1.000000E+000
    outer loop 
      vertex -3.703866e-001 5.946148e-002 4.000000e+000
      vertex -3.246020e-001 2.000811e-001 4.000000e+000
      vertex -4.384754e-001 1.656747e-001 4.000000e+000
    endloop 
  endfacet
  facet normal 0.000000E+000 0.000000E+000 1.000000E+000
    outer loop 
      vertex -2.160949e-001 1.165226e-001 4.000000e+000
      vertex -3.703866e-001 5.946148e-002 4.000000e+000
      vertex -2.668164e-001 -2.897741e-002 4.000000e+000
    endloop 
  endfacet
  facet normal 0.000000E+000 0.000000E+000 1.000000E+000
    outer loop 
      vertex -3.703866e-001 5.946148e-002 4.000000e+000
      vertex -2.160949e-001 1.165226e-001 4.000000e+000
      vertex -3.246020e-001 2.000811e-001 4.000000e+000
    endloop 
  endfacet
  facet normal 0.000000E+000 0.000000E+000 1.000000E+000
    outer loop 
      vertex -5.239996e-001 5.925403e-002 4.000000e+000
      vertex -4.893816e-001 -1.035091e-001 4.000000e+000
      vertex -3.703866e-001 5.946148e-002 4.000000e+000
    endloop 
  endfacet
  facet normal 0.000000E+000 0.000000E+000 1.000000E+000
    outer loop 
      vertex -4.893816e-001 -1.035091e-001 4.000000e+000
      vertex -2.668164e-001 -2.897741e-002 4.000000e+000
      vertex -3.703866e-001 5.946148e-002 4.000000e+000
    endloop 
  endfacet
  facet normal -9.823778E-001 -1.867733E-001 7.035458E-003
    outer loop 
      vertex -4.824882e-001 -1.398506e-001 3.578711e+000
      vertex -4.507145e-001 -3.075882e-001 3.562356e+000
      vertex -4.665042e-001 -2.190194e-001 3.708870e+000
    endloop 
  endfacet
  facet normal -9.809563E-001 -1.942148E-001 2.334671E-003
    outer loop 
      vertex -4.824882e-001 -1.398506e-001 3.578711e+000
      vertex -4.665042e-001 -2.190194e-001 3.708870e+000
      vertex -4.960810e-001 -6.956290e-002 3.714508e+000
    endloop 
  endfacet
  facet normal -9.792972E-001 -2.023275E-001 6.374079E-003
    outer loop 
      vertex -4.772195e-001 -1.625465e-001 3.855174e+000
      vertex -4.665042e-001 -2.190194e-001 3.708870e+000
      vertex -4.465746e-001 -3.107306e-001 3.859686e+000
    endloop 
  endfacet
  facet normal -9.808744E-001 -1.943041E-001 1.146158E-002
    outer loop 
      vertex -4.665042e-001 -2.190194e-001 3.708870e+000
      vertex -4.373444e-001 -3.653910e-001 3.722961e+000
      vertex -4.465746e-001 -3.107306e-001 3.859686e+000
    endloop 
  endfacet
  facet normal -9.809484E-001 -1.942433E-001 3.132627E-003
    outer loop 
      vertex -4.665042e-001 -2.190194e-001 3.708870e+000
      vertex -4.772195e-001 -1.625465e-001 3.855174e+000
      vertex -4.960810e-001 -6.956290e-002 3.714508e+000
    endloop 
  endfacet
  facet normal -9.808763E-001 -1.942782E-001 1.173404E-002
    outer loop 
      vertex -4.665042e-001 -2.190194e-001 3.708870e+000
      vertex -4.507145e-001 -3.075882e-001 3.562356e+000
      vertex -4.373444e-001 -3.653910e-001 3.722961e+000
    endloop 
  endfacet
  facet normal 0.000000E+000 0.000000E+000 -1.000000E+000
    outer loop 
      vertex -1.770479e-002 -2.319069e-001 0.000000e+000
      vertex 9.831080e-002 -3.407064e-001 0.000000e+000
      vertex -6.641074e-002 -3.674450e-001 0.000000e+000
    endloop 
  endfacet
  facet normal 0.000000E+000 0.000000E+000 -1.000000E+000
    outer loop 
      vertex 9.831080e-002 -3.407064e-001 0.000000e+000
      vertex 0.000000e+000 -5.000000e-001 0.000000e+000
      vertex -6.641074e-002 -3.674450e-001 0.000000e+000
    endloop 
  endfacet
  facet normal 0.000000E+000 0.000000E+000 -1.000000E+000
    outer loop 
      vertex 9.831080e-002 -3.407064e-001 0.000000e+000
      vertex 2.567876e-001 -3.806878e-001 0.000000e+000
      vertex 1.666667e-001 -5.000000e-001 0.000000e+000
    endloop 
  endfacet
  facet normal 0.000000E+000 0.000000E+000 -1.000000E+000
    outer loop 
      vertex 2.407040e-001 -2.523085e-001 0.000000e+000
      vertex 2.567876e-001 -3.806878e-001 0.000000e+000
      vertex 9.831080e-002 -3.407064e-001 0.000000e+000
    endloop 
  endfacet
  facet normal 0.000000E+000 0.000000E+000 -1.000000E+000
    outer loop 
      vertex 1.197696e-001 -1.840909e-001 0.000000e+000
      vertex 9.831080e-002 -3.407064e-001 0.000000e+000
      vertex -1.770479e-002 -2.319069e-001 0.000000e+000
    endloop 
  endfacet
  facet normal 0.000000E+000 0.000000E+000 -1.000000E+000
    outer loop 
      vertex 1.197696e-001 -1.840909e-001 0.000000e+000
      vertex 2.407040e-001 -2.523085e-001 0.000000e+000
      vertex 9.831080e-002 -3.407064e-001 0.000000e+000
    endloop 
  endfacet
  facet normal 0.000000E+000 0.000000E+000 -1.000000E+000
    outer loop 
      vertex 1.666667e-001 -5.000000e-001 0.000000e+000
      vertex 0.000000e+000 -5.000000e-001 0.000000e+000
      vertex 9.831080e-002 -3.407064e-001 0.000000e+000
    endloop 
  endfacet
  facet normal 9.938447E-001 1.098927E-001 -1.400833E-002
    outer loop 
      vertex 5.327395e-001 -2.712128e-001 2.089135e+000
      vertex 5.121269e-001 -8.293693e-002 2.103729e+000
      vertex 5.276105e-001 -2.049694e-001 2.244919e+000
    endloop 
  endfacet
  facet normal 9.938147E-001 1.109841E-001 -3.865434E-003
    outer loop 
      vertex 4.914754e-001 1.029641e-001 2.131757e+000
      vertex 5.044082e-001 -7.859506e-003 2.274851e+000
      vertex 5.121269e-001 -8.293693e-002 2.103729e+000
    endloop 
  endfacet
  facet normal 9.938686E-001 1.105629E-001 -1.032355E-003
    outer loop 
      vertex 5.000333e-001 2.437273e-002 1.953607e+000
      vertex 4.914754e-001 1.029641e-001 2.131757e+000
      vertex 5.121269e-001 -8.293693e-002 2.103729e+000
    endloop 
  endfacet
  facet normal 9.929959E-001 1.179444E-001 -6.956093E-003
    outer loop 
      vertex 5.121269e-001 -8.293693e-002 2.103729e+000
      vertex 5.044082e-001 -7.859506e-003 2.274851e+000
      vertex 5.276105e-001 -2.049694e-001 2.244919e+000
    endloop 
  endfacet
  facet normal -9.937096E-001 -1.118953E-001 -4.541240E-003
    outer loop 
      vertex -4.913340e-001 -1.058647e-001 2.134343e+000
      vertex -5.085316e-001 4.444166e-002 2.193984e+000
      vertex -5.055516e-001 2.533910e-002 2.012602e+000
    endloop 
  endfacet
  facet normal -9.944762E-001 -1.048288E-001 -5.298053E-003
    outer loop 
      vertex -5.055516e-001 2.533910e-002 2.012602e+000
      vertex -5.085316e-001 4.444166e-002 2.193984e+000
      vertex -5.267509e-001 2.267716e-001 2.006222e+000
    endloop 
  endfacet
  facet normal -9.952709E-001 -9.703423E-002 -4.482681E-003
    outer loop 
      vertex -5.055516e-001 2.533910e-002 2.012602e+000
      vertex -5.142268e-001 1.218280e-001 1.850066e+000
      vertex -5.007628e-001 -1.775106e-002 1.882111e+000
    endloop 
  endfacet
  facet normal -9.945172E-001 -1.045543E-001 -1.971760E-003
    outer loop 
      vertex -5.055516e-001 2.533910e-002 2.012602e+000
      vertex -5.007628e-001 -1.775106e-002 1.882111e+000
      vertex -4.888206e-001 -1.334843e-001 1.995568e+000
    endloop 
  endfacet
  facet normal -9.944605E-001 -1.050710E-001 2.901213E-003
    outer loop 
      vertex -4.913340e-001 -1.058647e-001 2.134343e+000
      vertex -5.055516e-001 2.533910e-002 2.012602e+000
      vertex -4.888206e-001 -1.334843e-001 1.995568e+000
    endloop 
  endfacet
  facet normal -9.944348E-001 -1.049489E-001 -9.225822E-003
    outer loop 
      vertex -5.142268e-001 1.218280e-001 1.850066e+000
      vertex -5.055516e-001 2.533910e-002 2.012602e+000
      vertex -5.267509e-001 2.267716e-001 2.006222e+000
    endloop 
  endfacet
  facet normal 1.128235E-001 -9.935961E-001 -6.135155E-003
    outer loop 
      vertex -1.287238e-002 -5.047358e-001 2.165288e+000
      vertex -1.633986e-001 -5.217674e-001 2.155442e+000
      vertex -6.222870e-002 -5.093901e-001 2.011410e+000
    endloop 
  endfacet
  facet normal 1.048988E-001 -9.944765E-001 -3.566697E-003
    outer loop 
      vertex 7.555360e-002 -4.948275e-001 2.003278e+000
      vertex -1.287238e-002 -5.047358e-001 2.165288e+000
      vertex -6.222870e-002 -5.093901e-001 2.011410e+000
    endloop 
  endfacet
  facet normal 1.130321E-001 -9.935468E-001 -9.409476E-003
    outer loop 
      vertex -1.633986e-001 -5.217674e-001 2.155442e+000
      vertex -1.287238e-002 -5.047358e-001 2.165288e+000
      vertex -1.158540e-001 -5.179299e-001 2.321370e+000
    endloop 
  endfacet
  facet normal 1.216309E-001 -9.925686E-001 -3.653355E-003
    outer loop 
      vertex 4.820761e-002 -4.978482e-001 2.327538e+000
      vertex -1.158540e-001 -5.179299e-001 2.321370e+000
      vertex -1.287238e-002 -5.047358e-001 2.165288e+000
    endloop 
  endfacet
  facet normal 1.135206E-001 -9.935355E-001 -5.591135E-004
    outer loop 
      vertex 1.375837e-001 -4.875489e-001 2.172498e+000
      vertex 4.820761e-002 -4.978482e-001 2.327538e+000
      vertex -1.287238e-002 -5.047358e-001 2.165288e+000
    endloop 
  endfacet
  facet normal 1.134396E-001 -9.935442E-001 1.151928E-003
    outer loop 
      vertex 7.555360e-002 -4.948275e-001 2.003278e+000
      vertex 1.375837e-001 -4.875489e-001 2.172498e+000
      vertex -1.287238e-002 -5.047358e-001 2.165288e+000
    endloop 
  endfacet
  facet normal 1.785717E-001 -9.839174E-001 4.315598E-003
    outer loop 
      vertex 1.763662e-001 -4.767889e-001 3.287900e+000
      vertex 3.017251e-001 -4.535278e-001 3.404097e+000
      vertex 1.327436e-001 -4.840220e-001 3.443851e+000
    endloop 
  endfacet
  facet normal 1.741560E-001 -9.847134E-001 3.043513E-003
    outer loop 
      vertex 1.763662e-001 -4.767889e-001 3.287900e+000
      vertex 1.327436e-001 -4.840220e-001 3.443851e+000
      vertex 5.201110e-002 -4.986140e-001 3.342371e+000
    endloop 
  endfacet
  facet normal 1.870054E-001 -9.823567E-001 2.079088E-003
    outer loop 
      vertex 1.327436e-001 -4.840220e-001 3.443851e+000
      vertex 2.006143e-001 -4.708348e-001 3.570027e+000
      vertex 4.584109e-002 -5.002792e-001 3.578914e+000
    endloop 
  endfacet
  facet normal 1.790675E-001 -9.838153E-001 6.501368E-003
    outer loop 
      vertex 1.327436e-001 -4.840220e-001 3.443851e+000
      vertex 3.017251e-001 -4.535278e-001 3.404097e+000
      vertex 2.006143e-001 -4.708348e-001 3.570027e+000
    endloop 
  endfacet
  facet normal -9.841938E-001 -1.770223E-001 5.069619E-003
    outer loop 
      vertex -4.755812e-001 -1.838854e-001 3.286338e+000
      vertex -4.517670e-001 -3.135621e-001 3.381442e+000
      vertex -4.755893e-001 -1.794555e-001 3.439449e+000
    endloop 
  endfacet
  facet normal -9.846307E-001 -1.745774E-001 4.998858E-003
    outer loop 
      vertex -4.755812e-001 -1.838854e-001 3.286338e+000
      vertex -4.755893e-001 -1.794555e-001 3.439449e+000
      vertex -4.951467e-001 -7.204518e-002 3.338348e+000
    endloop 
  endfacet
  facet normal -9.836389E-001 -1.797738E-001 1.165871E-002
    outer loop 
      vertex -4.517670e-001 -3.135621e-001 3.381442e+000
      vertex -4.507145e-001 -3.075882e-001 3.562356e+000
      vertex -4.755893e-001 -1.794555e-001 3.439449e+000
    endloop 
  endfacet
  facet normal -9.954273E-001 -9.547345E-002 -3.063103E-003
    outer loop 
      vertex -5.007628e-001 -1.775106e-002 1.882111e+000
      vertex -5.036959e-001 1.764281e-002 1.732099e+000
      vertex -4.893560e-001 -1.352336e-001 1.836998e+000
    endloop 
  endfacet
  facet normal -9.951441E-001 -9.832886E-002 4.444574E-003
    outer loop 
      vertex -4.893560e-001 -1.352336e-001 1.836998e+000
      vertex -4.888206e-001 -1.334843e-001 1.995568e+000
      vertex -5.007628e-001 -1.775106e-002 1.882111e+000
    endloop 
  endfacet
  facet normal -9.958941E-001 -9.042151E-002 4.363230E-003
    outer loop 
      vertex -4.893560e-001 -1.352336e-001 1.836998e+000
      vertex -5.036959e-001 1.764281e-002 1.732099e+000
      vertex -4.914626e-001 -1.192708e-001 1.686984e+000
    endloop 
  endfacet
  facet normal -9.956389E-001 -9.320221E-002 4.063758E-003
    outer loop 
      vertex -4.914626e-001 -1.192708e-001 1.686984e+000
      vertex -4.765621e-001 -2.740132e-001 1.788646e+000
      vertex -4.893560e-001 -1.352336e-001 1.836998e+000
    endloop 
  endfacet
  facet normal -9.953112E-001 -9.596690E-002 1.208575E-002
    outer loop 
      vertex -4.765621e-001 -2.740132e-001 1.788646e+000
      vertex -4.739063e-001 -2.801653e-001 1.958517e+000
      vertex -4.893560e-001 -1.352336e-001 1.836998e+000
    endloop 
  endfacet
  facet normal -9.947457E-001 -1.022780E-001 4.486796E-003
    outer loop 
      vertex -4.893560e-001 -1.352336e-001 1.836998e+000
      vertex -4.739063e-001 -2.801653e-001 1.958517e+000
      vertex -4.888206e-001 -1.334843e-001 1.995568e+000
    endloop 
  endfacet
  facet normal 9.993861E-001 3.440785E-002 -6.612545E-003
    outer loop 
      vertex 5.101713e-001 -2.879429e-001 6.730876e-001
      vertex 5.034407e-001 -1.109135e-001 5.770243e-001
      vertex 5.045899e-001 -1.066533e-001 7.728729e-001
    endloop 
  endfacet
  facet normal 9.994560E-001 3.232135E-002 -6.567569E-003
    outer loop 
      vertex 5.034407e-001 -1.109135e-001 5.770243e-001
      vertex 4.990983e-001 3.492742e-002 6.339208e-001
      vertex 5.045899e-001 -1.066533e-001 7.728729e-001
    endloop 
  endfacet
  facet normal 9.994407E-001 3.017427E-002 -1.441819E-002
    outer loop 
      vertex 5.101713e-001 -2.879429e-001 6.730876e-001
      vertex 5.058593e-001 -2.289790e-001 4.975888e-001
      vertex 5.034407e-001 -1.109135e-001 5.770243e-001
    endloop 
  endfacet
  facet normal 9.996519E-001 2.536360E-002 -7.261622E-003
    outer loop 
      vertex 5.034407e-001 -1.109135e-001 5.770243e-001
      vertex 5.058593e-001 -2.289790e-001 4.975888e-001
      vertex 5.026335e-001 -1.344984e-001 3.835216e-001
    endloop 
  endfacet
  facet normal -1.257377E-001 9.918689E-001 -1.965359E-002
    outer loop 
      vertex 3.047306e-001 5.433518e-001 2.442247e+000
      vertex 4.330871e-001 5.587879e-001 2.400088e+000
      vertex 3.076684e-001 5.401271e-001 2.260711e+000
    endloop 
  endfacet
  facet normal -1.202871E-001 9.925461E-001 -1.957742E-002
    outer loop 
      vertex 3.076684e-001 5.401271e-001 2.260711e+000
      vertex 1.706870e-001 5.243495e-001 2.302448e+000
      vertex 3.047306e-001 5.433518e-001 2.442247e+000
    endloop 
  endfacet
  facet normal -1.170814E-001 9.929045E-001 -2.080071E-002
    outer loop 
      vertex 4.378779e-001 5.550481e-001 2.240040e+000
      vertex 3.395814e-001 5.402696e-001 2.087881e+000
      vertex 3.076684e-001 5.401271e-001 2.260711e+000
    endloop 
  endfacet
  facet normal -1.096610E-001 9.937791E-001 -1.942982E-002
    outer loop 
      vertex 1.639557e-001 5.211474e-001 2.101064e+000
      vertex 3.076684e-001 5.401271e-001 2.260711e+000
      vertex 3.395814e-001 5.402696e-001 2.087881e+000
    endloop 
  endfacet
  facet normal -1.179936E-001 9.926546E-001 -2.672730E-002
    outer loop 
      vertex 3.076684e-001 5.401271e-001 2.260711e+000
      vertex 4.330871e-001 5.587879e-001 2.400088e+000
      vertex 4.378779e-001 5.550481e-001 2.240040e+000
    endloop 
  endfacet
  facet normal -1.179771E-001 9.929457E-001 -1.184474E-002
    outer loop 
      vertex 3.076684e-001 5.401271e-001 2.260711e+000
      vertex 1.639557e-001 5.211474e-001 2.101064e+000
      vertex 1.706870e-001 5.243495e-001 2.302448e+000
    endloop 
  endfacet
  facet normal 9.981564E-001 5.885835E-002 1.481546E-002
    outer loop 
      vertex 4.854381e-001 2.926365e-001 1.002623e+000
      vertex 4.785343e-001 3.673492e-001 1.170938e+000
      vertex 4.896892e-001 1.913507e-001 1.118605e+000
    endloop 
  endfacet
  facet normal 9.983416E-001 5.755288E-002 1.297685E-003
    outer loop 
      vertex 4.989024e-001 3.280342e-002 1.062292e+000
      vertex 4.896892e-001 1.913507e-001 1.118605e+000
      vertex 4.969731e-001 6.207756e-002 1.248194e+000
    endloop 
  endfacet
  facet normal 9.981337E-001 6.018030E-002 1.036487E-002
    outer loop 
      vertex 4.785343e-001 3.673492e-001 1.170938e+000
      vertex 4.852325e-001 2.352285e-001 1.293015e+000
      vertex 4.896892e-001 1.913507e-001 1.118605e+000
    endloop 
  endfacet
  facet normal 9.978238E-001 6.531117E-002 9.066143E-003
    outer loop 
      vertex 4.969731e-001 6.207756e-002 1.248194e+000
      vertex 4.896892e-001 1.913507e-001 1.118605e+000
      vertex 4.852325e-001 2.352285e-001 1.293015e+000
    endloop 
  endfacet
  facet normal 9.986506E-001 5.128441E-002 8.183073E-003
    outer loop 
      vertex 4.932772e-001 1.487943e-001 9.474307e-001
      vertex 4.854381e-001 2.926365e-001 1.002623e+000
      vertex 4.896892e-001 1.913507e-001 1.118605e+000
    endloop 
  endfacet
  facet normal 9.984340E-001 5.548525E-002 7.134143E-003
    outer loop 
      vertex 4.989024e-001 3.280342e-002 1.062292e+000
      vertex 4.932772e-001 1.487943e-001 9.474307e-001
      vertex 4.896892e-001 1.913507e-001 1.118605e+000
    endloop 
  endfacet
  facet normal 1.873253E-001 -9.822651E-001 8.029224E-003
    outer loop 
      vertex 3.408377e-001 -4.439955e-001 3.581970e+000
      vertex 2.480274e-001 -4.606156e-001 3.714036e+000
      vertex 2.006143e-001 -4.708348e-001 3.570027e+000
    endloop 
  endfacet
  facet normal 1.947210E-001 -9.807670E-001 1.341521E-002
    outer loop 
      vertex 2.480274e-001 -4.606156e-001 3.714036e+000
      vertex 3.408377e-001 -4.439955e-001 3.581970e+000
      vertex 3.662476e-001 -4.370058e-001 3.724159e+000
    endloop 
  endfacet
  facet normal 2.017441E-001 -9.794058E-001 7.979912E-003
    outer loop 
      vertex 3.169395e-001 -4.452237e-001 3.860945e+000
      vertex 1.767730e-001 -4.741526e-001 3.854004e+000
      vertex 2.480274e-001 -4.606156e-001 3.714036e+000
    endloop 
  endfacet
  facet normal 1.942549E-001 -9.809428E-001 4.018695E-003
    outer loop 
      vertex 1.767730e-001 -4.741526e-001 3.854004e+000
      vertex 1.089574e-001 -4.881679e-001 3.711014e+000
      vertex 2.480274e-001 -4.606156e-001 3.714036e+000
    endloop 
  endfacet
  facet normal 1.948976E-001 -9.807581E-001 1.133319E-002
    outer loop 
      vertex 3.662476e-001 -4.370058e-001 3.724159e+000
      vertex 3.169395e-001 -4.452237e-001 3.860945e+000
      vertex 2.480274e-001 -4.606156e-001 3.714036e+000
    endloop 
  endfacet
  facet normal 1.942189E-001 -9.809419E-001 5.665667E-003
    outer loop 
      vertex 2.480274e-001 -4.606156e-001 3.714036e+000
      vertex 1.089574e-001 -4.881679e-001 3.711014e+000
      vertex 2.006143e-001 -4.708348e-001 3.570027e+000
    endloop 
  endfacet
  facet normal 6.700244E-002 -9.975775E-001 1.870268E-002
    outer loop 
      vertex 5.320500e-001 -4.656514e-001 1.280048e+000
      vertex 3.759492e-001 -4.738531e-001 1.401812e+000
      vertex 3.996963e-001 -4.756877e-001 1.218882e+000
    endloop 
  endfacet
  facet normal 6.636501E-002 -9.976217E-001 1.862037E-002
    outer loop 
      vertex 3.996963e-001 -4.756877e-001 1.218882e+000
      vertex 3.759492e-001 -4.738531e-001 1.401812e+000
      vertex 2.587101e-001 -4.837338e-001 1.290289e+000
    endloop 
  endfacet
  facet normal 6.346269E-002 -9.976357E-001 2.637178E-002
    outer loop 
      vertex 5.281070e-001 -4.701329e-001 1.120002e+000
      vertex 5.320500e-001 -4.656514e-001 1.280048e+000
      vertex 3.996963e-001 -4.756877e-001 1.218882e+000
    endloop 
  endfacet
  facet normal 6.364415E-002 -9.978851E-001 1.321860E-002
    outer loop 
      vertex 2.587101e-001 -4.837338e-001 1.290289e+000
      vertex 2.910873e-001 -4.839135e-001 1.120835e+000
      vertex 3.996963e-001 -4.756877e-001 1.218882e+000
    endloop 
  endfacet
  facet normal 5.870999E-002 -9.980712E-001 2.017525E-002
    outer loop 
      vertex 4.215232e-001 -4.778003e-001 1.050854e+000
      vertex 5.281070e-001 -4.701329e-001 1.120002e+000
      vertex 3.996963e-001 -4.756877e-001 1.218882e+000
    endloop 
  endfacet
  facet normal 5.752206E-002 -9.981434E-001 2.002185E-002
    outer loop 
      vertex 2.910873e-001 -4.839135e-001 1.120835e+000
      vertex 4.215232e-001 -4.778003e-001 1.050854e+000
      vertex 3.996963e-001 -4.756877e-001 1.218882e+000
    endloop 
  endfacet
  facet normal 1.351035E-001 -9.906878E-001 -1.687141E-002
    outer loop 
      vertex -1.320816e-001 -5.226775e-001 2.580294e+000
      vertex -2.731982e-001 -5.428671e-001 2.635786e+000
      vertex -2.435639e-001 -5.359445e-001 2.466595e+000
    endloop 
  endfacet
  facet normal 1.375985E-001 -9.904331E-001 -1.043385E-002
    outer loop 
      vertex -1.320816e-001 -5.226775e-001 2.580294e+000
      vertex -1.242719e-001 -5.229658e-001 2.710648e+000
      vertex -2.731982e-001 -5.428671e-001 2.635786e+000
    endloop 
  endfacet
  facet normal 1.290558E-001 -9.915781E-001 -1.083782E-002
    outer loop 
      vertex -1.320816e-001 -5.226775e-001 2.580294e+000
      vertex -2.435639e-001 -5.359445e-001 2.466595e+000
      vertex -4.759305e-002 -5.104393e-001 2.466674e+000
    endloop 
  endfacet
  facet normal -1.303158E-001 9.912798E-001 -1.954350E-002
    outer loop 
      vertex 3.047306e-001 5.433518e-001 2.442247e+000
      vertex 1.756990e-001 5.273287e-001 2.489913e+000
      vertex 2.986574e-001 5.458466e-001 2.609284e+000
    endloop 
  endfacet
  facet normal -1.277136E-001 9.917343E-001 -1.234636E-002
    outer loop 
      vertex 3.047306e-001 5.433518e-001 2.442247e+000
      vertex 1.706870e-001 5.243495e-001 2.302448e+000
      vertex 1.756990e-001 5.273287e-001 2.489913e+000
    endloop 
  endfacet
  facet normal -1.365737E-001 9.905449E-001 -1.298354E-002
    outer loop 
      vertex 1.741319e-001 5.295278e-001 2.674172e+000
      vertex 2.986574e-001 5.458466e-001 2.609284e+000
      vertex 1.756990e-001 5.273287e-001 2.489913e+000
    endloop 
  endfacet
  facet normal -1.299865E-001 9.914998E-001 -5.614190E-003
    outer loop 
      vertex 1.756990e-001 5.273287e-001 2.489913e+000
      vertex 3.497875e-002 5.081729e-001 2.364997e+000
      vertex 4.974507e-002 5.111744e-001 2.553195e+000
    endloop 
  endfacet
  facet normal -1.240117E-001 9.922026E-001 -1.245278E-002
    outer loop 
      vertex 3.497875e-002 5.081729e-001 2.364997e+000
      vertex 1.756990e-001 5.273287e-001 2.489913e+000
      vertex 1.706870e-001 5.243495e-001 2.302448e+000
    endloop 
  endfacet
  facet normal -1.336082E-001 9.909495E-001 -1.296315E-002
    outer loop 
      vertex 4.974507e-002 5.111744e-001 2.553195e+000
      vertex 1.741319e-001 5.295278e-001 2.674172e+000
      vertex 1.756990e-001 5.273287e-001 2.489913e+000
    endloop 
  endfacet
  facet normal -1.005698E-001 9.948656E-001 -1.132222E-002
    outer loop 
      vertex 1.639557e-001 5.211474e-001 2.101064e+000
      vertex 2.584957e-001 5.288191e-001 1.935412e+000
      vertex 7.702424e-002 5.102227e-001 1.913298e+000
    endloop 
  endfacet
  facet normal -1.005194E-001 9.948658E-001 -1.173621E-002
    outer loop 
      vertex 2.584957e-001 5.288191e-001 1.935412e+000
      vertex 1.645245e-001 5.176119e-001 1.790236e+000
      vertex 7.702424e-002 5.102227e-001 1.913298e+000
    endloop 
  endfacet
  facet normal -9.752385E-002 9.952242E-001 -4.223580E-003
    outer loop 
      vertex 1.470312e-002 5.033376e-001 1.729938e+000
      vertex -1.039145e-001 4.922245e-001 1.850212e+000
      vertex 7.702424e-002 5.102227e-001 1.913298e+000
    endloop 
  endfacet
  facet normal -9.246635E-002 9.956980E-001 -5.960333E-003
    outer loop 
      vertex 1.470312e-002 5.033376e-001 1.729938e+000
      vertex 7.702424e-002 5.102227e-001 1.913298e+000
      vertex 1.645245e-001 5.176119e-001 1.790236e+000
    endloop 
  endfacet
  facet normal 1.049666E-001 -9.944728E-001 -2.411739E-003
    outer loop 
      vertex 7.555360e-002 -4.948275e-001 2.003278e+000
      vertex -6.222870e-002 -5.093901e-001 2.011410e+000
      vertex 7.792581e-003 -5.016130e-001 1.852099e+000
    endloop 
  endfacet
  facet normal 9.062039E-002 -9.958841E-001 -1.692137E-003
    outer loop 
      vertex 2.975133e-002 -4.993310e-001 1.685038e+000
      vertex 7.792581e-003 -5.016130e-001 1.852099e+000
      vertex -9.816800e-002 -5.110740e-001 1.745639e+000
    endloop 
  endfacet
  facet normal 9.528132E-002 -9.954498E-001 -1.073567E-003
    outer loop 
      vertex 2.975133e-002 -4.993310e-001 1.685038e+000
      vertex 1.399888e-001 -4.889251e-001 1.820118e+000
      vertex 7.792581e-003 -5.016130e-001 1.852099e+000
    endloop 
  endfacet
  facet normal 9.594011E-002 -9.953857E-001 1.675042E-003
    outer loop 
      vertex 1.399888e-001 -4.889251e-001 1.820118e+000
      vertex 7.555360e-002 -4.948275e-001 2.003278e+000
      vertex 7.792581e-003 -5.016130e-001 1.852099e+000
    endloop 
  endfacet
  facet normal -9.910282E-001 -1.334719E-001 6.957808E-003
    outer loop 
      vertex -4.892968e-001 -1.140049e-001 2.545284e+000
      vertex -4.794896e-001 -1.926639e-001 2.433235e+000
      vertex -4.670435e-001 -2.787454e-001 2.554680e+000
    endloop 
  endfacet
  facet normal -9.919948E-001 -1.262656E-001 1.814347E-003
    outer loop 
      vertex -4.984164e-001 -4.467257e-002 2.384161e+000
      vertex -4.794896e-001 -1.926639e-001 2.433235e+000
      vertex -4.892968e-001 -1.140049e-001 2.545284e+000
    endloop 
  endfacet
  facet normal -9.923205E-001 -1.235592E-001 5.748268E-003
    outer loop 
      vertex -4.616339e-001 -3.390089e-001 2.369968e+000
      vertex -4.794896e-001 -1.926639e-001 2.433235e+000
      vertex -4.847673e-001 -1.573514e-001 2.281204e+000
    endloop 
  endfacet
  facet normal -9.921297E-001 -1.250992E-001 5.383954E-003
    outer loop 
      vertex -4.794896e-001 -1.926639e-001 2.433235e+000
      vertex -4.984164e-001 -4.467257e-002 2.384161e+000
      vertex -4.847673e-001 -1.573514e-001 2.281204e+000
    endloop 
  endfacet
  facet normal -9.919206E-001 -1.262774E-001 1.214876E-002
    outer loop 
      vertex -4.794896e-001 -1.926639e-001 2.433235e+000
      vertex -4.616339e-001 -3.390089e-001 2.369968e+000
      vertex -4.670435e-001 -2.787454e-001 2.554680e+000
    endloop 
  endfacet
  facet normal 9.984543E-001 5.190331E-002 1.987687E-002
    outer loop 
      vertex 4.854381e-001 2.926365e-001 1.002623e+000
      vertex 4.821936e-001 3.961861e-001 8.952072e-001
      vertex 4.780209e-001 4.243030e-001 1.031394e+000
    endloop 
  endfacet
  facet normal 9.985766E-001 4.926949E-002 2.042440E-002
    outer loop 
      vertex 4.745567e-001 5.241022e-001 9.600159e-001
      vertex 4.780209e-001 4.243030e-001 1.031394e+000
      vertex 4.821936e-001 3.961861e-001 8.952072e-001
    endloop 
  endfacet
  facet normal 9.984703E-001 5.237891E-002 1.770447E-002
    outer loop 
      vertex 4.780209e-001 4.243030e-001 1.031394e+000
      vertex 4.785343e-001 3.673492e-001 1.170938e+000
      vertex 4.854381e-001 2.926365e-001 1.002623e+000
    endloop 
  endfacet
  facet normal 9.982035E-001 5.368201E-002 2.661201E-002
    outer loop 
      vertex 4.780209e-001 4.243030e-001 1.031394e+000
      vertex 4.745567e-001 5.241022e-001 9.600159e-001
      vertex 4.700741e-001 5.281418e-001 1.120008e+000
    endloop 
  endfacet
  facet normal 9.980512E-001 5.897364E-002 2.039760E-002
    outer loop 
      vertex 4.700741e-001 5.281418e-001 1.120008e+000
      vertex 4.785343e-001 3.673492e-001 1.170938e+000
      vertex 4.780209e-001 4.243030e-001 1.031394e+000
    endloop 
  endfacet
  facet normal 5.073863E-002 -9.985024E-001 2.045871E-002
    outer loop 
      vertex 3.187300e-001 -4.845515e-001 9.762917e-001
      vertex 4.037362e-001 -4.820885e-001 8.856810e-001
      vertex 4.215232e-001 -4.778003e-001 1.050854e+000
    endloop 
  endfacet
  facet normal 4.945562E-002 -9.985639E-001 2.059847E-002
    outer loop 
      vertex 4.037362e-001 -4.820885e-001 8.856810e-001
      vertex 5.241112e-001 -4.745940e-001 9.599812e-001
      vertex 4.215232e-001 -4.778003e-001 1.050854e+000
    endloop 
  endfacet
  facet normal 5.477604E-002 -9.983878E-001 1.488228E-002
    outer loop 
      vertex 3.187300e-001 -4.845515e-001 9.762917e-001
      vertex 4.215232e-001 -4.778003e-001 1.050854e+000
      vertex 2.910873e-001 -4.839135e-001 1.120835e+000
    endloop 
  endfacet
  facet normal 5.463717E-002 -9.981555E-001 2.646243E-002
    outer loop 
      vertex 4.215232e-001 -4.778003e-001 1.050854e+000
      vertex 5.241112e-001 -4.745940e-001 9.599812e-001
      vertex 5.281070e-001 -4.701329e-001 1.120002e+000
    endloop 
  endfacet
  facet normal 9.988756E-001 4.725750E-002 3.775043E-003
    outer loop 
      vertex 5.001538e-001 7.451221e-003 8.972842e-001
      vertex 4.970554e-001 8.164860e-002 7.882717e-001
      vertex 4.932772e-001 1.487943e-001 9.474307e-001
    endloop 
  endfacet
  facet normal 9.988206E-001 4.855332E-002 1.150860E-004
    outer loop 
      vertex 4.989024e-001 3.280342e-002 1.062292e+000
      vertex 5.001538e-001 7.451221e-003 8.972842e-001
      vertex 4.932772e-001 1.487943e-001 9.474307e-001
    endloop 
  endfacet
  facet normal 9.990842E-001 4.238828E-002 5.834208E-003
    outer loop 
      vertex 4.970554e-001 8.164860e-002 7.882717e-001
      vertex 4.896900e-001 2.479603e-001 8.412439e-001
      vertex 4.932772e-001 1.487943e-001 9.474307e-001
    endloop 
  endfacet
  facet normal 9.986900E-001 4.959891E-002 1.258140E-002
    outer loop 
      vertex 4.932772e-001 1.487943e-001 9.474307e-001
      vertex 4.896900e-001 2.479603e-001 8.412439e-001
      vertex 4.854381e-001 2.926365e-001 1.002623e+000
    endloop 
  endfacet
  facet normal 8.720782E-002 -9.961643E-001 -7.172224E-003
    outer loop 
      vertex -9.816800e-002 -5.110740e-001 1.745639e+000
      vertex -2.137881e-001 -5.206751e-001 1.673320e+000
      vertex -8.930361e-002 -5.091928e-001 1.592141e+000
    endloop 
  endfacet
  facet normal 8.307128E-002 -9.964514E-001 -1.355608E-002
    outer loop 
      vertex -2.078471e-001 -5.183991e-001 1.542427e+000
      vertex -8.930361e-002 -5.091928e-001 1.592141e+000
      vertex -2.137881e-001 -5.206751e-001 1.673320e+000
    endloop 
  endfacet
  facet normal 7.718893E-002 -9.969883E-001 -7.500402E-003
    outer loop 
      vertex 4.061172e-002 -4.983529e-001 1.488241e+000
      vertex -8.930361e-002 -5.091928e-001 1.592141e+000
      vertex -1.227256e-001 -5.106479e-001 1.441600e+000
    endloop 
  endfacet
  facet normal 8.284684E-002 -9.965622E-001 -3.814101E-004
    outer loop 
      vertex -8.930361e-002 -5.091928e-001 1.592141e+000
      vertex 4.061172e-002 -4.983529e-001 1.488241e+000
      vertex 2.975133e-002 -4.993310e-001 1.685038e+000
    endloop 
  endfacet
  facet normal 8.806700E-002 -9.960891E-001 -7.121687E-003
    outer loop 
      vertex 2.975133e-002 -4.993310e-001 1.685038e+000
      vertex -9.816800e-002 -5.110740e-001 1.745639e+000
      vertex -8.930361e-002 -5.091928e-001 1.592141e+000
    endloop 
  endfacet
  facet normal 8.089641E-002 -9.966878E-001 -8.326415E-003
    outer loop 
      vertex -1.227256e-001 -5.106479e-001 1.441600e+000
      vertex -8.930361e-002 -5.091928e-001 1.592141e+000
      vertex -2.078471e-001 -5.183991e-001 1.542427e+000
    endloop 
  endfacet
  facet normal 0.000000E+000 0.000000E+000 -1.000000E+000
    outer loop 
      vertex 5.000000e-001 -1.666667e-001 0.000000e+000
      vertex 3.782346e-001 -2.876811e-001 0.000000e+000
      vertex 3.506944e-001 -1.791088e-001 0.000000e+000
    endloop 
  endfacet
  facet normal 0.000000E+000 0.000000E+000 -1.000000E+000
    outer loop 
      vertex 3.506944e-001 -1.791088e-001 0.000000e+000
      vertex 3.782346e-001 -2.876811e-001 0.000000e+000
      vertex 2.407040e-001 -2.523085e-001 0.000000e+000
    endloop 
  endfacet
  facet normal 0.000000E+000 0.000000E+000 -1.000000E+000
    outer loop 
      vertex 3.752419e-001 -5.933267e-002 0.000000e+000
      vertex 3.506944e-001 -1.791088e-001 0.000000e+000
      vertex 2.463146e-001 -1.167427e-001 0.000000e+000
    endloop 
  endfacet
  facet normal 0.000000E+000 0.000000E+000 -1.000000E+000
    outer loop 
      vertex 3.752419e-001 -5.933267e-002 0.000000e+000
      vertex 5.000000e-001 -1.666667e-001 0.000000e+000
      vertex 3.506944e-001 -1.791088e-001 0.000000e+000
    endloop 
  endfacet
  facet normal 0.000000E+000 0.000000E+000 -1.000000E+000
    outer loop 
      vertex 2.407040e-001 -2.523085e-001 0.000000e+000
      vertex 2.463146e-001 -1.167427e-001 0.000000e+000
      vertex 3.506944e-001 -1.791088e-001 0.000000e+000
    endloop 
  endfacet
  facet normal -1.511200E-001 9.883074E-001 2.028020E-002
    outer loop 
      vertex -4.556750e-001 4.380818e-001 2.791232e+000
      vertex -5.697445e-001 4.188185e-001 2.879983e+000
      vertex -4.499947e-001 4.357364e-001 2.947861e+000
    endloop 
  endfacet
  facet normal -1.492982E-001 9.885855E-001 2.021829E-002
    outer loop 
      vertex -3.496885e-001 4.527596e-001 2.856194e+000
      vertex -4.556750e-001 4.380818e-001 2.791232e+000
      vertex -4.499947e-001 4.357364e-001 2.947861e+000
    endloop 
  endfacet
  facet normal -1.569716E-001 9.874054E-001 1.975779E-002
    outer loop 
      vertex -4.499947e-001 4.357364e-001 2.947861e+000
      vertex -4.473019e-001 4.331106e-001 3.100479e+000
      vertex -2.948737e-001 4.593449e-001 3.000416e+000
    endloop 
  endfacet
  facet normal -1.593014E-001 9.870315E-001 1.979247E-002
    outer loop 
      vertex -5.732733e-001 4.139926e-001 3.039983e+000
      vertex -4.473019e-001 4.331106e-001 3.100479e+000
      vertex -4.499947e-001 4.357364e-001 2.947861e+000
    endloop 
  endfacet
  facet normal -1.550201E-001 9.878147E-001 1.381399E-002
    outer loop 
      vertex -3.496885e-001 4.527596e-001 2.856194e+000
      vertex -4.499947e-001 4.357364e-001 2.947861e+000
      vertex -2.948737e-001 4.593449e-001 3.000416e+000
    endloop 
  endfacet
  facet normal -1.544849E-001 9.876428E-001 2.638221E-002
    outer loop 
      vertex -4.499947e-001 4.357364e-001 2.947861e+000
      vertex -5.697445e-001 4.188185e-001 2.879983e+000
      vertex -5.732733e-001 4.139926e-001 3.039983e+000
    endloop 
  endfacet
  facet normal 1.675030E-001 -9.856793E-001 1.947233E-002
    outer loop 
      vertex 4.444897e-001 -4.347267e-001 3.046199e+000
      vertex 5.765164e-001 -4.092517e-001 3.200020e+000
      vertex 4.471115e-001 -4.297395e-001 3.276096e+000
    endloop 
  endfacet
  facet normal 1.671377E-001 -9.857412E-001 1.947784E-002
    outer loop 
      vertex 4.444897e-001 -4.347267e-001 3.046199e+000
      vertex 4.471115e-001 -4.297395e-001 3.276096e+000
      vertex 3.106683e-001 -4.545541e-001 3.191074e+000
    endloop 
  endfacet
  facet normal 1.570384E-001 -9.874268E-001 1.809033E-002
    outer loop 
      vertex 4.444897e-001 -4.347267e-001 3.046199e+000
      vertex 2.844229e-001 -4.612197e-001 2.989635e+000
      vertex 4.078383e-001 -4.443923e-001 2.836781e+000
    endloop 
  endfacet
  facet normal 1.591754E-001 -9.871783E-001 1.192641E-002
    outer loop 
      vertex 4.444897e-001 -4.347267e-001 3.046199e+000
      vertex 3.106683e-001 -4.545541e-001 3.191074e+000
      vertex 2.844229e-001 -4.612197e-001 2.989635e+000
    endloop 
  endfacet
  facet normal 1.593436E-001 -9.868788E-001 2.607753E-002
    outer loop 
      vertex 4.444897e-001 -4.347267e-001 3.046199e+000
      vertex 5.695191e-001 -4.189295e-001 2.880050e+000
      vertex 5.730039e-001 -4.141403e-001 3.040001e+000
    endloop 
  endfacet
  facet normal 1.505050E-001 -9.884213E-001 1.927967E-002
    outer loop 
      vertex 4.444897e-001 -4.347267e-001 3.046199e+000
      vertex 4.078383e-001 -4.443923e-001 2.836781e+000
      vertex 5.695191e-001 -4.189295e-001 2.880050e+000
    endloop 
  endfacet
  facet normal 1.593682E-001 -9.868595E-001 2.664999E-002
    outer loop 
      vertex 4.444897e-001 -4.347267e-001 3.046199e+000
      vertex 5.730039e-001 -4.141403e-001 3.040001e+000
      vertex 5.765164e-001 -4.092517e-001 3.200020e+000
    endloop 
  endfacet
  facet normal 9.883268E-001 1.510826E-001 1.959823E-002
    outer loop 
      vertex 4.187663e-001 5.695797e-001 2.880016e+000
      vertex 4.376139e-001 4.384214e-001 2.940641e+000
      vertex 4.397926e-001 4.452368e-001 2.778234e+000
    endloop 
  endfacet
  facet normal 9.887506E-001 1.482988E-001 1.948708E-002
    outer loop 
      vertex 4.549325e-001 3.367314e-001 2.835790e+000
      vertex 4.397926e-001 4.452368e-001 2.778234e+000
      vertex 4.376139e-001 4.384214e-001 2.940641e+000
    endloop 
  endfacet
  facet normal 9.878324E-001 1.544631E-001 1.811815E-002
    outer loop 
      vertex 4.376139e-001 4.384214e-001 2.940641e+000
      vertex 4.386246e-001 4.130469e-001 3.101866e+000
      vertex 4.612115e-001 2.854812e-001 2.957929e+000
    endloop 
  endfacet
  facet normal 9.870448E-001 1.593296E-001 1.888900E-002
    outer loop 
      vertex 4.376139e-001 4.384214e-001 2.940641e+000
      vertex 4.139750e-001 5.730774e-001 3.040063e+000
      vertex 4.386246e-001 4.130469e-001 3.101866e+000
    endloop 
  endfacet
  facet normal 9.879741E-001 1.540002E-001 1.382932E-002
    outer loop 
      vertex 4.376139e-001 4.384214e-001 2.940641e+000
      vertex 4.612115e-001 2.854812e-001 2.957929e+000
      vertex 4.549325e-001 3.367314e-001 2.835790e+000
    endloop 
  endfacet
  facet normal 9.877160E-001 1.540476E-001 2.620251E-002
    outer loop 
      vertex 4.139750e-001 5.730774e-001 3.040063e+000
      vertex 4.376139e-001 4.384214e-001 2.940641e+000
      vertex 4.187663e-001 5.695797e-001 2.880016e+000
    endloop 
  endfacet
  facet normal 9.811525E-001 1.924237E-001 1.768843E-002
    outer loop 
      vertex 4.211711e-001 4.414071e-001 3.758238e+000
      vertex 4.341238e-001 3.924174e-001 3.572705e+000
      vertex 3.940407e-001 5.869361e-001 3.679985e+000
    endloop 
  endfacet
  facet normal 9.805870E-001 1.953572E-001 1.687435E-002
    outer loop 
      vertex 4.341238e-001 3.924174e-001 3.572705e+000
      vertex 4.211711e-001 4.414071e-001 3.758238e+000
      vertex 4.577372e-001 2.615421e-001 3.715670e+000
    endloop 
  endfacet
  facet normal 9.804359E-001 1.964697E-001 1.204393E-002
    outer loop 
      vertex 4.211711e-001 4.414071e-001 3.758238e+000
      vertex 4.408545e-001 3.361727e-001 3.872575e+000
      vertex 4.577372e-001 2.615421e-001 3.715670e+000
    endloop 
  endfacet
  facet normal 9.796904E-001 1.983704E-001 2.925459E-002
    outer loop 
      vertex 3.885183e-001 5.906221e-001 3.839929e+000
      vertex 4.211711e-001 4.414071e-001 3.758238e+000
      vertex 3.940407e-001 5.869361e-001 3.679985e+000
    endloop 
  endfacet
  facet normal -1.925483E-001 9.811239E-001 1.791799E-002
    outer loop 
      vertex -5.871597e-001 3.941297e-001 3.679993e+000
      vertex -4.420958e-001 4.211415e-001 3.759793e+000
      vertex -4.067413e-001 4.312493e-001 3.586247e+000
    endloop 
  endfacet
  facet normal -1.952562E-001 9.805990E-001 1.733577E-002
    outer loop 
      vertex -2.689790e-001 4.563263e-001 3.719409e+000
      vertex -4.067413e-001 4.312493e-001 3.586247e+000
      vertex -4.420958e-001 4.211415e-001 3.759793e+000
    endloop 
  endfacet
  facet normal -1.965497E-001 9.804248E-001 1.163944E-002
    outer loop 
      vertex -4.420958e-001 4.211415e-001 3.759793e+000
      vertex -3.367752e-001 4.409154e-001 3.872674e+000
      vertex -2.689790e-001 4.563263e-001 3.719409e+000
    endloop 
  endfacet
  facet normal -1.984437E-001 9.796795E-001 2.912387E-002
    outer loop 
      vertex -5.871597e-001 3.941297e-001 3.679993e+000
      vertex -5.909021e-001 3.886192e-001 3.839857e+000
      vertex -4.420958e-001 4.211415e-001 3.759793e+000
    endloop 
  endfacet
  facet normal 9.969997E-001 7.463026E-002 -2.053928E-002
    outer loop 
      vertex 5.215687e-001 -2.701802e-001 1.433364e+000
      vertex 5.307923e-001 -3.500408e-001 1.590913e+000
      vertex 5.359969e-001 -4.611069e-001 1.439986e+000
    endloop 
  endfacet
  facet normal 9.963810E-001 8.347601E-002 -1.601922E-002
    outer loop 
      vertex 5.307923e-001 -3.500408e-001 1.590913e+000
      vertex 5.215687e-001 -2.701802e-001 1.433364e+000
      vertex 5.166000e-001 -1.764224e-001 1.612890e+000
    endloop 
  endfacet
  facet normal 9.955728E-001 9.161944E-002 -2.099168E-002
    outer loop 
      vertex 5.307923e-001 -3.500408e-001 1.590913e+000
      vertex 5.321559e-001 -3.265428e-001 1.758142e+000
      vertex 5.437353e-001 -4.519336e-001 1.760043e+000
    endloop 
  endfacet
  facet normal 9.962699E-001 8.396085E-002 -1.992123E-002
    outer loop 
      vertex 5.321559e-001 -3.265428e-001 1.758142e+000
      vertex 5.307923e-001 -3.500408e-001 1.590913e+000
      vertex 5.166000e-001 -1.764224e-001 1.612890e+000
    endloop 
  endfacet
  facet normal 9.962415E-001 8.251056E-002 -2.636446E-002
    outer loop 
      vertex 5.359969e-001 -4.611069e-001 1.439986e+000
      vertex 5.307923e-001 -3.500408e-001 1.590913e+000
      vertex 5.398568e-001 -4.565683e-001 1.600046e+000
    endloop 
  endfacet
  facet normal 9.962380E-001 8.249525E-002 -2.653950E-002
    outer loop 
      vertex 5.437353e-001 -4.519336e-001 1.760043e+000
      vertex 5.398568e-001 -4.565683e-001 1.600046e+000
      vertex 5.307923e-001 -3.500408e-001 1.590913e+000
    endloop 
  endfacet
  facet normal 8.759919E-002 -9.959463E-001 -2.043087E-002
    outer loop 
      vertex -3.326244e-001 -5.290612e-001 1.572596e+000
      vertex -2.137881e-001 -5.206751e-001 1.673320e+000
      vertex -3.451231e-001 -5.340049e-001 1.759996e+000
    endloop 
  endfacet
  facet normal 8.186281E-002 -9.965507E-001 -1.361265E-002
    outer loop 
      vertex -3.326244e-001 -5.290612e-001 1.572596e+000
      vertex -2.078471e-001 -5.183991e-001 1.542427e+000
      vertex -2.137881e-001 -5.206751e-001 1.673320e+000
    endloop 
  endfacet
  facet normal 7.441109E-002 -9.970371E-001 -1.949180E-002
    outer loop 
      vertex -2.806731e-001 -5.222362e-001 1.421812e+000
      vertex -3.326244e-001 -5.290612e-001 1.572596e+000
      vertex -4.611260e-001 -5.360583e-001 1.439947e+000
    endloop 
  endfacet
  facet normal 8.099636E-002 -9.965659E-001 -1.720158E-002
    outer loop 
      vertex -2.806731e-001 -5.222362e-001 1.421812e+000
      vertex -2.078471e-001 -5.183991e-001 1.542427e+000
      vertex -3.326244e-001 -5.290612e-001 1.572596e+000
    endloop 
  endfacet
  facet normal 8.298186E-002 -9.963350E-001 -2.074908E-002
    outer loop 
      vertex -3.451231e-001 -5.340049e-001 1.759996e+000
      vertex -4.565974e-001 -5.399568e-001 1.599979e+000
      vertex -3.326244e-001 -5.290612e-001 1.572596e+000
    endloop 
  endfacet
  facet normal 8.169060E-002 -9.963032E-001 -2.658244E-002
    outer loop 
      vertex -4.565974e-001 -5.399568e-001 1.599979e+000
      vertex -4.611260e-001 -5.360583e-001 1.439947e+000
      vertex -3.326244e-001 -5.290612e-001 1.572596e+000
    endloop 
  endfacet
  facet normal 2.069557E-002 -9.997584E-001 7.405472E-003
    outer loop 
      vertex 3.545727e-002 -4.993558e-001 4.157193e-001
      vertex 2.039497e-001 -4.959500e-001 4.046261e-001
      vertex 1.487143e-001 -4.961720e-001 5.290265e-001
    endloop 
  endfacet
  facet normal 2.668775E-002 -9.995931E-001 1.006637E-002
    outer loop 
      vertex 2.906441e-001 -4.922987e-001 5.373607e-001
      vertex 1.487143e-001 -4.961720e-001 5.290265e-001
      vertex 2.039497e-001 -4.959500e-001 4.046261e-001
    endloop 
  endfacet
  facet normal 2.735271E-002 -9.996256E-001 7.475516E-004
    outer loop 
      vertex 3.545727e-002 -4.993558e-001 4.157193e-001
      vertex 1.487143e-001 -4.961720e-001 5.290265e-001
      vertex 1.205165e-002 -4.998590e-001 5.991499e-001
    endloop 
  endfacet
  facet normal 1.878400E-001 -9.819964E-001 1.998138E-002
    outer loop 
      vertex 4.667251e-001 -4.188038e-001 3.636598e+000
      vertex 3.408377e-001 -4.439955e-001 3.581970e+000
      vertex 4.505796e-001 -4.254417e-001 3.462150e+000
    endloop 
  endfacet
  facet normal 1.804894E-001 -9.834908E-001 1.301766E-002
    outer loop 
      vertex 3.017251e-001 -4.535278e-001 3.404097e+000
      vertex 4.505796e-001 -4.254417e-001 3.462150e+000
      vertex 3.408377e-001 -4.439955e-001 3.581970e+000
    endloop 
  endfacet
  facet normal 1.839076E-001 -9.827324E-001 2.037334E-002
    outer loop 
      vertex 4.667251e-001 -4.188038e-001 3.636598e+000
      vertex 4.505796e-001 -4.254417e-001 3.462150e+000
      vertex 5.833720e-001 -3.993910e-001 3.520040e+000
    endloop 
  endfacet
  facet normal 1.756464E-001 -9.842610E-001 1.946173E-002
    outer loop 
      vertex 4.471115e-001 -4.297395e-001 3.276096e+000
      vertex 5.799380e-001 -4.043763e-001 3.360028e+000
      vertex 4.505796e-001 -4.254417e-001 3.462150e+000
    endloop 
  endfacet
  facet normal 1.780613E-001 -9.838280E-001 1.940671E-002
    outer loop 
      vertex 4.471115e-001 -4.297395e-001 3.276096e+000
      vertex 4.505796e-001 -4.254417e-001 3.462150e+000
      vertex 3.017251e-001 -4.535278e-001 3.404097e+000
    endloop 
  endfacet
  facet normal 1.812006E-001 -9.830825E-001 2.674036E-002
    outer loop 
      vertex 4.505796e-001 -4.254417e-001 3.462150e+000
      vertex 5.799380e-001 -4.043763e-001 3.360028e+000
      vertex 5.833720e-001 -3.993910e-001 3.520040e+000
    endloop 
  endfacet
  facet normal 1.086757E-001 -9.938763E-001 -1.998875E-002
    outer loop 
      vertex -4.427194e-001 -5.514073e-001 2.079966e+000
      vertex -3.247552e-001 -5.359424e-001 1.952376e+000
      vertex -3.109925e-001 -5.379830e-001 2.128665e+000
    endloop 
  endfacet
  facet normal 1.041345E-001 -9.943693E-001 -1.963993E-002
    outer loop 
      vertex -3.109925e-001 -5.379830e-001 2.128665e+000
      vertex -3.247552e-001 -5.359424e-001 1.952376e+000
      vertex -1.994806e-001 -5.236776e-001 1.995639e+000
    endloop 
  endfacet
  facet normal 1.005468E-001 -9.947178E-001 -2.066330E-002
    outer loop 
      vertex -3.451231e-001 -5.340049e-001 1.759996e+000
      vertex -3.247552e-001 -5.359424e-001 1.952376e+000
      vertex -4.473192e-001 -5.476587e-001 1.920000e+000
    endloop 
  endfacet
  facet normal 9.534908E-002 -9.952406E-001 -2.011827E-002
    outer loop 
      vertex -2.194921e-001 -5.234644e-001 1.833983e+000
      vertex -3.247552e-001 -5.359424e-001 1.952376e+000
      vertex -3.451231e-001 -5.340049e-001 1.759996e+000
    endloop 
  endfacet
  facet normal 1.019922E-001 -9.944392E-001 -2.623615E-002
    outer loop 
      vertex -4.473192e-001 -5.476587e-001 1.920000e+000
      vertex -3.247552e-001 -5.359424e-001 1.952376e+000
      vertex -4.427194e-001 -5.514073e-001 2.079966e+000
    endloop 
  endfacet
  facet normal 1.022032E-001 -9.946655E-001 -1.396368E-002
    outer loop 
      vertex -3.247552e-001 -5.359424e-001 1.952376e+000
      vertex -2.194921e-001 -5.234644e-001 1.833983e+000
      vertex -1.994806e-001 -5.236776e-001 1.995639e+000
    endloop 
  endfacet
endsolid
