solid ASCII
; Created 4/30/2025 8:09:15 AM by Nastran FNO Reader 1.84
; NAS File: C:\Users\Sam\Documents\Inventor\1x1x4_block\InCAD\FEA\py5ys2o95.nas
; Results from: C:\Users\Sam\Documents\Inventor\1x1x4_block\InCAD\FEA\py5ys2o95.FNO
; Subcase: [1] INCR 11, LOAD=1.0
; Deformed positions, scale factor 1.0
;
; Property ID = 1  Element Type = Solid
  facet normal -8.482594E-001 -4.781217E-001 2.277182E-001
    outer loop 
      vertex -2.057258e-001 -6.712198e-001 7.994717e-001
      vertex -2.344771e-001 -5.842425e-001 8.749912e-001
      vertex -2.823038e-001 -5.567570e-001 7.545439e-001
    endloop 
  endfacet
  facet normal -8.441968E-001 -4.869442E-001 2.240918E-001
    outer loop 
      vertex -2.823038e-001 -5.567570e-001 7.545439e-001
      vertex -2.344771e-001 -5.842425e-001 8.749912e-001
      vertex -3.080254e-001 -4.702157e-001 8.456970e-001
    endloop 
  endfacet
  facet normal -8.824077E-001 -4.140731E-001 2.233834E-001
    outer loop 
      vertex -3.514974e-001 -4.304475e-001 7.153484e-001
      vertex -3.343764e-001 -5.207049e-001 6.156749e-001
      vertex -2.823038e-001 -5.567570e-001 7.545439e-001
    endloop 
  endfacet
  facet normal -8.913442E-001 -3.886680E-001 2.333299E-001
    outer loop 
      vertex -3.343764e-001 -5.207049e-001 6.156749e-001
      vertex -2.732372e-001 -6.462726e-001 6.400691e-001
      vertex -2.823038e-001 -5.567570e-001 7.545439e-001
    endloop 
  endfacet
  facet normal -8.857399E-001 -4.347063E-001 1.627742E-001
    outer loop 
      vertex -3.514974e-001 -4.304475e-001 7.153484e-001
      vertex -2.823038e-001 -5.567570e-001 7.545439e-001
      vertex -3.080254e-001 -4.702157e-001 8.456970e-001
    endloop 
  endfacet
  facet normal -8.444451E-001 -4.523601E-001 2.868496E-001
    outer loop 
      vertex -2.823038e-001 -5.567570e-001 7.545439e-001
      vertex -2.732372e-001 -6.462726e-001 6.400691e-001
      vertex -2.057258e-001 -6.712198e-001 7.994717e-001
    endloop 
  endfacet
  facet normal 9.796258E-001 9.916883E-002 -1.746392E-001
    outer loop 
      vertex 5.494348e-001 -2.044379e-001 3.354455e-001
      vertex 5.381840e-001 -3.098591e-001 2.124716e-001
      vertex 5.198431e-001 -1.508791e-001 1.998665e-001
    endloop 
  endfacet
  facet normal 9.767309E-001 9.753720E-002 -1.910056E-001
    outer loop 
      vertex 5.152132e-001 -3.104067e-001 9.472793e-002
      vertex 5.198431e-001 -1.508791e-001 1.998665e-001
      vertex 5.381840e-001 -3.098591e-001 2.124716e-001
    endloop 
  endfacet
  facet normal 9.698479E-001 2.059365E-001 -1.303278E-001
    outer loop 
      vertex 5.494348e-001 -2.044379e-001 3.354455e-001
      vertex 5.198431e-001 -1.508791e-001 1.998665e-001
      vertex 5.170990e-001 -2.907198e-002 3.719188e-001
    endloop 
  endfacet
  facet normal 9.863943E-001 1.241710E-001 -1.077393E-001
    outer loop 
      vertex 5.002854e-001 2.277651e-002 2.209491e-001
      vertex 5.198431e-001 -1.508791e-001 1.998665e-001
      vertex 5.000000e-001 -1.666667e-001 0.000000e+000
    endloop 
  endfacet
  facet normal 9.903740E-001 1.199294E-001 -6.911037E-002
    outer loop 
      vertex 5.170990e-001 -2.907198e-002 3.719188e-001
      vertex 5.198431e-001 -1.508791e-001 1.998665e-001
      vertex 5.002854e-001 2.277651e-002 2.209491e-001
    endloop 
  endfacet
  facet normal 9.940811E-001 3.818246E-002 -1.017102E-001
    outer loop 
      vertex 5.152132e-001 -3.104067e-001 9.472793e-002
      vertex 5.000000e-001 -1.666667e-001 0.000000e+000
      vertex 5.198431e-001 -1.508791e-001 1.998665e-001
    endloop 
  endfacet
  facet normal -8.962654E-001 3.884076E-001 -2.141212E-001
    outer loop 
      vertex -2.677739e-001 6.388876e-001 1.926398e+000
      vertex -3.413458e-001 4.665936e-001 1.921819e+000
      vertex -3.588766e-001 5.124368e-001 2.078357e+000
    endloop 
  endfacet
  facet normal -9.421120E-001 2.783021E-001 -1.870105E-001
    outer loop 
      vertex -3.413458e-001 4.665936e-001 1.921819e+000
      vertex -4.116630e-001 3.407466e-001 2.088779e+000
      vertex -3.588766e-001 5.124368e-001 2.078357e+000
    endloop 
  endfacet
  facet normal -8.946561E-001 3.879194E-001 -2.216052E-001
    outer loop 
      vertex -2.677739e-001 6.388876e-001 1.926398e+000
      vertex -2.621727e-001 5.518954e-001 1.751505e+000
      vertex -3.413458e-001 4.665936e-001 1.921819e+000
    endloop 
  endfacet
  facet normal -8.715694E-001 4.576032E-001 -1.759718E-001
    outer loop 
      vertex -3.413458e-001 4.665936e-001 1.921819e+000
      vertex -2.621727e-001 5.518954e-001 1.751505e+000
      vertex -3.427117e-001 4.086852e-001 1.777997e+000
    endloop 
  endfacet
  facet normal 2.950760E-001 9.296724E-001 -2.205437E-001
    outer loop 
      vertex 6.219363e-001 3.287644e-001 2.081121e+000
      vertex 5.250293e-001 3.201801e-001 1.915279e+000
      vertex 4.602932e-001 3.777820e-001 2.071478e+000
    endloop 
  endfacet
  facet normal 3.829373E-001 8.954696E-001 -2.269212E-001
    outer loop 
      vertex 5.674475e-001 2.579780e-001 1.741401e+000
      vertex 5.250293e-001 3.201801e-001 1.915279e+000
      vertex 6.511185e-001 2.677460e-001 1.921144e+000
    endloop 
  endfacet
  facet normal 4.547275E-001 8.679821E-001 -1.995744E-001
    outer loop 
      vertex 5.674475e-001 2.579780e-001 1.741401e+000
      vertex 4.548436e-001 3.263816e-001 1.782333e+000
      vertex 5.250293e-001 3.201801e-001 1.915279e+000
    endloop 
  endfacet
  facet normal 3.805186E-001 8.850400E-001 -2.681601E-001
    outer loop 
      vertex 6.511185e-001 2.677460e-001 1.921144e+000
      vertex 5.250293e-001 3.201801e-001 1.915279e+000
      vertex 6.219363e-001 3.287644e-001 2.081121e+000
    endloop 
  endfacet
  facet normal -9.747735E-001 7.272628E-003 -2.230777E-001
    outer loop 
      vertex -4.631393e-001 3.928384e-001 2.431632e+000
      vertex -5.015582e-001 3.401360e-001 2.597791e+000
      vertex -4.932671e-001 4.796936e-001 2.566111e+000
    endloop 
  endfacet
  facet normal -9.572420E-001 9.240466E-002 -2.741336E-001
    outer loop 
      vertex -4.932671e-001 4.796936e-001 2.566111e+000
      vertex -4.430861e-001 5.281577e-001 2.407221e+000
      vertex -4.631393e-001 3.928384e-001 2.431632e+000
    endloop 
  endfacet
  facet normal -1.080560E-001 -9.654122E-001 -2.372829E-001
    outer loop 
      vertex -5.289561e-001 -4.595716e-001 2.403302e+000
      vertex -4.528379e-001 -4.451541e-001 2.309980e+000
      vertex -4.027444e-001 -4.884262e-001 2.463225e+000
    endloop 
  endfacet
  facet normal -1.267135E-001 -9.646730E-001 -2.309753E-001
    outer loop 
      vertex -4.027444e-001 -4.884262e-001 2.463225e+000
      vertex -4.528379e-001 -4.451541e-001 2.309980e+000
      vertex -3.384866e-001 -4.719394e-001 2.359116e+000
    endloop 
  endfacet
  facet normal -3.199423E-002 -9.746287E-001 -2.215289E-001
    outer loop 
      vertex -4.027444e-001 -4.884262e-001 2.463225e+000
      vertex -2.549150e-001 -5.025806e-001 2.504148e+000
      vertex -3.395228e-001 -5.221664e-001 2.602536e+000
    endloop 
  endfacet
  facet normal -4.354826E-002 -9.822541E-001 -1.824287E-001
    outer loop 
      vertex -2.549150e-001 -5.025806e-001 2.504148e+000
      vertex -4.027444e-001 -4.884262e-001 2.463225e+000
      vertex -3.384866e-001 -4.719394e-001 2.359116e+000
    endloop 
  endfacet
  facet normal -1.379457E-002 -9.732233E-001 -2.294478E-001
    outer loop 
      vertex -4.814449e-001 -5.108629e-001 2.563124e+000
      vertex -4.027444e-001 -4.884262e-001 2.463225e+000
      vertex -3.395228e-001 -5.221664e-001 2.602536e+000
    endloop 
  endfacet
  facet normal -8.485642E-002 -9.557970E-001 -2.815166E-001
    outer loop 
      vertex -5.289561e-001 -4.595716e-001 2.403302e+000
      vertex -4.027444e-001 -4.884262e-001 2.463225e+000
      vertex -4.814449e-001 -5.108629e-001 2.563124e+000
    endloop 
  endfacet
  facet normal -9.483061E-001 2.494584E-001 1.961783E-001
    outer loop 
      vertex -5.678492e-001 -1.693662e-001 2.056217e+000
      vertex -5.438557e-001 -2.090142e-001 2.222615e+000
      vertex -5.097102e-001 -1.187587e-002 2.136992e+000
    endloop 
  endfacet
  facet normal -9.462991E-001 2.559939E-001 1.974462E-001
    outer loop 
      vertex -5.438557e-001 -2.090142e-001 2.222615e+000
      vertex -5.678492e-001 -1.693662e-001 2.056217e+000
      vertex -6.092812e-001 -3.435044e-001 2.083420e+000
    endloop 
  endfacet
  facet normal -9.137118E-001 3.462645E-001 2.126772E-001
    outer loop 
      vertex -6.408626e-001 -2.801237e-001 1.922860e+000
      vertex -5.678492e-001 -1.693662e-001 2.056217e+000
      vertex -5.933516e-001 -1.347029e-001 1.890216e+000
    endloop 
  endfacet
  facet normal -9.161510E-001 3.403016E-001 2.118068E-001
    outer loop 
      vertex -5.678492e-001 -1.693662e-001 2.056217e+000
      vertex -5.249292e-001 -5.504489e-004 1.970634e+000
      vertex -5.933516e-001 -1.347029e-001 1.890216e+000
    endloop 
  endfacet
  facet normal -9.493093E-001 2.955830E-001 1.069691E-001
    outer loop 
      vertex -5.678492e-001 -1.693662e-001 2.056217e+000
      vertex -5.097102e-001 -1.187587e-002 2.136992e+000
      vertex -5.249292e-001 -5.504489e-004 1.970634e+000
    endloop 
  endfacet
  facet normal -9.213962E-001 2.638042E-001 2.853708E-001
    outer loop 
      vertex -5.678492e-001 -1.693662e-001 2.056217e+000
      vertex -6.408626e-001 -2.801237e-001 1.922860e+000
      vertex -6.092812e-001 -3.435044e-001 2.083420e+000
    endloop 
  endfacet
  facet normal -6.121566E-001 7.620531E-001 -2.110437E-001
    outer loop 
      vertex 6.951880e-002 6.953576e-001 1.122422e+000
      vertex 6.542802e-004 6.180598e-001 1.043059e+000
      vertex -8.145180e-002 6.092695e-001 1.249477e+000
    endloop 
  endfacet
  facet normal -6.026845E-001 7.706882E-001 -2.069082E-001
    outer loop 
      vertex -8.145180e-002 6.092695e-001 1.249477e+000
      vertex 6.542802e-004 6.180598e-001 1.043059e+000
      vertex -1.257654e-001 5.347931e-001 1.101146e+000
    endloop 
  endfacet
  facet normal -5.218433E-001 8.252676E-001 -2.159005E-001
    outer loop 
      vertex -6.777267e-002 5.486047e-001 9.429625e-001
      vertex 6.542802e-004 6.180598e-001 1.043059e+000
      vertex 6.841129e-002 6.170562e-001 8.754506e-001
    endloop 
  endfacet
  facet normal -5.199273E-001 8.266758E-001 -2.151344E-001
    outer loop 
      vertex 1.399640e-001 6.849810e-001 9.635329e-001
      vertex 6.841129e-002 6.170562e-001 8.754506e-001
      vertex 6.542802e-004 6.180598e-001 1.043059e+000
    endloop 
  endfacet
  facet normal -5.903335E-001 7.936363E-001 -1.471316E-001
    outer loop 
      vertex 6.542802e-004 6.180598e-001 1.043059e+000
      vertex -6.777267e-002 5.486047e-001 9.429625e-001
      vertex -1.257654e-001 5.347931e-001 1.101146e+000
    endloop 
  endfacet
  facet normal -5.446680E-001 7.858758E-001 -2.928070E-001
    outer loop 
      vertex 6.542802e-004 6.180598e-001 1.043059e+000
      vertex 6.951880e-002 6.953576e-001 1.122422e+000
      vertex 1.399640e-001 6.849810e-001 9.635329e-001
    endloop 
  endfacet
  facet normal 8.696404E-001 -4.638154E-001 -1.691182E-001
    outer loop 
      vertex 2.603147e-001 -5.836058e-001 1.741628e+000
      vertex 2.967677e-001 -4.826725e-001 1.652262e+000
      vertex 3.396592e-001 -4.606869e-001 1.812523e+000
    endloop 
  endfacet
  facet normal 8.700837E-001 -4.628936E-001 -1.693633E-001
    outer loop 
      vertex 3.729309e-001 -3.682401e-001 1.730782e+000
      vertex 3.396592e-001 -4.606869e-001 1.812523e+000
      vertex 2.967677e-001 -4.826725e-001 1.652262e+000
    endloop 
  endfacet
  facet normal 0.000000E+000 0.000000E+000 1.000000E+000
    outer loop 
      vertex 6.894273e-002 -5.539235e-001 4.000000e+000
      vertex -5.803941e-002 -4.576998e-001 4.000000e+000
      vertex -3.505599e-002 -6.270151e-001 4.000000e+000
    endloop 
  endfacet
  facet normal 0.000000E+000 0.000000E+000 1.000000E+000
    outer loop 
      vertex -5.803941e-002 -4.576998e-001 4.000000e+000
      vertex 6.894273e-002 -5.539235e-001 4.000000e+000
      vertex 6.314260e-002 -4.028902e-001 4.000000e+000
    endloop 
  endfacet
  facet normal 0.000000E+000 0.000000E+000 1.000000E+000
    outer loop 
      vertex -5.803941e-002 -4.576998e-001 4.000000e+000
      vertex -1.772134e-001 -3.527804e-001 4.000000e+000
      vertex -1.742847e-001 -5.158730e-001 4.000000e+000
    endloop 
  endfacet
  facet normal 0.000000E+000 0.000000E+000 1.000000E+000
    outer loop 
      vertex -5.803941e-002 -4.576998e-001 4.000000e+000
      vertex -1.742847e-001 -5.158730e-001 4.000000e+000
      vertex -3.505599e-002 -6.270151e-001 4.000000e+000
    endloop 
  endfacet
  facet normal 0.000000E+000 0.000000E+000 1.000000E+000
    outer loop 
      vertex 4.692594e-001 2.684777e-001 4.000000e+000
      vertex 3.561973e-001 1.756868e-001 4.000000e+000
      vertex 4.923126e-001 1.101573e-001 4.000000e+000
    endloop 
  endfacet
  facet normal 0.000000E+000 0.000000E+000 1.000000E+000
    outer loop 
      vertex 3.561973e-001 1.756868e-001 4.000000e+000
      vertex 4.331397e-001 -1.202342e-002 4.000000e+000
      vertex 4.923126e-001 1.101573e-001 4.000000e+000
    endloop 
  endfacet
  facet normal 0.000000E+000 0.000000E+000 1.000000E+000
    outer loop 
      vertex 4.923126e-001 1.101573e-001 4.000000e+000
      vertex 6.251593e-001 -6.122521e-002 4.000000e+000
      vertex 5.942022e-001 1.674449e-001 4.000000e+000
    endloop 
  endfacet
  facet normal 0.000000E+000 0.000000E+000 1.000000E+000
    outer loop 
      vertex 4.923126e-001 1.101573e-001 4.000000e+000
      vertex 4.331397e-001 -1.202342e-002 4.000000e+000
      vertex 6.251593e-001 -6.122521e-002 4.000000e+000
    endloop 
  endfacet
  facet normal 0.000000E+000 0.000000E+000 1.000000E+000
    outer loop 
      vertex 4.692594e-001 2.684777e-001 4.000000e+000
      vertex 4.923126e-001 1.101573e-001 4.000000e+000
      vertex 5.942022e-001 1.674449e-001 4.000000e+000
    endloop 
  endfacet
  facet normal 0.000000E+000 0.000000E+000 -1.000000E+000
    outer loop 
      vertex -6.641074e-002 -3.674450e-001 0.000000e+000
      vertex -1.666667e-001 -5.000000e-001 0.000000e+000
      vertex -2.201840e-001 -3.768720e-001 0.000000e+000
    endloop 
  endfacet
  facet normal 0.000000E+000 0.000000E+000 -1.000000E+000
    outer loop 
      vertex -2.201840e-001 -3.768720e-001 0.000000e+000
      vertex -1.666667e-001 -5.000000e-001 0.000000e+000
      vertex -3.333333e-001 -5.000000e-001 0.000000e+000
    endloop 
  endfacet
  facet normal -9.967635E-001 -7.934420E-002 1.292698E-002
    outer loop 
      vertex -4.940090e-001 -6.718901e-002 2.772016e-001
      vertex -5.032820e-001 2.608606e-002 1.346978e-001
      vertex -4.862124e-001 -1.861798e-001 1.480263e-001
    endloop 
  endfacet
  facet normal -9.833766E-001 -1.592116E-001 8.730539E-002
    outer loop 
      vertex -4.862124e-001 -1.861798e-001 1.480263e-001
      vertex -4.648811e-001 -2.312085e-001 3.061793e-001
      vertex -4.940090e-001 -6.718901e-002 2.772016e-001
    endloop 
  endfacet
  facet normal -9.846014E-001 -1.506736E-001 -8.864188E-002
    outer loop 
      vertex -5.215434e-001 4.111810e-002 3.989432e-001
      vertex -5.200045e-001 1.270978e-001 2.357002e-001
      vertex -4.940090e-001 -6.718901e-002 2.772016e-001
    endloop 
  endfacet
  facet normal -9.900924E-001 -1.380071E-001 -2.590458E-002
    outer loop 
      vertex -5.200045e-001 1.270978e-001 2.357002e-001
      vertex -5.032820e-001 2.608606e-002 1.346978e-001
      vertex -4.940090e-001 -6.718901e-002 2.772016e-001
    endloop 
  endfacet
  facet normal -9.726564E-001 -2.318430E-001 -1.372814E-002
    outer loop 
      vertex -5.215434e-001 4.111810e-002 3.989432e-001
      vertex -4.940090e-001 -6.718901e-002 2.772016e-001
      vertex -4.735655e-001 -1.609662e-001 4.124797e-001
    endloop 
  endfacet
  facet normal -9.850494E-001 -1.693773E-001 3.144708E-002
    outer loop 
      vertex -4.940090e-001 -6.718901e-002 2.772016e-001
      vertex -4.648811e-001 -2.312085e-001 3.061793e-001
      vertex -4.735655e-001 -1.609662e-001 4.124797e-001
    endloop 
  endfacet
  facet normal 0.000000E+000 0.000000E+000 -1.000000E+000
    outer loop 
      vertex 2.542583e-001 3.949247e-001 0.000000e+000
      vertex 1.274870e-001 3.588903e-001 0.000000e+000
      vertex 1.666667e-001 5.000000e-001 0.000000e+000
    endloop 
  endfacet
  facet normal 0.000000E+000 0.000000E+000 -1.000000E+000
    outer loop 
      vertex 2.514211e-001 2.763562e-001 0.000000e+000
      vertex 1.274870e-001 3.588903e-001 0.000000e+000
      vertex 2.542583e-001 3.949247e-001 0.000000e+000
    endloop 
  endfacet
  facet normal 0.000000E+000 0.000000E+000 -1.000000E+000
    outer loop 
      vertex 1.666667e-001 5.000000e-001 0.000000e+000
      vertex 3.333333e-001 5.000000e-001 0.000000e+000
      vertex 2.542583e-001 3.949247e-001 0.000000e+000
    endloop 
  endfacet
  facet normal 0.000000E+000 0.000000E+000 -1.000000E+000
    outer loop 
      vertex -3.758429e-001 2.112186e-001 0.000000e+000
      vertex -5.000000e-001 3.333333e-001 0.000000e+000
      vertex -3.725906e-001 3.661245e-001 0.000000e+000
    endloop 
  endfacet
  facet normal 0.000000E+000 0.000000E+000 -1.000000E+000
    outer loop 
      vertex -3.725906e-001 3.661245e-001 0.000000e+000
      vertex -2.457781e-001 2.525930e-001 0.000000e+000
      vertex -3.758429e-001 2.112186e-001 0.000000e+000
    endloop 
  endfacet
  facet normal 0.000000E+000 0.000000E+000 -1.000000E+000
    outer loop 
      vertex -3.333333e-001 5.000000e-001 0.000000e+000
      vertex -2.453599e-001 3.902999e-001 0.000000e+000
      vertex -3.725906e-001 3.661245e-001 0.000000e+000
    endloop 
  endfacet
  facet normal 0.000000E+000 0.000000E+000 -1.000000E+000
    outer loop 
      vertex -3.725906e-001 3.661245e-001 0.000000e+000
      vertex -2.453599e-001 3.902999e-001 0.000000e+000
      vertex -2.457781e-001 2.525930e-001 0.000000e+000
    endloop 
  endfacet
  facet normal 0.000000E+000 0.000000E+000 -1.000000E+000
    outer loop 
      vertex -3.725906e-001 3.661245e-001 0.000000e+000
      vertex -5.000000e-001 5.000000e-001 0.000000e+000
      vertex -3.333333e-001 5.000000e-001 0.000000e+000
    endloop 
  endfacet
  facet normal 0.000000E+000 0.000000E+000 -1.000000E+000
    outer loop 
      vertex -3.725906e-001 3.661245e-001 0.000000e+000
      vertex -5.000000e-001 3.333333e-001 0.000000e+000
      vertex -5.000000e-001 5.000000e-001 0.000000e+000
    endloop 
  endfacet
  facet normal 0.000000E+000 0.000000E+000 -1.000000E+000
    outer loop 
      vertex -3.758429e-001 2.112186e-001 0.000000e+000
      vertex -3.766828e-001 6.072977e-002 0.000000e+000
      vertex -5.000000e-001 1.666667e-001 0.000000e+000
    endloop 
  endfacet
  facet normal 0.000000E+000 0.000000E+000 -1.000000E+000
    outer loop 
      vertex -5.000000e-001 1.666667e-001 0.000000e+000
      vertex -5.000000e-001 3.333333e-001 0.000000e+000
      vertex -3.758429e-001 2.112186e-001 0.000000e+000
    endloop 
  endfacet
  facet normal 0.000000E+000 0.000000E+000 -1.000000E+000
    outer loop 
      vertex 3.782346e-001 -2.876811e-001 0.000000e+000
      vertex 3.952537e-001 -4.042868e-001 0.000000e+000
      vertex 2.567876e-001 -3.806878e-001 0.000000e+000
    endloop 
  endfacet
  facet normal 0.000000E+000 0.000000E+000 -1.000000E+000
    outer loop 
      vertex 5.000000e-001 -3.333333e-001 0.000000e+000
      vertex 3.952537e-001 -4.042868e-001 0.000000e+000
      vertex 3.782346e-001 -2.876811e-001 0.000000e+000
    endloop 
  endfacet
  facet normal 0.000000E+000 0.000000E+000 -1.000000E+000
    outer loop 
      vertex 2.407040e-001 -2.523085e-001 0.000000e+000
      vertex 3.782346e-001 -2.876811e-001 0.000000e+000
      vertex 2.567876e-001 -3.806878e-001 0.000000e+000
    endloop 
  endfacet
  facet normal 0.000000E+000 0.000000E+000 -1.000000E+000
    outer loop 
      vertex 5.000000e-001 -3.333333e-001 0.000000e+000
      vertex 3.782346e-001 -2.876811e-001 0.000000e+000
      vertex 5.000000e-001 -1.666667e-001 0.000000e+000
    endloop 
  endfacet
  facet normal 0.000000E+000 0.000000E+000 -1.000000E+000
    outer loop 
      vertex -5.000000e-001 -1.666667e-001 0.000000e+000
      vertex -3.789835e-001 -8.326499e-002 0.000000e+000
      vertex -3.818465e-001 -2.199804e-001 0.000000e+000
    endloop 
  endfacet
  facet normal 0.000000E+000 0.000000E+000 -1.000000E+000
    outer loop 
      vertex -5.000000e-001 -3.333333e-001 0.000000e+000
      vertex -5.000000e-001 -1.666667e-001 0.000000e+000
      vertex -3.818465e-001 -2.199804e-001 0.000000e+000
    endloop 
  endfacet
  facet normal 0.000000E+000 0.000000E+000 1.000000E+000
    outer loop 
      vertex -4.556083e-001 9.841412e-003 4.000000e+000
      vertex -3.489960e-001 1.462400e-001 4.000000e+000
      vertex -4.901677e-001 1.739439e-001 4.000000e+000
    endloop 
  endfacet
  facet normal 0.000000E+000 0.000000E+000 1.000000E+000
    outer loop 
      vertex -4.556083e-001 9.841412e-003 4.000000e+000
      vertex -3.110144e-001 -3.112178e-002 4.000000e+000
      vertex -3.489960e-001 1.462400e-001 4.000000e+000
    endloop 
  endfacet
  facet normal 0.000000E+000 0.000000E+000 1.000000E+000
    outer loop 
      vertex -4.556083e-001 9.841412e-003 4.000000e+000
      vertex -4.308656e-001 -1.452945e-001 4.000000e+000
      vertex -3.110144e-001 -3.112178e-002 4.000000e+000
    endloop 
  endfacet
  facet normal 0.000000E+000 0.000000E+000 1.000000E+000
    outer loop 
      vertex -6.006331e-001 3.066832e-002 4.000000e+000
      vertex -4.556083e-001 9.841412e-003 4.000000e+000
      vertex -4.901677e-001 1.739439e-001 4.000000e+000
    endloop 
  endfacet
  facet normal 0.000000E+000 0.000000E+000 -1.000000E+000
    outer loop 
      vertex 2.567876e-001 -3.806878e-001 0.000000e+000
      vertex 3.952537e-001 -4.042868e-001 0.000000e+000
      vertex 3.333333e-001 -5.000000e-001 0.000000e+000
    endloop 
  endfacet
  facet normal 0.000000E+000 0.000000E+000 -1.000000E+000
    outer loop 
      vertex 3.333333e-001 -5.000000e-001 0.000000e+000
      vertex 3.952537e-001 -4.042868e-001 0.000000e+000
      vertex 5.000000e-001 -5.000000e-001 0.000000e+000
    endloop 
  endfacet
  facet normal 0.000000E+000 0.000000E+000 -1.000000E+000
    outer loop 
      vertex 5.000000e-001 -5.000000e-001 0.000000e+000
      vertex 3.952537e-001 -4.042868e-001 0.000000e+000
      vertex 5.000000e-001 -3.333333e-001 0.000000e+000
    endloop 
  endfacet
  facet normal 0.000000E+000 0.000000E+000 1.000000E+000
    outer loop 
      vertex 1.991666e-001 4.888027e-001 4.000000e+000
      vertex -6.918132e-003 5.073752e-001 4.000000e+000
      vertex 1.016439e-001 3.389495e-001 4.000000e+000
    endloop 
  endfacet
  facet normal 0.000000E+000 0.000000E+000 1.000000E+000
    outer loop 
      vertex -6.918132e-003 5.073752e-001 4.000000e+000
      vertex -9.537318e-002 3.937510e-001 4.000000e+000
      vertex 1.016439e-001 3.389495e-001 4.000000e+000
    endloop 
  endfacet
  facet normal 0.000000E+000 0.000000E+000 1.000000E+000
    outer loop 
      vertex 1.991666e-001 4.888027e-001 4.000000e+000
      vertex 5.801889e-002 6.000142e-001 4.000000e+000
      vertex -6.918132e-003 5.073752e-001 4.000000e+000
    endloop 
  endfacet
  facet normal 0.000000E+000 0.000000E+000 1.000000E+000
    outer loop 
      vertex 5.801889e-002 6.000142e-001 4.000000e+000
      vertex -8.470947e-002 6.969770e-001 4.000000e+000
      vertex -6.918132e-003 5.073752e-001 4.000000e+000
    endloop 
  endfacet
  facet normal 0.000000E+000 0.000000E+000 1.000000E+000
    outer loop 
      vertex -1.713781e-001 5.704653e-001 4.000000e+000
      vertex -9.537318e-002 3.937510e-001 4.000000e+000
      vertex -6.918132e-003 5.073752e-001 4.000000e+000
    endloop 
  endfacet
  facet normal 0.000000E+000 0.000000E+000 1.000000E+000
    outer loop 
      vertex -8.470947e-002 6.969770e-001 4.000000e+000
      vertex -1.713781e-001 5.704653e-001 4.000000e+000
      vertex -6.918132e-003 5.073752e-001 4.000000e+000
    endloop 
  endfacet
  facet normal 0.000000E+000 0.000000E+000 -1.000000E+000
    outer loop 
      vertex 5.000000e-001 1.666667e-001 0.000000e+000
      vertex 3.779213e-001 8.281100e-002 0.000000e+000
      vertex 3.775123e-001 2.188884e-001 0.000000e+000
    endloop 
  endfacet
  facet normal 0.000000E+000 0.000000E+000 -1.000000E+000
    outer loop 
      vertex 5.000000e-001 3.333333e-001 0.000000e+000
      vertex 5.000000e-001 1.666667e-001 0.000000e+000
      vertex 3.775123e-001 2.188884e-001 0.000000e+000
    endloop 
  endfacet
  facet normal -6.369992E-001 -7.663542E-001 8.326565E-002
    outer loop 
      vertex -1.902493e-001 -4.760863e-001 1.563959e+000
      vertex -2.741998e-001 -4.195911e-001 1.441687e+000
      vertex -1.665684e-001 -5.105001e-001 1.428388e+000
    endloop 
  endfacet
  facet normal -5.811841E-001 -8.071789E-001 1.033782E-001
    outer loop 
      vertex -1.902493e-001 -4.760863e-001 1.563959e+000
      vertex -1.665684e-001 -5.105001e-001 1.428388e+000
      vertex -8.634603e-002 -5.536941e-001 1.542131e+000
    endloop 
  endfacet
  facet normal 4.687096E-001 -8.768364E-001 1.070951E-001
    outer loop 
      vertex 4.556213e-001 -3.174583e-001 8.496692e-001
      vertex 3.052027e-001 -4.039867e-001 7.995399e-001
      vertex 3.651300e-001 -3.863939e-001 6.813036e-001
    endloop 
  endfacet
  facet normal 3.717846E-001 -9.269437E-001 5.051360E-002
    outer loop 
      vertex 1.734158e-001 -4.678017e-001 5.984725e-001
      vertex 3.651300e-001 -3.863939e-001 6.813036e-001
      vertex 3.052027e-001 -4.039867e-001 7.995399e-001
    endloop 
  endfacet
  facet normal 4.039644E-001 -9.004545E-001 1.612278E-001
    outer loop 
      vertex 5.280652e-001 -3.062001e-001 7.209421e-001
      vertex 3.651300e-001 -3.863939e-001 6.813036e-001
      vertex 4.218225e-001 -3.833407e-001 5.563098e-001
    endloop 
  endfacet
  facet normal 4.069273E-001 -9.010264E-001 1.502055E-001
    outer loop 
      vertex 5.280652e-001 -3.062001e-001 7.209421e-001
      vertex 4.556213e-001 -3.174583e-001 8.496692e-001
      vertex 3.651300e-001 -3.863939e-001 6.813036e-001
    endloop 
  endfacet
  facet normal 3.167280E-001 -9.408087E-001 1.206749E-001
    outer loop 
      vertex 3.651300e-001 -3.863939e-001 6.813036e-001
      vertex 2.851169e-001 -4.314250e-001 5.402366e-001
      vertex 4.218225e-001 -3.833407e-001 5.563098e-001
    endloop 
  endfacet
  facet normal 3.533790E-001 -9.304804E-001 9.658950E-002
    outer loop 
      vertex 2.851169e-001 -4.314250e-001 5.402366e-001
      vertex 3.651300e-001 -3.863939e-001 6.813036e-001
      vertex 1.734158e-001 -4.678017e-001 5.984725e-001
    endloop 
  endfacet
  facet normal -7.056604E-001 -7.030972E-001 8.773688E-002
    outer loop 
      vertex -2.643066e-001 -4.544273e-001 1.173346e+000
      vertex -1.353948e-001 -5.707812e-001 1.277748e+000
      vertex -2.654953e-001 -4.366533e-001 1.306221e+000
    endloop 
  endfacet
  facet normal -7.416084E-001 -6.393146E-001 2.032088E-001
    outer loop 
      vertex -2.643066e-001 -4.544273e-001 1.173346e+000
      vertex -1.764059e-001 -5.756322e-001 1.112817e+000
      vertex -1.353948e-001 -5.707812e-001 1.277748e+000
    endloop 
  endfacet
  facet normal -7.990593E-001 -5.891487E-001 1.200335E-001
    outer loop 
      vertex -3.507681e-001 -3.625325e-001 1.048813e+000
      vertex -2.766664e-001 -4.615036e-001 1.056335e+000
      vertex -2.643066e-001 -4.544273e-001 1.173346e+000
    endloop 
  endfacet
  facet normal -7.744517E-001 -6.212679E-001 1.193766E-001
    outer loop 
      vertex -2.766664e-001 -4.615036e-001 1.056335e+000
      vertex -1.764059e-001 -5.756322e-001 1.112817e+000
      vertex -2.643066e-001 -4.544273e-001 1.173346e+000
    endloop 
  endfacet
  facet normal -7.491984E-001 -6.615735E-001 3.197245E-002
    outer loop 
      vertex -3.726471e-001 -3.314779e-001 1.178711e+000
      vertex -3.507681e-001 -3.625325e-001 1.048813e+000
      vertex -2.643066e-001 -4.544273e-001 1.173346e+000
    endloop 
  endfacet
  facet normal -7.459925E-001 -6.609197E-001 8.173422E-002
    outer loop 
      vertex -3.726471e-001 -3.314779e-001 1.178711e+000
      vertex -2.643066e-001 -4.544273e-001 1.173346e+000
      vertex -2.654953e-001 -4.366533e-001 1.306221e+000
    endloop 
  endfacet
  facet normal -6.885150E-001 7.184819E-001 9.864455E-002
    outer loop 
      vertex -4.477001e-001 2.391980e-001 1.371844e+000
      vertex -4.463170e-001 2.672308e-001 1.177320e+000
      vertex -5.676852e-001 1.398370e-001 1.258077e+000
    endloop 
  endfacet
  facet normal -6.425903E-001 7.394474E-001 2.007369E-001
    outer loop 
      vertex -4.463170e-001 2.672308e-001 1.177320e+000
      vertex -5.675908e-001 1.856702e-001 1.089545e+000
      vertex -5.676852e-001 1.398370e-001 1.258077e+000
    endloop 
  endfacet
  facet normal -6.028436E-001 7.892452E-001 1.169261E-001
    outer loop 
      vertex -4.403399e-001 2.956804e-001 1.016102e+000
      vertex -4.463170e-001 2.672308e-001 1.177320e+000
      vertex -3.268705e-001 3.730456e-001 1.078913e+000
    endloop 
  endfacet
  facet normal -6.105868E-001 7.834641E-001 1.156188E-001
    outer loop 
      vertex -5.675908e-001 1.856702e-001 1.089545e+000
      vertex -4.463170e-001 2.672308e-001 1.177320e+000
      vertex -4.403399e-001 2.956804e-001 1.016102e+000
    endloop 
  endfacet
  facet normal -6.577399E-001 7.531576E-001 1.148815E-002
    outer loop 
      vertex -3.306693e-001 3.672649e-001 1.240393e+000
      vertex -3.268705e-001 3.730456e-001 1.078913e+000
      vertex -4.463170e-001 2.672308e-001 1.177320e+000
    endloop 
  endfacet
  facet normal -6.814794E-001 7.250230E-001 9.963722E-002
    outer loop 
      vertex -4.477001e-001 2.391980e-001 1.371844e+000
      vertex -3.306693e-001 3.672649e-001 1.240393e+000
      vertex -4.463170e-001 2.672308e-001 1.177320e+000
    endloop 
  endfacet
  facet normal 7.152738E-001 -6.961963E-001 6.077823E-002
    outer loop 
      vertex 5.165384e-001 -1.888649e-001 1.307585e+000
      vertex 4.172793e-001 -2.889984e-001 1.328726e+000
      vertex 4.288911e-001 -2.903087e-001 1.177063e+000
    endloop 
  endfacet
  facet normal 6.756061E-001 -7.349718E-001 5.807615E-002
    outer loop 
      vertex 3.389104e-001 -3.709995e-001 1.202651e+000
      vertex 4.288911e-001 -2.903087e-001 1.177063e+000
      vertex 4.172793e-001 -2.889984e-001 1.328726e+000
    endloop 
  endfacet
  facet normal 6.024432E-001 -7.933172E-001 8.780704E-002
    outer loop 
      vertex 3.105488e-001 -3.924919e-001 1.065805e+000
      vertex 4.080372e-001 -3.265980e-001 9.922756e-001
      vertex 4.288911e-001 -2.903087e-001 1.177063e+000
    endloop 
  endfacet
  facet normal 6.341836E-001 -7.690879E-001 7.946676E-002
    outer loop 
      vertex 5.217923e-001 -2.176075e-001 1.139276e+000
      vertex 4.288911e-001 -2.903087e-001 1.177063e+000
      vertex 4.080372e-001 -3.265980e-001 9.922756e-001
    endloop 
  endfacet
  facet normal 6.642823E-001 -7.472054E-001 -2.032062E-002
    outer loop 
      vertex 3.105488e-001 -3.924919e-001 1.065805e+000
      vertex 4.288911e-001 -2.903087e-001 1.177063e+000
      vertex 3.389104e-001 -3.709995e-001 1.202651e+000
    endloop 
  endfacet
  facet normal 6.461382E-001 -7.487271E-001 1.480312E-001
    outer loop 
      vertex 5.217923e-001 -2.176075e-001 1.139276e+000
      vertex 5.165384e-001 -1.888649e-001 1.307585e+000
      vertex 4.288911e-001 -2.903087e-001 1.177063e+000
    endloop 
  endfacet
  facet normal -9.011588E-001 -4.296193E-001 -5.779493E-002
    outer loop 
      vertex -4.823981e-001 -1.609989e-001 8.615180e-001
      vertex -5.222523e-001 -5.643231e-002 7.056417e-001
      vertex -4.613816e-001 -1.906002e-001 7.538637e-001
    endloop 
  endfacet
  facet normal -9.012977E-001 -4.294238E-001 -5.707563E-002
    outer loop 
      vertex -4.968235e-001 -9.934422e-002 6.269475e-001
      vertex -4.613816e-001 -1.906002e-001 7.538637e-001
      vertex -5.222523e-001 -5.643231e-002 7.056417e-001
    endloop 
  endfacet
  facet normal -8.653902E-001 -4.895151E-001 -1.071201E-001
    outer loop 
      vertex -4.823981e-001 -1.609989e-001 8.615180e-001
      vertex -5.474486e-001 -3.523308e-002 8.123192e-001
      vertex -5.222523e-001 -5.643231e-002 7.056417e-001
    endloop 
  endfacet
  facet normal -9.285460E-001 -3.557443E-001 -1.060579E-001
    outer loop 
      vertex -4.968235e-001 -9.934422e-002 6.269475e-001
      vertex -5.222523e-001 -5.643231e-002 7.056417e-001
      vertex -5.363269e-001 2.320926e-002 5.617293e-001
    endloop 
  endfacet
  facet normal -9.068466E-001 -4.000290E-001 -1.326874E-001
    outer loop 
      vertex -5.881025e-001 9.955740e-002 6.854112e-001
      vertex -5.363269e-001 2.320926e-002 5.617293e-001
      vertex -5.222523e-001 -5.643231e-002 7.056417e-001
    endloop 
  endfacet
  facet normal -9.065175E-001 -4.001376E-001 -1.345954E-001
    outer loop 
      vertex -5.222523e-001 -5.643231e-002 7.056417e-001
      vertex -5.474486e-001 -3.523308e-002 8.123192e-001
      vertex -5.881025e-001 9.955740e-002 6.854112e-001
    endloop 
  endfacet
  facet normal -2.459843E-001 -9.445862E-001 2.173676E-001
    outer loop 
      vertex 3.437500e-001 -6.214824e-001 2.077756e+000
      vertex 2.770857e-001 -5.673358e-001 2.237613e+000
      vertex 2.063743e-001 -5.908503e-001 2.055409e+000
    endloop 
  endfacet
  facet normal -2.161072E-001 -9.541723E-001 2.070098E-001
    outer loop 
      vertex 2.770857e-001 -5.673358e-001 2.237613e+000
      vertex 9.663802e-002 -5.422463e-001 2.164881e+000
      vertex 2.063743e-001 -5.908503e-001 2.055409e+000
    endloop 
  endfacet
  facet normal -3.434847E-001 -9.128214E-001 2.208516E-001
    outer loop 
      vertex 2.794949e-001 -6.517496e-001 1.917423e+000
      vertex 2.063743e-001 -5.908503e-001 2.055409e+000
      vertex 1.420196e-001 -6.087551e-001 1.881316e+000
    endloop 
  endfacet
  facet normal -3.254566E-001 -9.207878E-001 2.150067E-001
    outer loop 
      vertex 2.063743e-001 -5.908503e-001 2.055409e+000
      vertex 4.764265e-002 -5.532144e-001 1.976316e+000
      vertex 1.420196e-001 -6.087551e-001 1.881316e+000
    endloop 
  endfacet
  facet normal -2.517356E-001 -9.276073E-001 2.759964E-001
    outer loop 
      vertex 2.794949e-001 -6.517496e-001 1.917423e+000
      vertex 3.437500e-001 -6.214824e-001 2.077756e+000
      vertex 2.063743e-001 -5.908503e-001 2.055409e+000
    endloop 
  endfacet
  facet normal -2.898127E-001 -9.481512E-001 1.304529E-001
    outer loop 
      vertex 9.663802e-002 -5.422463e-001 2.164881e+000
      vertex 4.764265e-002 -5.532144e-001 1.976316e+000
      vertex 2.063743e-001 -5.908503e-001 2.055409e+000
    endloop 
  endfacet
  facet normal -8.844525E-002 9.759550E-001 1.992219E-001
    outer loop 
      vertex -3.566160e-001 4.788113e-001 1.131203e-001
      vertex -4.018898e-001 4.424869e-001 2.709683e-001
      vertex -1.916637e-001 4.815054e-001 1.731538e-001
    endloop 
  endfacet
  facet normal -4.936166E-002 9.763424E-001 2.105209E-001
    outer loop 
      vertex -3.566160e-001 4.788113e-001 1.131203e-001
      vertex -5.320759e-001 4.584161e-001 1.665672e-001
      vertex -4.018898e-001 4.424869e-001 2.709683e-001
    endloop 
  endfacet
  facet normal -1.830062E-001 9.587478E-001 2.175118E-001
    outer loop 
      vertex -4.606743e-001 3.939581e-001 4.354144e-001
      vertex -4.018898e-001 4.424869e-001 2.709683e-001
      vertex -5.771915e-001 3.969567e-001 3.241638e-001
    endloop 
  endfacet
  facet normal -2.068056E-001 9.559759E-001 2.081863E-001
    outer loop 
      vertex -4.018898e-001 4.424869e-001 2.709683e-001
      vertex -4.606743e-001 3.939581e-001 4.354144e-001
      vertex -2.865348e-001 4.466636e-001 3.663791e-001
    endloop 
  endfacet
  facet normal -1.298373E-001 9.849762E-001 1.138594E-001
    outer loop 
      vertex -4.018898e-001 4.424869e-001 2.709683e-001
      vertex -2.865348e-001 4.466636e-001 3.663791e-001
      vertex -1.916637e-001 4.815054e-001 1.731538e-001
    endloop 
  endfacet
  facet normal -1.447977E-001 9.351714E-001 3.232461E-001
    outer loop 
      vertex -4.018898e-001 4.424869e-001 2.709683e-001
      vertex -5.320759e-001 4.584161e-001 1.665672e-001
      vertex -5.771915e-001 3.969567e-001 3.241638e-001
    endloop 
  endfacet
  facet normal 8.354007E-002 -9.806458E-001 1.770732E-001
    outer loop 
      vertex 3.560120e-001 -4.769107e-001 1.176359e-001
      vertex 3.739551e-001 -4.459026e-001 2.808961e-001
      vertex 1.811520e-001 -4.852442e-001 1.539804e-001
    endloop 
  endfacet
  facet normal 6.420769E-002 -9.816797E-001 1.793942E-001
    outer loop 
      vertex 3.560120e-001 -4.769107e-001 1.176359e-001
      vertex 5.326147e-001 -4.567652e-001 1.646676e-001
      vertex 3.739551e-001 -4.459026e-001 2.808961e-001
    endloop 
  endfacet
  facet normal 2.410845E-001 -9.542337E-001 1.769641E-001
    outer loop 
      vertex 4.708356e-001 -3.937184e-001 4.303025e-001
      vertex 3.079645e-001 -4.367910e-001 4.199293e-001
      vertex 3.739551e-001 -4.459026e-001 2.808961e-001
    endloop 
  endfacet
  facet normal 1.587469E-001 -9.774283E-001 1.394035E-001
    outer loop 
      vertex 3.739551e-001 -4.459026e-001 2.808961e-001
      vertex 3.079645e-001 -4.367910e-001 4.199293e-001
      vertex 2.030169e-001 -4.705183e-001 3.029602e-001
    endloop 
  endfacet
  facet normal 1.757704E-001 -9.592853E-001 2.210805E-001
    outer loop 
      vertex 5.776176e-001 -3.994849e-001 3.203837e-001
      vertex 4.708356e-001 -3.937184e-001 4.303025e-001
      vertex 3.739551e-001 -4.459026e-001 2.808961e-001
    endloop 
  endfacet
  facet normal 1.516285E-001 -9.855755E-001 7.516523E-002
    outer loop 
      vertex 2.030169e-001 -4.705183e-001 3.029602e-001
      vertex 1.811520e-001 -4.852442e-001 1.539804e-001
      vertex 3.739551e-001 -4.459026e-001 2.808961e-001
    endloop 
  endfacet
  facet normal 1.560645E-001 -9.407792E-001 3.009624E-001
    outer loop 
      vertex 5.776176e-001 -3.994849e-001 3.203837e-001
      vertex 3.739551e-001 -4.459026e-001 2.808961e-001
      vertex 5.326147e-001 -4.567652e-001 1.646676e-001
    endloop 
  endfacet
  facet normal -6.498628E-001 -7.145011E-001 -2.591650E-001
    outer loop 
      vertex -6.959339e-001 -3.610241e-002 3.835180e+000
      vertex -6.164052e-001 -6.705648e-002 3.721098e+000
      vertex -5.666077e-001 -1.631527e-001 3.861160e+000
    endloop 
  endfacet
  facet normal -7.216830E-001 -6.631775E-001 -1.984172E-001
    outer loop 
      vertex -6.164052e-001 -6.705648e-002 3.721098e+000
      vertex -5.088109e-001 -1.774949e-001 3.698879e+000
      vertex -5.666077e-001 -1.631527e-001 3.861160e+000
    endloop 
  endfacet
  facet normal -7.520905E-001 -6.168869E-001 -2.319710E-001
    outer loop 
      vertex -6.164052e-001 -6.705648e-002 3.721098e+000
      vertex -6.902528e-001 3.867778e-002 3.679343e+000
      vertex -5.913509e-001 -3.661066e-002 3.558902e+000
    endloop 
  endfacet
  facet normal -7.195045E-001 -6.539185E-001 -2.338887E-001
    outer loop 
      vertex -5.088109e-001 -1.774949e-001 3.698879e+000
      vertex -6.164052e-001 -6.705648e-002 3.721098e+000
      vertex -5.913509e-001 -3.661066e-002 3.558902e+000
    endloop 
  endfacet
  facet normal -7.100048E-001 -6.244396E-001 -3.255277E-001
    outer loop 
      vertex -6.959339e-001 -3.610241e-002 3.835180e+000
      vertex -6.902528e-001 3.867778e-002 3.679343e+000
      vertex -6.164052e-001 -6.705648e-002 3.721098e+000
    endloop 
  endfacet
  facet normal 7.580333E-001 6.316367E-001 1.625441E-001
    outer loop 
      vertex 2.554844e-001 4.887105e-001 3.603032e+000
      vertex 1.562671e-001 5.943588e-001 3.655194e+000
      vertex 1.945166e-001 5.259413e-001 3.742682e+000
    endloop 
  endfacet
  facet normal 7.969208E-001 5.930241E-001 1.150631E-001
    outer loop 
      vertex 2.554844e-001 4.887105e-001 3.603032e+000
      vertex 3.456760e-001 3.714502e-001 3.582718e+000
      vertex 3.263275e-001 4.280058e-001 3.425242e+000
    endloop 
  endfacet
  facet normal 4.870716E-001 -8.464260E-001 2.152309E-001
    outer loop 
      vertex 5.846040e-001 -2.340217e-001 3.476554e+000
      vertex 5.554366e-001 -2.917228e-001 3.315643e+000
      vertex 6.841848e-001 -2.063284e-001 3.360109e+000
    endloop 
  endfacet
  facet normal 4.991911E-001 -8.404375E-001 2.108867E-001
    outer loop 
      vertex 5.554366e-001 -2.917228e-001 3.315643e+000
      vertex 5.846040e-001 -2.340217e-001 3.476554e+000
      vertex 4.573561e-001 -3.286511e-001 3.400641e+000
    endloop 
  endfacet
  facet normal 5.380462E-001 -8.319964E-001 1.352341E-001
    outer loop 
      vertex 4.573561e-001 -3.286511e-001 3.400641e+000
      vertex 5.846040e-001 -2.340217e-001 3.476554e+000
      vertex 4.822302e-001 -2.831581e-001 3.581562e+000
    endloop 
  endfacet
  facet normal 5.484086E-001 -7.873179E-001 2.817420E-001
    outer loop 
      vertex 7.014853e-001 -1.372876e-001 3.519366e+000
      vertex 5.846040e-001 -2.340217e-001 3.476554e+000
      vertex 6.841848e-001 -2.063284e-001 3.360109e+000
    endloop 
  endfacet
  facet normal 9.657319E-001 2.283744E-001 -1.233168E-001
    outer loop 
      vertex 5.364857e-001 -1.149415e-001 2.835844e+000
      vertex 5.472122e-001 -7.506821e-002 2.993690e+000
      vertex 5.752033e-001 -2.322103e-001 2.921880e+000
    endloop 
  endfacet
  facet normal 9.419056E-001 2.631561E-001 -2.087170E-001
    outer loop 
      vertex 5.752033e-001 -2.322103e-001 2.921880e+000
      vertex 5.472122e-001 -7.506821e-002 2.993690e+000
      vertex 5.966847e-001 -1.757364e-001 3.090026e+000
    endloop 
  endfacet
  facet normal 9.645959E-001 1.714427E-001 -2.004050E-001
    outer loop 
      vertex 5.519418e-001 -2.848497e-001 2.764884e+000
      vertex 5.364857e-001 -1.149415e-001 2.835844e+000
      vertex 5.752033e-001 -2.322103e-001 2.921880e+000
    endloop 
  endfacet
  facet normal 9.599268E-001 1.900604E-001 -2.059555E-001
    outer loop 
      vertex 5.519418e-001 -2.848497e-001 2.764884e+000
      vertex 5.752033e-001 -2.322103e-001 2.921880e+000
      vertex 5.981449e-001 -3.929250e-001 2.880496e+000
    endloop 
  endfacet
  facet normal 9.356241E-001 2.808442E-001 -2.138553E-001
    outer loop 
      vertex 5.752033e-001 -2.322103e-001 2.921880e+000
      vertex 5.966847e-001 -1.757364e-001 3.090026e+000
      vertex 6.325091e-001 -3.330767e-001 3.040133e+000
    endloop 
  endfacet
  facet normal 9.379760E-001 2.057487E-001 -2.790494E-001
    outer loop 
      vertex 5.752033e-001 -2.322103e-001 2.921880e+000
      vertex 6.325091e-001 -3.330767e-001 3.040133e+000
      vertex 5.981449e-001 -3.929250e-001 2.880496e+000
    endloop 
  endfacet
  facet normal -2.850635E-001 9.325702E-001 2.214764E-001
    outer loop 
      vertex -6.133503e-001 3.360341e-001 4.828045e-001
      vertex -5.113993e-001 3.388564e-001 6.021424e-001
      vertex -4.606743e-001 3.939581e-001 4.354144e-001
    endloop 
  endfacet
  facet normal -4.013677E-001 8.905708E-001 2.139808E-001
    outer loop 
      vertex -5.383991e-001 2.877897e-001 7.640338e-001
      vertex -4.103796e-001 3.610426e-001 6.992896e-001
      vertex -5.113993e-001 3.388564e-001 6.021424e-001
    endloop 
  endfacet
  facet normal -3.773620E-001 8.993682E-001 2.207594E-001
    outer loop 
      vertex -6.441361e-001 2.735552e-001 6.412798e-001
      vertex -5.383991e-001 2.877897e-001 7.640338e-001
      vertex -5.113993e-001 3.388564e-001 6.021424e-001
    endloop 
  endfacet
  facet normal -3.551608E-001 8.911480E-001 2.823406E-001
    outer loop 
      vertex -6.441361e-001 2.735552e-001 6.412798e-001
      vertex -5.113993e-001 3.388564e-001 6.021424e-001
      vertex -6.133503e-001 3.360341e-001 4.828045e-001
    endloop 
  endfacet
  facet normal 2.896976E-001 -9.286736E-001 2.316050E-001
    outer loop 
      vertex 4.708356e-001 -3.937184e-001 4.303025e-001
      vertex 6.163079e-001 -3.357552e-001 4.807587e-001
      vertex 5.451162e-001 -3.375181e-001 5.627385e-001
    endloop 
  endfacet
  facet normal 3.315855E-001 -9.209230E-001 2.048219E-001
    outer loop 
      vertex 4.708356e-001 -3.937184e-001 4.303025e-001
      vertex 5.451162e-001 -3.375181e-001 5.627385e-001
      vertex 4.218225e-001 -3.833407e-001 5.563098e-001
    endloop 
  endfacet
  facet normal 4.014544E-001 -8.892365E-001 2.193011E-001
    outer loop 
      vertex 5.280652e-001 -3.062001e-001 7.209421e-001
      vertex 5.451162e-001 -3.375181e-001 5.627385e-001
      vertex 6.464314e-001 -2.729407e-001 6.391225e-001
    endloop 
  endfacet
  facet normal 3.300586E-001 -9.185815E-001 2.174153E-001
    outer loop 
      vertex 5.451162e-001 -3.375181e-001 5.627385e-001
      vertex 5.280652e-001 -3.062001e-001 7.209421e-001
      vertex 4.218225e-001 -3.833407e-001 5.563098e-001
    endloop 
  endfacet
  facet normal 3.519745E-001 -8.910863E-001 2.864949E-001
    outer loop 
      vertex 5.451162e-001 -3.375181e-001 5.627385e-001
      vertex 6.163079e-001 -3.357552e-001 4.807587e-001
      vertex 6.464314e-001 -2.729407e-001 6.391225e-001
    endloop 
  endfacet
  facet normal 8.900555E-001 4.558290E-001 -4.577743E-003
    outer loop 
      vertex 4.340472e-001 2.437664e-001 8.966798e-001
      vertex 5.014566e-001 1.107899e-001 7.620168e-001
      vertex 4.133225e-001 2.832102e-001 7.947707e-001
    endloop 
  endfacet
  facet normal 8.472021E-001 5.231541E-001 -9.251110E-002
    outer loop 
      vertex 4.340472e-001 2.437664e-001 8.966798e-001
      vertex 4.976548e-001 1.536934e-001 9.698215e-001
      vertex 5.014566e-001 1.107899e-001 7.620168e-001
    endloop 
  endfacet
  facet normal 8.907710E-001 4.544280E-001 4.722531E-003
    outer loop 
      vertex 4.547985e-001 2.035534e-001 6.365108e-001
      vertex 4.133225e-001 2.832102e-001 7.947707e-001
      vertex 5.014566e-001 1.107899e-001 7.620168e-001
    endloop 
  endfacet
  facet normal 8.772718E-001 4.408791E-001 -1.897887E-001
    outer loop 
      vertex 5.860077e-001 -1.652297e-002 8.570946e-001
      vertex 5.771292e-001 -8.662477e-002 6.532087e-001
      vertex 5.014566e-001 1.107899e-001 7.620168e-001
    endloop 
  endfacet
  facet normal 8.589315E-001 5.043984E-001 -8.842420E-002
    outer loop 
      vertex 5.860077e-001 -1.652297e-002 8.570946e-001
      vertex 5.014566e-001 1.107899e-001 7.620168e-001
      vertex 4.976548e-001 1.536934e-001 9.698215e-001
    endloop 
  endfacet
  facet normal -8.943018E-001 -4.452459E-001 -4.450212E-002
    outer loop 
      vertex -4.722209e-001 -1.462690e-001 3.144398e+000
      vertex -4.207784e-001 -2.637261e-001 3.285789e+000
      vertex -4.876867e-001 -1.287911e-001 3.280328e+000
    endloop 
  endfacet
  facet normal -9.263561E-001 -3.722280E-001 -5.753785E-002
    outer loop 
      vertex -5.318132e-001 3.869236e-004 3.155074e+000
      vertex -4.722209e-001 -1.462690e-001 3.144398e+000
      vertex -4.876867e-001 -1.287911e-001 3.280328e+000
    endloop 
  endfacet
  facet normal -8.952004E-001 -4.449270E-001 -2.561335E-002
    outer loop 
      vertex -4.207784e-001 -2.637261e-001 3.285789e+000
      vertex -4.482092e-001 -2.155462e-001 3.407581e+000
      vertex -4.876867e-001 -1.287911e-001 3.280328e+000
    endloop 
  endfacet
  facet normal -8.864766E-001 -4.472846E-001 -1.187257E-001
    outer loop 
      vertex -5.453219e-001 -1.749593e-002 3.291376e+000
      vertex -4.876867e-001 -1.287911e-001 3.280328e+000
      vertex -5.254798e-001 -8.931524e-002 3.413793e+000
    endloop 
  endfacet
  facet normal -8.843377E-001 -4.434862E-001 -1.458317E-001
    outer loop 
      vertex -4.876867e-001 -1.287911e-001 3.280328e+000
      vertex -5.453219e-001 -1.749593e-002 3.291376e+000
      vertex -5.318132e-001 3.869236e-004 3.155074e+000
    endloop 
  endfacet
  facet normal -8.514934E-001 -5.168887E-001 -8.823232E-002
    outer loop 
      vertex -4.482092e-001 -2.155462e-001 3.407581e+000
      vertex -5.254798e-001 -8.931524e-002 3.413793e+000
      vertex -4.876867e-001 -1.287911e-001 3.280328e+000
    endloop 
  endfacet
  facet normal -8.268075E-001 -5.586167E-001 -6.585473E-002
    outer loop 
      vertex -4.416262e-001 -2.404430e-001 1.023516e+000
      vertex -5.308236e-001 -1.013749e-001 9.637380e-001
      vertex -4.823981e-001 -1.609989e-001 8.615180e-001
    endloop 
  endfacet
  facet normal -8.616711E-001 -4.929041E-001 -1.207006E-001
    outer loop 
      vertex -5.474486e-001 -3.523308e-002 8.123192e-001
      vertex -4.823981e-001 -1.609989e-001 8.615180e-001
      vertex -5.308236e-001 -1.013749e-001 9.637380e-001
    endloop 
  endfacet
  facet normal -8.167858E-001 -5.678155E-001 -1.022090E-001
    outer loop 
      vertex -4.416262e-001 -2.404430e-001 1.023516e+000
      vertex -4.942642e-001 -1.907019e-001 1.167830e+000
      vertex -5.308236e-001 -1.013749e-001 9.637380e-001
    endloop 
  endfacet
  facet normal -7.877685E-001 -6.035558E-001 -1.230497E-001
    outer loop 
      vertex -4.942642e-001 -1.907019e-001 1.167830e+000
      vertex -6.052148e-001 -2.117848e-002 1.046631e+000
      vertex -5.308236e-001 -1.013749e-001 9.637380e-001
    endloop 
  endfacet
  facet normal -8.159818E-001 -5.378103E-001 -2.119759E-001
    outer loop 
      vertex -6.052148e-001 -2.117848e-002 1.046631e+000
      vertex -6.058066e-001 5.081818e-002 8.662445e-001
      vertex -5.308236e-001 -1.013749e-001 9.637380e-001
    endloop 
  endfacet
  facet normal -8.558118E-001 -5.018904E-001 -1.252692E-001
    outer loop 
      vertex -6.058066e-001 5.081818e-002 8.662445e-001
      vertex -5.474486e-001 -3.523308e-002 8.123192e-001
      vertex -5.308236e-001 -1.013749e-001 9.637380e-001
    endloop 
  endfacet
  facet normal -8.927474E-001 -4.497767E-001 2.651207E-002
    outer loop 
      vertex -4.613816e-001 -1.906002e-001 7.538637e-001
      vertex -3.912880e-001 -3.276473e-001 7.891404e-001
      vertex -4.106071e-001 -2.825893e-001 9.030123e-001
    endloop 
  endfacet
  facet normal -8.907290E-001 -4.545165E-001 4.087749E-003
    outer loop 
      vertex -4.511213e-001 -2.116951e-001 6.440746e-001
      vertex -3.912880e-001 -3.276473e-001 7.891404e-001
      vertex -4.613816e-001 -1.906002e-001 7.538637e-001
    endloop 
  endfacet
  facet normal -8.569481E-001 -5.147588E-001 -2.575354E-002
    outer loop 
      vertex -4.823981e-001 -1.609989e-001 8.615180e-001
      vertex -4.613816e-001 -1.906002e-001 7.538637e-001
      vertex -4.106071e-001 -2.825893e-001 9.030123e-001
    endloop 
  endfacet
  facet normal -9.254738E-001 -3.785618E-001 -1.375328E-002
    outer loop 
      vertex -4.613816e-001 -1.906002e-001 7.538637e-001
      vertex -4.968235e-001 -9.934422e-002 6.269475e-001
      vertex -4.511213e-001 -2.116951e-001 6.440746e-001
    endloop 
  endfacet
  facet normal 4.005471E-001 -8.900503E-001 2.176521E-001
    outer loop 
      vertex 5.306239e-001 -3.383661e-001 3.170567e+000
      vertex 5.554366e-001 -2.917228e-001 3.315643e+000
      vertex 4.136272e-001 -3.776618e-001 3.225184e+000
    endloop 
  endfacet
  facet normal 4.107645E-001 -8.861163E-001 2.146399E-001
    outer loop 
      vertex 5.554366e-001 -2.917228e-001 3.315643e+000
      vertex 5.306239e-001 -3.383661e-001 3.170567e+000
      vertex 6.617042e-001 -2.703360e-001 3.200568e+000
    endloop 
  endfacet
  facet normal 4.492791E-001 -8.831747E-001 1.347251E-001
    outer loop 
      vertex 4.136272e-001 -3.776618e-001 3.225184e+000
      vertex 5.554366e-001 -2.917228e-001 3.315643e+000
      vertex 4.573561e-001 -3.286511e-001 3.400641e+000
    endloop 
  endfacet
  facet normal 4.646761E-001 -8.424979E-001 2.725316E-001
    outer loop 
      vertex 6.841848e-001 -2.063284e-001 3.360109e+000
      vertex 5.554366e-001 -2.917228e-001 3.315643e+000
      vertex 6.617042e-001 -2.703360e-001 3.200568e+000
    endloop 
  endfacet
  facet normal 4.525723E-001 -8.915219E-001 -1.915722E-002
    outer loop 
      vertex 1.368657e-001 -4.879653e-001 7.308507e-001
      vertex 3.052027e-001 -4.039867e-001 7.995399e-001
      vertex 2.374651e-001 -4.406148e-001 9.038631e-001
    endloop 
  endfacet
  facet normal 4.501933E-001 -8.928545E-001 -1.169760E-002
    outer loop 
      vertex 1.368657e-001 -4.879653e-001 7.308507e-001
      vertex 1.734158e-001 -4.678017e-001 5.984725e-001
      vertex 3.052027e-001 -4.039867e-001 7.995399e-001
    endloop 
  endfacet
  facet normal 5.360919E-001 -8.425398E-001 5.227016E-002
    outer loop 
      vertex 2.374651e-001 -4.406148e-001 9.038631e-001
      vertex 3.052027e-001 -4.039867e-001 7.995399e-001
      vertex 4.080372e-001 -3.265980e-001 9.922756e-001
    endloop 
  endfacet
  facet normal 4.706241E-001 -8.765505E-001 1.008568E-001
    outer loop 
      vertex 4.556213e-001 -3.174583e-001 8.496692e-001
      vertex 4.080372e-001 -3.265980e-001 9.922756e-001
      vertex 3.052027e-001 -4.039867e-001 7.995399e-001
    endloop 
  endfacet
  facet normal -7.289413E-001 6.559498E-001 1.958941E-001
    outer loop 
      vertex -5.676852e-001 1.398370e-001 1.258077e+000
      vertex -5.897365e-001 6.804875e-002 1.416404e+000
      vertex -4.477001e-001 2.391980e-001 1.371844e+000
    endloop 
  endfacet
  facet normal -7.050067E-001 6.776805E-001 2.090807E-001
    outer loop 
      vertex -5.897365e-001 6.804875e-002 1.416404e+000
      vertex -5.676852e-001 1.398370e-001 1.258077e+000
      vertex -6.977301e-001 -3.523350e-003 1.284239e+000
    endloop 
  endfacet
  facet normal -6.836244E-001 6.720633E-001 2.845849E-001
    outer loop 
      vertex -5.676852e-001 1.398370e-001 1.258077e+000
      vertex -6.953706e-001 6.649157e-002 1.124563e+000
      vertex -6.977301e-001 -3.523350e-003 1.284239e+000
    endloop 
  endfacet
  facet normal -6.378986E-001 7.432200E-001 2.017656E-001
    outer loop 
      vertex -5.675908e-001 1.856702e-001 1.089545e+000
      vertex -6.953706e-001 6.649157e-002 1.124563e+000
      vertex -5.676852e-001 1.398370e-001 1.258077e+000
    endloop 
  endfacet
  facet normal -6.323985E-001 -7.554359E-001 1.714313E-001
    outer loop 
      vertex -4.461640e-002 -6.131263e-001 1.426024e+000
      vertex -1.665684e-001 -5.105001e-001 1.428388e+000
      vertex -1.353948e-001 -5.707812e-001 1.277748e+000
    endloop 
  endfacet
  facet normal -6.759495E-001 -7.057072E-001 2.122961E-001
    outer loop 
      vertex 3.789008e-003 -7.037456e-001 1.278913e+000
      vertex -4.461640e-002 -6.131263e-001 1.426024e+000
      vertex -1.353948e-001 -5.707812e-001 1.277748e+000
    endloop 
  endfacet
  facet normal -6.961609E-001 -7.045239E-001 1.378630E-001
    outer loop 
      vertex -2.654953e-001 -4.366533e-001 1.306221e+000
      vertex -1.353948e-001 -5.707812e-001 1.277748e+000
      vertex -1.665684e-001 -5.105001e-001 1.428388e+000
    endloop 
  endfacet
  facet normal -6.632381E-001 -6.917588E-001 2.856310E-001
    outer loop 
      vertex -1.353948e-001 -5.707812e-001 1.277748e+000
      vertex -6.861797e-002 -7.000829e-001 1.119653e+000
      vertex 3.789008e-003 -7.037456e-001 1.278913e+000
    endloop 
  endfacet
  facet normal -7.455151E-001 -6.344884E-001 2.040382E-001
    outer loop 
      vertex -1.764059e-001 -5.756322e-001 1.112817e+000
      vertex -6.861797e-002 -7.000829e-001 1.119653e+000
      vertex -1.353948e-001 -5.707812e-001 1.277748e+000
    endloop 
  endfacet
  facet normal -1.822636E-001 9.596547E-001 -2.141095E-001
    outer loop 
      vertex 3.067443e-001 5.341341e-001 2.766206e+000
      vertex 2.500474e-001 5.611886e-001 2.935730e+000
      vertex 3.913754e-001 5.765952e-001 2.884476e+000
    endloop 
  endfacet
  facet normal -1.679710E-001 9.631878E-001 -2.098932E-001
    outer loop 
      vertex 2.500474e-001 5.611886e-001 2.935730e+000
      vertex 3.067443e-001 5.341341e-001 2.766206e+000
      vertex 1.590318e-001 5.234243e-001 2.835268e+000
    endloop 
  endfacet
  facet normal -2.653464E-001 9.397910E-001 -2.153700E-001
    outer loop 
      vertex 2.500474e-001 5.611886e-001 2.935730e+000
      vertex 9.381437e-002 5.331364e-001 3.005808e+000
      vertex 1.833400e-001 5.815684e-001 3.106846e+000
    endloop 
  endfacet
  facet normal -2.377476E-001 9.603508E-001 -1.456107E-001
    outer loop 
      vertex 1.590318e-001 5.234243e-001 2.835268e+000
      vertex 9.381437e-002 5.331364e-001 3.005808e+000
      vertex 2.500474e-001 5.611886e-001 2.935730e+000
    endloop 
  endfacet
  facet normal -2.729822E-001 9.369904E-001 -2.180132E-001
    outer loop 
      vertex 1.833400e-001 5.815684e-001 3.106846e+000
      vertex 3.330426e-001 6.104516e-001 3.043534e+000
      vertex 2.500474e-001 5.611886e-001 2.935730e+000
    endloop 
  endfacet
  facet normal -2.019359E-001 9.402344E-001 -2.741919E-001
    outer loop 
      vertex 2.500474e-001 5.611886e-001 2.935730e+000
      vertex 3.330426e-001 6.104516e-001 3.043534e+000
      vertex 3.913754e-001 5.765952e-001 2.884476e+000
    endloop 
  endfacet
  facet normal 9.643314E-001 2.335726E-001 -1.245348E-001
    outer loop 
      vertex 5.364857e-001 -1.149415e-001 2.835844e+000
      vertex 5.131634e-001 2.623975e-002 2.920043e+000
      vertex 5.472122e-001 -7.506821e-002 2.993690e+000
    endloop 
  endfacet
  facet normal 9.569980E-001 2.858979E-001 -4.916640E-002
    outer loop 
      vertex 5.041466e-001 8.046138e-002 3.059830e+000
      vertex 5.472122e-001 -7.506821e-002 2.993690e+000
      vertex 5.131634e-001 2.623975e-002 2.920043e+000
    endloop 
  endfacet
  facet normal 9.333722E-001 3.347073E-001 -1.295658E-001
    outer loop 
      vertex 5.482935e-001 -1.607201e-002 3.153884e+000
      vertex 5.966847e-001 -1.757364e-001 3.090026e+000
      vertex 5.472122e-001 -7.506821e-002 2.993690e+000
    endloop 
  endfacet
  facet normal 9.421158E-001 3.125173E-001 -1.214527E-001
    outer loop 
      vertex 5.041466e-001 8.046138e-002 3.059830e+000
      vertex 5.482935e-001 -1.607201e-002 3.153884e+000
      vertex 5.472122e-001 -7.506821e-002 2.993690e+000
    endloop 
  endfacet
  facet normal 9.823408E-001 1.836395E-001 -3.582033E-002
    outer loop 
      vertex 5.364857e-001 -1.149415e-001 2.835844e+000
      vertex 5.054966e-001 4.144382e-002 2.787733e+000
      vertex 5.131634e-001 2.623975e-002 2.920043e+000
    endloop 
  endfacet
  facet normal 9.667669E-001 2.531364E-001 -3.582852E-002
    outer loop 
      vertex 5.041466e-001 8.046138e-002 3.059830e+000
      vertex 5.131634e-001 2.623975e-002 2.920043e+000
      vertex 4.785447e-001 1.638612e-001 2.958247e+000
    endloop 
  endfacet
  facet normal 9.676138E-001 2.509626E-001 -2.723066E-002
    outer loop 
      vertex 4.785447e-001 1.638612e-001 2.958247e+000
      vertex 5.131634e-001 2.623975e-002 2.920043e+000
      vertex 5.054966e-001 4.144382e-002 2.787733e+000
    endloop 
  endfacet
  facet normal 6.393020E-001 7.607760E-001 -1.118612E-001
    outer loop 
      vertex 4.601591e-001 2.921273e-001 1.596612e+000
      vertex 5.574340e-001 1.834413e-001 1.413371e+000
      vertex 4.165875e-001 2.981173e-001 1.388334e+000
    endloop 
  endfacet
  facet normal 6.401785E-001 7.486912E-001 -1.721425E-001
    outer loop 
      vertex 4.165875e-001 2.981173e-001 1.388334e+000
      vertex 5.574340e-001 1.834413e-001 1.413371e+000
      vertex 5.327599e-001 1.679866e-001 1.254395e+000
    endloop 
  endfacet
  facet normal 7.032334E-001 7.068037E-001 -7.675532E-002
    outer loop 
      vertex 4.636225e-001 2.269323e-001 1.163760e+000
      vertex 4.165875e-001 2.981173e-001 1.388334e+000
      vertex 5.327599e-001 1.679866e-001 1.254395e+000
    endloop 
  endfacet
  facet normal 7.200884E-001 6.905355E-001 -6.806853E-002
    outer loop 
      vertex 4.636225e-001 2.269323e-001 1.163760e+000
      vertex 3.395298e-001 3.649717e-001 1.251368e+000
      vertex 4.165875e-001 2.981173e-001 1.388334e+000
    endloop 
  endfacet
  facet normal 6.442841E-001 7.647804E-001 -2.992867E-003
    outer loop 
      vertex 4.165875e-001 2.981173e-001 1.388334e+000
      vertex 2.600326e-001 4.302016e-001 1.438326e+000
      vertex 3.041080e-001 3.936767e-001 1.593227e+000
    endloop 
  endfacet
  facet normal 6.464414E-001 7.629141E-001 8.694051E-003
    outer loop 
      vertex 2.600326e-001 4.302016e-001 1.438326e+000
      vertex 4.165875e-001 2.981173e-001 1.388334e+000
      vertex 3.395298e-001 3.649717e-001 1.251368e+000
    endloop 
  endfacet
  facet normal 5.445868E-001 8.338676E-001 -8.994482E-002
    outer loop 
      vertex 4.601591e-001 2.921273e-001 1.596612e+000
      vertex 4.165875e-001 2.981173e-001 1.388334e+000
      vertex 3.041080e-001 3.936767e-001 1.593227e+000
    endloop 
  endfacet
  facet normal 7.870901E-001 -6.105574E-001 8.780044E-002
    outer loop 
      vertex 3.995292e-001 -3.051658e-001 1.486418e+000
      vertex 4.978225e-001 -1.812493e-001 1.466970e+000
      vertex 4.930467e-001 -1.623288e-001 1.641354e+000
    endloop 
  endfacet
  facet normal 8.463677E-001 -5.322157E-001 -2.020217E-002
    outer loop 
      vertex 3.995292e-001 -3.051658e-001 1.486418e+000
      vertex 4.930467e-001 -1.623288e-001 1.641354e+000
      vertex 4.261698e-001 -2.702192e-001 1.681869e+000
    endloop 
  endfacet
  facet normal 8.326643E-001 -5.476401E-001 8.222210E-002
    outer loop 
      vertex 5.671279e-001 -5.544639e-002 1.603023e+000
      vertex 4.930467e-001 -1.623288e-001 1.641354e+000
      vertex 4.978225e-001 -1.812493e-001 1.466970e+000
    endloop 
  endfacet
  facet normal 8.979586E-001 -4.374543E-001 4.800146E-002
    outer loop 
      vertex 4.930467e-001 -1.623288e-001 1.641354e+000
      vertex 5.604084e-001 -5.427480e-003 1.811124e+000
      vertex 4.957667e-001 -1.362828e-001 1.827838e+000
    endloop 
  endfacet
  facet normal 8.582122E-001 -5.099272E-001 5.870344E-002
    outer loop 
      vertex 4.261698e-001 -2.702192e-001 1.681869e+000
      vertex 4.930467e-001 -1.623288e-001 1.641354e+000
      vertex 4.957667e-001 -1.362828e-001 1.827838e+000
    endloop 
  endfacet
  facet normal 8.370584E-001 -5.252071E-001 1.532670E-001
    outer loop 
      vertex 4.930467e-001 -1.623288e-001 1.641354e+000
      vertex 5.671279e-001 -5.544639e-002 1.603023e+000
      vertex 5.604084e-001 -5.427480e-003 1.811124e+000
    endloop 
  endfacet
  facet normal -8.686571E-001 4.917729E-001 5.995262E-002
    outer loop 
      vertex -4.021837e-001 2.879962e-001 1.728846e+000
      vertex -4.868229e-001 1.425187e-001 1.695810e+000
      vertex -4.710274e-001 1.503880e-001 1.860122e+000
    endloop 
  endfacet
  facet normal -8.944282E-001 4.424935E-001 6.479014E-002
    outer loop 
      vertex -4.868229e-001 1.425187e-001 1.695810e+000
      vertex -5.450333e-001 8.236766e-003 1.809313e+000
      vertex -4.710274e-001 1.503880e-001 1.860122e+000
    endloop 
  endfacet
  facet normal 9.561298E-001 -1.964393E-001 -2.173183E-001
    outer loop 
      vertex 4.018455e-001 -5.875335e-001 2.238477e+000
      vertex 3.923945e-001 -4.902694e-001 2.108977e+000
      vertex 4.447569e-001 -4.256924e-001 2.280982e+000
    endloop 
  endfacet
  facet normal 9.490827E-001 -2.462548E-001 -1.964704E-001
    outer loop 
      vertex 3.923945e-001 -4.902694e-001 2.108977e+000
      vertex 4.365070e-001 -3.418571e-001 2.136051e+000
      vertex 4.447569e-001 -4.256924e-001 2.280982e+000
    endloop 
  endfacet
  facet normal 9.722342E-001 -1.446692E-001 -1.839330E-001
    outer loop 
      vertex 4.751126e-001 -2.531094e-001 2.305694e+000
      vertex 4.880658e-001 -3.444284e-001 2.445988e+000
      vertex 4.447569e-001 -4.256924e-001 2.280982e+000
    endloop 
  endfacet
  facet normal 9.780132E-001 -1.515027E-001 -1.433079E-001
    outer loop 
      vertex 4.365070e-001 -3.418571e-001 2.136051e+000
      vertex 4.751126e-001 -2.531094e-001 2.305694e+000
      vertex 4.447569e-001 -4.256924e-001 2.280982e+000
    endloop 
  endfacet
  facet normal 9.415486E-001 -1.738678E-001 -2.885417E-001
    outer loop 
      vertex 4.447569e-001 -4.256924e-001 2.280982e+000
      vertex 4.586858e-001 -5.454822e-001 2.398616e+000
      vertex 4.018455e-001 -5.875335e-001 2.238477e+000
    endloop 
  endfacet
  facet normal 9.733375E-001 -9.281012E-002 -2.097627E-001
    outer loop 
      vertex 4.447569e-001 -4.256924e-001 2.280982e+000
      vertex 4.880658e-001 -3.444284e-001 2.445988e+000
      vertex 4.586858e-001 -5.454822e-001 2.398616e+000
    endloop 
  endfacet
  facet normal -2.113700E-001 -9.526337E-001 -2.186588E-001
    outer loop 
      vertex -4.071651e-001 -4.240470e-001 2.173872e+000
      vertex -4.528379e-001 -4.451541e-001 2.309980e+000
      vertex -5.718008e-001 -4.033530e-001 2.242862e+000
    endloop 
  endfacet
  facet normal -1.420627E-001 -9.698384E-001 -1.980699E-001
    outer loop 
      vertex -4.071651e-001 -4.240470e-001 2.173872e+000
      vertex -3.384866e-001 -4.719394e-001 2.359116e+000
      vertex -4.528379e-001 -4.451541e-001 2.309980e+000
    endloop 
  endfacet
  facet normal -1.706755E-001 -9.432306E-001 -2.849315E-001
    outer loop 
      vertex -5.718008e-001 -4.033530e-001 2.242862e+000
      vertex -4.528379e-001 -4.451541e-001 2.309980e+000
      vertex -5.289561e-001 -4.595716e-001 2.403302e+000
    endloop 
  endfacet
  facet normal -9.568945E-001 -2.902169E-001 -1.127440E-002
    outer loop 
      vertex -4.722209e-001 -1.462690e-001 3.144398e+000
      vertex -5.163713e-001 4.219055e-003 3.017836e+000
      vertex -4.633354e-001 -1.693205e-001 2.983630e+000
    endloop 
  endfacet
  facet normal -9.232538E-001 -3.668477E-001 -1.141276E-001
    outer loop 
      vertex -5.318132e-001 3.869236e-004 3.155074e+000
      vertex -5.163713e-001 4.219055e-003 3.017836e+000
      vertex -4.722209e-001 -1.462690e-001 3.144398e+000
    endloop 
  endfacet
  facet normal -9.302016E-001 -3.653859E-001 3.490116E-002
    outer loop 
      vertex -4.207784e-001 -2.637261e-001 3.285789e+000
      vertex -4.722209e-001 -1.462690e-001 3.144398e+000
      vertex -4.137814e-001 -2.943261e-001 3.151918e+000
    endloop 
  endfacet
  facet normal -9.301847E-001 -3.670898E-001 1.224211E-003
    outer loop 
      vertex -4.722209e-001 -1.462690e-001 3.144398e+000
      vertex -4.633354e-001 -1.693205e-001 2.983630e+000
      vertex -4.137814e-001 -2.943261e-001 3.151918e+000
    endloop 
  endfacet
  facet normal -1.178937E-001 9.675037E-001 2.236910E-001
    outer loop 
      vertex -3.849671e-001 4.652312e-001 2.647009e+000
      vertex -5.378991e-001 4.282356e-001 2.726421e+000
      vertex -4.362755e-001 4.230471e-001 2.802422e+000
    endloop 
  endfacet
  facet normal -1.081089E-001 9.678708E-001 2.270211E-001
    outer loop 
      vertex -2.676929e-001 4.625185e-001 2.714421e+000
      vertex -3.849671e-001 4.652312e-001 2.647009e+000
      vertex -4.362755e-001 4.230471e-001 2.802422e+000
    endloop 
  endfacet
  facet normal -1.737531E-001 9.391116E-001 2.964445E-001
    outer loop 
      vertex -4.362755e-001 4.230471e-001 2.802422e+000
      vertex -5.378991e-001 4.282356e-001 2.726421e+000
      vertex -5.786146e-001 3.705598e-001 2.885269e+000
    endloop 
  endfacet
  facet normal -1.483878E-001 9.768807E-001 1.538998E-001
    outer loop 
      vertex -2.676929e-001 4.625185e-001 2.714421e+000
      vertex -4.362755e-001 4.230471e-001 2.802422e+000
      vertex -3.436422e-001 4.278428e-001 2.861296e+000
    endloop 
  endfacet
  facet normal -9.663546E-001 -1.269617E-001 2.236952E-001
    outer loop 
      vertex -4.617072e-001 -4.144948e-001 2.661022e+000
      vertex -4.285945e-001 -5.579346e-001 2.722656e+000
      vertex -4.195561e-001 -4.701653e-001 2.811517e+000
    endloop 
  endfacet
  facet normal -9.658445E-001 -1.374130E-001 2.196862E-001
    outer loop 
      vertex -4.540099e-001 -3.263664e-001 2.749987e+000
      vertex -4.617072e-001 -4.144948e-001 2.661022e+000
      vertex -4.195561e-001 -4.701653e-001 2.811517e+000
    endloop 
  endfacet
  facet normal -9.394634E-001 -1.911603E-001 2.843700E-001
    outer loop 
      vertex -4.195561e-001 -4.701653e-001 2.811517e+000
      vertex -4.285945e-001 -5.579346e-001 2.722656e+000
      vertex -3.718801e-001 -5.992874e-001 2.882223e+000
    endloop 
  endfacet
  facet normal -9.726263E-001 -1.615805E-001 1.670024E-001
    outer loop 
      vertex -4.226341e-001 -3.823219e-001 2.878581e+000
      vertex -4.540099e-001 -3.263664e-001 2.749987e+000
      vertex -4.195561e-001 -4.701653e-001 2.811517e+000
    endloop 
  endfacet
  facet normal 8.915704E-001 4.057218E-001 2.012266E-001
    outer loop 
      vertex 3.764450e-001 3.749319e-001 7.081728e-001
      vertex 3.459905e-001 4.896523e-001 6.118025e-001
      vertex 2.906897e-001 5.352646e-001 7.648571e-001
    endloop 
  endfacet
  facet normal 9.323800E-001 3.431032E-001 1.137882E-001
    outer loop 
      vertex 3.764450e-001 3.749319e-001 7.081728e-001
      vertex 4.224406e-001 3.045374e-001 5.435438e-001
      vertex 3.459905e-001 4.896523e-001 6.118025e-001
    endloop 
  endfacet
  facet normal 8.776294E-001 4.645202E-001 1.182689E-001
    outer loop 
      vertex 3.764450e-001 3.749319e-001 7.081728e-001
      vertex 3.214142e-001 4.400148e-001 8.609118e-001
      vertex 4.133225e-001 2.832102e-001 7.947707e-001
    endloop 
  endfacet
  facet normal 9.145961E-001 4.026705E-001 3.701755E-002
    outer loop 
      vertex 3.764450e-001 3.749319e-001 7.081728e-001
      vertex 4.133225e-001 2.832102e-001 7.947707e-001
      vertex 4.547985e-001 2.035534e-001 6.365108e-001
    endloop 
  endfacet
  facet normal 8.928367E-001 4.283407E-001 1.391644E-001
    outer loop 
      vertex 2.906897e-001 5.352646e-001 7.648571e-001
      vertex 3.214142e-001 4.400148e-001 8.609118e-001
      vertex 3.764450e-001 3.749319e-001 7.081728e-001
    endloop 
  endfacet
  facet normal 9.197068E-001 3.811971E-001 9.395863E-002
    outer loop 
      vertex 4.224406e-001 3.045374e-001 5.435438e-001
      vertex 3.764450e-001 3.749319e-001 7.081728e-001
      vertex 4.547985e-001 2.035534e-001 6.365108e-001
    endloop 
  endfacet
  facet normal -9.527531E-001 -2.455390E-001 1.788075E-001
    outer loop 
      vertex -4.484138e-001 -3.825434e-001 2.606998e-001
      vertex -3.880378e-001 -4.775749e-001 4.519080e-001
      vertex -4.301322e-001 -3.327904e-001 4.264317e-001
    endloop 
  endfacet
  facet normal -9.763439E-001 -1.523503E-001 1.534343E-001
    outer loop 
      vertex -4.648811e-001 -2.312085e-001 3.061793e-001
      vertex -4.484138e-001 -3.825434e-001 2.606998e-001
      vertex -4.301322e-001 -3.327904e-001 4.264317e-001
    endloop 
  endfacet
  facet normal -9.556369E-001 -2.506067E-001 1.547719E-001
    outer loop 
      vertex -3.880378e-001 -4.775749e-001 4.519080e-001
      vertex -3.906085e-001 -3.956220e-001 5.687333e-001
      vertex -4.301322e-001 -3.327904e-001 4.264317e-001
    endloop 
  endfacet
  facet normal -9.680154E-001 -2.383268E-001 7.839994E-002
    outer loop 
      vertex -4.301322e-001 -3.327904e-001 4.264317e-001
      vertex -4.735655e-001 -1.609662e-001 4.124797e-001
      vertex -4.648811e-001 -2.312085e-001 3.061793e-001
    endloop 
  endfacet
  facet normal -9.080928E-001 -4.105952E-001 8.233524E-002
    outer loop 
      vertex -3.514974e-001 -4.304475e-001 7.153484e-001
      vertex -3.912880e-001 -3.276473e-001 7.891404e-001
      vertex -4.069346e-001 -3.194610e-001 6.573946e-001
    endloop 
  endfacet
  facet normal -9.254644E-001 -3.687092E-001 8.700102E-002
    outer loop 
      vertex -4.511213e-001 -2.116951e-001 6.440746e-001
      vertex -4.069346e-001 -3.194610e-001 6.573946e-001
      vertex -3.912880e-001 -3.276473e-001 7.891404e-001
    endloop 
  endfacet
  facet normal -8.786349E-001 -4.515450E-001 1.552673E-001
    outer loop 
      vertex -3.912880e-001 -3.276473e-001 7.891404e-001
      vertex -3.514974e-001 -4.304475e-001 7.153484e-001
      vertex -3.080254e-001 -4.702157e-001 8.456970e-001
    endloop 
  endfacet
  facet normal -4.210362E-001 9.042863E-001 -7.067391E-002
    outer loop 
      vertex -1.862041e-001 4.613596e-001 7.356652e-001
      vertex -1.465510e-001 4.889477e-001 8.524283e-001
      vertex -2.512825e-002 5.331335e-001 6.944246e-001
    endloop 
  endfacet
  facet normal -5.171714E-001 8.554717E-001 -2.649241E-002
    outer loop 
      vertex -1.465510e-001 4.889477e-001 8.524283e-001
      vertex -1.862041e-001 4.613596e-001 7.356652e-001
      vertex -3.017139e-001 3.969472e-001 9.106352e-001
    endloop 
  endfacet
  facet normal 4.440898E-002 -9.864124E-001 -1.581724E-001
    outer loop 
      vertex -2.549150e-001 -5.025806e-001 2.504148e+000
      vertex -1.790367e-001 -5.206470e-001 2.638119e+000
      vertex -3.395228e-001 -5.221664e-001 2.602536e+000
    endloop 
  endfacet
  facet normal -1.481666E-002 -9.923753E-001 -1.223593E-001
    outer loop 
      vertex -2.549150e-001 -5.025806e-001 2.504148e+000
      vertex -2.187620e-001 -4.835398e-001 2.345342e+000
      vertex -1.039113e-001 -5.065606e-001 2.518142e+000
    endloop 
  endfacet
  facet normal -1.117689E-001 -9.833407E-001 -1.433477E-001
    outer loop 
      vertex -3.384866e-001 -4.719394e-001 2.359116e+000
      vertex -2.187620e-001 -4.835398e-001 2.345342e+000
      vertex -2.549150e-001 -5.025806e-001 2.504148e+000
    endloop 
  endfacet
  facet normal -1.451033E-002 -9.919808E-001 -1.255527E-001
    outer loop 
      vertex -1.790367e-001 -5.206470e-001 2.638119e+000
      vertex -2.549150e-001 -5.025806e-001 2.504148e+000
      vertex -1.039113e-001 -5.065606e-001 2.518142e+000
    endloop 
  endfacet
  facet normal -1.543941E-001 -9.407728E-001 3.018424E-001
    outer loop 
      vertex 4.586858e-001 -5.454822e-001 2.398616e+000
      vertex 2.770857e-001 -5.673358e-001 2.237613e+000
      vertex 4.018455e-001 -5.875335e-001 2.238477e+000
    endloop 
  endfacet
  facet normal -7.022722E-002 -9.748447E-001 2.115324E-001
    outer loop 
      vertex 2.344238e-001 -5.315298e-001 2.388462e+000
      vertex 2.770857e-001 -5.673358e-001 2.237613e+000
      vertex 4.586858e-001 -5.454822e-001 2.398616e+000
    endloop 
  endfacet
  facet normal -1.561474E-001 -9.534850E-001 2.578459E-001
    outer loop 
      vertex 2.770857e-001 -5.673358e-001 2.237613e+000
      vertex 3.437500e-001 -6.214824e-001 2.077756e+000
      vertex 4.018455e-001 -5.875335e-001 2.238477e+000
    endloop 
  endfacet
  facet normal -2.031193E-001 -9.640385E-001 1.713838E-001
    outer loop 
      vertex 9.663802e-002 -5.422463e-001 2.164881e+000
      vertex 2.770857e-001 -5.673358e-001 2.237613e+000
      vertex 2.344238e-001 -5.315298e-001 2.388462e+000
    endloop 
  endfacet
  facet normal 9.210574E-001 -2.761235E-001 -2.746071E-001
    outer loop 
      vertex 3.437500e-001 -6.214824e-001 2.077756e+000
      vertex 3.923945e-001 -4.902694e-001 2.108977e+000
      vertex 4.018455e-001 -5.875335e-001 2.238477e+000
    endloop 
  endfacet
  facet normal 9.526873E-001 -2.522251E-001 -1.696158E-001
    outer loop 
      vertex 3.923945e-001 -4.902694e-001 2.108977e+000
      vertex 3.892992e-001 -4.116077e-001 1.974619e+000
      vertex 4.365070e-001 -3.418571e-001 2.136051e+000
    endloop 
  endfacet
  facet normal 1.608650E-001 9.471377E-001 2.775835E-001
    outer loop 
      vertex -3.291696e-001 6.086289e-001 2.087364e+000
      vertex -3.878297e-001 5.714946e-001 2.248064e+000
      vertex -2.628466e-001 5.534493e-001 2.237206e+000
    endloop 
  endfacet
  facet normal 2.672131E-001 9.366078E-001 2.266342E-001
    outer loop 
      vertex -2.628466e-001 5.534493e-001 2.237206e+000
      vertex -1.375096e-001 5.658178e-001 2.038312e+000
      vertex -3.291696e-001 6.086289e-001 2.087364e+000
    endloop 
  endfacet
  facet normal 1.622377E-001 9.363642E-001 3.112893E-001
    outer loop 
      vertex -2.628466e-001 5.534493e-001 2.237206e+000
      vertex -3.878297e-001 5.714946e-001 2.248064e+000
      vertex -4.430861e-001 5.281577e-001 2.407221e+000
    endloop 
  endfacet
  facet normal 7.081978E-002 9.729668E-001 2.198186E-001
    outer loop 
      vertex -2.628466e-001 5.534493e-001 2.237206e+000
      vertex -4.430861e-001 5.281577e-001 2.407221e+000
      vertex -2.337919e-001 5.181745e-001 2.383980e+000
    endloop 
  endfacet
  facet normal 2.049121E-001 9.601248E-001 1.901878E-001
    outer loop 
      vertex -2.337919e-001 5.181745e-001 2.383980e+000
      vertex -9.376299e-002 5.258419e-001 2.194403e+000
      vertex -2.628466e-001 5.534493e-001 2.237206e+000
    endloop 
  endfacet
  facet normal 2.045844E-001 9.604974E-001 1.886531E-001
    outer loop 
      vertex -9.376299e-002 5.258419e-001 2.194403e+000
      vertex -1.375096e-001 5.658178e-001 2.038312e+000
      vertex -2.628466e-001 5.534493e-001 2.237206e+000
    endloop 
  endfacet
  facet normal -9.069876E-001 3.070922E-001 -2.882150E-001
    outer loop 
      vertex -3.291696e-001 6.086289e-001 2.087364e+000
      vertex -2.677739e-001 6.388876e-001 1.926398e+000
      vertex -3.588766e-001 5.124368e-001 2.078357e+000
    endloop 
  endfacet
  facet normal -9.146450E-001 3.070876E-001 -2.629102E-001
    outer loop 
      vertex -3.588766e-001 5.124368e-001 2.078357e+000
      vertex -3.878297e-001 5.714946e-001 2.248064e+000
      vertex -3.291696e-001 6.086289e-001 2.087364e+000
    endloop 
  endfacet
  facet normal 9.468700E-001 -1.713087E-001 2.721958E-001
    outer loop 
      vertex 5.866862e-001 3.866965e-001 2.240204e+000
      vertex 5.718951e-001 2.462288e-001 2.203252e+000
      vertex 6.219363e-001 3.287644e-001 2.081121e+000
    endloop 
  endfacet
  facet normal 9.418117E-001 -2.649863E-001 2.068161E-001
    outer loop 
      vertex 6.219363e-001 3.287644e-001 2.081121e+000
      vertex 5.718951e-001 2.462288e-001 2.203252e+000
      vertex 5.796075e-001 1.386101e-001 2.030243e+000
    endloop 
  endfacet
  facet normal 9.677069E-001 -1.543300E-001 1.993128E-001
    outer loop 
      vertex 5.866862e-001 3.866965e-001 2.240204e+000
      vertex 5.369831e-001 2.543171e-001 2.379020e+000
      vertex 5.718951e-001 2.462288e-001 2.203252e+000
    endloop 
  endfacet
  facet normal 9.584614E-001 -2.036030E-001 1.997438E-001
    outer loop 
      vertex 5.718951e-001 2.462288e-001 2.203252e+000
      vertex 5.369831e-001 2.543171e-001 2.379020e+000
      vertex 5.429605e-001 1.073890e-001 2.200571e+000
    endloop 
  endfacet
  facet normal 9.640575E-001 -2.041948E-001 1.699930E-001
    outer loop 
      vertex 5.429605e-001 1.073890e-001 2.200571e+000
      vertex 5.796075e-001 1.386101e-001 2.030243e+000
      vertex 5.718951e-001 2.462288e-001 2.203252e+000
    endloop 
  endfacet
  facet normal -2.200165E-001 -9.708496E-001 -9.509937E-002
    outer loop 
      vertex -4.071651e-001 -4.240470e-001 2.173872e+000
      vertex -1.998375e-001 -4.721984e-001 2.185778e+000
      vertex -2.187620e-001 -4.835398e-001 2.345342e+000
    endloop 
  endfacet
  facet normal -1.179483E-001 -9.711316E-001 -2.073446E-001
    outer loop 
      vertex -4.071651e-001 -4.240470e-001 2.173872e+000
      vertex -2.187620e-001 -4.835398e-001 2.345342e+000
      vertex -3.384866e-001 -4.719394e-001 2.359116e+000
    endloop 
  endfacet
  facet normal -2.115303E-001 -9.583020E-001 -1.921258E-001
    outer loop 
      vertex -4.071651e-001 -4.240470e-001 2.173872e+000
      vertex -4.233214e-001 -3.831924e-001 1.987882e+000
      vertex -1.998375e-001 -4.721984e-001 2.185778e+000
    endloop 
  endfacet
  facet normal -2.386266E-001 -9.262964E-001 -2.916033E-001
    outer loop 
      vertex -6.092812e-001 -3.435044e-001 2.083420e+000
      vertex -4.071651e-001 -4.240470e-001 2.173872e+000
      vertex -5.718008e-001 -4.033530e-001 2.242862e+000
    endloop 
  endfacet
  facet normal -2.932216E-001 -9.388034E-001 -1.807465E-001
    outer loop 
      vertex -4.071651e-001 -4.240470e-001 2.173872e+000
      vertex -6.092812e-001 -3.435044e-001 2.083420e+000
      vertex -4.233214e-001 -3.831924e-001 1.987882e+000
    endloop 
  endfacet
  facet normal -5.250538E-001 -8.276566E-001 -1.982502E-001
    outer loop 
      vertex -4.350191e-001 -3.181789e-001 1.645881e+000
      vertex -5.129185e-001 -3.023021e-001 1.785910e+000
      vertex -5.718993e-001 -2.208190e-001 1.601941e+000
    endloop 
  endfacet
  facet normal -5.387711E-001 -8.278801E-001 -1.560135E-001
    outer loop 
      vertex -4.982128e-001 -2.331175e-001 1.412736e+000
      vertex -4.350191e-001 -3.181789e-001 1.645881e+000
      vertex -5.718993e-001 -2.208190e-001 1.601941e+000
    endloop 
  endfacet
  facet normal -4.341967E-001 -8.897679E-001 -1.406635E-001
    outer loop 
      vertex -4.350191e-001 -3.181789e-001 1.645881e+000
      vertex -3.589332e-001 -3.854804e-001 1.836737e+000
      vertex -5.129185e-001 -3.023021e-001 1.785910e+000
    endloop 
  endfacet
  facet normal -5.914227E-001 -7.958069E-001 -1.300406E-001
    outer loop 
      vertex -3.391144e-001 -3.727285e-001 1.543534e+000
      vertex -4.350191e-001 -3.181789e-001 1.645881e+000
      vertex -4.982128e-001 -2.331175e-001 1.412736e+000
    endloop 
  endfacet
  facet normal -5.251313E-001 -8.501286E-001 -3.896906E-002
    outer loop 
      vertex -4.350191e-001 -3.181789e-001 1.645881e+000
      vertex -3.391144e-001 -3.727285e-001 1.543534e+000
      vertex -2.917350e-001 -4.103987e-001 1.726860e+000
    endloop 
  endfacet
  facet normal -4.946686E-001 -8.624780E-001 -1.069328E-001
    outer loop 
      vertex -4.350191e-001 -3.181789e-001 1.645881e+000
      vertex -2.917350e-001 -4.103987e-001 1.726860e+000
      vertex -3.589332e-001 -3.854804e-001 1.836737e+000
    endloop 
  endfacet
  facet normal 2.941651E-001 9.171715E-001 -2.688185E-001
    outer loop 
      vertex 5.866862e-001 3.866965e-001 2.240204e+000
      vertex 6.219363e-001 3.287644e-001 2.081121e+000
      vertex 4.602932e-001 3.777820e-001 2.071478e+000
    endloop 
  endfacet
  facet normal 1.938862E-001 9.612395E-001 -1.960275E-001
    outer loop 
      vertex 5.866862e-001 3.866965e-001 2.240204e+000
      vertex 4.602932e-001 3.777820e-001 2.071478e+000
      vertex 3.601182e-001 4.301082e-001 2.228984e+000
    endloop 
  endfacet
  facet normal -9.752458E-001 2.049614E-001 8.298523E-002
    outer loop 
      vertex -5.097102e-001 -1.187587e-002 2.136992e+000
      vertex -5.438557e-001 -2.090142e-001 2.222615e+000
      vertex -5.013378e-001 -4.307526e-002 2.312442e+000
    endloop 
  endfacet
  facet normal -9.699284E-001 1.412079E-001 1.982407E-001
    outer loop 
      vertex -5.223472e-001 -2.725215e-001 2.373086e+000
      vertex -5.013378e-001 -4.307526e-002 2.312442e+000
      vertex -5.438557e-001 -2.090142e-001 2.222615e+000
    endloop 
  endfacet
  facet normal -9.444219E-001 1.654022E-001 2.840939E-001
    outer loop 
      vertex -6.092812e-001 -3.435044e-001 2.083420e+000
      vertex -5.718008e-001 -4.033530e-001 2.242862e+000
      vertex -5.438557e-001 -2.090142e-001 2.222615e+000
    endloop 
  endfacet
  facet normal -9.654203E-001 1.602471E-001 2.056319E-001
    outer loop 
      vertex -5.718008e-001 -4.033530e-001 2.242862e+000
      vertex -5.223472e-001 -2.725215e-001 2.373086e+000
      vertex -5.438557e-001 -2.090142e-001 2.222615e+000
    endloop 
  endfacet
  facet normal 2.272349E-001 -9.666812E-001 -1.178632E-001
    outer loop 
      vertex -1.281834e-002 -5.322852e-001 2.949724e+000
      vertex -2.001388e-001 -5.708596e-001 2.904955e+000
      vertex -9.344864e-002 -5.309045e-001 2.782948e+000
    endloop 
  endfacet
  facet normal 1.701144E-001 -9.812719E-001 -9.036821E-002
    outer loop 
      vertex 9.474087e-002 -5.010986e-001 2.813558e+000
      vertex -1.281834e-002 -5.322852e-001 2.949724e+000
      vertex -9.344864e-002 -5.309045e-001 2.782948e+000
    endloop 
  endfacet
  facet normal 2.426518E-001 -9.499436E-001 -1.967923E-001
    outer loop 
      vertex -1.388894e-001 -5.902400e-001 3.074030e+000
      vertex -2.001388e-001 -5.708596e-001 2.904955e+000
      vertex -1.281834e-002 -5.322852e-001 2.949724e+000
    endloop 
  endfacet
  facet normal 3.238490E-001 -9.397298E-001 -1.096803E-001
    outer loop 
      vertex 1.630861e-002 -5.449060e-001 3.143860e+000
      vertex -1.388894e-001 -5.902400e-001 3.074030e+000
      vertex -1.281834e-002 -5.322852e-001 2.949724e+000
    endloop 
  endfacet
  facet normal 2.573927E-001 -9.658560E-001 -2.951700E-002
    outer loop 
      vertex 1.967077e-001 -4.770128e-001 2.968197e+000
      vertex 1.192390e-001 -5.009229e-001 3.075048e+000
      vertex -1.281834e-002 -5.322852e-001 2.949724e+000
    endloop 
  endfacet
  facet normal 3.273850E-001 -9.384513E-001 -1.101277E-001
    outer loop 
      vertex 1.630861e-002 -5.449060e-001 3.143860e+000
      vertex -1.281834e-002 -5.322852e-001 2.949724e+000
      vertex 1.192390e-001 -5.009229e-001 3.075048e+000
    endloop 
  endfacet
  facet normal 2.565650E-001 -9.663467E-001 -1.866149E-002
    outer loop 
      vertex 1.967077e-001 -4.770128e-001 2.968197e+000
      vertex -1.281834e-002 -5.322852e-001 2.949724e+000
      vertex 9.474087e-002 -5.010986e-001 2.813558e+000
    endloop 
  endfacet
  facet normal -6.333922E-001 -7.393796E-001 -2.283246E-001
    outer loop 
      vertex -4.982128e-001 -2.331175e-001 1.412736e+000
      vertex -6.205205e-001 -1.309388e-001 1.421145e+000
      vertex -6.015626e-001 -8.916265e-002 1.233271e+000
    endloop 
  endfacet
  facet normal -7.112163E-001 -6.675904E-001 -2.202144E-001
    outer loop 
      vertex -6.205205e-001 -1.309388e-001 1.421145e+000
      vertex -6.977301e-001 -3.523350e-003 1.284239e+000
      vertex -6.015626e-001 -8.916265e-002 1.233271e+000
    endloop 
  endfacet
  facet normal -7.220511E-001 -6.796403E-001 -1.293493E-001
    outer loop 
      vertex -4.942642e-001 -1.907019e-001 1.167830e+000
      vertex -4.982128e-001 -2.331175e-001 1.412736e+000
      vertex -6.015626e-001 -8.916265e-002 1.233271e+000
    endloop 
  endfacet
  facet normal -7.377020E-001 -6.388678E-001 -2.182743E-001
    outer loop 
      vertex -4.942642e-001 -1.907019e-001 1.167830e+000
      vertex -6.015626e-001 -8.916265e-002 1.233271e+000
      vertex -6.052148e-001 -2.117848e-002 1.046631e+000
    endloop 
  endfacet
  facet normal -7.175042E-001 -6.339621E-001 -2.885825E-001
    outer loop 
      vertex -6.953706e-001 6.649157e-002 1.124563e+000
      vertex -6.015626e-001 -8.916265e-002 1.233271e+000
      vertex -6.977301e-001 -3.523350e-003 1.284239e+000
    endloop 
  endfacet
  facet normal -7.678773E-001 -6.065953E-001 -2.059285E-001
    outer loop 
      vertex -6.953706e-001 6.649157e-002 1.124563e+000
      vertex -6.052148e-001 -2.117848e-002 1.046631e+000
      vertex -6.015626e-001 -8.916265e-002 1.233271e+000
    endloop 
  endfacet
  facet normal -2.260329E-001 9.574759E-001 -1.793018E-001
    outer loop 
      vertex 2.103580e-001 5.349244e-001 2.581090e-001
      vertex 9.969014e-002 5.366398e-001 4.067801e-001
      vertex 2.510183e-001 5.678134e-001 3.824793e-001
    endloop 
  endfacet
  facet normal -1.484789E-001 9.813802E-001 -1.218480E-001
    outer loop 
      vertex 2.103580e-001 5.349244e-001 2.581090e-001
      vertex 6.356323e-002 5.144131e-001 2.717856e-001
      vertex 9.969014e-002 5.366398e-001 4.067801e-001
    endloop 
  endfacet
  facet normal -2.353584E-001 9.671308E-001 -9.625133E-002
    outer loop 
      vertex -3.922030e-002 5.027093e-001 4.055175e-001
      vertex 9.969014e-002 5.366398e-001 4.067801e-001
      vertex 6.356323e-002 5.144131e-001 2.717856e-001
    endloop 
  endfacet
  facet normal 7.906830E-001 5.829192E-001 -1.871511E-001
    outer loop 
      vertex 5.345500e-001 1.161814e-001 3.560915e+000
      vertex 5.882232e-001 8.396351e-002 3.687327e+000
      vertex 6.247369e-001 -1.143795e-002 3.544445e+000
    endloop 
  endfacet
  facet normal 7.386674E-001 6.580892E-001 -1.459076E-001
    outer loop 
      vertex 4.806902e-001 2.085210e-001 3.704727e+000
      vertex 5.882232e-001 8.396351e-002 3.687327e+000
      vertex 5.345500e-001 1.161814e-001 3.560915e+000
    endloop 
  endfacet
  facet normal 7.947345E-001 5.832899E-001 -1.678390E-001
    outer loop 
      vertex 5.694782e-001 2.702534e-002 3.416460e+000
      vertex 5.345500e-001 1.161814e-001 3.560915e+000
      vertex 6.247369e-001 -1.143795e-002 3.544445e+000
    endloop 
  endfacet
  facet normal 7.961739E-001 5.988747E-001 -8.634953E-002
    outer loop 
      vertex 5.345500e-001 1.161814e-001 3.560915e+000
      vertex 4.387898e-001 2.458479e-001 3.577270e+000
      vertex 4.806902e-001 2.085210e-001 3.704727e+000
    endloop 
  endfacet
  facet normal -1.900097E-001 9.789888E-001 -7.400852E-002
    outer loop 
      vertex 1.423910e-002 5.011845e-001 2.912821e+000
      vertex 1.590318e-001 5.234243e-001 2.835268e+000
      vertex 6.594068e-002 4.977751e-001 2.734983e+000
    endloop 
  endfacet
  facet normal -1.626586E-001 9.844616E-001 -6.616187E-002
    outer loop 
      vertex 1.423910e-002 5.011845e-001 2.912821e+000
      vertex 6.594068e-002 4.977751e-001 2.734983e+000
      vertex -6.434798e-002 4.818619e-001 2.818515e+000
    endloop 
  endfacet
  facet normal -6.500009E-002 9.953515E-001 -7.106607E-002
    outer loop 
      vertex 1.331345e-001 4.906994e-001 2.574421e+000
      vertex -7.137722e-002 4.835578e-001 2.661452e+000
      vertex 6.594068e-002 4.977751e-001 2.734983e+000
    endloop 
  endfacet
  facet normal -1.078928E-001 9.901897E-001 -8.878886E-002
    outer loop 
      vertex 1.331345e-001 4.906994e-001 2.574421e+000
      vertex 6.594068e-002 4.977751e-001 2.734983e+000
      vertex 2.021260e-001 5.084884e-001 2.688972e+000
    endloop 
  endfacet
  facet normal -1.112921E-001 9.936635E-001 1.570998E-002
    outer loop 
      vertex -7.137722e-002 4.835578e-001 2.661452e+000
      vertex -6.434798e-002 4.818619e-001 2.818515e+000
      vertex 6.594068e-002 4.977751e-001 2.734983e+000
    endloop 
  endfacet
  facet normal -1.235142E-001 9.828783E-001 -1.367283E-001
    outer loop 
      vertex 6.594068e-002 4.977751e-001 2.734983e+000
      vertex 1.590318e-001 5.234243e-001 2.835268e+000
      vertex 2.021260e-001 5.084884e-001 2.688972e+000
    endloop 
  endfacet
  facet normal -9.756743E-001 -2.011366E-001 -8.719858E-002
    outer loop 
      vertex -5.003625e-001 5.652851e-002 2.728990e+000
      vertex -5.012903e-001 -4.310071e-003 2.879704e+000
      vertex -5.350259e-001 1.681475e-001 2.859376e+000
    endloop 
  endfacet
  facet normal -9.853949E-001 -1.557129E-001 -6.892233E-002
    outer loop 
      vertex -4.809223e-001 -9.606373e-002 2.795793e+000
      vertex -5.012903e-001 -4.310071e-003 2.879704e+000
      vertex -5.003625e-001 5.652851e-002 2.728990e+000
    endloop 
  endfacet
  facet normal -9.964312E-001 -4.459049E-002 -7.166971E-002
    outer loop 
      vertex -4.895303e-001 1.058689e-001 2.547691e+000
      vertex -4.889359e-001 -3.505969e-002 2.627107e+000
      vertex -5.003625e-001 5.652851e-002 2.728990e+000
    endloop 
  endfacet
  facet normal -9.935437E-001 -7.945099E-002 -8.098444E-002
    outer loop 
      vertex -5.059642e-001 1.962927e-001 2.660595e+000
      vertex -4.895303e-001 1.058689e-001 2.547691e+000
      vertex -5.003625e-001 5.652851e-002 2.728990e+000
    endloop 
  endfacet
  facet normal -9.920731E-001 -1.256506E-001 1.688857E-003
    outer loop 
      vertex -4.889359e-001 -3.505969e-002 2.627107e+000
      vertex -4.809223e-001 -9.606373e-002 2.795793e+000
      vertex -5.003625e-001 5.652851e-002 2.728990e+000
    endloop 
  endfacet
  facet normal -9.801039E-001 -1.175471E-001 -1.599341E-001
    outer loop 
      vertex -5.059642e-001 1.962927e-001 2.660595e+000
      vertex -5.003625e-001 5.652851e-002 2.728990e+000
      vertex -5.350259e-001 1.681475e-001 2.859376e+000
    endloop 
  endfacet
  facet normal -8.756197E-001 -4.320029E-001 -2.160179E-001
    outer loop 
      vertex -5.453219e-001 -1.749593e-002 3.291376e+000
      vertex -6.022294e-001 4.658741e-002 3.393891e+000
      vertex -5.929487e-001 1.099249e-001 3.229606e+000
    endloop 
  endfacet
  facet normal -8.498519E-001 -5.029866E-001 -1.573411E-001
    outer loop 
      vertex -6.022294e-001 4.658741e-002 3.393891e+000
      vertex -5.453219e-001 -1.749593e-002 3.291376e+000
      vertex -5.254798e-001 -8.931524e-002 3.413793e+000
    endloop 
  endfacet
  facet normal -8.097551E-001 -5.436675E-001 -2.207315E-001
    outer loop 
      vertex -6.799451e-001 1.103501e-001 3.521942e+000
      vertex -6.022294e-001 4.658741e-002 3.393891e+000
      vertex -5.913509e-001 -3.661066e-002 3.558902e+000
    endloop 
  endfacet
  facet normal -8.406555E-001 -5.038369E-001 -1.986119E-001
    outer loop 
      vertex -6.022294e-001 4.658741e-002 3.393891e+000
      vertex -5.254798e-001 -8.931524e-002 3.413793e+000
      vertex -5.913509e-001 -3.661066e-002 3.558902e+000
    endloop 
  endfacet
  facet normal -8.616347E-001 -4.553162E-001 -2.242160E-001
    outer loop 
      vertex -6.022294e-001 4.658741e-002 3.393891e+000
      vertex -6.640366e-001 1.782213e-001 3.364099e+000
      vertex -5.929487e-001 1.099249e-001 3.229606e+000
    endloop 
  endfacet
  facet normal -8.421730E-001 -4.593453E-001 -2.823942E-001
    outer loop 
      vertex -6.640366e-001 1.782213e-001 3.364099e+000
      vertex -6.022294e-001 4.658741e-002 3.393891e+000
      vertex -6.799451e-001 1.103501e-001 3.521942e+000
    endloop 
  endfacet
  facet normal -9.527709E-001 -2.224034E-001 -2.067954E-001
    outer loop 
      vertex -5.770118e-001 1.774686e-001 5.078617e-001
      vertex -5.545374e-001 2.406306e-001 3.363857e-001
      vertex -5.215434e-001 4.111810e-002 3.989432e-001
    endloop 
  endfacet
  facet normal -9.437553E-001 -2.504024E-001 -2.159270E-001
    outer loop 
      vertex -5.545374e-001 2.406306e-001 3.363857e-001
      vertex -5.770118e-001 1.774686e-001 5.078617e-001
      vertex -6.133503e-001 3.360341e-001 4.828045e-001
    endloop 
  endfacet
  facet normal -9.491842E-001 -2.916467E-001 -1.182860E-001
    outer loop 
      vertex -5.770118e-001 1.774686e-001 5.078617e-001
      vertex -5.215434e-001 4.111810e-002 3.989432e-001
      vertex -5.363269e-001 2.320926e-002 5.617293e-001
    endloop 
  endfacet
  facet normal -9.139661E-001 -3.474845E-001 -2.095723E-001
    outer loop 
      vertex -6.441361e-001 2.735552e-001 6.412798e-001
      vertex -5.770118e-001 1.774686e-001 5.078617e-001
      vertex -5.881025e-001 9.955740e-002 6.854112e-001
    endloop 
  endfacet
  facet normal -9.292727E-001 -3.133804E-001 -1.955631E-001
    outer loop 
      vertex -5.881025e-001 9.955740e-002 6.854112e-001
      vertex -5.770118e-001 1.774686e-001 5.078617e-001
      vertex -5.363269e-001 2.320926e-002 5.617293e-001
    endloop 
  endfacet
  facet normal -9.249236E-001 -2.563280E-001 -2.807353E-001
    outer loop 
      vertex -6.441361e-001 2.735552e-001 6.412798e-001
      vertex -6.133503e-001 3.360341e-001 4.828045e-001
      vertex -5.770118e-001 1.774686e-001 5.078617e-001
    endloop 
  endfacet
  facet normal -6.457090E-001 -7.543561E-001 1.183499E-001
    outer loop 
      vertex -3.505599e-002 -6.270151e-001 4.000000e+000
      vertex -1.500837e-001 -5.465349e-001 3.885394e+000
      vertex -2.454001e-002 -6.506027e-001 3.907028e+000
    endloop 
  endfacet
  facet normal -5.654396E-001 -8.124449E-001 1.421667E-001
    outer loop 
      vertex -2.454001e-002 -6.506027e-001 3.907028e+000
      vertex 1.064840e-001 -7.255231e-001 4.000000e+000
      vertex -3.505599e-002 -6.270151e-001 4.000000e+000
    endloop 
  endfacet
  facet normal -6.045565E-001 -7.595803E-001 2.398942E-001
    outer loop 
      vertex 3.420681e-002 -7.204677e-001 3.833862e+000
      vertex 1.064840e-001 -7.255231e-001 4.000000e+000
      vertex -2.454001e-002 -6.506027e-001 3.907028e+000
    endloop 
  endfacet
  facet normal -6.458407E-001 -7.403684E-001 1.863984E-001
    outer loop 
      vertex -2.454001e-002 -6.506027e-001 3.907028e+000
      vertex -1.500837e-001 -5.465349e-001 3.885394e+000
      vertex -1.055798e-001 -6.126111e-001 3.777140e+000
    endloop 
  endfacet
  facet normal -6.465523E-001 -7.395766E-001 1.870740E-001
    outer loop 
      vertex -2.454001e-002 -6.506027e-001 3.907028e+000
      vertex -1.055798e-001 -6.126111e-001 3.777140e+000
      vertex 3.420681e-002 -7.204677e-001 3.833862e+000
    endloop 
  endfacet
  facet normal 9.616947E-001 1.563451E-001 -2.251659E-001
    outer loop 
      vertex 5.494348e-001 -2.044379e-001 3.354455e-001
      vertex 5.855551e-001 -2.233760e-001 4.765673e-001
      vertex 5.776176e-001 -3.994849e-001 3.203837e-001
    endloop 
  endfacet
  facet normal 9.390802E-001 2.772293E-001 -2.031554E-001
    outer loop 
      vertex 5.855551e-001 -2.233760e-001 4.765673e-001
      vertex 5.494348e-001 -2.044379e-001 3.354455e-001
      vertex 5.458350e-001 -8.713555e-002 4.788785e-001
    endloop 
  endfacet
  facet normal 9.060234E-001 3.544863E-001 -2.312164E-001
    outer loop 
      vertex 5.855551e-001 -2.233760e-001 4.765673e-001
      vertex 5.771292e-001 -8.662477e-002 6.532087e-001
      vertex 6.464314e-001 -2.729407e-001 6.391225e-001
    endloop 
  endfacet
  facet normal 9.451956E-001 2.784581E-001 -1.704888E-001
    outer loop 
      vertex 5.771292e-001 -8.662477e-002 6.532087e-001
      vertex 5.855551e-001 -2.233760e-001 4.765673e-001
      vertex 5.458350e-001 -8.713555e-002 4.788785e-001
    endloop 
  endfacet
  facet normal 9.178741E-001 2.393715E-001 -3.165573E-001
    outer loop 
      vertex 5.855551e-001 -2.233760e-001 4.765673e-001
      vertex 6.163079e-001 -3.357552e-001 4.807587e-001
      vertex 5.776176e-001 -3.994849e-001 3.203837e-001
    endloop 
  endfacet
  facet normal 9.302140E-001 2.443408E-001 -2.738602E-001
    outer loop 
      vertex 5.855551e-001 -2.233760e-001 4.765673e-001
      vertex 6.464314e-001 -2.729407e-001 6.391225e-001
      vertex 6.163079e-001 -3.357552e-001 4.807587e-001
    endloop 
  endfacet
  facet normal -5.993374E-001 -7.672145E-001 2.284220E-001
    outer loop 
      vertex 2.946317e-002 -6.252682e-001 1.579613e+000
      vertex -4.461640e-002 -6.131263e-001 1.426024e+000
      vertex 7.253903e-002 -7.012700e-001 1.437365e+000
    endloop 
  endfacet
  facet normal -5.620404E-001 -8.005822E-001 2.077949E-001
    outer loop 
      vertex 2.946317e-002 -6.252682e-001 1.579613e+000
      vertex -8.634603e-002 -5.536941e-001 1.542131e+000
      vertex -4.461640e-002 -6.131263e-001 1.426024e+000
    endloop 
  endfacet
  facet normal -5.160986E-001 -8.257027E-001 2.277220E-001
    outer loop 
      vertex 1.435830e-001 -6.916311e-001 1.597622e+000
      vertex 8.126700e-002 -6.194689e-001 1.718047e+000
      vertex 2.946317e-002 -6.252682e-001 1.579613e+000
    endloop 
  endfacet
  facet normal -5.153160E-001 -8.109248E-001 2.772193E-001
    outer loop 
      vertex 1.435830e-001 -6.916311e-001 1.597622e+000
      vertex 2.946317e-002 -6.252682e-001 1.579613e+000
      vertex 7.253903e-002 -7.012700e-001 1.437365e+000
    endloop 
  endfacet
  facet normal -7.659016E-001 6.029433E-001 2.232802E-001
    outer loop 
      vertex -6.937807e-001 -7.437021e-002 1.444096e+000
      vertex -6.170167e-001 -2.336872e-002 1.569689e+000
      vertex -5.897365e-001 6.804875e-002 1.416404e+000
    endloop 
  endfacet
  facet normal -7.956080E-001 5.720058E-001 1.995426E-001
    outer loop 
      vertex -5.177741e-001 1.256521e-001 1.538205e+000
      vertex -5.897365e-001 6.804875e-002 1.416404e+000
      vertex -6.170167e-001 -2.336872e-002 1.569689e+000
    endloop 
  endfacet
  facet normal -8.247966E-001 5.147114E-001 2.340570E-001
    outer loop 
      vertex -6.130939e-001 -8.553559e-002 1.720224e+000
      vertex -6.170167e-001 -2.336872e-002 1.569689e+000
      vertex -6.824946e-001 -1.436786e-001 1.603523e+000
    endloop 
  endfacet
  facet normal -8.069386E-001 5.186422E-001 2.825956E-001
    outer loop 
      vertex -6.824946e-001 -1.436786e-001 1.603523e+000
      vertex -6.170167e-001 -2.336872e-002 1.569689e+000
      vertex -6.937807e-001 -7.437021e-002 1.444096e+000
    endloop 
  endfacet
  facet normal 5.817246E-001 7.850875E-001 2.126829E-001
    outer loop 
      vertex 1.205742e-001 5.353348e-001 1.492471e+000
      vertex 6.910178e-002 6.039193e-001 1.380087e+000
      vertex -1.187152e-002 6.174552e-001 1.551597e+000
    endloop 
  endfacet
  facet normal 6.011417E-001 7.673248E-001 2.232519E-001
    outer loop 
      vertex 6.910178e-002 6.039193e-001 1.380087e+000
      vertex -6.922626e-002 6.936758e-001 1.444061e+000
      vertex -1.187152e-002 6.174552e-001 1.551597e+000
    endloop 
  endfacet
  facet normal 5.703337E-001 8.060690E-001 1.580259E-001
    outer loop 
      vertex 1.205742e-001 5.353348e-001 1.492471e+000
      vertex -1.187152e-002 6.174552e-001 1.551597e+000
      vertex 3.899765e-002 5.633644e-001 1.643914e+000
    endloop 
  endfacet
  facet normal 5.216106E-001 8.237452E-001 2.221851E-001
    outer loop 
      vertex -1.187152e-002 6.174552e-001 1.551597e+000
      vertex -1.369060e-001 6.822331e-001 1.604971e+000
      vertex -7.656586e-002 6.139364e-001 1.716522e+000
    endloop 
  endfacet
  facet normal 5.015979E-001 8.380508E-001 2.146400E-001
    outer loop 
      vertex -1.187152e-002 6.174552e-001 1.551597e+000
      vertex -7.656586e-002 6.139364e-001 1.716522e+000
      vertex 3.899765e-002 5.633644e-001 1.643914e+000
    endloop 
  endfacet
  facet normal 5.333275E-001 7.978521E-001 2.810584E-001
    outer loop 
      vertex -1.187152e-002 6.174552e-001 1.551597e+000
      vertex -6.922626e-002 6.936758e-001 1.444061e+000
      vertex -1.369060e-001 6.822331e-001 1.604971e+000
    endloop 
  endfacet
  facet normal 9.924121E-001 8.829764E-002 8.556640E-002
    outer loop 
      vertex 5.000000e-001 1.666667e-001 0.000000e+000
      vertex 4.741597e-001 3.011984e-001 1.608736e-001
      vertex 4.858863e-001 1.566159e-001 1.740647e-001
    endloop 
  endfacet
  facet normal 9.851742E-001 9.305349E-002 1.441278E-001
    outer loop 
      vertex 4.539206e-001 2.998756e-001 3.000704e-001
      vertex 4.858863e-001 1.566159e-001 1.740647e-001
      vertex 4.741597e-001 3.011984e-001 1.608736e-001
    endloop 
  endfacet
  facet normal 9.883835E-001 1.324466E-001 7.453799E-002
    outer loop 
      vertex 4.858863e-001 1.566159e-001 1.740647e-001
      vertex 4.636544e-001 2.160622e-001 3.632322e-001
      vertex 5.002854e-001 2.277651e-002 2.209491e-001
    endloop 
  endfacet
  facet normal 9.946265E-001 1.028434E-001 -1.188657E-002
    outer loop 
      vertex 5.002854e-001 2.277651e-002 2.209491e-001
      vertex 5.000000e-001 0.000000e+000 0.000000e+000
      vertex 4.858863e-001 1.566159e-001 1.740647e-001
    endloop 
  endfacet
  facet normal 9.845244E-001 1.629460E-001 6.449993E-002
    outer loop 
      vertex 4.636544e-001 2.160622e-001 3.632322e-001
      vertex 4.858863e-001 1.566159e-001 1.740647e-001
      vertex 4.539206e-001 2.998756e-001 3.000704e-001
    endloop 
  endfacet
  facet normal 9.967289E-001 0.000000E+000 8.081796E-002
    outer loop 
      vertex 5.000000e-001 0.000000e+000 0.000000e+000
      vertex 5.000000e-001 1.666667e-001 0.000000e+000
      vertex 4.858863e-001 1.566159e-001 1.740647e-001
    endloop 
  endfacet
  facet normal 9.062106E-002 -9.708505E-001 -2.218945E-001
    outer loop 
      vertex -4.285945e-001 -5.579346e-001 2.722656e+000
      vertex -3.395228e-001 -5.221664e-001 2.602536e+000
      vertex -2.691345e-001 -5.485761e-001 2.746833e+000
    endloop 
  endfacet
  facet normal 5.483235E-002 -9.771028E-001 -2.055809E-001
    outer loop 
      vertex -2.691345e-001 -5.485761e-001 2.746833e+000
      vertex -3.395228e-001 -5.221664e-001 2.602536e+000
      vertex -1.790367e-001 -5.206470e-001 2.638119e+000
    endloop 
  endfacet
  facet normal 1.381402E-001 -9.706105E-001 -1.970599E-001
    outer loop 
      vertex -2.001388e-001 -5.708596e-001 2.904955e+000
      vertex -2.691345e-001 -5.485761e-001 2.746833e+000
      vertex -9.344864e-002 -5.309045e-001 2.782948e+000
    endloop 
  endfacet
  facet normal 1.285751E-001 -9.809739E-001 -1.454599E-001
    outer loop 
      vertex -1.790367e-001 -5.206470e-001 2.638119e+000
      vertex -9.344864e-002 -5.309045e-001 2.782948e+000
      vertex -2.691345e-001 -5.485761e-001 2.746833e+000
    endloop 
  endfacet
  facet normal 9.881801E-002 -9.541916E-001 -2.824065E-001
    outer loop 
      vertex -2.691345e-001 -5.485761e-001 2.746833e+000
      vertex -3.718801e-001 -5.992874e-001 2.882223e+000
      vertex -4.285945e-001 -5.579346e-001 2.722656e+000
    endloop 
  endfacet
  facet normal 1.872791E-001 -9.580977E-001 -2.167380E-001
    outer loop 
      vertex -3.718801e-001 -5.992874e-001 2.882223e+000
      vertex -2.691345e-001 -5.485761e-001 2.746833e+000
      vertex -2.001388e-001 -5.708596e-001 2.904955e+000
    endloop 
  endfacet
  facet normal -9.721838E-001 -7.919158E-002 -2.204253E-001
    outer loop 
      vertex -5.378991e-001 4.282356e-001 2.726421e+000
      vertex -5.015582e-001 3.401360e-001 2.597791e+000
      vertex -5.320783e-001 3.001442e-001 2.746767e+000
    endloop 
  endfacet
  facet normal -9.740202E-001 -6.489469E-002 -2.169636E-001
    outer loop 
      vertex -5.059642e-001 1.962927e-001 2.660595e+000
      vertex -5.320783e-001 3.001442e-001 2.746767e+000
      vertex -5.015582e-001 3.401360e-001 2.597791e+000
    endloop 
  endfacet
  facet normal -9.568707E-001 -8.748665E-002 -2.770280E-001
    outer loop 
      vertex -5.320783e-001 3.001442e-001 2.746767e+000
      vertex -5.786146e-001 3.705598e-001 2.885269e+000
      vertex -5.378991e-001 4.282356e-001 2.726421e+000
    endloop 
  endfacet
  facet normal -9.566502E-001 -1.763629E-001 -2.317682E-001
    outer loop 
      vertex -5.786146e-001 3.705598e-001 2.885269e+000
      vertex -5.320783e-001 3.001442e-001 2.746767e+000
      vertex -5.350259e-001 1.681475e-001 2.859376e+000
    endloop 
  endfacet
  facet normal -9.805659E-001 -1.141991E-001 -1.595276E-001
    outer loop 
      vertex -5.059642e-001 1.962927e-001 2.660595e+000
      vertex -5.350259e-001 1.681475e-001 2.859376e+000
      vertex -5.320783e-001 3.001442e-001 2.746767e+000
    endloop 
  endfacet
  facet normal 9.720997E-001 8.864678E-002 -2.171726E-001
    outer loop 
      vertex 5.566006e-001 -4.482564e-001 2.719038e+000
      vertex 5.227115e-001 -3.274828e-001 2.616643e+000
      vertex 5.519418e-001 -2.848497e-001 2.764884e+000
    endloop 
  endfacet
  facet normal 9.720114E-001 8.923880E-002 -2.173254E-001
    outer loop 
      vertex 5.242138e-001 -1.565074e-001 2.693568e+000
      vertex 5.519418e-001 -2.848497e-001 2.764884e+000
      vertex 5.227115e-001 -3.274828e-001 2.616643e+000
    endloop 
  endfacet
  facet normal 9.817922E-001 1.420041E-001 -1.261704E-001
    outer loop 
      vertex 5.242138e-001 -1.565074e-001 2.693568e+000
      vertex 5.364857e-001 -1.149415e-001 2.835844e+000
      vertex 5.519418e-001 -2.848497e-001 2.764884e+000
    endloop 
  endfacet
  facet normal 9.535808E-001 1.062436E-001 -2.817728E-001
    outer loop 
      vertex 5.981449e-001 -3.929250e-001 2.880496e+000
      vertex 5.566006e-001 -4.482564e-001 2.719038e+000
      vertex 5.519418e-001 -2.848497e-001 2.764884e+000
    endloop 
  endfacet
  facet normal -8.508094E-002 9.747030E-001 -2.066768E-001
    outer loop 
      vertex 3.237402e-001 4.940546e-001 2.570191e+000
      vertex 3.067443e-001 5.341341e-001 2.766206e+000
      vertex 4.464397e-001 5.373904e-001 2.724055e+000
    endloop 
  endfacet
  facet normal -8.626963E-002 9.745819E-001 -2.067550E-001
    outer loop 
      vertex 3.067443e-001 5.341341e-001 2.766206e+000
      vertex 3.237402e-001 4.940546e-001 2.570191e+000
      vertex 2.021260e-001 5.084884e-001 2.688972e+000
    endloop 
  endfacet
  facet normal -1.036488E-001 9.573917E-001 -2.695517E-001
    outer loop 
      vertex 4.464397e-001 5.373904e-001 2.724055e+000
      vertex 3.067443e-001 5.341341e-001 2.766206e+000
      vertex 3.913754e-001 5.765952e-001 2.884476e+000
    endloop 
  endfacet
  facet normal -1.367388E-001 9.806083E-001 -1.403921E-001
    outer loop 
      vertex 3.067443e-001 5.341341e-001 2.766206e+000
      vertex 2.021260e-001 5.084884e-001 2.688972e+000
      vertex 1.590318e-001 5.234243e-001 2.835268e+000
    endloop 
  endfacet
  facet normal 9.706032E-001 -2.249789E-001 8.552173E-002
    outer loop 
      vertex 5.312631e-001 -1.709005e-002 2.005865e+000
      vertex 5.429605e-001 1.073890e-001 2.200571e+000
      vertex 5.104487e-001 -4.018733e-002 2.181331e+000
    endloop 
  endfacet
  facet normal 9.390900E-001 -3.370714E-001 6.702834E-002
    outer loop 
      vertex 4.847132e-001 -1.469221e-001 2.005147e+000
      vertex 5.312631e-001 -1.709005e-002 2.005865e+000
      vertex 5.104487e-001 -4.018733e-002 2.181331e+000
    endloop 
  endfacet
  facet normal 8.967114E-001 -4.291101E-001 1.085048E-001
    outer loop 
      vertex 5.604084e-001 -5.427480e-003 1.811124e+000
      vertex 5.312631e-001 -1.709005e-002 2.005865e+000
      vertex 4.957667e-001 -1.362828e-001 1.827838e+000
    endloop 
  endfacet
  facet normal 9.405636E-001 -3.374414E-001 3.838705E-002
    outer loop 
      vertex 4.957667e-001 -1.362828e-001 1.827838e+000
      vertex 5.312631e-001 -1.709005e-002 2.005865e+000
      vertex 4.847132e-001 -1.469221e-001 2.005147e+000
    endloop 
  endfacet
  facet normal 9.383956E-001 -3.139696E-001 1.443499E-001
    outer loop 
      vertex 5.312631e-001 -1.709005e-002 2.005865e+000
      vertex 5.796075e-001 1.386101e-001 2.030243e+000
      vertex 5.429605e-001 1.073890e-001 2.200571e+000
    endloop 
  endfacet
  facet normal 9.422617E-001 -3.117257E-001 1.223518E-001
    outer loop 
      vertex 5.796075e-001 1.386101e-001 2.030243e+000
      vertex 5.312631e-001 -1.709005e-002 2.005865e+000
      vertex 5.604084e-001 -5.427480e-003 1.811124e+000
    endloop 
  endfacet
  facet normal -6.641718E-001 7.199880E-001 -2.012289E-001
    outer loop 
      vertex -4.946965e-002 6.121671e-001 3.737111e+000
      vertex -1.518606e-001 5.143210e-001 3.724971e+000
      vertex -1.411932e-001 5.642022e-001 3.868235e+000
    endloop 
  endfacet
  facet normal -7.266800E-001 6.637812E-001 -1.770046E-001
    outer loop 
      vertex -2.696191e-001 4.200394e-001 3.854857e+000
      vertex -1.411932e-001 5.642022e-001 3.868235e+000
      vertex -1.518606e-001 5.143210e-001 3.724971e+000
    endloop 
  endfacet
  facet normal -7.165087E-001 6.452025E-001 -2.651958E-001
    outer loop 
      vertex -4.946965e-002 6.121671e-001 3.737111e+000
      vertex -1.411932e-001 5.642022e-001 3.868235e+000
      vertex -1.132226e-002 6.935023e-001 3.831926e+000
    endloop 
  endfacet
  facet normal -7.347798E-001 6.663414E-001 -1.268383E-001
    outer loop 
      vertex -2.696191e-001 4.200394e-001 3.854857e+000
      vertex -2.715447e-001 4.455441e-001 4.000000e+000
      vertex -1.411932e-001 5.642022e-001 3.868235e+000
    endloop 
  endfacet
  facet normal -7.637513E-001 6.124044E-001 -2.040706E-001
    outer loop 
      vertex -1.713781e-001 5.704653e-001 4.000000e+000
      vertex -1.411932e-001 5.642022e-001 3.868235e+000
      vertex -2.715447e-001 4.455441e-001 4.000000e+000
    endloop 
  endfacet
  facet normal -8.064067E-001 5.524406E-001 -2.109920E-001
    outer loop 
      vertex -8.470947e-002 6.969770e-001 4.000000e+000
      vertex -1.411932e-001 5.642022e-001 3.868235e+000
      vertex -1.713781e-001 5.704653e-001 4.000000e+000
    endloop 
  endfacet
  facet normal -7.114897E-001 6.237726E-001 -3.235586E-001
    outer loop 
      vertex -1.132226e-002 6.935023e-001 3.831926e+000
      vertex -1.411932e-001 5.642022e-001 3.868235e+000
      vertex -8.470947e-002 6.969770e-001 4.000000e+000
    endloop 
  endfacet
  facet normal 7.241095E-001 -6.881399E-001 -4.614056E-002
    outer loop 
      vertex 4.160199e-001 -3.145307e-001 3.860241e+000
      vertex 2.993161e-001 -4.363385e-001 3.845384e+000
      vertex 3.207083e-001 -4.050966e-001 3.715163e+000
    endloop 
  endfacet
  facet normal 7.240406E-001 -6.883718E-001 -4.369672E-002
    outer loop 
      vertex 2.993161e-001 -4.363385e-001 3.845384e+000
      vertex 4.160199e-001 -3.145307e-001 3.860241e+000
      vertex 4.014835e-001 -3.386920e-001 4.000000e+000
    endloop 
  endfacet
  facet normal 7.167332E-001 -6.871531E-001 -1.188032E-001
    outer loop 
      vertex 1.514373e-001 -5.815873e-001 3.793353e+000
      vertex 2.993161e-001 -4.363385e-001 3.845384e+000
      vertex 2.927528e-001 -4.699162e-001 4.000000e+000
    endloop 
  endfacet
  facet normal 7.180127E-001 -6.830062E-001 -1.340162E-001
    outer loop 
      vertex 1.514373e-001 -5.815873e-001 3.793353e+000
      vertex 2.040762e-001 -5.065431e-001 3.692915e+000
      vertex 2.993161e-001 -4.363385e-001 3.845384e+000
    endloop 
  endfacet
  facet normal 7.657360E-001 -6.344791E-001 -1.052839E-001
    outer loop 
      vertex 2.993161e-001 -4.363385e-001 3.845384e+000
      vertex 4.014835e-001 -3.386920e-001 4.000000e+000
      vertex 2.927528e-001 -4.699162e-001 4.000000e+000
    endloop 
  endfacet
  facet normal 6.622484E-001 -7.459903E-001 -7.018193E-002
    outer loop 
      vertex 3.207083e-001 -4.050966e-001 3.715163e+000
      vertex 2.993161e-001 -4.363385e-001 3.845384e+000
      vertex 2.040762e-001 -5.065431e-001 3.692915e+000
    endloop 
  endfacet
  facet normal 6.780764E-001 7.247797E-001 -1.220932E-001
    outer loop 
      vertex 5.280718e-001 1.868921e-001 3.842314e+000
      vertex 4.143446e-001 2.951193e-001 3.853168e+000
      vertex 4.692594e-001 2.684777e-001 4.000000e+000
    endloop 
  endfacet
  facet normal 6.784019E-001 7.248788E-001 -1.196724E-001
    outer loop 
      vertex 5.280718e-001 1.868921e-001 3.842314e+000
      vertex 4.806902e-001 2.085210e-001 3.704727e+000
      vertex 4.143446e-001 2.951193e-001 3.853168e+000
    endloop 
  endfacet
  facet normal 6.920188E-001 7.215197E-001 -2.278771E-002
    outer loop 
      vertex 3.779924e-001 3.256156e-001 3.714815e+000
      vertex 3.025284e-001 4.025579e-001 3.859317e+000
      vertex 4.143446e-001 2.951193e-001 3.853168e+000
    endloop 
  endfacet
  facet normal 6.911896E-001 7.216030E-001 -3.932078E-002
    outer loop 
      vertex 3.025284e-001 4.025579e-001 3.859317e+000
      vertex 3.373517e-001 3.768682e-001 4.000000e+000
      vertex 4.143446e-001 2.951193e-001 3.853168e+000
    endloop 
  endfacet
  facet normal 6.318899E-001 7.689898E-001 -9.679791E-002
    outer loop 
      vertex 4.143446e-001 2.951193e-001 3.853168e+000
      vertex 3.373517e-001 3.768682e-001 4.000000e+000
      vertex 4.692594e-001 2.684777e-001 4.000000e+000
    endloop 
  endfacet
  facet normal 7.486513E-001 6.609989E-001 -5.100807E-002
    outer loop 
      vertex 3.779924e-001 3.256156e-001 3.714815e+000
      vertex 4.143446e-001 2.951193e-001 3.853168e+000
      vertex 4.806902e-001 2.085210e-001 3.704727e+000
    endloop 
  endfacet
  facet normal -4.718076E-001 -8.521948E-001 -2.261894E-001
    outer loop 
      vertex -6.648461e-001 -2.121745e-001 1.763249e+000
      vertex -5.718993e-001 -2.208190e-001 1.601941e+000
      vertex -5.129185e-001 -3.023021e-001 1.785910e+000
    endloop 
  endfacet
  facet normal -6.362960E-001 -7.452385E-001 -1.993667E-001
    outer loop 
      vertex -6.205205e-001 -1.309388e-001 1.421145e+000
      vertex -4.982128e-001 -2.331175e-001 1.412736e+000
      vertex -5.718993e-001 -2.208190e-001 1.601941e+000
    endloop 
  endfacet
  facet normal -5.570424E-001 -7.936075E-001 -2.447262E-001
    outer loop 
      vertex -6.205205e-001 -1.309388e-001 1.421145e+000
      vertex -5.718993e-001 -2.208190e-001 1.601941e+000
      vertex -6.824946e-001 -1.436786e-001 1.603523e+000
    endloop 
  endfacet
  facet normal -5.524861E-001 -7.864299E-001 -2.762013E-001
    outer loop 
      vertex -5.718993e-001 -2.208190e-001 1.601941e+000
      vertex -6.648461e-001 -2.121745e-001 1.763249e+000
      vertex -6.824946e-001 -1.436786e-001 1.603523e+000
    endloop 
  endfacet
  facet normal -9.137552E-001 -3.757389E-001 1.545044E-001
    outer loop 
      vertex -3.514974e-001 -4.304475e-001 7.153484e-001
      vertex -4.069346e-001 -3.194610e-001 6.573946e-001
      vertex -3.906085e-001 -3.956220e-001 5.687333e-001
    endloop 
  endfacet
  facet normal -4.215600E-001 9.054459E-001 -4.954598E-002
    outer loop 
      vertex -9.507966e-002 4.798304e-001 3.106542e+000
      vertex -2.633852e-001 4.096324e-001 3.255703e+000
      vertex -1.305336e-001 4.737918e-001 3.297845e+000
    endloop 
  endfacet
  facet normal -3.376526E-001 9.392884E-001 6.105772E-002
    outer loop 
      vertex -2.946567e-001 4.075820e-001 3.114312e+000
      vertex -2.633852e-001 4.096324e-001 3.255703e+000
      vertex -9.507966e-002 4.798304e-001 3.106542e+000
    endloop 
  endfacet
  facet normal -4.446357E-001 8.948474E-001 3.933559E-002
    outer loop 
      vertex -2.633852e-001 4.096324e-001 3.255703e+000
      vertex -2.669390e-001 4.014921e-001 3.400715e+000
      vertex -1.305336e-001 4.737918e-001 3.297845e+000
    endloop 
  endfacet
  facet normal -4.235081E-001 9.023011E-001 8.058278E-002
    outer loop 
      vertex -4.207860e-001 3.346807e-001 3.267722e+000
      vertex -2.633852e-001 4.096324e-001 3.255703e+000
      vertex -2.946567e-001 4.075820e-001 3.114312e+000
    endloop 
  endfacet
  facet normal -4.177389E-001 8.986890E-001 1.336126E-001
    outer loop 
      vertex -4.024549e-001 3.204170e-001 3.420973e+000
      vertex -2.633852e-001 4.096324e-001 3.255703e+000
      vertex -4.207860e-001 3.346807e-001 3.267722e+000
    endloop 
  endfacet
  facet normal -5.091292E-001 8.599455E-001 3.579583E-002
    outer loop 
      vertex -4.024549e-001 3.204170e-001 3.420973e+000
      vertex -2.669390e-001 4.014921e-001 3.400715e+000
      vertex -2.633852e-001 4.096324e-001 3.255703e+000
    endloop 
  endfacet
  facet normal 8.745381E-001 -4.343824E-001 2.156268E-001
    outer loop 
      vertex 6.156381e-001 1.391730e-001 1.868800e+000
      vertex 6.234320e-001 7.735813e-002 1.712663e+000
      vertex 6.744023e-001 2.034004e-001 1.759852e+000
    endloop 
  endfacet
  facet normal 8.822368E-001 -4.210171E-001 2.107197E-001
    outer loop 
      vertex 6.156381e-001 1.391730e-001 1.868800e+000
      vertex 5.604084e-001 -5.427480e-003 1.811124e+000
      vertex 6.234320e-001 7.735813e-002 1.712663e+000
    endloop 
  endfacet
  facet normal 8.243006E-001 -5.185835E-001 2.271555E-001
    outer loop 
      vertex 6.349829e-001 2.772224e-002 1.557431e+000
      vertex 6.910570e-001 1.352991e-001 1.599542e+000
      vertex 6.234320e-001 7.735813e-002 1.712663e+000
    endloop 
  endfacet
  facet normal 8.120947E-001 -5.355633E-001 2.316767E-001
    outer loop 
      vertex 5.671279e-001 -5.544639e-002 1.603023e+000
      vertex 6.349829e-001 2.772224e-002 1.557431e+000
      vertex 6.234320e-001 7.735813e-002 1.712663e+000
    endloop 
  endfacet
  facet normal 8.496203E-001 -4.478524E-001 2.785204E-001
    outer loop 
      vertex 6.744023e-001 2.034004e-001 1.759852e+000
      vertex 6.234320e-001 7.735813e-002 1.712663e+000
      vertex 6.910570e-001 1.352991e-001 1.599542e+000
    endloop 
  endfacet
  facet normal 8.625603E-001 -4.849094E-001 1.444045E-001
    outer loop 
      vertex 5.604084e-001 -5.427480e-003 1.811124e+000
      vertex 5.671279e-001 -5.544639e-002 1.603023e+000
      vertex 6.234320e-001 7.735813e-002 1.712663e+000
    endloop 
  endfacet
  facet normal -9.762791E-001 -5.042496E-002 2.105622E-001
    outer loop 
      vertex -4.617072e-001 -4.144948e-001 2.661022e+000
      vertex -4.805171e-001 -2.643846e-001 2.609757e+000
      vertex -4.960093e-001 -3.498971e-001 2.517449e+000
    endloop 
  endfacet
  facet normal -9.748315E-001 -2.535236E-002 2.214971E-001
    outer loop 
      vertex -4.814449e-001 -5.108629e-001 2.563124e+000
      vertex -4.617072e-001 -4.144948e-001 2.661022e+000
      vertex -4.960093e-001 -3.498971e-001 2.517449e+000
    endloop 
  endfacet
  facet normal -9.853796E-001 -7.050657E-002 1.550993E-001
    outer loop 
      vertex -4.617072e-001 -4.144948e-001 2.661022e+000
      vertex -4.540099e-001 -3.263664e-001 2.749987e+000
      vertex -4.805171e-001 -2.643846e-001 2.609757e+000
    endloop 
  endfacet
  facet normal -9.529855E-001 -9.658358E-002 2.872111E-001
    outer loop 
      vertex -4.814449e-001 -5.108629e-001 2.563124e+000
      vertex -4.285945e-001 -5.579346e-001 2.722656e+000
      vertex -4.617072e-001 -4.144948e-001 2.661022e+000
    endloop 
  endfacet
  facet normal 7.478359E-003 9.717447E-001 2.359157E-001
    outer loop 
      vertex -3.510609e-001 4.971722e-001 2.514369e+000
      vertex -3.849671e-001 4.652312e-001 2.647009e+000
      vertex -1.823815e-001 4.893797e-001 2.541119e+000
    endloop 
  endfacet
  facet normal -3.788551E-002 9.736719E-001 2.247837E-001
    outer loop 
      vertex -3.849671e-001 4.652312e-001 2.647009e+000
      vertex -3.510609e-001 4.971722e-001 2.514369e+000
      vertex -4.932671e-001 4.796936e-001 2.566111e+000
    endloop 
  endfacet
  facet normal -5.092218E-002 9.904088E-001 1.284422E-001
    outer loop 
      vertex -2.676929e-001 4.625185e-001 2.714421e+000
      vertex -1.823815e-001 4.893797e-001 2.541119e+000
      vertex -3.849671e-001 4.652312e-001 2.647009e+000
    endloop 
  endfacet
  facet normal -8.401854E-002 9.553534E-001 2.832680E-001
    outer loop 
      vertex -5.378991e-001 4.282356e-001 2.726421e+000
      vertex -3.849671e-001 4.652312e-001 2.647009e+000
      vertex -4.932671e-001 4.796936e-001 2.566111e+000
    endloop 
  endfacet
  facet normal 9.559872E-001 1.090590E-001 2.723868E-001
    outer loop 
      vertex 4.464397e-001 5.373904e-001 2.724055e+000
      vertex 4.721958e-001 4.138227e-001 2.683134e+000
      vertex 4.974449e-001 4.923560e-001 2.563075e+000
    endloop 
  endfacet
  facet normal 9.687840E-001 1.325548E-001 2.094916E-001
    outer loop 
      vertex 4.344851e-001 4.119923e-001 2.858683e+000
      vertex 4.721958e-001 4.138227e-001 2.683134e+000
      vertex 4.464397e-001 5.373904e-001 2.724055e+000
    endloop 
  endfacet
  facet normal 9.724323E-001 1.014690E-001 2.099512E-001
    outer loop 
      vertex 4.344851e-001 4.119923e-001 2.858683e+000
      vertex 4.826488e-001 2.830365e-001 2.697927e+000
      vertex 4.721958e-001 4.138227e-001 2.683134e+000
    endloop 
  endfacet
  facet normal -9.628507E-001 -1.567245E-001 -2.198998E-001
    outer loop 
      vertex -5.255754e-001 3.205460e-001 1.526167e-001
      vertex -5.545374e-001 2.406306e-001 3.363857e-001
      vertex -5.771915e-001 3.969567e-001 3.241638e-001
    endloop 
  endfacet
  facet normal -9.476134E-001 -1.589839E-001 -2.770432E-001
    outer loop 
      vertex -5.771915e-001 3.969567e-001 3.241638e-001
      vertex -5.545374e-001 2.406306e-001 3.363857e-001
      vertex -6.133503e-001 3.360341e-001 4.828045e-001
    endloop 
  endfacet
  facet normal -7.414652E-001 6.537724E-001 1.510329E-001
    outer loop 
      vertex -6.006331e-001 3.066832e-002 4.000000e+000
      vertex -5.213923e-001 1.473116e-001 3.884106e+000
      vertex -6.261543e-001 2.336490e-002 3.906323e+000
    endloop 
  endfacet
  facet normal -8.115707E-001 5.565717E-001 1.777105E-001
    outer loop 
      vertex -6.969353e-001 -1.097556e-001 4.000000e+000
      vertex -6.006331e-001 3.066832e-002 4.000000e+000
      vertex -6.261543e-001 2.336490e-002 3.906323e+000
    endloop 
  endfacet
  facet normal -7.656174E-001 5.890414E-001 2.585735E-001
    outer loop 
      vertex -6.959339e-001 -3.610241e-002 3.835180e+000
      vertex -6.969353e-001 -1.097556e-001 4.000000e+000
      vertex -6.261543e-001 2.336490e-002 3.906323e+000
    endloop 
  endfacet
  facet normal -7.335340E-001 6.534793E-001 1.867957E-001
    outer loop 
      vertex -5.872831e-001 1.043853e-001 3.775529e+000
      vertex -6.261543e-001 2.336490e-002 3.906323e+000
      vertex -5.213923e-001 1.473116e-001 3.884106e+000
    endloop 
  endfacet
  facet normal -7.388006E-001 6.487916E-001 1.823267E-001
    outer loop 
      vertex -5.872831e-001 1.043853e-001 3.775529e+000
      vertex -6.959339e-001 -3.610241e-002 3.835180e+000
      vertex -6.261543e-001 2.336490e-002 3.906323e+000
    endloop 
  endfacet
  facet normal 9.348468E-001 -3.300994E-001 -1.307512E-001
    outer loop 
      vertex 4.365070e-001 -3.418571e-001 2.136051e+000
      vertex 3.892992e-001 -4.116077e-001 1.974619e+000
      vertex 4.401047e-001 -2.774531e-001 1.999177e+000
    endloop 
  endfacet
  facet normal -7.456994E-001 6.531397E-001 1.316847E-001
    outer loop 
      vertex -5.177741e-001 1.256521e-001 1.538205e+000
      vertex -4.477001e-001 2.391980e-001 1.371844e+000
      vertex -5.897365e-001 6.804875e-002 1.416404e+000
    endloop 
  endfacet
  facet normal -7.468187E-001 6.009623E-001 2.847914E-001
    outer loop 
      vertex -5.897365e-001 6.804875e-002 1.416404e+000
      vertex -6.977301e-001 -3.523350e-003 1.284239e+000
      vertex -6.937807e-001 -7.437021e-002 1.444096e+000
    endloop 
  endfacet
  facet normal 6.644195E-001 7.334892E-001 1.433190E-001
    outer loop 
      vertex 6.910178e-002 6.039193e-001 1.380087e+000
      vertex 1.205742e-001 5.353348e-001 1.492471e+000
      vertex 2.043801e-001 4.946081e-001 1.312385e+000
    endloop 
  endfacet
  facet normal 6.111190E-001 7.381653E-001 2.857369E-001
    outer loop 
      vertex 2.408028e-004 6.978102e-001 1.284808e+000
      vertex -6.922626e-002 6.936758e-001 1.444061e+000
      vertex 6.910178e-002 6.039193e-001 1.380087e+000
    endloop 
  endfacet
  facet normal 6.801875E-001 7.044778E-001 2.026226E-001
    outer loop 
      vertex 2.408028e-004 6.978102e-001 1.284808e+000
      vertex 6.910178e-002 6.039193e-001 1.380087e+000
      vertex 1.513291e-001 5.782257e-001 1.193388e+000
    endloop 
  endfacet
  facet normal 6.742738E-001 7.111352E-001 1.991019E-001
    outer loop 
      vertex 1.513291e-001 5.782257e-001 1.193388e+000
      vertex 6.910178e-002 6.039193e-001 1.380087e+000
      vertex 2.043801e-001 4.946081e-001 1.312385e+000
    endloop 
  endfacet
  facet normal -6.338104E-001 -7.568413E-001 1.596107E-001
    outer loop 
      vertex -4.461640e-002 -6.131263e-001 1.426024e+000
      vertex -8.634603e-002 -5.536941e-001 1.542131e+000
      vertex -1.665684e-001 -5.105001e-001 1.428388e+000
    endloop 
  endfacet
  facet normal -5.954159E-001 -7.566316E-001 2.701639E-001
    outer loop 
      vertex 3.789008e-003 -7.037456e-001 1.278913e+000
      vertex 7.253903e-002 -7.012700e-001 1.437365e+000
      vertex -4.461640e-002 -6.131263e-001 1.426024e+000
    endloop 
  endfacet
  facet normal 9.906290E-001 -5.292058E-002 -1.259111E-001
    outer loop 
      vertex 4.999663e-001 -1.458031e-001 2.456134e+000
      vertex 4.880658e-001 -3.444284e-001 2.445988e+000
      vertex 4.751126e-001 -2.531094e-001 2.305694e+000
    endloop 
  endfacet
  facet normal 9.886331E-001 -1.343415E-001 -6.750540E-002
    outer loop 
      vertex 4.999663e-001 -1.458031e-001 2.456134e+000
      vertex 4.751126e-001 -2.531094e-001 2.305694e+000
      vertex 4.990723e-001 -8.720383e-002 2.326425e+000
    endloop 
  endfacet
  facet normal -6.112986E-001 7.780944E-001 -1.445101E-001
    outer loop 
      vertex -7.430017e-003 6.051276e-001 3.602944e+000
      vertex -1.102164e-001 5.161858e-001 3.558851e+000
      vertex -1.518606e-001 5.143210e-001 3.724971e+000
    endloop 
  endfacet
  facet normal -6.550327E-001 7.393407E-001 -1.559087E-001
    outer loop 
      vertex -1.102164e-001 5.161858e-001 3.558851e+000
      vertex -2.809639e-001 3.922988e-001 3.688738e+000
      vertex -1.518606e-001 5.143210e-001 3.724971e+000
    endloop 
  endfacet
  facet normal -5.782190E-001 7.825891E-001 -2.306885E-001
    outer loop 
      vertex -7.430017e-003 6.051276e-001 3.602944e+000
      vertex 4.779360e-002 6.017861e-001 3.453191e+000
      vertex -1.102164e-001 5.161858e-001 3.558851e+000
    endloop 
  endfacet
  facet normal -5.421461E-001 8.286338E-001 -1.394398E-001
    outer loop 
      vertex 4.779360e-002 6.017861e-001 3.453191e+000
      vertex -3.928161e-002 5.317240e-001 3.375391e+000
      vertex -1.102164e-001 5.161858e-001 3.558851e+000
    endloop 
  endfacet
  facet normal -6.078614E-001 7.928874E-001 -4.282495E-002
    outer loop 
      vertex -1.978016e-001 4.452451e-001 3.488604e+000
      vertex -2.809639e-001 3.922988e-001 3.688738e+000
      vertex -1.102164e-001 5.161858e-001 3.558851e+000
    endloop 
  endfacet
  facet normal -5.509160E-001 8.221519E-001 -1.433797E-001
    outer loop 
      vertex -1.978016e-001 4.452451e-001 3.488604e+000
      vertex -1.102164e-001 5.161858e-001 3.558851e+000
      vertex -3.928161e-002 5.317240e-001 3.375391e+000
    endloop 
  endfacet
  facet normal -7.952474E-001 -5.880952E-001 -1.473961E-001
    outer loop 
      vertex -5.913509e-001 -3.661066e-002 3.558902e+000
      vertex -5.254798e-001 -8.931524e-002 3.413793e+000
      vertex -4.782653e-001 -1.869411e-001 3.548573e+000
    endloop 
  endfacet
  facet normal -7.969881E-001 -5.909553E-001 -1.248272E-001
    outer loop 
      vertex -5.088109e-001 -1.774949e-001 3.698879e+000
      vertex -5.913509e-001 -3.661066e-002 3.558902e+000
      vertex -4.782653e-001 -1.869411e-001 3.548573e+000
    endloop 
  endfacet
  facet normal -8.046573E-001 -5.936881E-001 -7.810376E-003
    outer loop 
      vertex -3.803405e-001 -3.214297e-001 3.682793e+000
      vertex -4.782653e-001 -1.869411e-001 3.548573e+000
      vertex -3.951480e-001 -2.992719e-001 3.524059e+000
    endloop 
  endfacet
  facet normal -8.082530E-001 -5.864156E-001 -5.332570E-002
    outer loop 
      vertex -4.782653e-001 -1.869411e-001 3.548573e+000
      vertex -4.482092e-001 -2.155462e-001 3.407581e+000
      vertex -3.951480e-001 -2.992719e-001 3.524059e+000
    endloop 
  endfacet
  facet normal -7.475744E-001 -6.548762E-001 -1.107680E-001
    outer loop 
      vertex -3.803405e-001 -3.214297e-001 3.682793e+000
      vertex -5.088109e-001 -1.774949e-001 3.698879e+000
      vertex -4.782653e-001 -1.869411e-001 3.548573e+000
    endloop 
  endfacet
  facet normal -8.520612E-001 -5.178095E-001 -7.658362E-002
    outer loop 
      vertex -4.482092e-001 -2.155462e-001 3.407581e+000
      vertex -4.782653e-001 -1.869411e-001 3.548573e+000
      vertex -5.254798e-001 -8.931524e-002 3.413793e+000
    endloop 
  endfacet
  facet normal -9.967013E-001 -8.069454E-002 -8.657763E-003
    outer loop 
      vertex -5.032820e-001 2.608606e-002 1.346978e-001
      vertex -5.000000e-001 0.000000e+000 0.000000e+000
      vertex -4.862124e-001 -1.861798e-001 1.480263e-001
    endloop 
  endfacet
  facet normal -9.802698E-001 -8.679494E-002 1.775884E-001
    outer loop 
      vertex -4.484138e-001 -3.825434e-001 2.606998e-001
      vertex -4.862124e-001 -1.861798e-001 1.480263e-001
      vertex -5.000000e-001 -3.333333e-001 0.000000e+000
    endloop 
  endfacet
  facet normal -9.862456E-001 -1.356839E-001 9.439105E-002
    outer loop 
      vertex -4.648811e-001 -2.312085e-001 3.061793e-001
      vertex -4.862124e-001 -1.861798e-001 1.480263e-001
      vertex -4.484138e-001 -3.825434e-001 2.606998e-001
    endloop 
  endfacet
  facet normal -9.956902E-001 0.000000E+000 9.274148E-002
    outer loop 
      vertex -4.862124e-001 -1.861798e-001 1.480263e-001
      vertex -5.000000e-001 -1.666667e-001 0.000000e+000
      vertex -5.000000e-001 -3.333333e-001 0.000000e+000
    endloop 
  endfacet
  facet normal -9.956902E-001 0.000000E+000 9.274148E-002
    outer loop 
      vertex -4.862124e-001 -1.861798e-001 1.480263e-001
      vertex -5.000000e-001 0.000000e+000 0.000000e+000
      vertex -5.000000e-001 -1.666667e-001 0.000000e+000
    endloop 
  endfacet
  facet normal -6.550088E-001 7.155552E-001 -2.427843E-001
    outer loop 
      vertex -1.518606e-001 5.143210e-001 3.724971e+000
      vertex -4.946965e-002 6.121671e-001 3.737111e+000
      vertex -7.430017e-003 6.051276e-001 3.602944e+000
    endloop 
  endfacet
  facet normal -6.733979E-001 7.352805E-001 -7.679740E-002
    outer loop 
      vertex -2.809639e-001 3.922988e-001 3.688738e+000
      vertex -2.696191e-001 4.200394e-001 3.854857e+000
      vertex -1.518606e-001 5.143210e-001 3.724971e+000
    endloop 
  endfacet
  facet normal 7.279079E-001 -6.405210E-001 -2.447100E-001
    outer loop 
      vertex 7.253903e-002 -7.012700e-001 1.437365e+000
      vertex 7.852396e-002 -6.262781e-001 1.258878e+000
      vertex 1.784647e-001 -5.670164e-001 1.401044e+000
    endloop 
  endfacet
  facet normal 6.864746E-001 -7.018921E-001 -1.900002E-001
    outer loop 
      vertex 1.950629e-001 -5.155854e-001 1.271019e+000
      vertex 1.784647e-001 -5.670164e-001 1.401044e+000
      vertex 7.852396e-002 -6.262781e-001 1.258878e+000
    endloop 
  endfacet
  facet normal 7.597451E-001 -6.319824E-001 -1.529236E-001
    outer loop 
      vertex 2.612428e-001 -4.966831e-001 1.521632e+000
      vertex 1.784647e-001 -5.670164e-001 1.401044e+000
      vertex 2.863640e-001 -4.433472e-001 1.426018e+000
    endloop 
  endfacet
  facet normal 7.597438E-001 -6.319682E-001 -1.529889E-001
    outer loop 
      vertex 1.950629e-001 -5.155854e-001 1.271019e+000
      vertex 2.863640e-001 -4.433472e-001 1.426018e+000
      vertex 1.784647e-001 -5.670164e-001 1.401044e+000
    endloop 
  endfacet
  facet normal -3.663869E-001 9.059044E-001 -2.123625E-001
    outer loop 
      vertex 2.696680e-001 6.393172e-001 3.204252e+000
      vertex 1.833400e-001 5.815684e-001 3.106846e+000
      vertex 1.114360e-001 5.937756e-001 3.282975e+000
    endloop 
  endfacet
  facet normal -3.775032E-001 9.003403E-001 -2.165150E-001
    outer loop 
      vertex 1.114360e-001 5.937756e-001 3.282975e+000
      vertex 1.833400e-001 5.815684e-001 3.106846e+000
      vertex 2.111256e-002 5.336407e-001 3.190398e+000
    endloop 
  endfacet
  facet normal -4.560856E-001 8.645088E-001 -2.112118E-001
    outer loop 
      vertex 2.027342e-001 6.617403e-001 3.364014e+000
      vertex 1.114360e-001 5.937756e-001 3.282975e+000
      vertex 4.779360e-002 6.017861e-001 3.453191e+000
    endloop 
  endfacet
  facet normal -4.840095E-001 8.467437E-001 -2.208164E-001
    outer loop 
      vertex -3.928161e-002 5.317240e-001 3.375391e+000
      vertex 4.779360e-002 6.017861e-001 3.453191e+000
      vertex 1.114360e-001 5.937756e-001 3.282975e+000
    endloop 
  endfacet
  facet normal -3.943351E-001 8.727683E-001 -2.877071E-001
    outer loop 
      vertex 1.114360e-001 5.937756e-001 3.282975e+000
      vertex 2.027342e-001 6.617403e-001 3.364014e+000
      vertex 2.696680e-001 6.393172e-001 3.204252e+000
    endloop 
  endfacet
  facet normal -4.477999E-001 8.835701E-001 -1.370367E-001
    outer loop 
      vertex 2.111256e-002 5.336407e-001 3.190398e+000
      vertex -3.928161e-002 5.317240e-001 3.375391e+000
      vertex 1.114360e-001 5.937756e-001 3.282975e+000
    endloop 
  endfacet
  facet normal 7.462564E-001 -6.330366E-001 2.058305E-001
    outer loop 
      vertex 6.290891e-001 -8.195782e-002 3.875399e+000
      vertex 6.418371e-001 -1.054232e-001 3.757012e+000
      vertex 7.181013e-001 9.039104e-003 3.832541e+000
    endloop 
  endfacet
  facet normal 6.745355E-001 -7.069218E-001 2.127523E-001
    outer loop 
      vertex 6.418371e-001 -1.054232e-001 3.757012e+000
      vertex 6.290891e-001 -8.195782e-002 3.875399e+000
      vertex 5.498234e-001 -1.979155e-001 3.741415e+000
    endloop 
  endfacet
  facet normal 7.357459E-001 -6.639338E-001 1.336787E-001
    outer loop 
      vertex 6.251593e-001 -6.122521e-002 4.000000e+000
      vertex 5.243798e-001 -1.988339e-001 3.871221e+000
      vertex 6.290891e-001 -8.195782e-002 3.875399e+000
    endloop 
  endfacet
  facet normal 7.350582E-001 -6.635217E-001 1.393858E-001
    outer loop 
      vertex 5.498234e-001 -1.979155e-001 3.741415e+000
      vertex 6.290891e-001 -8.195782e-002 3.875399e+000
      vertex 5.243798e-001 -1.988339e-001 3.871221e+000
    endloop 
  endfacet
  facet normal 8.129978E-001 -5.696760E-001 1.204314E-001
    outer loop 
      vertex 6.251593e-001 -6.122521e-002 4.000000e+000
      vertex 6.290891e-001 -8.195782e-002 3.875399e+000
      vertex 7.252544e-001 8.162290e-002 4.000000e+000
    endloop 
  endfacet
  facet normal 7.479376E-001 -6.200844E-001 2.368223E-001
    outer loop 
      vertex 7.181013e-001 9.039104e-003 3.832541e+000
      vertex 7.252544e-001 8.162290e-002 4.000000e+000
      vertex 6.290891e-001 -8.195782e-002 3.875399e+000
    endloop 
  endfacet
  facet normal 6.361477E-001 7.340474E-001 -2.376775E-001
    outer loop 
      vertex 6.297923e-001 7.068703e-002 1.258807e+000
      vertex 5.574340e-001 1.834413e-001 1.413371e+000
      vertex 7.013746e-001 6.716514e-002 1.439521e+000
    endloop 
  endfacet
  facet normal 7.010062E-001 6.911004E-001 -1.759847E-001
    outer loop 
      vertex 5.574340e-001 1.834413e-001 1.413371e+000
      vertex 6.297923e-001 7.068703e-002 1.258807e+000
      vertex 5.327599e-001 1.679866e-001 1.254395e+000
    endloop 
  endfacet
  facet normal -5.667217E-001 7.964239E-001 2.110343E-001
    outer loop 
      vertex -5.581309e-001 2.357072e-001 9.261143e-001
      vertex -5.675908e-001 1.856702e-001 1.089545e+000
      vertex -4.403399e-001 2.956804e-001 1.016102e+000
    endloop 
  endfacet
  facet normal -5.275882E-001 8.393024E-001 1.312332E-001
    outer loop 
      vertex -4.306290e-001 3.263953e-001 8.587051e-001
      vertex -5.581309e-001 2.357072e-001 9.261143e-001
      vertex -4.403399e-001 2.956804e-001 1.016102e+000
    endloop 
  endfacet
  facet normal -4.760863E-001 8.524662E-001 2.159704E-001
    outer loop 
      vertex -5.581309e-001 2.357072e-001 9.261143e-001
      vertex -5.383991e-001 2.877897e-001 7.640338e-001
      vertex -6.689908e-001 2.050984e-001 8.025513e-001
    endloop 
  endfacet
  facet normal -4.894186E-001 8.458332E-001 2.122159E-001
    outer loop 
      vertex -4.306290e-001 3.263953e-001 8.587051e-001
      vertex -5.383991e-001 2.877897e-001 7.640338e-001
      vertex -5.581309e-001 2.357072e-001 9.261143e-001
    endloop 
  endfacet
  facet normal -5.388717E-001 7.918776E-001 2.873099E-001
    outer loop 
      vertex -6.689908e-001 2.050984e-001 8.025513e-001
      vertex -6.857356e-001 1.353386e-001 9.634155e-001
      vertex -5.581309e-001 2.357072e-001 9.261143e-001
    endloop 
  endfacet
  facet normal -5.653401E-001 7.973120E-001 2.113862E-001
    outer loop 
      vertex -6.857356e-001 1.353386e-001 9.634155e-001
      vertex -5.675908e-001 1.856702e-001 1.089545e+000
      vertex -5.581309e-001 2.357072e-001 9.261143e-001
    endloop 
  endfacet
  facet normal 8.542001E-001 4.706428E-001 2.209924E-001
    outer loop 
      vertex 2.298946e-001 5.748237e-001 9.156001e-001
      vertex 2.906897e-001 5.352646e-001 7.648571e-001
      vertex 2.078358e-001 6.679482e-001 8.025385e-001
    endloop 
  endfacet
  facet normal 8.463538E-001 4.880646E-001 2.132560E-001
    outer loop 
      vertex 2.298946e-001 5.748237e-001 9.156001e-001
      vertex 3.214142e-001 4.400148e-001 8.609118e-001
      vertex 2.906897e-001 5.352646e-001 7.648571e-001
    endloop 
  endfacet
  facet normal 8.458143E-001 5.075006E-001 1.644424E-001
    outer loop 
      vertex 3.214142e-001 4.400148e-001 8.609118e-001
      vertex 2.298946e-001 5.748237e-001 9.156001e-001
      vertex 2.518125e-001 5.030011e-001 1.024523e+000
    endloop 
  endfacet
  facet normal 7.996974E-001 5.305874E-001 2.810001E-001
    outer loop 
      vertex 2.078358e-001 6.679482e-001 8.025385e-001
      vertex 1.399640e-001 6.849810e-001 9.635329e-001
      vertex 2.298946e-001 5.748237e-001 9.156001e-001
    endloop 
  endfacet
  facet normal 4.648772E-001 -8.572984E-001 2.211982E-001
    outer loop 
      vertex 5.280652e-001 -3.062001e-001 7.209421e-001
      vertex 6.706187e-001 -2.089970e-001 7.980775e-001
      vertex 5.836606e-001 -2.290320e-001 9.031817e-001
    endloop 
  endfacet
  facet normal 4.964772E-001 -8.433385E-001 2.056468E-001
    outer loop 
      vertex 5.280652e-001 -3.062001e-001 7.209421e-001
      vertex 5.836606e-001 -2.290320e-001 9.031817e-001
      vertex 4.556213e-001 -3.174583e-001 8.496692e-001
    endloop 
  endfacet
  facet normal 5.098667E-001 -8.427521E-001 1.726410E-001
    outer loop 
      vertex 4.556213e-001 -3.174583e-001 8.496692e-001
      vertex 5.836606e-001 -2.290320e-001 9.031817e-001
      vertex 5.252447e-001 -2.453914e-001 9.958447e-001
    endloop 
  endfacet
  facet normal 5.265985E-001 -8.016735E-001 2.828667E-001
    outer loop 
      vertex 6.890429e-001 -1.404218e-001 9.581276e-001
      vertex 5.836606e-001 -2.290320e-001 9.031817e-001
      vertex 6.706187e-001 -2.089970e-001 7.980775e-001
    endloop 
  endfacet
  facet normal 3.762932E-001 -9.145976E-001 1.480360E-001
    outer loop 
      vertex 5.306239e-001 -3.383661e-001 3.170567e+000
      vertex 4.136272e-001 -3.776618e-001 3.225184e+000
      vertex 4.142241e-001 -4.077348e-001 3.037869e+000
    endloop 
  endfacet
  facet normal 3.145932E-001 -9.261168E-001 2.081798E-001
    outer loop 
      vertex 4.142241e-001 -4.077348e-001 3.037869e+000
      vertex 6.325091e-001 -3.330767e-001 3.040133e+000
      vertex 5.306239e-001 -3.383661e-001 3.170567e+000
    endloop 
  endfacet
  facet normal 3.935672E-001 -8.781932E-001 2.718117E-001
    outer loop 
      vertex 6.617042e-001 -2.703360e-001 3.200568e+000
      vertex 5.306239e-001 -3.383661e-001 3.170567e+000
      vertex 6.325091e-001 -3.330767e-001 3.040133e+000
    endloop 
  endfacet
  facet normal -8.879539E-001 -4.068672E-001 2.144691E-001
    outer loop 
      vertex -3.284853e-001 -5.296370e-001 3.121611e+000
      vertex -2.472973e-001 -6.639192e-001 3.203004e+000
      vertex -2.805944e-001 -5.521153e-001 3.277248e+000
    endloop 
  endfacet
  facet normal -8.962624E-001 -3.850110E-001 2.201824E-001
    outer loop 
      vertex -3.554753e-001 -4.314201e-001 3.183489e+000
      vertex -3.284853e-001 -5.296370e-001 3.121611e+000
      vertex -2.805944e-001 -5.521153e-001 3.277248e+000
    endloop 
  endfacet
  facet normal -9.296063E-001 -3.419983E-001 1.373657E-001
    outer loop 
      vertex -3.554753e-001 -4.314201e-001 3.183489e+000
      vertex -4.045147e-001 -3.630791e-001 3.021769e+000
      vertex -3.284853e-001 -5.296370e-001 3.121611e+000
    endloop 
  endfacet
  facet normal -8.867776E-001 -3.618683E-001 2.875357E-001
    outer loop 
      vertex -3.284853e-001 -5.296370e-001 3.121611e+000
      vertex -3.113136e-001 -6.347142e-001 3.042328e+000
      vertex -2.472973e-001 -6.639192e-001 3.203004e+000
    endloop 
  endfacet
  facet normal -3.454322E-001 9.306841E-001 1.204314E-001
    outer loop 
      vertex -3.227715e-001 4.143805e-001 2.981133e+000
      vertex -4.768738e-001 3.383411e-001 3.126749e+000
      vertex -2.946567e-001 4.075820e-001 3.114312e+000
    endloop 
  endfacet
  facet normal -3.619497E-001 8.869035E-001 2.870448E-001
    outer loop 
      vertex -6.139902e-001 3.084237e-001 3.046290e+000
      vertex -6.416265e-001 2.456963e-001 3.205255e+000
      vertex -4.768738e-001 3.383411e-001 3.126749e+000
    endloop 
  endfacet
  facet normal -3.411009E-001 9.263506E-001 1.597644E-001
    outer loop 
      vertex -4.768738e-001 3.383411e-001 3.126749e+000
      vertex -4.207860e-001 3.346807e-001 3.267722e+000
      vertex -2.946567e-001 4.075820e-001 3.114312e+000
    endloop 
  endfacet
  facet normal 0.000000E+000 0.000000E+000 -1.000000E+000
    outer loop 
      vertex 3.779213e-001 8.281100e-002 0.000000e+000
      vertex 3.752419e-001 -5.933267e-002 0.000000e+000
      vertex 2.514290e-001 2.113478e-002 0.000000e+000
    endloop 
  endfacet
  facet normal 0.000000E+000 0.000000E+000 -1.000000E+000
    outer loop 
      vertex 5.000000e-001 0.000000e+000 0.000000e+000
      vertex 3.752419e-001 -5.933267e-002 0.000000e+000
      vertex 3.779213e-001 8.281100e-002 0.000000e+000
    endloop 
  endfacet
  facet normal 0.000000E+000 0.000000E+000 -1.000000E+000
    outer loop 
      vertex 3.752419e-001 -5.933267e-002 0.000000e+000
      vertex 2.463146e-001 -1.167427e-001 0.000000e+000
      vertex 2.514290e-001 2.113478e-002 0.000000e+000
    endloop 
  endfacet
  facet normal 0.000000E+000 0.000000E+000 -1.000000E+000
    outer loop 
      vertex 5.000000e-001 0.000000e+000 0.000000e+000
      vertex 5.000000e-001 -1.666667e-001 0.000000e+000
      vertex 3.752419e-001 -5.933267e-002 0.000000e+000
    endloop 
  endfacet
  facet normal -7.986966E-001 -5.591898E-001 2.222400E-001
    outer loop 
      vertex -1.378522e-001 -6.886980e-001 9.594201e-001
      vertex -2.403558e-001 -5.344499e-001 9.791498e-001
      vertex -2.344771e-001 -5.842425e-001 8.749912e-001
    endloop 
  endfacet
  facet normal -8.465645E-001 -4.972484E-001 1.899274E-001
    outer loop 
      vertex -3.080254e-001 -4.702157e-001 8.456970e-001
      vertex -2.344771e-001 -5.842425e-001 8.749912e-001
      vertex -2.403558e-001 -5.344499e-001 9.791498e-001
    endloop 
  endfacet
  facet normal -8.075749E-001 -5.155826E-001 2.863518E-001
    outer loop 
      vertex -1.378522e-001 -6.886980e-001 9.594201e-001
      vertex -2.344771e-001 -5.842425e-001 8.749912e-001
      vertex -2.057258e-001 -6.712198e-001 7.994717e-001
    endloop 
  endfacet
  facet normal -4.559899E-001 -8.415061E-001 -2.897251E-001
    outer loop 
      vertex -6.648461e-001 -2.121745e-001 1.763249e+000
      vertex -5.129185e-001 -3.023021e-001 1.785910e+000
      vertex -6.408626e-001 -2.801237e-001 1.922860e+000
    endloop 
  endfacet
  facet normal -3.703671E-001 -9.073017E-001 -1.990778E-001
    outer loop 
      vertex -6.408626e-001 -2.801237e-001 1.922860e+000
      vertex -5.129185e-001 -3.023021e-001 1.785910e+000
      vertex -4.233214e-001 -3.831924e-001 1.987882e+000
    endloop 
  endfacet
  facet normal -4.251314E-001 -8.894714E-001 -1.676427E-001
    outer loop 
      vertex -5.129185e-001 -3.023021e-001 1.785910e+000
      vertex -3.589332e-001 -3.854804e-001 1.836737e+000
      vertex -4.233214e-001 -3.831924e-001 1.987882e+000
    endloop 
  endfacet
  facet normal -4.223162E-001 9.031106E-001 -7.771977E-002
    outer loop 
      vertex -5.708592e-002 5.064617e-001 5.581490e-001
      vertex -1.862041e-001 4.613596e-001 7.356652e-001
      vertex -2.512825e-002 5.331335e-001 6.944246e-001
    endloop 
  endfacet
  facet normal -3.468234E-001 9.378262E-001 -1.398896E-002
    outer loop 
      vertex -1.862041e-001 4.613596e-001 7.356652e-001
      vertex -5.708592e-002 5.064617e-001 5.581490e-001
      vertex -2.529335e-001 4.350438e-001 6.258354e-001
    endloop 
  endfacet
  facet normal -2.365284E-001 9.702567E-001 -5.153972E-002
    outer loop 
      vertex 9.969014e-002 5.366398e-001 4.067801e-001
      vertex -3.922030e-002 5.027093e-001 4.055175e-001
      vertex -5.708592e-002 5.064617e-001 5.581490e-001
    endloop 
  endfacet
  facet normal -3.211199E-001 9.357105E-001 -1.460404E-001
    outer loop 
      vertex -5.708592e-002 5.064617e-001 5.581490e-001
      vertex 1.465302e-001 5.744175e-001 5.458357e-001
      vertex 9.969014e-002 5.366398e-001 4.067801e-001
    endloop 
  endfacet
  facet normal -3.206168E-001 9.409201E-001 -1.089691E-001
    outer loop 
      vertex -5.708592e-002 5.064617e-001 5.581490e-001
      vertex -2.512825e-002 5.331335e-001 6.944246e-001
      vertex 1.465302e-001 5.744175e-001 5.458357e-001
    endloop 
  endfacet
  facet normal -2.790175E-001 9.586385E-001 -5.622748E-002
    outer loop 
      vertex -5.708592e-002 5.064617e-001 5.581490e-001
      vertex -3.922030e-002 5.027093e-001 4.055175e-001
      vertex -1.907508e-001 4.624155e-001 4.704776e-001
    endloop 
  endfacet
  facet normal -3.322992E-001 9.425942E-001 3.306708E-002
    outer loop 
      vertex -5.708592e-002 5.064617e-001 5.581490e-001
      vertex -1.907508e-001 4.624155e-001 4.704776e-001
      vertex -2.529335e-001 4.350438e-001 6.258354e-001
    endloop 
  endfacet
  facet normal 8.199497E-001 5.723768E-001 -8.193921E-003
    outer loop 
      vertex 4.976548e-001 1.536934e-001 9.698215e-001
      vertex 4.340472e-001 2.437664e-001 8.966798e-001
      vertex 3.933166e-001 3.044987e-001 1.063236e+000
    endloop 
  endfacet
  facet normal -3.935401E-001 9.182563E-001 -4.394872E-002
    outer loop 
      vertex -9.507966e-002 4.798304e-001 3.106542e+000
      vertex -1.305336e-001 4.737918e-001 3.297845e+000
      vertex 2.111256e-002 5.336407e-001 3.190398e+000
    endloop 
  endfacet
  facet normal -3.037480E-001 9.504188E-001 -6.664240E-002
    outer loop 
      vertex -9.507966e-002 4.798304e-001 3.106542e+000
      vertex 9.381437e-002 5.331364e-001 3.005808e+000
      vertex 1.423910e-002 5.011845e-001 2.912821e+000
    endloop 
  endfacet
  facet normal -3.348821E-001 9.326194E-001 -1.344433E-001
    outer loop 
      vertex 9.381437e-002 5.331364e-001 3.005808e+000
      vertex -9.507966e-002 4.798304e-001 3.106542e+000
      vertex 2.111256e-002 5.336407e-001 3.190398e+000
    endloop 
  endfacet
  facet normal -2.464939E-001 9.686050E-001 -3.232863E-002
    outer loop 
      vertex -1.529555e-001 4.603853e-001 2.965223e+000
      vertex -9.507966e-002 4.798304e-001 3.106542e+000
      vertex 1.423910e-002 5.011845e-001 2.912821e+000
    endloop 
  endfacet
  facet normal -3.400341E-001 9.403614E-001 9.865963E-003
    outer loop 
      vertex -1.529555e-001 4.603853e-001 2.965223e+000
      vertex -2.946567e-001 4.075820e-001 3.114312e+000
      vertex -9.507966e-002 4.798304e-001 3.106542e+000
    endloop 
  endfacet
  facet normal -9.400166E-001 -2.862838E-001 -1.855002E-001
    outer loop 
      vertex -5.350259e-001 1.681475e-001 2.859376e+000
      vertex -5.163713e-001 4.219055e-003 3.017836e+000
      vertex -5.717804e-001 1.747394e-001 3.035455e+000
    endloop 
  endfacet
  facet normal -9.481751E-001 -2.962235E-001 -1.149597E-001
    outer loop 
      vertex -5.717804e-001 1.747394e-001 3.035455e+000
      vertex -5.163713e-001 4.219055e-003 3.017836e+000
      vertex -5.318132e-001 3.869236e-004 3.155074e+000
    endloop 
  endfacet
  facet normal -9.573576E-001 -2.753296E-001 -8.752160E-002
    outer loop 
      vertex -5.163713e-001 4.219055e-003 3.017836e+000
      vertex -5.012903e-001 -4.310071e-003 2.879704e+000
      vertex -4.633354e-001 -1.693205e-001 2.983630e+000
    endloop 
  endfacet
  facet normal -9.749103E-001 -2.017864E-001 -9.397899E-002
    outer loop 
      vertex -5.012903e-001 -4.310071e-003 2.879704e+000
      vertex -5.163713e-001 4.219055e-003 3.017836e+000
      vertex -5.350259e-001 1.681475e-001 2.859376e+000
    endloop 
  endfacet
  facet normal -8.545924E-001 -5.178428E-001 -3.886618E-002
    outer loop 
      vertex -4.823981e-001 -1.609989e-001 8.615180e-001
      vertex -4.106071e-001 -2.825893e-001 9.030123e-001
      vertex -4.416262e-001 -2.404430e-001 1.023516e+000
    endloop 
  endfacet
  facet normal -9.423862E-001 -3.306815E-001 -5.057845E-002
    outer loop 
      vertex -4.968235e-001 -9.934422e-002 6.269475e-001
      vertex -5.363269e-001 2.320926e-002 5.617293e-001
      vertex -4.900764e-001 -1.011588e-001 5.130984e-001
    endloop 
  endfacet
  facet normal -9.225950E-001 -3.826993E-001 -4.857650E-002
    outer loop 
      vertex -4.968235e-001 -9.934422e-002 6.269475e-001
      vertex -4.900764e-001 -1.011588e-001 5.130984e-001
      vertex -4.511213e-001 -2.116951e-001 6.440746e-001
    endloop 
  endfacet
  facet normal 4.277908E-001 -8.946393E-001 -1.289017E-001
    outer loop 
      vertex -1.406956e-002 -5.549924e-001 6.951366e-001
      vertex -4.685119e-003 -5.323595e-001 5.691976e-001
      vertex 1.368657e-001 -4.879653e-001 7.308507e-001
    endloop 
  endfacet
  facet normal 4.261073E-001 -8.970376E-001 -1.172858E-001
    outer loop 
      vertex 7.320775e-002 -5.326520e-001 8.413547e-001
      vertex -1.406956e-002 -5.549924e-001 6.951366e-001
      vertex 1.368657e-001 -4.879653e-001 7.308507e-001
    endloop 
  endfacet
  facet normal 5.046139E-001 -8.614177E-001 -5.765619E-002
    outer loop 
      vertex 2.374651e-001 -4.406148e-001 9.038631e-001
      vertex 7.320775e-002 -5.326520e-001 8.413547e-001
      vertex 1.368657e-001 -4.879653e-001 7.308507e-001
    endloop 
  endfacet
  facet normal 3.471985E-001 -9.366231E-001 -4.680154E-002
    outer loop 
      vertex -4.685119e-003 -5.323595e-001 5.691976e-001
      vertex 1.734158e-001 -4.678017e-001 5.984725e-001
      vertex 1.368657e-001 -4.879653e-001 7.308507e-001
    endloop 
  endfacet
  facet normal -5.505721E-001 8.319219E-001 -6.910987E-002
    outer loop 
      vertex -1.465510e-001 4.889477e-001 8.524283e-001
      vertex -1.986454e-001 4.666064e-001 9.985082e-001
      vertex -6.777267e-002 5.486047e-001 9.429625e-001
    endloop 
  endfacet
  facet normal -4.890419E-001 8.606890E-001 -1.416062E-001
    outer loop 
      vertex -1.465510e-001 4.889477e-001 8.524283e-001
      vertex -6.777267e-002 5.486047e-001 9.429625e-001
      vertex -1.388514e-002 5.578369e-001 8.129739e-001
    endloop 
  endfacet
  facet normal -4.877026E-001 8.627383E-001 -1.335247E-001
    outer loop 
      vertex -1.465510e-001 4.889477e-001 8.524283e-001
      vertex -1.388514e-002 5.578369e-001 8.129739e-001
      vertex -2.512825e-002 5.331335e-001 6.944246e-001
    endloop 
  endfacet
  facet normal -5.250086E-001 8.491620E-001 -5.735682E-002
    outer loop 
      vertex -1.465510e-001 4.889477e-001 8.524283e-001
      vertex -3.017139e-001 3.969472e-001 9.106352e-001
      vertex -1.986454e-001 4.666064e-001 9.985082e-001
    endloop 
  endfacet
  facet normal -8.901996E-001 -4.513898E-001 6.157836E-002
    outer loop 
      vertex -3.683621e-001 -3.480263e-001 3.425590e+000
      vertex -4.207784e-001 -2.637261e-001 3.285789e+000
      vertex -3.393796e-001 -4.197722e-001 3.318650e+000
    endloop 
  endfacet
  facet normal -8.900493E-001 -4.523034E-001 5.686734E-002
    outer loop 
      vertex -3.393796e-001 -4.197722e-001 3.318650e+000
      vertex -4.207784e-001 -2.637261e-001 3.285789e+000
      vertex -4.137814e-001 -2.943261e-001 3.151918e+000
    endloop 
  endfacet
  facet normal -8.570623E-001 -5.151008E-001 1.073631E-002
    outer loop 
      vertex -4.482092e-001 -2.155462e-001 3.407581e+000
      vertex -4.207784e-001 -2.637261e-001 3.285789e+000
      vertex -3.683621e-001 -3.480263e-001 3.425590e+000
    endloop 
  endfacet
  facet normal -9.024203E-001 -4.065137E-001 -1.427731E-001
    outer loop 
      vertex -5.453219e-001 -1.749593e-002 3.291376e+000
      vertex -5.929487e-001 1.099249e-001 3.229606e+000
      vertex -5.318132e-001 3.869236e-004 3.155074e+000
    endloop 
  endfacet
  facet normal -9.213433E-001 -3.534706E-001 1.618180E-001
    outer loop 
      vertex -3.343764e-001 -5.207049e-001 6.156749e-001
      vertex -3.514974e-001 -4.304475e-001 7.153484e-001
      vertex -3.906085e-001 -3.956220e-001 5.687333e-001
    endloop 
  endfacet
  facet normal -9.294614E-001 -2.898582E-001 2.282186E-001
    outer loop 
      vertex -3.383442e-001 -6.147051e-001 4.801266e-001
      vertex -3.343764e-001 -5.207049e-001 6.156749e-001
      vertex -3.880378e-001 -4.775749e-001 4.519080e-001
    endloop 
  endfacet
  facet normal -9.185264E-001 -3.328821E-001 2.133047E-001
    outer loop 
      vertex -3.343764e-001 -5.207049e-001 6.156749e-001
      vertex -3.906085e-001 -3.956220e-001 5.687333e-001
      vertex -3.880378e-001 -4.775749e-001 4.519080e-001
    endloop 
  endfacet
  facet normal -8.823648E-001 -3.741946E-001 2.853257E-001
    outer loop 
      vertex -3.383442e-001 -6.147051e-001 4.801266e-001
      vertex -2.732372e-001 -6.462726e-001 6.400691e-001
      vertex -3.343764e-001 -5.207049e-001 6.156749e-001
    endloop 
  endfacet
  facet normal -8.633490E-001 5.045132E-001 -9.751185E-003
    outer loop 
      vertex -4.868229e-001 1.425187e-001 1.695810e+000
      vertex -4.021837e-001 2.879962e-001 1.728846e+000
      vertex -4.067524e-001 2.768232e-001 1.555273e+000
    endloop 
  endfacet
  facet normal -8.074019E-001 5.820954E-001 9.626616E-002
    outer loop 
      vertex -5.177741e-001 1.256521e-001 1.538205e+000
      vertex -4.868229e-001 1.425187e-001 1.695810e+000
      vertex -4.067524e-001 2.768232e-001 1.555273e+000
    endloop 
  endfacet
  facet normal -8.227596E-001 5.622180E-001 -8.353251E-002
    outer loop 
      vertex -4.067524e-001 2.768232e-001 1.555273e+000
      vertex -2.869408e-001 4.582239e-001 1.596103e+000
      vertex -3.068722e-001 4.011587e-001 1.408340e+000
    endloop 
  endfacet
  facet normal -8.329275E-001 5.532129E-001 -1.368676E-002
    outer loop 
      vertex -2.869408e-001 4.582239e-001 1.596103e+000
      vertex -4.067524e-001 2.768232e-001 1.555273e+000
      vertex -4.021837e-001 2.879962e-001 1.728846e+000
    endloop 
  endfacet
  facet normal -7.581088E-001 6.511518E-001 3.567083E-002
    outer loop 
      vertex -4.067524e-001 2.768232e-001 1.555273e+000
      vertex -3.068722e-001 4.011587e-001 1.408340e+000
      vertex -4.477001e-001 2.391980e-001 1.371844e+000
    endloop 
  endfacet
  facet normal -8.077587E-001 5.864493E-001 6.002618E-002
    outer loop 
      vertex -5.177741e-001 1.256521e-001 1.538205e+000
      vertex -4.067524e-001 2.768232e-001 1.555273e+000
      vertex -4.477001e-001 2.391980e-001 1.371844e+000
    endloop 
  endfacet
  facet normal -8.640237E-001 -4.527014E-001 2.202824E-001
    outer loop 
      vertex -3.393796e-001 -4.197722e-001 3.318650e+000
      vertex -2.805944e-001 -5.521153e-001 3.277248e+000
      vertex -2.300746e-001 -5.747563e-001 3.428874e+000
    endloop 
  endfacet
  facet normal -8.497126E-001 -5.131521E-001 1.210928E-001
    outer loop 
      vertex -3.393796e-001 -4.197722e-001 3.318650e+000
      vertex -2.300746e-001 -5.747563e-001 3.428874e+000
      vertex -2.867214e-001 -4.701864e-001 3.474515e+000
    endloop 
  endfacet
  facet normal -8.465489E-001 -4.895853E-001 2.089526E-001
    outer loop 
      vertex -2.805944e-001 -5.521153e-001 3.277248e+000
      vertex -1.820188e-001 -6.862315e-001 3.362376e+000
      vertex -2.300746e-001 -5.747563e-001 3.428874e+000
    endloop 
  endfacet
  facet normal -7.873253E-001 -5.829442E-001 2.007363E-001
    outer loop 
      vertex -1.896154e-001 -5.675725e-001 3.608425e+000
      vertex -2.300746e-001 -5.747563e-001 3.428874e+000
      vertex -1.119383e-001 -7.032266e-001 3.519145e+000
    endloop 
  endfacet
  facet normal -8.198997E-001 -5.341141E-001 2.061228E-001
    outer loop 
      vertex -2.867214e-001 -4.701864e-001 3.474515e+000
      vertex -2.300746e-001 -5.747563e-001 3.428874e+000
      vertex -1.896154e-001 -5.675725e-001 3.608425e+000
    endloop 
  endfacet
  facet normal -7.978641E-001 -5.228996E-001 2.999814E-001
    outer loop 
      vertex -1.820188e-001 -6.862315e-001 3.362376e+000
      vertex -1.119383e-001 -7.032266e-001 3.519145e+000
      vertex -2.300746e-001 -5.747563e-001 3.428874e+000
    endloop 
  endfacet
  facet normal -5.779378E-001 7.902405E-001 2.037342E-001
    outer loop 
      vertex -5.306435e-001 2.005830e-001 3.595476e+000
      vertex -5.454054e-001 2.345507e-001 3.421848e+000
      vertex -6.799451e-001 1.103501e-001 3.521942e+000
    endloop 
  endfacet
  facet normal -5.028422E-001 8.392420E-001 2.069360E-001
    outer loop 
      vertex -5.306435e-001 2.005830e-001 3.595476e+000
      vertex -4.024549e-001 3.204170e-001 3.420973e+000
      vertex -5.454054e-001 2.345507e-001 3.421848e+000
    endloop 
  endfacet
  facet normal -5.224735E-001 8.011586E-001 2.918328E-001
    outer loop 
      vertex -6.640366e-001 1.782213e-001 3.364099e+000
      vertex -6.799451e-001 1.103501e-001 3.521942e+000
      vertex -5.454054e-001 2.345507e-001 3.421848e+000
    endloop 
  endfacet
  facet normal -5.092220E-001 8.491805E-001 1.399475E-001
    outer loop 
      vertex -4.024549e-001 3.204170e-001 3.420973e+000
      vertex -4.207860e-001 3.346807e-001 3.267722e+000
      vertex -5.454054e-001 2.345507e-001 3.421848e+000
    endloop 
  endfacet
  facet normal -2.024510E-002 9.918876E-001 -1.254948E-001
    outer loop 
      vertex 3.237402e-001 4.940546e-001 2.570191e+000
      vertex 2.351765e-001 4.714270e-001 2.405634e+000
      vertex 1.331345e-001 4.906994e-001 2.574421e+000
    endloop 
  endfacet
  facet normal 8.218790E-002 9.804021E-001 -1.790444E-001
    outer loop 
      vertex 3.237402e-001 4.940546e-001 2.570191e+000
      vertex 4.079508e-001 4.528805e-001 2.383388e+000
      vertex 2.351765e-001 4.714270e-001 2.405634e+000
    endloop 
  endfacet
  facet normal 5.541716E-002 9.952423E-001 -8.013541E-002
    outer loop 
      vertex 2.351765e-001 4.714270e-001 2.405634e+000
      vertex 3.329185e-002 4.876156e-001 2.467077e+000
      vertex 1.331345e-001 4.906994e-001 2.574421e+000
    endloop 
  endfacet
  facet normal 1.729502E-001 9.791343E-001 -1.066966E-001
    outer loop 
      vertex 2.351765e-001 4.714270e-001 2.405634e+000
      vertex 3.601182e-001 4.301082e-001 2.228984e+000
      vertex 1.568989e-001 4.707862e-001 2.272870e+000
    endloop 
  endfacet
  facet normal 6.652970E-002 9.968122E-001 -4.403650E-002
    outer loop 
      vertex 3.329185e-002 4.876156e-001 2.467077e+000
      vertex 2.351765e-001 4.714270e-001 2.405634e+000
      vertex 1.568989e-001 4.707862e-001 2.272870e+000
    endloop 
  endfacet
  facet normal 8.341922E-002 9.817954E-001 -1.706429E-001
    outer loop 
      vertex 2.351765e-001 4.714270e-001 2.405634e+000
      vertex 4.079508e-001 4.528805e-001 2.383388e+000
      vertex 3.601182e-001 4.301082e-001 2.228984e+000
    endloop 
  endfacet
  facet normal 9.570285E-001 2.348577E-002 -2.890412E-001
    outer loop 
      vertex 5.566006e-001 -4.482564e-001 2.719038e+000
      vertex 5.093570e-001 -4.997759e-001 2.558426e+000
      vertex 5.227115e-001 -3.274828e-001 2.616643e+000
    endloop 
  endfacet
  facet normal 9.801428E-001 -9.038802E-003 -1.980867E-001
    outer loop 
      vertex 5.093570e-001 -4.997759e-001 2.558426e+000
      vertex 4.880658e-001 -3.444284e-001 2.445988e+000
      vertex 5.227115e-001 -3.274828e-001 2.616643e+000
    endloop 
  endfacet
  facet normal -9.630256E-001 -3.936139E-003 -2.693808E-001
    outer loop 
      vertex -5.015582e-001 3.401360e-001 2.597791e+000
      vertex -5.378991e-001 4.282356e-001 2.726421e+000
      vertex -4.932671e-001 4.796936e-001 2.566111e+000
    endloop 
  endfacet
  facet normal 2.422530E-003 -9.588991E-001 -2.837372E-001
    outer loop 
      vertex -4.814449e-001 -5.108629e-001 2.563124e+000
      vertex -3.395228e-001 -5.221664e-001 2.602536e+000
      vertex -4.285945e-001 -5.579346e-001 2.722656e+000
    endloop 
  endfacet
  facet normal -2.055868E-002 9.897504E-001 -1.413200E-001
    outer loop 
      vertex 3.237402e-001 4.940546e-001 2.570191e+000
      vertex 1.331345e-001 4.906994e-001 2.574421e+000
      vertex 2.021260e-001 5.084884e-001 2.688972e+000
    endloop 
  endfacet
  facet normal -1.641261E-003 9.628901E-001 -2.698889E-001
    outer loop 
      vertex 4.464397e-001 5.373904e-001 2.724055e+000
      vertex 4.974449e-001 4.923560e-001 2.563075e+000
      vertex 3.237402e-001 4.940546e-001 2.570191e+000
    endloop 
  endfacet
  facet normal 7.447464E-004 9.766297E-001 -2.149274E-001
    outer loop 
      vertex 4.079508e-001 4.528805e-001 2.383388e+000
      vertex 3.237402e-001 4.940546e-001 2.570191e+000
      vertex 4.974449e-001 4.923560e-001 2.563075e+000
    endloop 
  endfacet
  facet normal 9.370150E-001 2.829391E-001 2.048130E-001
    outer loop 
      vertex 3.366559e-001 6.143696e-001 4.822175e-001
      vertex 3.459905e-001 4.896523e-001 6.118025e-001
      vertex 4.055979e-001 4.050567e-001 4.559650e-001
    endloop 
  endfacet
  facet normal 9.305736E-001 3.163991E-001 1.841856E-001
    outer loop 
      vertex 4.224406e-001 3.045374e-001 5.435438e-001
      vertex 4.055979e-001 4.050567e-001 4.559650e-001
      vertex 3.459905e-001 4.896523e-001 6.118025e-001
    endloop 
  endfacet
  facet normal 9.005771E-001 3.792963E-001 2.123560E-001
    outer loop 
      vertex 2.735963e-001 6.446453e-001 6.419797e-001
      vertex 2.906897e-001 5.352646e-001 7.648571e-001
      vertex 3.459905e-001 4.896523e-001 6.118025e-001
    endloop 
  endfacet
  facet normal 8.890214E-001 3.602140E-001 2.826424E-001
    outer loop 
      vertex 3.459905e-001 4.896523e-001 6.118025e-001
      vertex 3.366559e-001 6.143696e-001 4.822175e-001
      vertex 2.735963e-001 6.446453e-001 6.419797e-001
    endloop 
  endfacet
  facet normal 1.779408E-002 9.844823E-001 1.745790E-001
    outer loop 
      vertex -2.337919e-001 5.181745e-001 2.383980e+000
      vertex -3.510609e-001 4.971722e-001 2.514369e+000
      vertex -1.823815e-001 4.893797e-001 2.541119e+000
    endloop 
  endfacet
  facet normal -1.290465E-002 9.575458E-001 2.879922E-001
    outer loop 
      vertex -4.932671e-001 4.796936e-001 2.566111e+000
      vertex -3.510609e-001 4.971722e-001 2.514369e+000
      vertex -4.430861e-001 5.281577e-001 2.407221e+000
    endloop 
  endfacet
  facet normal 7.088258E-002 9.728200E-001 2.204472E-001
    outer loop 
      vertex -4.430861e-001 5.281577e-001 2.407221e+000
      vertex -3.510609e-001 4.971722e-001 2.514369e+000
      vertex -2.337919e-001 5.181745e-001 2.383980e+000
    endloop 
  endfacet
  facet normal -7.463261E-002 9.903519E-001 1.167615E-001
    outer loop 
      vertex -2.676929e-001 4.625185e-001 2.714421e+000
      vertex -7.137722e-002 4.835578e-001 2.661452e+000
      vertex -1.823815e-001 4.893797e-001 2.541119e+000
    endloop 
  endfacet
  facet normal 1.881415E-002 9.993425E-001 3.099385E-002
    outer loop 
      vertex -7.137722e-002 4.835578e-001 2.661452e+000
      vertex 3.329185e-002 4.876156e-001 2.467077e+000
      vertex -1.823815e-001 4.893797e-001 2.541119e+000
    endloop 
  endfacet
  facet normal 1.266056E-001 9.822272E-001 1.385665E-001
    outer loop 
      vertex -4.441583e-002 5.001447e-001 2.338755e+000
      vertex -2.337919e-001 5.181745e-001 2.383980e+000
      vertex -1.823815e-001 4.893797e-001 2.541119e+000
    endloop 
  endfacet
  facet normal 3.440010E-002 9.964790E-001 7.646172E-002
    outer loop 
      vertex -4.441583e-002 5.001447e-001 2.338755e+000
      vertex -1.823815e-001 4.893797e-001 2.541119e+000
      vertex 3.329185e-002 4.876156e-001 2.467077e+000
    endloop 
  endfacet
  facet normal -2.265269E-001 9.565508E-001 -1.835652E-001
    outer loop 
      vertex 2.510183e-001 5.678134e-001 3.824793e-001
      vertex 9.969014e-002 5.366398e-001 4.067801e-001
      vertex 1.465302e-001 5.744175e-001 5.458357e-001
    endloop 
  endfacet
  facet normal -3.994847E-001 8.914542E-001 -2.138255E-001
    outer loop 
      vertex -2.512825e-002 5.331335e-001 6.944246e-001
      vertex 1.117990e-001 6.002973e-001 7.186180e-001
      vertex 1.465302e-001 5.744175e-001 5.458357e-001
    endloop 
  endfacet
  facet normal -3.486050E-001 9.141269E-001 -2.069941E-001
    outer loop 
      vertex 2.735963e-001 6.446453e-001 6.419797e-001
      vertex 1.465302e-001 5.744175e-001 5.458357e-001
      vertex 1.117990e-001 6.002973e-001 7.186180e-001
    endloop 
  endfacet
  facet normal -2.676445E-001 9.405288E-001 -2.092177E-001
    outer loop 
      vertex 3.366559e-001 6.143696e-001 4.822175e-001
      vertex 2.510183e-001 5.678134e-001 3.824793e-001
      vertex 1.465302e-001 5.744175e-001 5.458357e-001
    endloop 
  endfacet
  facet normal -2.879666E-001 9.136822E-001 -2.868105E-001
    outer loop 
      vertex 2.735963e-001 6.446453e-001 6.419797e-001
      vertex 3.366559e-001 6.143696e-001 4.822175e-001
      vertex 1.465302e-001 5.744175e-001 5.458357e-001
    endloop 
  endfacet
  facet normal -6.401338E-001 -7.081085E-001 -2.980116E-001
    outer loop 
      vertex -6.937807e-001 -7.437021e-002 1.444096e+000
      vertex -6.977301e-001 -3.523350e-003 1.284239e+000
      vertex -6.205205e-001 -1.309388e-001 1.421145e+000
    endloop 
  endfacet
  facet normal -6.400017E-001 -7.201993E-001 -2.677889E-001
    outer loop 
      vertex -6.824946e-001 -1.436786e-001 1.603523e+000
      vertex -6.937807e-001 -7.437021e-002 1.444096e+000
      vertex -6.205205e-001 -1.309388e-001 1.421145e+000
    endloop 
  endfacet
  facet normal -7.432733E-001 6.295234E-001 -2.263738E-001
    outer loop 
      vertex -8.145180e-002 6.092695e-001 1.249477e+000
      vertex -1.802316e-001 5.573140e-001 1.429326e+000
      vertex -6.922626e-002 6.936758e-001 1.444061e+000
    endloop 
  endfacet
  facet normal -6.870670E-001 7.055666E-001 -1.735358E-001
    outer loop 
      vertex -8.145180e-002 6.092695e-001 1.249477e+000
      vertex -2.079482e-001 4.887636e-001 1.260348e+000
      vertex -1.802316e-001 5.573140e-001 1.429326e+000
    endloop 
  endfacet
  facet normal -6.447712E-001 7.089410E-001 -2.857846E-001
    outer loop 
      vertex -8.145180e-002 6.092695e-001 1.249477e+000
      vertex 2.408028e-004 6.978102e-001 1.284808e+000
      vertex 6.951880e-002 6.953576e-001 1.122422e+000
    endloop 
  endfacet
  facet normal -6.530598E-001 7.088791E-001 -2.664645E-001
    outer loop 
      vertex 2.408028e-004 6.978102e-001 1.284808e+000
      vertex -8.145180e-002 6.092695e-001 1.249477e+000
      vertex -6.922626e-002 6.936758e-001 1.444061e+000
    endloop 
  endfacet
  facet normal -6.886538E-001 7.093183E-001 -1.504115E-001
    outer loop 
      vertex -8.145180e-002 6.092695e-001 1.249477e+000
      vertex -1.257654e-001 5.347931e-001 1.101146e+000
      vertex -2.079482e-001 4.887636e-001 1.260348e+000
    endloop 
  endfacet
  facet normal -6.704983E-001 -7.291353E-001 -1.370903E-001
    outer loop 
      vertex -4.942642e-001 -1.907019e-001 1.167830e+000
      vertex -3.872468e-001 -3.215254e-001 1.340220e+000
      vertex -4.982128e-001 -2.331175e-001 1.412736e+000
    endloop 
  endfacet
  facet normal -7.644088E-001 6.349585E-001 -1.118340E-001
    outer loop 
      vertex -2.869408e-001 4.582239e-001 1.596103e+000
      vertex -1.802316e-001 5.573140e-001 1.429326e+000
      vertex -3.068722e-001 4.011587e-001 1.408340e+000
    endloop 
  endfacet
  facet normal -8.118913E-001 5.513771E-001 -1.918748E-001
    outer loop 
      vertex -1.802316e-001 5.573140e-001 1.429326e+000
      vertex -2.869408e-001 4.582239e-001 1.596103e+000
      vertex -1.369060e-001 6.822331e-001 1.604971e+000
    endloop 
  endfacet
  facet normal -7.610037E-001 6.350128E-001 -1.327864E-001
    outer loop 
      vertex -2.079482e-001 4.887636e-001 1.260348e+000
      vertex -3.068722e-001 4.011587e-001 1.408340e+000
      vertex -1.802316e-001 5.573140e-001 1.429326e+000
    endloop 
  endfacet
  facet normal -7.338114E-001 6.259016E-001 -2.641365E-001
    outer loop 
      vertex -1.802316e-001 5.573140e-001 1.429326e+000
      vertex -1.369060e-001 6.822331e-001 1.604971e+000
      vertex -6.922626e-002 6.936758e-001 1.444061e+000
    endloop 
  endfacet
  facet normal 7.041277E-001 6.451462E-001 -2.966322E-001
    outer loop 
      vertex 6.997922e-001 -6.964248e-002 1.119766e+000
      vertex 6.297923e-001 7.068703e-002 1.258807e+000
      vertex 7.034925e-001 -4.440248e-004 1.279049e+000
    endloop 
  endfacet
  facet normal 7.710081E-001 5.989521E-001 -2.163394E-001
    outer loop 
      vertex 6.997922e-001 -6.964248e-002 1.119766e+000
      vertex 5.894271e-001 5.428517e-002 1.069540e+000
      vertex 6.297923e-001 7.068703e-002 1.258807e+000
    endloop 
  endfacet
  facet normal 7.062083E-001 6.557474E-001 -2.669551E-001
    outer loop 
      vertex 7.013746e-001 6.716514e-002 1.439521e+000
      vertex 7.034925e-001 -4.440248e-004 1.279049e+000
      vertex 6.297923e-001 7.068703e-002 1.258807e+000
    endloop 
  endfacet
  facet normal 6.972727E-001 6.859186E-001 -2.081502E-001
    outer loop 
      vertex 6.297923e-001 7.068703e-002 1.258807e+000
      vertex 5.894271e-001 5.428517e-002 1.069540e+000
      vertex 5.327599e-001 1.679866e-001 1.254395e+000
    endloop 
  endfacet
  facet normal 6.559003E-001 -7.035205E-001 -2.735941E-001
    outer loop 
      vertex 3.789008e-003 -7.037456e-001 1.278913e+000
      vertex 7.852396e-002 -6.262781e-001 1.258878e+000
      vertex 7.253903e-002 -7.012700e-001 1.437365e+000
    endloop 
  endfacet
  facet normal 6.434163E-001 -7.005404E-001 -3.086397E-001
    outer loop 
      vertex -6.861797e-002 -7.000829e-001 1.119653e+000
      vertex 7.852396e-002 -6.262781e-001 1.258878e+000
      vertex 3.789008e-003 -7.037456e-001 1.278913e+000
    endloop 
  endfacet
  facet normal 6.001609E-001 -7.667474E-001 -2.278272E-001
    outer loop 
      vertex 9.404451e-002 -5.716656e-001 1.115967e+000
      vertex 7.852396e-002 -6.262781e-001 1.258878e+000
      vertex -6.861797e-002 -7.000829e-001 1.119653e+000
    endloop 
  endfacet
  facet normal 6.861972E-001 -7.012224E-001 -1.934436E-001
    outer loop 
      vertex 9.404451e-002 -5.716656e-001 1.115967e+000
      vertex 1.950629e-001 -5.155854e-001 1.271019e+000
      vertex 7.852396e-002 -6.262781e-001 1.258878e+000
    endloop 
  endfacet
  facet normal 9.348837E-001 2.806719E-001 2.172919E-001
    outer loop 
      vertex 4.055979e-001 4.050567e-001 4.559650e-001
      vertex 4.246039e-001 4.400898e-001 3.289411e-001
      vertex 3.366559e-001 6.143696e-001 4.822175e-001
    endloop 
  endfacet
  facet normal 9.681244E-001 1.633193E-001 1.898997E-001
    outer loop 
      vertex 4.539206e-001 2.998756e-001 3.000704e-001
      vertex 4.246039e-001 4.400898e-001 3.289411e-001
      vertex 4.055979e-001 4.050567e-001 4.559650e-001
    endloop 
  endfacet
  facet normal 9.638138E-001 2.475865E-001 9.881286E-002
    outer loop 
      vertex 4.636544e-001 2.160622e-001 3.632322e-001
      vertex 4.055979e-001 4.050567e-001 4.559650e-001
      vertex 4.224406e-001 3.045374e-001 5.435438e-001
    endloop 
  endfacet
  facet normal 9.634424E-001 2.233717E-001 1.479315E-001
    outer loop 
      vertex 4.539206e-001 2.998756e-001 3.000704e-001
      vertex 4.055979e-001 4.050567e-001 4.559650e-001
      vertex 4.636544e-001 2.160622e-001 3.632322e-001
    endloop 
  endfacet
  facet normal 7.619392E-001 -6.069393E-001 2.259941E-001
    outer loop 
      vertex 6.349829e-001 2.772224e-002 1.557431e+000
      vertex 6.017960e-001 -6.526881e-002 1.419580e+000
      vertex 7.013746e-001 6.716514e-002 1.439521e+000
    endloop 
  endfacet
  facet normal 8.084775E-001 -5.594357E-001 1.827454E-001
    outer loop 
      vertex 6.349829e-001 2.772224e-002 1.557431e+000
      vertex 5.671279e-001 -5.544639e-002 1.603023e+000
      vertex 6.017960e-001 -6.526881e-002 1.419580e+000
    endloop 
  endfacet
  facet normal 7.677492E-001 -6.155152E-001 1.780512E-001
    outer loop 
      vertex 5.671279e-001 -5.544639e-002 1.603023e+000
      vertex 4.978225e-001 -1.812493e-001 1.466970e+000
      vertex 6.017960e-001 -6.526881e-002 1.419580e+000
    endloop 
  endfacet
  facet normal 7.630829E-001 -6.350720E-001 1.199506E-001
    outer loop 
      vertex 5.165384e-001 -1.888649e-001 1.307585e+000
      vertex 6.017960e-001 -6.526881e-002 1.419580e+000
      vertex 4.978225e-001 -1.812493e-001 1.466970e+000
    endloop 
  endfacet
  facet normal 7.511981E-001 -6.046876E-001 2.646779E-001
    outer loop 
      vertex 7.034925e-001 -4.440248e-004 1.279049e+000
      vertex 7.013746e-001 6.716514e-002 1.439521e+000
      vertex 6.017960e-001 -6.526881e-002 1.419580e+000
    endloop 
  endfacet
  facet normal 7.274227E-001 -6.860926E-001 1.153834E-002
    outer loop 
      vertex 3.995292e-001 -3.051658e-001 1.486418e+000
      vertex 3.101140e-001 -4.029125e-001 1.311293e+000
      vertex 4.172793e-001 -2.889984e-001 1.328726e+000
    endloop 
  endfacet
  facet normal 7.289314E-001 -6.845415E-001 -7.872093E-003
    outer loop 
      vertex 3.101140e-001 -4.029125e-001 1.311293e+000
      vertex 3.389104e-001 -3.709995e-001 1.202651e+000
      vertex 4.172793e-001 -2.889984e-001 1.328726e+000
    endloop 
  endfacet
  facet normal 7.842188E-001 -6.180003E-001 -5.546679E-002
    outer loop 
      vertex 3.995292e-001 -3.051658e-001 1.486418e+000
      vertex 2.863640e-001 -4.433472e-001 1.426018e+000
      vertex 3.101140e-001 -4.029125e-001 1.311293e+000
    endloop 
  endfacet
  facet normal 7.135349E-001 -6.938395E-001 -9.723541E-002
    outer loop 
      vertex 3.101140e-001 -4.029125e-001 1.311293e+000
      vertex 1.950629e-001 -5.155854e-001 1.271019e+000
      vertex 2.303234e-001 -4.628321e-001 1.153338e+000
    endloop 
  endfacet
  facet normal 6.573218E-001 -7.521607E-001 -4.671559E-002
    outer loop 
      vertex 2.303234e-001 -4.628321e-001 1.153338e+000
      vertex 3.389104e-001 -3.709995e-001 1.202651e+000
      vertex 3.101140e-001 -4.029125e-001 1.311293e+000
    endloop 
  endfacet
  facet normal 7.134960E-001 -6.939307E-001 -9.686918E-002
    outer loop 
      vertex 3.101140e-001 -4.029125e-001 1.311293e+000
      vertex 2.863640e-001 -4.433472e-001 1.426018e+000
      vertex 1.950629e-001 -5.155854e-001 1.271019e+000
    endloop 
  endfacet
  facet normal -8.098774E-001 5.504575E-001 -2.027191E-001
    outer loop 
      vertex -1.369060e-001 6.822331e-001 1.604971e+000
      vertex -2.869408e-001 4.582239e-001 1.596103e+000
      vertex -2.621727e-001 5.518954e-001 1.751505e+000
    endloop 
  endfacet
  facet normal -8.738183E-001 4.653005E-001 -1.411985E-001
    outer loop 
      vertex -2.621727e-001 5.518954e-001 1.751505e+000
      vertex -2.869408e-001 4.582239e-001 1.596103e+000
      vertex -3.427117e-001 4.086852e-001 1.777997e+000
    endloop 
  endfacet
  facet normal -8.322837E-001 4.707111E-001 -2.928053E-001
    outer loop 
      vertex -2.040117e-001 6.639355e-001 1.766301e+000
      vertex -1.369060e-001 6.822331e-001 1.604971e+000
      vertex -2.621727e-001 5.518954e-001 1.751505e+000
    endloop 
  endfacet
  facet normal -8.420804E-001 4.716735E-001 -2.615810E-001
    outer loop 
      vertex -2.621727e-001 5.518954e-001 1.751505e+000
      vertex -2.677739e-001 6.388876e-001 1.926398e+000
      vertex -2.040117e-001 6.639355e-001 1.766301e+000
    endloop 
  endfacet
  facet normal 5.966714E-001 -8.024102E-001 -1.100282E-002
    outer loop 
      vertex 2.134046e-001 -4.828581e-001 3.567157e+000
      vertex 3.481227e-001 -3.829480e-001 3.586571e+000
      vertex 3.207083e-001 -4.050966e-001 3.715163e+000
    endloop 
  endfacet
  facet normal 5.993469E-001 -7.991451E-001 -4.637151E-002
    outer loop 
      vertex 3.481227e-001 -3.829480e-001 3.586571e+000
      vertex 2.134046e-001 -4.828581e-001 3.567157e+000
      vertex 2.266601e-001 -4.660255e-001 3.448398e+000
    endloop 
  endfacet
  facet normal 5.387323E-001 -8.418465E-001 3.258675E-002
    outer loop 
      vertex 3.515078e-001 -3.860215e-001 3.451210e+000
      vertex 3.481227e-001 -3.829480e-001 3.586571e+000
      vertex 2.266601e-001 -4.660255e-001 3.448398e+000
    endloop 
  endfacet
  facet normal 5.974371E-001 -8.012310E-001 3.313262E-002
    outer loop 
      vertex 4.822302e-001 -2.831581e-001 3.581562e+000
      vertex 3.481227e-001 -3.829480e-001 3.586571e+000
      vertex 3.515078e-001 -3.860215e-001 3.451210e+000
    endloop 
  endfacet
  facet normal 4.307690E-001 8.739491E-001 2.250583E-001
    outer loop 
      vertex -7.656586e-002 6.139364e-001 1.716522e+000
      vertex -2.040117e-001 6.639355e-001 1.766301e+000
      vertex -1.392518e-001 6.042420e-001 1.874151e+000
    endloop 
  endfacet
  facet normal 4.175117E-001 8.815734E-001 2.202550E-001
    outer loop 
      vertex 8.019209e-003 5.482213e-001 1.819209e+000
      vertex -7.656586e-002 6.139364e-001 1.716522e+000
      vertex -1.392518e-001 6.042420e-001 1.874151e+000
    endloop 
  endfacet
  facet normal 3.545583E-001 8.918900E-001 2.807501E-001
    outer loop 
      vertex -1.392518e-001 6.042420e-001 1.874151e+000
      vertex -2.040117e-001 6.639355e-001 1.766301e+000
      vertex -2.677739e-001 6.388876e-001 1.926398e+000
    endloop 
  endfacet
  facet normal 3.336226E-001 9.186779E-001 2.114876E-001
    outer loop 
      vertex -2.677739e-001 6.388876e-001 1.926398e+000
      vertex -1.375096e-001 5.658178e-001 2.038312e+000
      vertex -1.392518e-001 6.042420e-001 1.874151e+000
    endloop 
  endfacet
  facet normal 4.134669E-001 8.875217E-001 2.033478E-001
    outer loop 
      vertex 8.019209e-003 5.482213e-001 1.819209e+000
      vertex -1.392518e-001 6.042420e-001 1.874151e+000
      vertex -1.375096e-001 5.658178e-001 2.038312e+000
    endloop 
  endfacet
  facet normal 8.937160E-001 -3.571565E-001 2.714972E-001
    outer loop 
      vertex 6.744023e-001 2.034004e-001 1.759852e+000
      vertex 6.511185e-001 2.677460e-001 1.921144e+000
      vertex 6.156381e-001 1.391730e-001 1.868800e+000
    endloop 
  endfacet
  facet normal 9.192463E-001 -3.367154E-001 2.039825E-001
    outer loop 
      vertex 6.511185e-001 2.677460e-001 1.921144e+000
      vertex 5.796075e-001 1.386101e-001 2.030243e+000
      vertex 6.156381e-001 1.391730e-001 1.868800e+000
    endloop 
  endfacet
  facet normal 8.872612E-001 -4.172895E-001 1.965632E-001
    outer loop 
      vertex 5.796075e-001 1.386101e-001 2.030243e+000
      vertex 5.604084e-001 -5.427480e-003 1.811124e+000
      vertex 6.156381e-001 1.391730e-001 1.868800e+000
    endloop 
  endfacet
  facet normal -8.722101E-001 4.334448E-001 2.266609E-001
    outer loop 
      vertex -6.648461e-001 -2.121745e-001 1.763249e+000
      vertex -5.933516e-001 -1.347029e-001 1.890216e+000
      vertex -6.130939e-001 -8.553559e-002 1.720224e+000
    endloop 
  endfacet
  facet normal -8.775575E-001 4.236870E-001 2.244596E-001
    outer loop 
      vertex -5.933516e-001 -1.347029e-001 1.890216e+000
      vertex -5.450333e-001 8.236766e-003 1.809313e+000
      vertex -6.130939e-001 -8.553559e-002 1.720224e+000
    endloop 
  endfacet
  facet normal -8.904551E-001 3.548735E-001 2.848763E-001
    outer loop 
      vertex -6.648461e-001 -2.121745e-001 1.763249e+000
      vertex -6.408626e-001 -2.801237e-001 1.922860e+000
      vertex -5.933516e-001 -1.347029e-001 1.890216e+000
    endloop 
  endfacet
  facet normal -9.130617E-001 3.849152E-001 1.347538E-001
    outer loop 
      vertex -5.249292e-001 -5.504489e-004 1.970634e+000
      vertex -5.450333e-001 8.236766e-003 1.809313e+000
      vertex -5.933516e-001 -1.347029e-001 1.890216e+000
    endloop 
  endfacet
  facet normal -4.310746E-001 -8.756202E-001 2.178619E-001
    outer loop 
      vertex 8.126700e-002 -6.194689e-001 1.718047e+000
      vertex 2.137684e-001 -6.746988e-001 1.758245e+000
      vertex 1.420196e-001 -6.087551e-001 1.881316e+000
    endloop 
  endfacet
  facet normal -4.214963E-001 -8.810586E-001 2.146546E-001
    outer loop 
      vertex -1.208028e-002 -5.532383e-001 1.806596e+000
      vertex 8.126700e-002 -6.194689e-001 1.718047e+000
      vertex 1.420196e-001 -6.087551e-001 1.881316e+000
    endloop 
  endfacet
  facet normal -3.519343E-001 -8.949189E-001 2.743399E-001
    outer loop 
      vertex 2.794949e-001 -6.517496e-001 1.917423e+000
      vertex 1.420196e-001 -6.087551e-001 1.881316e+000
      vertex 2.137684e-001 -6.746988e-001 1.758245e+000
    endloop 
  endfacet
  facet normal -3.946123E-001 -9.082749E-001 1.389885E-001
    outer loop 
      vertex 4.764265e-002 -5.532144e-001 1.976316e+000
      vertex -1.208028e-002 -5.532383e-001 1.806596e+000
      vertex 1.420196e-001 -6.087551e-001 1.881316e+000
    endloop 
  endfacet
  facet normal 3.933841E-001 -9.140270E-001 -9.901261E-002
    outer loop 
      vertex 1.630861e-002 -5.449060e-001 3.143860e+000
      vertex 1.727285e-001 -4.847682e-001 3.210171e+000
      vertex 9.996420e-002 -5.258438e-001 3.300259e+000
    endloop 
  endfacet
  facet normal 4.612913E-001 -8.866825E-001 -3.169596E-002
    outer loop 
      vertex 9.996420e-002 -5.258438e-001 3.300259e+000
      vertex 1.727285e-001 -4.847682e-001 3.210171e+000
      vertex 2.328592e-001 -4.581030e-001 3.339341e+000
    endloop 
  endfacet
  facet normal 4.375337E-001 -8.893778E-001 -1.325569E-001
    outer loop 
      vertex 9.996420e-002 -5.258438e-001 3.300259e+000
      vertex 8.290893e-002 -5.528117e-001 3.424903e+000
      vertex -6.732586e-002 -6.026230e-001 3.263223e+000
    endloop 
  endfacet
  facet normal 4.365680E-001 -8.909560E-001 -1.249230E-001
    outer loop 
      vertex 1.630861e-002 -5.449060e-001 3.143860e+000
      vertex 9.996420e-002 -5.258438e-001 3.300259e+000
      vertex -6.732586e-002 -6.026230e-001 3.263223e+000
    endloop 
  endfacet
  facet normal 9.160744E-001 3.895719E-001 -9.508596E-002
    outer loop 
      vertex 5.482935e-001 -1.607201e-002 3.153884e+000
      vertex 4.857265e-001 1.440672e-001 3.207201e+000
      vertex 5.265511e-001 7.160431e-002 3.303628e+000
    endloop 
  endfacet
  facet normal 8.866779E-001 4.615032E-001 -2.858531E-002
    outer loop 
      vertex 5.265511e-001 7.160431e-002 3.303628e+000
      vertex 4.857265e-001 1.440672e-001 3.207201e+000
      vertex 4.648990e-001 1.924672e-001 3.342565e+000
    endloop 
  endfacet
  facet normal 8.815901E-001 4.440902E-001 -1.599460E-001
    outer loop 
      vertex 5.265511e-001 7.160431e-002 3.303628e+000
      vertex 5.694782e-001 2.702534e-002 3.416460e+000
      vertex 6.039047e-001 -9.621611e-002 3.264032e+000
    endloop 
  endfacet
  facet normal 8.887514E-001 4.399887E-001 -1.285724E-001
    outer loop 
      vertex 5.265511e-001 7.160431e-002 3.303628e+000
      vertex 6.039047e-001 -9.621611e-002 3.264032e+000
      vertex 5.482935e-001 -1.607201e-002 3.153884e+000
    endloop 
  endfacet
  facet normal 7.851101E-001 -6.188544E-001 2.492536E-002
    outer loop 
      vertex 4.978225e-001 -1.812493e-001 1.466970e+000
      vertex 3.995292e-001 -3.051658e-001 1.486418e+000
      vertex 4.172793e-001 -2.889984e-001 1.328726e+000
    endloop 
  endfacet
  facet normal 7.175645E-001 -6.865832E-001 1.170668E-001
    outer loop 
      vertex 4.172793e-001 -2.889984e-001 1.328726e+000
      vertex 5.165384e-001 -1.888649e-001 1.307585e+000
      vertex 4.978225e-001 -1.812493e-001 1.466970e+000
    endloop 
  endfacet
  facet normal 8.685628E-003 -9.961379E-001 8.737160E-002
    outer loop 
      vertex 5.791694e-002 -5.081667e-001 2.551246e+000
      vertex 2.279077e-001 -5.047387e-001 2.573431e+000
      vertex 1.822405e-001 -4.938344e-001 2.702292e+000
    endloop 
  endfacet
  facet normal 8.044767E-002 -9.963562E-001 2.832605E-002
    outer loop 
      vertex 1.822405e-001 -4.938344e-001 2.702292e+000
      vertex -9.488851e-003 -5.103264e-001 2.666716e+000
      vertex 5.791694e-002 -5.081667e-001 2.551246e+000
    endloop 
  endfacet
  facet normal -5.446925E-003 -9.997458E-001 -2.187869E-002
    outer loop 
      vertex 5.791694e-002 -5.081667e-001 2.551246e+000
      vertex -9.488851e-003 -5.103264e-001 2.666716e+000
      vertex -1.039113e-001 -5.065606e-001 2.518142e+000
    endloop 
  endfacet
  facet normal -4.612806E-003 -9.996525E-001 -2.595163E-002
    outer loop 
      vertex 5.791694e-002 -5.081667e-001 2.551246e+000
      vertex -1.039113e-001 -5.065606e-001 2.518142e+000
      vertex -5.801404e-002 -5.032542e-001 2.382624e+000
    endloop 
  endfacet
  facet normal -1.024173E-001 -9.913057E-001 -8.260589E-002
    outer loop 
      vertex -1.998375e-001 -4.721984e-001 2.185778e+000
      vertex -5.801404e-002 -5.032542e-001 2.382624e+000
      vertex -2.187620e-001 -4.835398e-001 2.345342e+000
    endloop 
  endfacet
  facet normal -1.076328E-001 -9.923382E-001 -6.066420E-002
    outer loop 
      vertex -5.801404e-002 -5.032542e-001 2.382624e+000
      vertex -1.039113e-001 -5.065606e-001 2.518142e+000
      vertex -2.187620e-001 -4.835398e-001 2.345342e+000
    endloop 
  endfacet
  facet normal 9.987975E-001 -3.219787E-002 -3.697034E-002
    outer loop 
      vertex 4.999663e-001 -1.458031e-001 2.456134e+000
      vertex 5.070437e-001 2.386463e-002 2.499572e+000
      vertex 5.088511e-001 -4.985648e-002 2.612607e+000
    endloop 
  endfacet
  facet normal 9.984198E-001 5.302314E-002 1.861663E-002
    outer loop 
      vertex 5.070437e-001 2.386463e-002 2.499572e+000
      vertex 4.986543e-001 1.231245e-001 2.666791e+000
      vertex 5.088511e-001 -4.985648e-002 2.612607e+000
    endloop 
  endfacet
  facet normal 9.979086E-001 6.314944E-002 -1.380736E-002
    outer loop 
      vertex 5.088511e-001 -4.985648e-002 2.612607e+000
      vertex 4.986543e-001 1.231245e-001 2.666791e+000
      vertex 5.054966e-001 4.144382e-002 2.787733e+000
    endloop 
  endfacet
  facet normal 9.928200E-001 1.128049E-001 -3.979224E-002
    outer loop 
      vertex 5.054966e-001 4.144382e-002 2.787733e+000
      vertex 5.242138e-001 -1.565074e-001 2.693568e+000
      vertex 5.088511e-001 -4.985648e-002 2.612607e+000
    endloop 
  endfacet
  facet normal 9.963440E-001 3.490397E-002 -7.797677E-002
    outer loop 
      vertex 5.088511e-001 -4.985648e-002 2.612607e+000
      vertex 5.102558e-001 -2.011621e-001 2.562828e+000
      vertex 4.999663e-001 -1.458031e-001 2.456134e+000
    endloop 
  endfacet
  facet normal 9.911969E-001 4.958928E-002 -1.227587E-001
    outer loop 
      vertex 5.242138e-001 -1.565074e-001 2.693568e+000
      vertex 5.102558e-001 -2.011621e-001 2.562828e+000
      vertex 5.088511e-001 -4.985648e-002 2.612607e+000
    endloop 
  endfacet
  facet normal 9.848977E-001 -1.129328E-001 1.312352E-001
    outer loop 
      vertex 5.369831e-001 2.543171e-001 2.379020e+000
      vertex 5.087357e-001 1.894919e-001 2.535228e+000
      vertex 5.193931e-001 8.118165e-002 2.362041e+000
    endloop 
  endfacet
  facet normal 9.682864E-001 -2.269419E-001 1.044930E-001
    outer loop 
      vertex 5.429605e-001 1.073890e-001 2.200571e+000
      vertex 5.193931e-001 8.118165e-002 2.362041e+000
      vertex 5.104487e-001 -4.018733e-002 2.181331e+000
    endloop 
  endfacet
  facet normal 9.911904E-001 -1.273282E-001 3.645642E-002
    outer loop 
      vertex 5.104487e-001 -4.018733e-002 2.181331e+000
      vertex 5.193931e-001 8.118165e-002 2.362041e+000
      vertex 4.990723e-001 -8.720383e-002 2.326425e+000
    endloop 
  endfacet
  facet normal 9.856844E-001 -1.124614E-001 1.256131E-001
    outer loop 
      vertex 5.369831e-001 2.543171e-001 2.379020e+000
      vertex 5.193931e-001 8.118165e-002 2.362041e+000
      vertex 5.429605e-001 1.073890e-001 2.200571e+000
    endloop 
  endfacet
  facet normal 9.904330E-001 7.681002E-002 1.146416E-001
    outer loop 
      vertex 4.826488e-001 2.830365e-001 2.697927e+000
      vertex 4.986543e-001 1.231245e-001 2.666791e+000
      vertex 5.087357e-001 1.894919e-001 2.535228e+000
    endloop 
  endfacet
  facet normal -9.590865E-001 -6.464614E-003 2.830392E-001
    outer loop 
      vertex -5.289561e-001 -4.595716e-001 2.403302e+000
      vertex -4.814449e-001 -5.108629e-001 2.563124e+000
      vertex -4.960093e-001 -3.498971e-001 2.517449e+000
    endloop 
  endfacet
  facet normal -9.742129E-001 6.911804E-002 2.147836E-001
    outer loop 
      vertex -5.223472e-001 -2.725215e-001 2.373086e+000
      vertex -5.289561e-001 -4.595716e-001 2.403302e+000
      vertex -4.960093e-001 -3.498971e-001 2.517449e+000
    endloop 
  endfacet
  facet normal -9.848852E-001 -9.785426E-002 1.429181E-001
    outer loop 
      vertex -4.540099e-001 -3.263664e-001 2.749987e+000
      vertex -4.748349e-001 -1.833515e-001 2.704397e+000
      vertex -4.805171e-001 -2.643846e-001 2.609757e+000
    endloop 
  endfacet
  facet normal -6.790516E-001 -7.324784E-001 4.862423E-002
    outer loop 
      vertex -2.741998e-001 -4.195911e-001 1.441687e+000
      vertex -3.872468e-001 -3.215254e-001 1.340220e+000
      vertex -2.654953e-001 -4.366533e-001 1.306221e+000
    endloop 
  endfacet
  facet normal -6.402744E-001 -7.661490E-001 5.535683E-002
    outer loop 
      vertex -2.741998e-001 -4.195911e-001 1.441687e+000
      vertex -2.654953e-001 -4.366533e-001 1.306221e+000
      vertex -1.665684e-001 -5.105001e-001 1.428388e+000
    endloop 
  endfacet
  facet normal 8.695111E-001 4.425150E-001 -2.193876E-001
    outer loop 
      vertex 6.362499e-001 -8.652613e-002 3.411773e+000
      vertex 6.841848e-001 -2.063284e-001 3.360109e+000
      vertex 6.039047e-001 -9.621611e-002 3.264032e+000
    endloop 
  endfacet
  facet normal 8.376801E-001 5.015093E-001 -2.162881E-001
    outer loop 
      vertex 5.694782e-001 2.702534e-002 3.416460e+000
      vertex 6.362499e-001 -8.652613e-002 3.411773e+000
      vertex 6.039047e-001 -9.621611e-002 3.264032e+000
    endloop 
  endfacet
  facet normal 8.082239E-001 5.397918E-001 -2.353699E-001
    outer loop 
      vertex 7.014853e-001 -1.372876e-001 3.519366e+000
      vertex 6.362499e-001 -8.652613e-002 3.411773e+000
      vertex 6.247369e-001 -1.143795e-002 3.544445e+000
    endloop 
  endfacet
  facet normal 8.387154E-001 5.019116E-001 -2.112849E-001
    outer loop 
      vertex 5.694782e-001 2.702534e-002 3.416460e+000
      vertex 6.247369e-001 -1.143795e-002 3.544445e+000
      vertex 6.362499e-001 -8.652613e-002 3.411773e+000
    endloop 
  endfacet
  facet normal 8.384174E-001 4.609098E-001 -2.908926E-001
    outer loop 
      vertex 6.362499e-001 -8.652613e-002 3.411773e+000
      vertex 7.014853e-001 -1.372876e-001 3.519366e+000
      vertex 6.841848e-001 -2.063284e-001 3.360109e+000
    endloop 
  endfacet
  facet normal 2.483659E-001 -9.453808E-001 -2.111152E-001
    outer loop 
      vertex -1.550874e-001 -5.928651e-001 5.979183e-001
      vertex -3.383442e-001 -6.147051e-001 4.801266e-001
      vertex -1.546231e-001 -5.632055e-001 4.656480e-001
    endloop 
  endfacet
  facet normal 3.312680E-001 -9.209219E-001 -2.053397E-001
    outer loop 
      vertex -4.685119e-003 -5.323595e-001 5.691976e-001
      vertex -1.550874e-001 -5.928651e-001 5.979183e-001
      vertex -1.546231e-001 -5.632055e-001 4.656480e-001
    endloop 
  endfacet
  facet normal 3.911203E-001 -8.938769E-001 -2.191094E-001
    outer loop 
      vertex -1.550874e-001 -5.928651e-001 5.979183e-001
      vertex -1.406956e-002 -5.549924e-001 6.951366e-001
      vertex -9.580138e-002 -6.121714e-001 7.825084e-001
    endloop 
  endfacet
  facet normal 3.412808E-001 -9.172130E-001 -2.055428E-001
    outer loop 
      vertex -9.580138e-002 -6.121714e-001 7.825084e-001
      vertex -2.732372e-001 -6.462726e-001 6.400691e-001
      vertex -1.550874e-001 -5.928651e-001 5.979183e-001
    endloop 
  endfacet
  facet normal 3.462268E-001 -9.275117E-001 -1.408872E-001
    outer loop 
      vertex -1.550874e-001 -5.928651e-001 5.979183e-001
      vertex -4.685119e-003 -5.323595e-001 5.691976e-001
      vertex -1.406956e-002 -5.549924e-001 6.951366e-001
    endloop 
  endfacet
  facet normal 3.014505E-001 -9.046392E-001 -3.012565E-001
    outer loop 
      vertex -1.550874e-001 -5.928651e-001 5.979183e-001
      vertex -2.732372e-001 -6.462726e-001 6.400691e-001
      vertex -3.383442e-001 -6.147051e-001 4.801266e-001
    endloop 
  endfacet
  facet normal 6.227949E-001 7.764037E-001 9.655928E-002
    outer loop 
      vertex 1.534713e-001 4.916210e-001 1.631779e+000
      vertex 2.600326e-001 4.302016e-001 1.438326e+000
      vertex 1.205742e-001 5.353348e-001 1.492471e+000
    endloop 
  endfacet
  facet normal 5.364237E-001 8.331214E-001 1.347531E-001
    outer loop 
      vertex 1.205742e-001 5.353348e-001 1.492471e+000
      vertex 3.899765e-002 5.633644e-001 1.643914e+000
      vertex 1.534713e-001 4.916210e-001 1.631779e+000
    endloop 
  endfacet
  facet normal 5.517574E-001 8.330717E-001 3.943741E-002
    outer loop 
      vertex 2.600326e-001 4.302016e-001 1.438326e+000
      vertex 1.534713e-001 4.916210e-001 1.631779e+000
      vertex 3.041080e-001 3.936767e-001 1.593227e+000
    endloop 
  endfacet
  facet normal 4.461806E-001 8.916246E-001 7.699685E-002
    outer loop 
      vertex 8.019209e-003 5.482213e-001 1.819209e+000
      vertex 1.712915e-001 4.687746e-001 1.793074e+000
      vertex 1.534713e-001 4.916210e-001 1.631779e+000
    endloop 
  endfacet
  facet normal 5.543404E-001 8.303787E-001 5.637215E-002
    outer loop 
      vertex 3.041080e-001 3.936767e-001 1.593227e+000
      vertex 1.534713e-001 4.916210e-001 1.631779e+000
      vertex 1.712915e-001 4.687746e-001 1.793074e+000
    endloop 
  endfacet
  facet normal 5.362536E-001 8.275214E-001 1.662541E-001
    outer loop 
      vertex 8.019209e-003 5.482213e-001 1.819209e+000
      vertex 1.534713e-001 4.916210e-001 1.631779e+000
      vertex 3.899765e-002 5.633644e-001 1.643914e+000
    endloop 
  endfacet
  facet normal 6.264496E-001 7.705916E-001 1.172583E-001
    outer loop 
      vertex 2.600326e-001 4.302016e-001 1.438326e+000
      vertex 2.043801e-001 4.946081e-001 1.312385e+000
      vertex 1.205742e-001 5.353348e-001 1.492471e+000
    endloop 
  endfacet
  facet normal 5.542857E-001 -8.032579E-001 -2.180462E-001
    outer loop 
      vertex 6.103915e-002 -6.002110e-001 3.579366e+000
      vertex -1.119383e-001 -7.032266e-001 3.519145e+000
      vertex -4.622930e-002 -6.314576e-001 3.421793e+000
    endloop 
  endfacet
  facet normal 5.144753E-001 -8.374974E-001 -1.841556E-001
    outer loop 
      vertex 6.103915e-002 -6.002110e-001 3.579366e+000
      vertex -4.622930e-002 -6.314576e-001 3.421793e+000
      vertex 8.290893e-002 -5.528117e-001 3.424903e+000
    endloop 
  endfacet
  facet normal 6.368109E-001 -7.434564E-001 -2.043146E-001
    outer loop 
      vertex -4.076555e-002 -7.146207e-001 3.678372e+000
      vertex 6.103915e-002 -6.002110e-001 3.579366e+000
      vertex 1.514373e-001 -5.815873e-001 3.793353e+000
    endloop 
  endfacet
  facet normal 6.465427E-001 -7.336097E-001 -2.092828E-001
    outer loop 
      vertex 2.040762e-001 -5.065431e-001 3.692915e+000
      vertex 1.514373e-001 -5.815873e-001 3.793353e+000
      vertex 6.103915e-002 -6.002110e-001 3.579366e+000
    endloop 
  endfacet
  facet normal 5.945920E-001 -7.884012E-001 -1.577463E-001
    outer loop 
      vertex 2.134046e-001 -4.828581e-001 3.567157e+000
      vertex 6.103915e-002 -6.002110e-001 3.579366e+000
      vertex 8.290893e-002 -5.528117e-001 3.424903e+000
    endloop 
  endfacet
  facet normal 6.015831E-001 -7.919416E-001 -1.045288E-001
    outer loop 
      vertex 2.134046e-001 -4.828581e-001 3.567157e+000
      vertex 2.040762e-001 -5.065431e-001 3.692915e+000
      vertex 6.103915e-002 -6.002110e-001 3.579366e+000
    endloop 
  endfacet
  facet normal 5.635778E-001 -7.669774E-001 -3.067991E-001
    outer loop 
      vertex -1.119383e-001 -7.032266e-001 3.519145e+000
      vertex 6.103915e-002 -6.002110e-001 3.579366e+000
      vertex -4.076555e-002 -7.146207e-001 3.678372e+000
    endloop 
  endfacet
  facet normal -4.419877E-002 9.877078E-001 -1.499325E-001
    outer loop 
      vertex 3.451274e-001 5.210706e-001 1.271154e-001
      vertex 1.885143e-001 5.147962e-001 1.319498e-001
      vertex 2.103580e-001 5.349244e-001 2.581090e-001
    endloop 
  endfacet
  facet normal -4.443002E-002 9.862213E-001 -1.593533E-001
    outer loop 
      vertex 3.451274e-001 5.210706e-001 1.271154e-001
      vertex 3.333333e-001 5.000000e-001 0.000000e+000
      vertex 1.885143e-001 5.147962e-001 1.319498e-001
    endloop 
  endfacet
  facet normal 0.000000E+000 9.865386E-001 -1.635282E-001
    outer loop 
      vertex 5.000000e-001 5.000000e-001 0.000000e+000
      vertex 3.333333e-001 5.000000e-001 0.000000e+000
      vertex 3.451274e-001 5.210706e-001 1.271154e-001
    endloop 
  endfacet
  facet normal -1.218739E-001 9.661067E-001 -2.275620E-001
    outer loop 
      vertex 3.451274e-001 5.210706e-001 1.271154e-001
      vertex 2.103580e-001 5.349244e-001 2.581090e-001
      vertex 3.319176e-001 5.483453e-001 2.499841e-001
    endloop 
  endfacet
  facet normal -1.525605E-002 9.757746E-001 -2.182454E-001
    outer loop 
      vertex 3.451274e-001 5.210706e-001 1.271154e-001
      vertex 3.319176e-001 5.483453e-001 2.499841e-001
      vertex 4.576364e-001 5.309514e-001 1.634277e-001
    endloop 
  endfacet
  facet normal -2.416987E-002 9.810833E-001 -1.920716E-001
    outer loop 
      vertex 4.576364e-001 5.309514e-001 1.634277e-001
      vertex 5.000000e-001 5.000000e-001 0.000000e+000
      vertex 3.451274e-001 5.210706e-001 1.271154e-001
    endloop 
  endfacet
  facet normal 4.454044E-001 -8.685838E-001 -2.172031E-001
    outer loop 
      vertex -1.820188e-001 -6.862315e-001 3.362376e+000
      vertex -6.732586e-002 -6.026230e-001 3.263223e+000
      vertex -4.622930e-002 -6.314576e-001 3.421793e+000
    endloop 
  endfacet
  facet normal 5.113418E-001 -8.309688E-001 -2.191356E-001
    outer loop 
      vertex -6.732586e-002 -6.026230e-001 3.263223e+000
      vertex 8.290893e-002 -5.528117e-001 3.424903e+000
      vertex -4.622930e-002 -6.314576e-001 3.421793e+000
    endloop 
  endfacet
  facet normal 4.665538E-001 -8.324898E-001 -2.988112E-001
    outer loop 
      vertex -1.820188e-001 -6.862315e-001 3.362376e+000
      vertex -4.622930e-002 -6.314576e-001 3.421793e+000
      vertex -1.119383e-001 -7.032266e-001 3.519145e+000
    endloop 
  endfacet
  facet normal 2.192247E-001 -9.564244E-001 -1.928550E-001
    outer loop 
      vertex -1.546231e-001 -5.632055e-001 4.656480e-001
      vertex -2.361744e-001 -5.530663e-001 3.226622e-001
      vertex -2.156758e-002 -5.184329e-001 3.948561e-001
    endloop 
  endfacet
  facet normal 2.486584E-001 -9.457983E-001 -2.088889E-001
    outer loop 
      vertex -2.361744e-001 -5.530663e-001 3.226622e-001
      vertex -1.546231e-001 -5.632055e-001 4.656480e-001
      vertex -3.383442e-001 -6.147051e-001 4.801266e-001
    endloop 
  endfacet
  facet normal 2.678470E-001 -9.579976E-001 -1.024629E-001
    outer loop 
      vertex -2.156758e-002 -5.184329e-001 3.948561e-001
      vertex -4.685119e-003 -5.323595e-001 5.691976e-001
      vertex -1.546231e-001 -5.632055e-001 4.656480e-001
    endloop 
  endfacet
  facet normal -5.051838E-001 8.616078E-001 -4.920685E-002
    outer loop 
      vertex -1.305336e-001 4.737918e-001 3.297845e+000
      vertex -1.978016e-001 4.452451e-001 3.488604e+000
      vertex -3.928161e-002 5.317240e-001 3.375391e+000
    endloop 
  endfacet
  facet normal -4.936163E-001 8.685616E-001 -4.408719E-002
    outer loop 
      vertex -1.305336e-001 4.737918e-001 3.297845e+000
      vertex -2.669390e-001 4.014921e-001 3.400715e+000
      vertex -1.978016e-001 4.452451e-001 3.488604e+000
    endloop 
  endfacet
  facet normal -4.457756E-001 8.846971E-001 -1.363642E-001
    outer loop 
      vertex 2.111256e-002 5.336407e-001 3.190398e+000
      vertex -1.305336e-001 4.737918e-001 3.297845e+000
      vertex -3.928161e-002 5.317240e-001 3.375391e+000
    endloop 
  endfacet
  facet normal -9.842984E-001 -5.038210E-002 -1.691694E-001
    outer loop 
      vertex -5.102404e-001 1.981403e-001 9.984640e-002
      vertex -5.255754e-001 3.205460e-001 1.526167e-001
      vertex -5.000000e-001 3.333333e-001 0.000000e+000
    endloop 
  endfacet
  facet normal -9.594957E-001 -1.678382E-002 -2.812228E-001
    outer loop 
      vertex -5.255754e-001 3.205460e-001 1.526167e-001
      vertex -5.771915e-001 3.969567e-001 3.241638e-001
      vertex -5.320759e-001 4.584161e-001 1.665672e-001
    endloop 
  endfacet
  facet normal -9.803681E-001 -2.645264E-002 -1.953936E-001
    outer loop 
      vertex -5.255754e-001 3.205460e-001 1.526167e-001
      vertex -5.320759e-001 4.584161e-001 1.665672e-001
      vertex -5.000000e-001 5.000000e-001 0.000000e+000
    endloop 
  endfacet
  facet normal -9.862475E-001 0.000000E+000 -1.652746E-001
    outer loop 
      vertex -5.255754e-001 3.205460e-001 1.526167e-001
      vertex -5.000000e-001 5.000000e-001 0.000000e+000
      vertex -5.000000e-001 3.333333e-001 0.000000e+000
    endloop 
  endfacet
  facet normal 9.624601E-001 1.562087E-001 -2.219670E-001
    outer loop 
      vertex 5.776176e-001 -3.994849e-001 3.203837e-001
      vertex 5.381840e-001 -3.098591e-001 2.124716e-001
      vertex 5.494348e-001 -2.044379e-001 3.354455e-001
    endloop 
  endfacet
  facet normal 9.811643E-001 2.512971E-002 -1.915338E-001
    outer loop 
      vertex 5.381840e-001 -3.098591e-001 2.124716e-001
      vertex 5.326147e-001 -4.567652e-001 1.646676e-001
      vertex 5.152132e-001 -3.104067e-001 9.472793e-002
    endloop 
  endfacet
  facet normal 9.527271E-001 6.075202E-002 -2.976913E-001
    outer loop 
      vertex 5.776176e-001 -3.994849e-001 3.203837e-001
      vertex 5.326147e-001 -4.567652e-001 1.646676e-001
      vertex 5.381840e-001 -3.098591e-001 2.124716e-001
    endloop 
  endfacet
  facet normal 7.219576E-001 6.563837E-001 2.189467E-001
    outer loop 
      vertex 6.408700e-002 6.877602e-001 3.679140e+000
      vertex 8.426872e-002 6.096548e-001 3.846746e+000
      vertex 1.562671e-001 5.943588e-001 3.655194e+000
    endloop 
  endfacet
  facet normal 7.106215E-001 6.703772E-001 2.135684E-001
    outer loop 
      vertex 1.562671e-001 5.943588e-001 3.655194e+000
      vertex 8.426872e-002 6.096548e-001 3.846746e+000
      vertex 1.945166e-001 5.259413e-001 3.742682e+000
    endloop 
  endfacet
  facet normal 6.679637E-001 7.267622E-001 1.601290E-001
    outer loop 
      vertex 1.915891e-001 5.052128e-001 3.873090e+000
      vertex 8.426872e-002 6.096548e-001 3.846746e+000
      vertex 5.801889e-002 6.000142e-001 4.000000e+000
    endloop 
  endfacet
  facet normal 6.748068E-001 7.263462E-001 1.306020E-001
    outer loop 
      vertex 1.945166e-001 5.259413e-001 3.742682e+000
      vertex 8.426872e-002 6.096548e-001 3.846746e+000
      vertex 1.915891e-001 5.052128e-001 3.873090e+000
    endloop 
  endfacet
  facet normal 5.558653E-001 8.182287E-001 1.466822E-001
    outer loop 
      vertex 5.801889e-002 6.000142e-001 4.000000e+000
      vertex 8.426872e-002 6.096548e-001 3.846746e+000
      vertex -8.470947e-002 6.969770e-001 4.000000e+000
    endloop 
  endfacet
  facet normal 6.100612E-001 7.437840E-001 2.731494E-001
    outer loop 
      vertex -1.132226e-002 6.935023e-001 3.831926e+000
      vertex 8.426872e-002 6.096548e-001 3.846746e+000
      vertex 6.408700e-002 6.877602e-001 3.679140e+000
    endloop 
  endfacet
  facet normal 6.154258E-001 7.463892E-001 2.532871E-001
    outer loop 
      vertex 8.426872e-002 6.096548e-001 3.846746e+000
      vertex -1.132226e-002 6.935023e-001 3.831926e+000
      vertex -8.470947e-002 6.969770e-001 4.000000e+000
    endloop 
  endfacet
  facet normal 6.908164E-001 -6.580107E-001 2.996575E-001
    outer loop 
      vertex 7.181013e-001 9.039104e-003 3.832541e+000
      vertex 6.418371e-001 -1.054232e-001 3.757012e+000
      vertex 7.127608e-001 -6.735086e-002 3.677110e+000
    endloop 
  endfacet
  facet normal 6.587221E-002 -9.938472E-001 8.904281E-002
    outer loop 
      vertex 1.666667e-001 -5.000000e-001 0.000000e+000
      vertex 3.560120e-001 -4.769107e-001 1.176359e-001
      vertex 1.811520e-001 -4.852442e-001 1.539804e-001
    endloop 
  endfacet
  facet normal 0.000000E+000 -9.812769E-001 1.926027E-001
    outer loop 
      vertex 3.333333e-001 -5.000000e-001 0.000000e+000
      vertex 3.560120e-001 -4.769107e-001 1.176359e-001
      vertex 1.666667e-001 -5.000000e-001 0.000000e+000
    endloop 
  endfacet
  facet normal 0.000000E+000 -9.812769E-001 1.926027E-001
    outer loop 
      vertex 3.333333e-001 -5.000000e-001 0.000000e+000
      vertex 5.000000e-001 -5.000000e-001 0.000000e+000
      vertex 3.560120e-001 -4.769107e-001 1.176359e-001
    endloop 
  endfacet
  facet normal 4.513504E-002 -9.683910E-001 2.453194E-001
    outer loop 
      vertex 5.000000e-001 -5.000000e-001 0.000000e+000
      vertex 5.326147e-001 -4.567652e-001 1.646676e-001
      vertex 3.560120e-001 -4.769107e-001 1.176359e-001
    endloop 
  endfacet
  facet normal -5.212229E-002 9.937593E-001 9.861933E-002
    outer loop 
      vertex -3.566160e-001 4.788113e-001 1.131203e-001
      vertex -1.916637e-001 4.815054e-001 1.731538e-001
      vertex -1.666667e-001 5.000000e-001 0.000000e+000
    endloop 
  endfacet
  facet normal 0.000000E+000 9.829058E-001 1.841091E-001
    outer loop 
      vertex -3.333333e-001 5.000000e-001 0.000000e+000
      vertex -3.566160e-001 4.788113e-001 1.131203e-001
      vertex -1.666667e-001 5.000000e-001 0.000000e+000
    endloop 
  endfacet
  facet normal 0.000000E+000 9.829058E-001 1.841090E-001
    outer loop 
      vertex -5.000000e-001 5.000000e-001 0.000000e+000
      vertex -3.566160e-001 4.788113e-001 1.131203e-001
      vertex -3.333333e-001 5.000000e-001 0.000000e+000
    endloop 
  endfacet
  facet normal -4.146817E-002 9.712348E-001 2.344853E-001
    outer loop 
      vertex -3.566160e-001 4.788113e-001 1.131203e-001
      vertex -5.000000e-001 5.000000e-001 0.000000e+000
      vertex -5.320759e-001 4.584161e-001 1.665672e-001
    endloop 
  endfacet
  facet normal -6.715196E-001 -7.308357E-001 -1.222315E-001
    outer loop 
      vertex -4.457375e-001 -2.974336e-001 4.000000e+000
      vertex -5.666077e-001 -1.631527e-001 3.861160e+000
      vertex -4.188775e-001 -2.952129e-001 3.839158e+000
    endloop 
  endfacet
  facet normal -6.705314E-001 -7.209224E-001 -1.750961E-001
    outer loop 
      vertex -5.088109e-001 -1.774949e-001 3.698879e+000
      vertex -4.188775e-001 -2.952129e-001 3.839158e+000
      vertex -5.666077e-001 -1.631527e-001 3.861160e+000
    endloop 
  endfacet
  facet normal -6.228080E-001 -7.585827E-001 -1.914744E-001
    outer loop 
      vertex -5.718422e-001 -1.938997e-001 4.000000e+000
      vertex -5.666077e-001 -1.631527e-001 3.861160e+000
      vertex -4.457375e-001 -2.974336e-001 4.000000e+000
    endloop 
  endfacet
  facet normal -5.467846E-001 -8.128796E-001 -2.006326E-001
    outer loop 
      vertex -6.969353e-001 -1.097556e-001 4.000000e+000
      vertex -5.666077e-001 -1.631527e-001 3.861160e+000
      vertex -5.718422e-001 -1.938997e-001 4.000000e+000
    endloop 
  endfacet
  facet normal -6.305078E-001 -7.072114E-001 -3.198623E-001
    outer loop 
      vertex -6.959339e-001 -3.610241e-002 3.835180e+000
      vertex -5.666077e-001 -1.631527e-001 3.861160e+000
      vertex -6.969353e-001 -1.097556e-001 4.000000e+000
    endloop 
  endfacet
  facet normal -9.722775E-001 -1.153554E-001 -2.033953E-001
    outer loop 
      vertex -5.200045e-001 1.270978e-001 2.357002e-001
      vertex -5.545374e-001 2.406306e-001 3.363857e-001
      vertex -5.255754e-001 3.205460e-001 1.526167e-001
    endloop 
  endfacet
  facet normal -9.740362E-001 -1.963918E-001 -1.126219E-001
    outer loop 
      vertex -5.545374e-001 2.406306e-001 3.363857e-001
      vertex -5.200045e-001 1.270978e-001 2.357002e-001
      vertex -5.215434e-001 4.111810e-002 3.989432e-001
    endloop 
  endfacet
  facet normal -9.908814E-001 -7.624633E-002 -1.110879E-001
    outer loop 
      vertex -5.255754e-001 3.205460e-001 1.526167e-001
      vertex -5.102404e-001 1.981403e-001 9.984640e-002
      vertex -5.200045e-001 1.270978e-001 2.357002e-001
    endloop 
  endfacet
  facet normal -9.927746E-001 -6.107332E-002 -1.032895E-001
    outer loop 
      vertex -5.102404e-001 1.981403e-001 9.984640e-002
      vertex -5.032820e-001 2.608606e-002 1.346978e-001
      vertex -5.200045e-001 1.270978e-001 2.357002e-001
    endloop 
  endfacet
  facet normal 2.415434E-001 -9.549172E-001 1.725978E-001
    outer loop 
      vertex 3.079645e-001 -4.367910e-001 4.199293e-001
      vertex 4.708356e-001 -3.937184e-001 4.303025e-001
      vertex 4.218225e-001 -3.833407e-001 5.563098e-001
    endloop 
  endfacet
  facet normal 2.450868E-001 -9.676962E-001 5.913106E-002
    outer loop 
      vertex 3.079645e-001 -4.367910e-001 4.199293e-001
      vertex 1.474027e-001 -4.775710e-001 4.180511e-001
      vertex 2.030169e-001 -4.705183e-001 3.029602e-001
    endloop 
  endfacet
  facet normal 0.000000E+000 0.000000E+000 1.000000E+000
    outer loop 
      vertex 6.894273e-002 -5.539235e-001 4.000000e+000
      vertex 1.924787e-001 -5.980712e-001 4.000000e+000
      vertex 1.617302e-001 -4.726053e-001 4.000000e+000
    endloop 
  endfacet
  facet normal 0.000000E+000 0.000000E+000 1.000000E+000
    outer loop 
      vertex 6.314260e-002 -4.028902e-001 4.000000e+000
      vertex 6.894273e-002 -5.539235e-001 4.000000e+000
      vertex 1.617302e-001 -4.726053e-001 4.000000e+000
    endloop 
  endfacet
  facet normal 0.000000E+000 0.000000E+000 1.000000E+000
    outer loop 
      vertex 1.064840e-001 -7.255231e-001 4.000000e+000
      vertex 6.894273e-002 -5.539235e-001 4.000000e+000
      vertex -3.505599e-002 -6.270151e-001 4.000000e+000
    endloop 
  endfacet
  facet normal 0.000000E+000 0.000000E+000 1.000000E+000
    outer loop 
      vertex 1.924787e-001 -5.980712e-001 4.000000e+000
      vertex 6.894273e-002 -5.539235e-001 4.000000e+000
      vertex 1.064840e-001 -7.255231e-001 4.000000e+000
    endloop 
  endfacet
  facet normal -3.455973E-001 9.280832E-001 -1.386511E-001
    outer loop 
      vertex 1.833400e-001 5.815684e-001 3.106846e+000
      vertex 9.381437e-002 5.331364e-001 3.005808e+000
      vertex 2.111256e-002 5.336407e-001 3.190398e+000
    endloop 
  endfacet
  facet normal -2.233238E-001 9.645892E-001 -1.403362E-001
    outer loop 
      vertex 9.381437e-002 5.331364e-001 3.005808e+000
      vertex 1.590318e-001 5.234243e-001 2.835268e+000
      vertex 1.423910e-002 5.011845e-001 2.912821e+000
    endloop 
  endfacet
  facet normal 7.264708E-001 -6.852758E-001 5.135469E-002
    outer loop 
      vertex 5.131304e-001 -2.011088e-001 4.000000e+000
      vertex 4.160199e-001 -3.145307e-001 3.860241e+000
      vertex 5.243798e-001 -1.988339e-001 3.871221e+000
    endloop 
  endfacet
  facet normal 7.792657E-001 -6.240917E-001 5.704742E-002
    outer loop 
      vertex 5.131304e-001 -2.011088e-001 4.000000e+000
      vertex 5.243798e-001 -1.988339e-001 3.871221e+000
      vertex 6.251593e-001 -6.122521e-002 4.000000e+000
    endloop 
  endfacet
  facet normal -6.185406E-001 7.503553E-001 -2.331833E-001
    outer loop 
      vertex -7.430017e-003 6.051276e-001 3.602944e+000
      vertex -4.946965e-002 6.121671e-001 3.737111e+000
      vertex 6.408700e-002 6.877602e-001 3.679140e+000
    endloop 
  endfacet
  facet normal -6.351572E-001 6.937386E-001 -3.395614E-001
    outer loop 
      vertex -4.946965e-002 6.121671e-001 3.737111e+000
      vertex -1.132226e-002 6.935023e-001 3.831926e+000
      vertex 6.408700e-002 6.877602e-001 3.679140e+000
    endloop 
  endfacet
  facet normal 0.000000E+000 0.000000E+000 1.000000E+000
    outer loop 
      vertex -2.276707e-001 2.886564e-001 4.000000e+000
      vertex -3.489960e-001 1.462400e-001 4.000000e+000
      vertex -2.068885e-001 1.054690e-001 4.000000e+000
    endloop 
  endfacet
  facet normal 0.000000E+000 0.000000E+000 1.000000E+000
    outer loop 
      vertex -3.790825e-001 3.116528e-001 4.000000e+000
      vertex -3.489960e-001 1.462400e-001 4.000000e+000
      vertex -2.276707e-001 2.886564e-001 4.000000e+000
    endloop 
  endfacet
  facet normal 0.000000E+000 0.000000E+000 1.000000E+000
    outer loop 
      vertex -3.790825e-001 3.116528e-001 4.000000e+000
      vertex -4.901677e-001 1.739439e-001 4.000000e+000
      vertex -3.489960e-001 1.462400e-001 4.000000e+000
    endloop 
  endfacet
  facet normal 0.000000E+000 0.000000E+000 1.000000E+000
    outer loop 
      vertex -3.110144e-001 -3.112178e-002 4.000000e+000
      vertex -2.068885e-001 1.054690e-001 4.000000e+000
      vertex -3.489960e-001 1.462400e-001 4.000000e+000
    endloop 
  endfacet
  facet normal 0.000000E+000 0.000000E+000 1.000000E+000
    outer loop 
      vertex -5.718422e-001 -1.938997e-001 4.000000e+000
      vertex -4.457375e-001 -2.974336e-001 4.000000e+000
      vertex -4.308656e-001 -1.452945e-001 4.000000e+000
    endloop 
  endfacet
  facet normal 0.000000E+000 0.000000E+000 -1.000000E+000
    outer loop 
      vertex -3.333333e-001 5.000000e-001 0.000000e+000
      vertex -1.666667e-001 5.000000e-001 0.000000e+000
      vertex -2.453599e-001 3.902999e-001 0.000000e+000
    endloop 
  endfacet
  facet normal 0.000000E+000 0.000000E+000 1.000000E+000
    outer loop 
      vertex 1.618998e-001 -5.578063e-002 4.000000e+000
      vertex 2.059086e-001 -2.091104e-001 4.000000e+000
      vertex 3.320260e-001 -1.289176e-001 4.000000e+000
    endloop 
  endfacet
  facet normal 0.000000E+000 0.000000E+000 1.000000E+000
    outer loop 
      vertex 4.331397e-001 -1.202342e-002 4.000000e+000
      vertex 3.320260e-001 -1.289176e-001 4.000000e+000
      vertex 5.131304e-001 -2.011088e-001 4.000000e+000
    endloop 
  endfacet
  facet normal 0.000000E+000 0.000000E+000 1.000000E+000
    outer loop 
      vertex 4.014835e-001 -3.386920e-001 4.000000e+000
      vertex 5.131304e-001 -2.011088e-001 4.000000e+000
      vertex 3.320260e-001 -1.289176e-001 4.000000e+000
    endloop 
  endfacet
  facet normal 0.000000E+000 0.000000E+000 1.000000E+000
    outer loop 
      vertex 4.014835e-001 -3.386920e-001 4.000000e+000
      vertex 3.320260e-001 -1.289176e-001 4.000000e+000
      vertex 2.059086e-001 -2.091104e-001 4.000000e+000
    endloop 
  endfacet
  facet normal 0.000000E+000 0.000000E+000 1.000000E+000
    outer loop 
      vertex -1.772134e-001 -3.527804e-001 4.000000e+000
      vertex -3.117834e-001 -4.040757e-001 4.000000e+000
      vertex -1.742847e-001 -5.158730e-001 4.000000e+000
    endloop 
  endfacet
  facet normal 0.000000E+000 0.000000E+000 -1.000000E+000
    outer loop 
      vertex 3.739951e-001 3.607144e-001 0.000000e+000
      vertex 2.542583e-001 3.949247e-001 0.000000e+000
      vertex 3.333333e-001 5.000000e-001 0.000000e+000
    endloop 
  endfacet
  facet normal 0.000000E+000 0.000000E+000 -1.000000E+000
    outer loop 
      vertex 2.514211e-001 2.763562e-001 0.000000e+000
      vertex 2.542583e-001 3.949247e-001 0.000000e+000
      vertex 3.739951e-001 3.607144e-001 0.000000e+000
    endloop 
  endfacet
  facet normal 0.000000E+000 0.000000E+000 -1.000000E+000
    outer loop 
      vertex 5.000000e-001 3.333333e-001 0.000000e+000
      vertex 3.775123e-001 2.188884e-001 0.000000e+000
      vertex 3.739951e-001 3.607144e-001 0.000000e+000
    endloop 
  endfacet
  facet normal 0.000000E+000 0.000000E+000 -1.000000E+000
    outer loop 
      vertex 3.775123e-001 2.188884e-001 0.000000e+000
      vertex 2.514211e-001 2.763562e-001 0.000000e+000
      vertex 3.739951e-001 3.607144e-001 0.000000e+000
    endloop 
  endfacet
  facet normal 0.000000E+000 0.000000E+000 -1.000000E+000
    outer loop 
      vertex 3.739951e-001 3.607144e-001 0.000000e+000
      vertex 3.333333e-001 5.000000e-001 0.000000e+000
      vertex 5.000000e-001 5.000000e-001 0.000000e+000
    endloop 
  endfacet
  facet normal 0.000000E+000 0.000000E+000 -1.000000E+000
    outer loop 
      vertex 5.000000e-001 3.333333e-001 0.000000e+000
      vertex 3.739951e-001 3.607144e-001 0.000000e+000
      vertex 5.000000e-001 5.000000e-001 0.000000e+000
    endloop 
  endfacet
  facet normal 0.000000E+000 0.000000E+000 -1.000000E+000
    outer loop 
      vertex -3.766828e-001 6.072977e-002 0.000000e+000
      vertex -2.533354e-001 -3.212956e-002 0.000000e+000
      vertex -3.789835e-001 -8.326499e-002 0.000000e+000
    endloop 
  endfacet
  facet normal 0.000000E+000 0.000000E+000 -1.000000E+000
    outer loop 
      vertex -3.766828e-001 6.072977e-002 0.000000e+000
      vertex -3.789835e-001 -8.326499e-002 0.000000e+000
      vertex -5.000000e-001 0.000000e+000 0.000000e+000
    endloop 
  endfacet
  facet normal 0.000000E+000 0.000000E+000 -1.000000E+000
    outer loop 
      vertex -3.766828e-001 6.072977e-002 0.000000e+000
      vertex -5.000000e-001 0.000000e+000 0.000000e+000
      vertex -5.000000e-001 1.666667e-001 0.000000e+000
    endloop 
  endfacet
  facet normal 0.000000E+000 0.000000E+000 -1.000000E+000
    outer loop 
      vertex -1.666667e-001 -5.000000e-001 0.000000e+000
      vertex -6.641074e-002 -3.674450e-001 0.000000e+000
      vertex 0.000000e+000 -5.000000e-001 0.000000e+000
    endloop 
  endfacet
  facet normal 0.000000E+000 0.000000E+000 -1.000000E+000
    outer loop 
      vertex 1.666667e-001 5.000000e-001 0.000000e+000
      vertex 1.274870e-001 3.588903e-001 0.000000e+000
      vertex 0.000000e+000 5.000000e-001 0.000000e+000
    endloop 
  endfacet
  facet normal 0.000000E+000 0.000000E+000 -1.000000E+000
    outer loop 
      vertex 5.137601e-003 2.877174e-001 0.000000e+000
      vertex 0.000000e+000 5.000000e-001 0.000000e+000
      vertex 1.274870e-001 3.588903e-001 0.000000e+000
    endloop 
  endfacet
  facet normal 0.000000E+000 0.000000E+000 -1.000000E+000
    outer loop 
      vertex 5.000000e-001 0.000000e+000 0.000000e+000
      vertex 3.779213e-001 8.281100e-002 0.000000e+000
      vertex 5.000000e-001 1.666667e-001 0.000000e+000
    endloop 
  endfacet
  facet normal 0.000000E+000 0.000000E+000 -1.000000E+000
    outer loop 
      vertex -3.789835e-001 -8.326499e-002 0.000000e+000
      vertex -5.000000e-001 -1.666667e-001 0.000000e+000
      vertex -5.000000e-001 0.000000e+000 0.000000e+000
    endloop 
  endfacet
  facet normal 0.000000E+000 0.000000E+000 1.000000E+000
    outer loop 
      vertex 2.051739e-001 2.088561e-001 4.000000e+000
      vertex 1.016439e-001 3.389495e-001 4.000000e+000
      vertex 4.448922e-002 1.858186e-001 4.000000e+000
    endloop 
  endfacet
  facet normal 0.000000E+000 0.000000E+000 1.000000E+000
    outer loop 
      vertex 1.016439e-001 3.389495e-001 4.000000e+000
      vertex 3.373517e-001 3.768682e-001 4.000000e+000
      vertex 1.991666e-001 4.888027e-001 4.000000e+000
    endloop 
  endfacet
  facet normal 0.000000E+000 0.000000E+000 1.000000E+000
    outer loop 
      vertex 3.373517e-001 3.768682e-001 4.000000e+000
      vertex 1.016439e-001 3.389495e-001 4.000000e+000
      vertex 2.051739e-001 2.088561e-001 4.000000e+000
    endloop 
  endfacet
  facet normal 0.000000E+000 0.000000E+000 -1.000000E+000
    outer loop 
      vertex 2.567876e-001 -3.806878e-001 0.000000e+000
      vertex 3.333333e-001 -5.000000e-001 0.000000e+000
      vertex 1.666667e-001 -5.000000e-001 0.000000e+000
    endloop 
  endfacet
  facet normal 0.000000E+000 0.000000E+000 1.000000E+000
    outer loop 
      vertex 1.924787e-001 -5.980712e-001 4.000000e+000
      vertex 2.927528e-001 -4.699162e-001 4.000000e+000
      vertex 1.617302e-001 -4.726053e-001 4.000000e+000
    endloop 
  endfacet
  facet normal 0.000000E+000 0.000000E+000 1.000000E+000
    outer loop 
      vertex -2.715447e-001 4.455441e-001 4.000000e+000
      vertex -2.276707e-001 2.886564e-001 4.000000e+000
      vertex -9.537318e-002 3.937510e-001 4.000000e+000
    endloop 
  endfacet
  facet normal 0.000000E+000 0.000000E+000 1.000000E+000
    outer loop 
      vertex -2.715447e-001 4.455441e-001 4.000000e+000
      vertex -3.790825e-001 3.116528e-001 4.000000e+000
      vertex -2.276707e-001 2.886564e-001 4.000000e+000
    endloop 
  endfacet
  facet normal 0.000000E+000 0.000000E+000 -1.000000E+000
    outer loop 
      vertex 2.463146e-001 -1.167427e-001 0.000000e+000
      vertex 2.407040e-001 -2.523085e-001 0.000000e+000
      vertex 1.197696e-001 -1.840909e-001 0.000000e+000
    endloop 
  endfacet
  facet normal 0.000000E+000 0.000000E+000 1.000000E+000
    outer loop 
      vertex -4.308656e-001 -1.452945e-001 4.000000e+000
      vertex -4.556083e-001 9.841412e-003 4.000000e+000
      vertex -5.511339e-001 -8.241290e-002 4.000000e+000
    endloop 
  endfacet
  facet normal 0.000000E+000 0.000000E+000 1.000000E+000
    outer loop 
      vertex -5.511339e-001 -8.241290e-002 4.000000e+000
      vertex -4.556083e-001 9.841412e-003 4.000000e+000
      vertex -6.006331e-001 3.066832e-002 4.000000e+000
    endloop 
  endfacet
  facet normal 0.000000E+000 0.000000E+000 1.000000E+000
    outer loop 
      vertex -5.511339e-001 -8.241290e-002 4.000000e+000
      vertex -5.718422e-001 -1.938997e-001 4.000000e+000
      vertex -4.308656e-001 -1.452945e-001 4.000000e+000
    endloop 
  endfacet
  facet normal 0.000000E+000 0.000000E+000 1.000000E+000
    outer loop 
      vertex -6.969353e-001 -1.097556e-001 4.000000e+000
      vertex -5.718422e-001 -1.938997e-001 4.000000e+000
      vertex -5.511339e-001 -8.241290e-002 4.000000e+000
    endloop 
  endfacet
  facet normal 0.000000E+000 0.000000E+000 1.000000E+000
    outer loop 
      vertex -5.511339e-001 -8.241290e-002 4.000000e+000
      vertex -6.006331e-001 3.066832e-002 4.000000e+000
      vertex -6.969353e-001 -1.097556e-001 4.000000e+000
    endloop 
  endfacet
  facet normal 0.000000E+000 0.000000E+000 1.000000E+000
    outer loop 
      vertex 4.692594e-001 2.684777e-001 4.000000e+000
      vertex 3.373517e-001 3.768682e-001 4.000000e+000
      vertex 3.561973e-001 1.756868e-001 4.000000e+000
    endloop 
  endfacet
  facet normal 0.000000E+000 0.000000E+000 1.000000E+000
    outer loop 
      vertex 3.373517e-001 3.768682e-001 4.000000e+000
      vertex 2.051739e-001 2.088561e-001 4.000000e+000
      vertex 3.561973e-001 1.756868e-001 4.000000e+000
    endloop 
  endfacet
  facet normal 9.795032E-001 1.542425E-001 -1.295484E-001
    outer loop 
      vertex 5.054966e-001 4.144382e-002 2.787733e+000
      vertex 5.364857e-001 -1.149415e-001 2.835844e+000
      vertex 5.242138e-001 -1.565074e-001 2.693568e+000
    endloop 
  endfacet
  facet normal 8.005694E-002 -9.898506E-001 -1.174163E-001
    outer loop 
      vertex -1.790367e-001 -5.206470e-001 2.638119e+000
      vertex -9.488851e-003 -5.103264e-001 2.666716e+000
      vertex -9.344864e-002 -5.309045e-001 2.782948e+000
    endloop 
  endfacet
  facet normal 1.649455E-001 -9.847570E-001 -5.519589E-002
    outer loop 
      vertex 9.474087e-002 -5.010986e-001 2.813558e+000
      vertex -9.344864e-002 -5.309045e-001 2.782948e+000
      vertex -9.488851e-003 -5.103264e-001 2.666716e+000
    endloop 
  endfacet
  facet normal -6.129532E-001 7.877739E-001 -6.083183E-002
    outer loop 
      vertex -3.268705e-001 3.730456e-001 1.078913e+000
      vertex -2.322886e-001 4.506173e-001 1.130443e+000
      vertex -1.986454e-001 4.666064e-001 9.985082e-001
    endloop 
  endfacet
  facet normal -6.381776E-001 7.697869E-001 1.254365E-002
    outer loop 
      vertex -2.322886e-001 4.506173e-001 1.130443e+000
      vertex -3.268705e-001 3.730456e-001 1.078913e+000
      vertex -3.306693e-001 3.672649e-001 1.240393e+000
    endloop 
  endfacet
  facet normal -6.298661E-001 7.738228E-001 -6.683529E-002
    outer loop 
      vertex -2.322886e-001 4.506173e-001 1.130443e+000
      vertex -1.257654e-001 5.347931e-001 1.101146e+000
      vertex -1.986454e-001 4.666064e-001 9.985082e-001
    endloop 
  endfacet
  facet normal -6.342943E-001 7.657869E-001 -1.060237E-001
    outer loop 
      vertex -1.257654e-001 5.347931e-001 1.101146e+000
      vertex -2.322886e-001 4.506173e-001 1.130443e+000
      vertex -2.079482e-001 4.887636e-001 1.260348e+000
    endloop 
  endfacet
  facet normal -6.947410E-001 7.148269E-001 -7.973337E-002
    outer loop 
      vertex -2.322886e-001 4.506173e-001 1.130443e+000
      vertex -3.306693e-001 3.672649e-001 1.240393e+000
      vertex -2.079482e-001 4.887636e-001 1.260348e+000
    endloop 
  endfacet
  facet normal -7.553580E-001 -6.547166E-001 -2.793561E-002
    outer loop 
      vertex -3.872468e-001 -3.215254e-001 1.340220e+000
      vertex -4.942642e-001 -1.907019e-001 1.167830e+000
      vertex -3.726471e-001 -3.314779e-001 1.178711e+000
    endloop 
  endfacet
  facet normal -7.539226E-001 -6.551192E-001 -4.918881E-002
    outer loop 
      vertex -3.726471e-001 -3.314779e-001 1.178711e+000
      vertex -4.942642e-001 -1.907019e-001 1.167830e+000
      vertex -4.416262e-001 -2.404430e-001 1.023516e+000
    endloop 
  endfacet
  facet normal 7.925422E-001 6.033224E-001 -8.876359E-002
    outer loop 
      vertex 4.636225e-001 2.269323e-001 1.163760e+000
      vertex 4.976548e-001 1.536934e-001 9.698215e-001
      vertex 3.933166e-001 3.044987e-001 1.063236e+000
    endloop 
  endfacet
  facet normal 7.427705E-001 6.695400E-001 -2.858493E-003
    outer loop 
      vertex 3.395298e-001 3.649717e-001 1.251368e+000
      vertex 4.636225e-001 2.269323e-001 1.163760e+000
      vertex 3.933166e-001 3.044987e-001 1.063236e+000
    endloop 
  endfacet
  facet normal 7.781878E-001 6.203819E-001 -9.772484E-002
    outer loop 
      vertex 5.894271e-001 5.428517e-002 1.069540e+000
      vertex 4.976548e-001 1.536934e-001 9.698215e-001
      vertex 4.636225e-001 2.269323e-001 1.163760e+000
    endloop 
  endfacet
  facet normal 7.538713E-001 6.370551E-001 -1.607447E-001
    outer loop 
      vertex 5.894271e-001 5.428517e-002 1.069540e+000
      vertex 4.636225e-001 2.269323e-001 1.163760e+000
      vertex 5.327599e-001 1.679866e-001 1.254395e+000
    endloop 
  endfacet
  facet normal 6.011862E-001 -7.943250E-001 -8.730996E-002
    outer loop 
      vertex 3.105488e-001 -3.924919e-001 1.065805e+000
      vertex 2.303234e-001 -4.628321e-001 1.153338e+000
      vertex 1.596210e-001 -4.995566e-001 1.000616e+000
    endloop 
  endfacet
  facet normal 6.497053E-001 -7.600325E-001 -1.528494E-002
    outer loop 
      vertex 2.303234e-001 -4.628321e-001 1.153338e+000
      vertex 3.105488e-001 -3.924919e-001 1.065805e+000
      vertex 3.389104e-001 -3.709995e-001 1.202651e+000
    endloop 
  endfacet
  facet normal 6.387417E-001 -7.611256E-001 -1.126796E-001
    outer loop 
      vertex 1.596210e-001 -4.995566e-001 1.000616e+000
      vertex 2.303234e-001 -4.628321e-001 1.153338e+000
      vertex 9.404451e-002 -5.716656e-001 1.115967e+000
    endloop 
  endfacet
  facet normal 6.414449E-001 -7.532512E-001 -1.454687E-001
    outer loop 
      vertex 2.303234e-001 -4.628321e-001 1.153338e+000
      vertex 1.950629e-001 -5.155854e-001 1.271019e+000
      vertex 9.404451e-002 -5.716656e-001 1.115967e+000
    endloop 
  endfacet
  facet normal -4.313917E-001 8.766543E-001 -2.130221E-001
    outer loop 
      vertex 6.841129e-002 6.170562e-001 8.754506e-001
      vertex 2.078358e-001 6.679482e-001 8.025385e-001
      vertex 1.117990e-001 6.002973e-001 7.186180e-001
    endloop 
  endfacet
  facet normal -4.554194E-001 8.631176E-001 -2.182228E-001
    outer loop 
      vertex 6.841129e-002 6.170562e-001 8.754506e-001
      vertex 1.117990e-001 6.002973e-001 7.186180e-001
      vertex -1.388514e-002 5.578369e-001 8.129739e-001
    endloop 
  endfacet
  facet normal -5.015517E-001 8.524825E-001 -1.473751E-001
    outer loop 
      vertex -6.777267e-002 5.486047e-001 9.429625e-001
      vertex 6.841129e-002 6.170562e-001 8.754506e-001
      vertex -1.388514e-002 5.578369e-001 8.129739e-001
    endloop 
  endfacet
  facet normal -4.554434E-001 8.446330E-001 -2.813650E-001
    outer loop 
      vertex 2.078358e-001 6.679482e-001 8.025385e-001
      vertex 6.841129e-002 6.170562e-001 8.754506e-001
      vertex 1.399640e-001 6.849810e-001 9.635329e-001
    endloop 
  endfacet
  facet normal -4.143670E-001 8.980232E-001 -1.478325E-001
    outer loop 
      vertex -2.512825e-002 5.331335e-001 6.944246e-001
      vertex -1.388514e-002 5.578369e-001 8.129739e-001
      vertex 1.117990e-001 6.002973e-001 7.186180e-001
    endloop 
  endfacet
  facet normal -3.755435E-001 8.828768E-001 -2.819496E-001
    outer loop 
      vertex 2.078358e-001 6.679482e-001 8.025385e-001
      vertex 2.735963e-001 6.446453e-001 6.419797e-001
      vertex 1.117990e-001 6.002973e-001 7.186180e-001
    endloop 
  endfacet
  facet normal -9.050156E-001 -3.639627E-001 -2.201771E-001
    outer loop 
      vertex -5.717804e-001 1.747394e-001 3.035455e+000
      vertex -5.929487e-001 1.099249e-001 3.229606e+000
      vertex -6.416265e-001 2.456963e-001 3.205255e+000
    endloop 
  endfacet
  facet normal -9.077999E-001 -3.579971E-001 -2.184891E-001
    outer loop 
      vertex -5.717804e-001 1.747394e-001 3.035455e+000
      vertex -5.318132e-001 3.869236e-004 3.155074e+000
      vertex -5.929487e-001 1.099249e-001 3.229606e+000
    endloop 
  endfacet
  facet normal -9.154903E-001 -2.644860E-001 -3.031908E-001
    outer loop 
      vertex -5.717804e-001 1.747394e-001 3.035455e+000
      vertex -6.139902e-001 3.084237e-001 3.046290e+000
      vertex -5.786146e-001 3.705598e-001 2.885269e+000
    endloop 
  endfacet
  facet normal -9.637734E-001 -1.826850E-001 -1.943376E-001
    outer loop 
      vertex -5.786146e-001 3.705598e-001 2.885269e+000
      vertex -5.350259e-001 1.681475e-001 2.859376e+000
      vertex -5.717804e-001 1.747394e-001 3.035455e+000
    endloop 
  endfacet
  facet normal -9.248663E-001 -2.703418E-001 -2.674652E-001
    outer loop 
      vertex -6.139902e-001 3.084237e-001 3.046290e+000
      vertex -5.717804e-001 1.747394e-001 3.035455e+000
      vertex -6.416265e-001 2.456963e-001 3.205255e+000
    endloop 
  endfacet
  facet normal -3.984356E-001 8.914407E-001 2.158298E-001
    outer loop 
      vertex -6.416265e-001 2.456963e-001 3.205255e+000
      vertex -5.507264e-001 2.684036e-001 3.279275e+000
      vertex -4.768738e-001 3.383411e-001 3.126749e+000
    endloop 
  endfacet
  facet normal -4.318798E-001 8.806664E-001 1.946958E-001
    outer loop 
      vertex -5.507264e-001 2.684036e-001 3.279275e+000
      vertex -4.207860e-001 3.346807e-001 3.267722e+000
      vertex -4.768738e-001 3.383411e-001 3.126749e+000
    endloop 
  endfacet
  facet normal -5.030137E-001 8.364913E-001 2.173926E-001
    outer loop 
      vertex -5.507264e-001 2.684036e-001 3.279275e+000
      vertex -6.640366e-001 1.782213e-001 3.364099e+000
      vertex -5.454054e-001 2.345507e-001 3.421848e+000
    endloop 
  endfacet
  facet normal -4.269502E-001 8.761027E-001 2.239592E-001
    outer loop 
      vertex -5.507264e-001 2.684036e-001 3.279275e+000
      vertex -5.454054e-001 2.345507e-001 3.421848e+000
      vertex -4.207860e-001 3.346807e-001 3.267722e+000
    endloop 
  endfacet
  facet normal -4.503677E-001 8.428739E-001 2.945042E-001
    outer loop 
      vertex -5.507264e-001 2.684036e-001 3.279275e+000
      vertex -6.416265e-001 2.456963e-001 3.205255e+000
      vertex -6.640366e-001 1.782213e-001 3.364099e+000
    endloop 
  endfacet
  facet normal 0.000000E+000 0.000000E+000 -1.000000E+000
    outer loop 
      vertex -3.700074e-001 -3.688355e-001 0.000000e+000
      vertex -2.201840e-001 -3.768720e-001 0.000000e+000
      vertex -3.333333e-001 -5.000000e-001 0.000000e+000
    endloop 
  endfacet
  facet normal 0.000000E+000 0.000000E+000 -1.000000E+000
    outer loop 
      vertex -2.751296e-001 -2.709708e-001 0.000000e+000
      vertex -2.201840e-001 -3.768720e-001 0.000000e+000
      vertex -3.700074e-001 -3.688355e-001 0.000000e+000
    endloop 
  endfacet
  facet normal 0.000000E+000 0.000000E+000 -1.000000E+000
    outer loop 
      vertex -3.700074e-001 -3.688355e-001 0.000000e+000
      vertex -5.000000e-001 -3.333333e-001 0.000000e+000
      vertex -3.818465e-001 -2.199804e-001 0.000000e+000
    endloop 
  endfacet
  facet normal 0.000000E+000 0.000000E+000 -1.000000E+000
    outer loop 
      vertex -2.751296e-001 -2.709708e-001 0.000000e+000
      vertex -3.700074e-001 -3.688355e-001 0.000000e+000
      vertex -3.818465e-001 -2.199804e-001 0.000000e+000
    endloop 
  endfacet
  facet normal 0.000000E+000 0.000000E+000 -1.000000E+000
    outer loop 
      vertex -5.000000e-001 -5.000000e-001 0.000000e+000
      vertex -5.000000e-001 -3.333333e-001 0.000000e+000
      vertex -3.700074e-001 -3.688355e-001 0.000000e+000
    endloop 
  endfacet
  facet normal 0.000000E+000 0.000000E+000 -1.000000E+000
    outer loop 
      vertex -5.000000e-001 -5.000000e-001 0.000000e+000
      vertex -3.700074e-001 -3.688355e-001 0.000000e+000
      vertex -3.333333e-001 -5.000000e-001 0.000000e+000
    endloop 
  endfacet
  facet normal 3.754742E-001 -9.047216E-001 -2.012409E-001
    outer loop 
      vertex -1.388894e-001 -5.902400e-001 3.074030e+000
      vertex -6.732586e-002 -6.026230e-001 3.263223e+000
      vertex -2.472973e-001 -6.639192e-001 3.203004e+000
    endloop 
  endfacet
  facet normal 3.544637E-001 -9.147345E-001 -1.939489E-001
    outer loop 
      vertex 1.630861e-002 -5.449060e-001 3.143860e+000
      vertex -6.732586e-002 -6.026230e-001 3.263223e+000
      vertex -1.388894e-001 -5.902400e-001 3.074030e+000
    endloop 
  endfacet
  facet normal 2.878201E-001 -9.155074E-001 -2.810796E-001
    outer loop 
      vertex -3.113136e-001 -6.347142e-001 3.042328e+000
      vertex -1.388894e-001 -5.902400e-001 3.074030e+000
      vertex -2.472973e-001 -6.639192e-001 3.203004e+000
    endloop 
  endfacet
  facet normal 2.800812E-001 -9.369790E-001 -2.088655E-001
    outer loop 
      vertex -1.388894e-001 -5.902400e-001 3.074030e+000
      vertex -3.113136e-001 -6.347142e-001 3.042328e+000
      vertex -2.001388e-001 -5.708596e-001 2.904955e+000
    endloop 
  endfacet
  facet normal 4.075823E-001 -9.115033E-001 5.512257E-002
    outer loop 
      vertex 2.729231e-001 -4.448156e-001 3.129976e+000
      vertex 3.218753e-001 -4.127692e-001 3.297935e+000
      vertex 1.727285e-001 -4.847682e-001 3.210171e+000
    endloop 
  endfacet
  facet normal 4.453523E-001 -8.950715E-001 -2.254433E-002
    outer loop 
      vertex 3.218753e-001 -4.127692e-001 3.297935e+000
      vertex 2.328592e-001 -4.581030e-001 3.339341e+000
      vertex 1.727285e-001 -4.847682e-001 3.210171e+000
    endloop 
  endfacet
  facet normal 3.971941E-001 -9.158376E-001 5.897727E-002
    outer loop 
      vertex 4.136272e-001 -3.776618e-001 3.225184e+000
      vertex 3.218753e-001 -4.127692e-001 3.297935e+000
      vertex 2.729231e-001 -4.448156e-001 3.129976e+000
    endloop 
  endfacet
  facet normal 4.462008E-001 -8.845574E-001 1.358785E-001
    outer loop 
      vertex 4.136272e-001 -3.776618e-001 3.225184e+000
      vertex 4.573561e-001 -3.286511e-001 3.400641e+000
      vertex 3.218753e-001 -4.127692e-001 3.297935e+000
    endloop 
  endfacet
  facet normal 9.112443E-001 4.090158E-001 4.837114E-002
    outer loop 
      vertex 4.857265e-001 1.440672e-001 3.207201e+000
      vertex 4.462373e-001 2.414634e-001 3.127563e+000
      vertex 4.143055e-001 2.921844e-001 3.300227e+000
    endloop 
  endfacet
  facet normal 8.952173E-001 4.451152E-001 -2.141179E-002
    outer loop 
      vertex 4.143055e-001 2.921844e-001 3.300227e+000
      vertex 4.648990e-001 1.924672e-001 3.342565e+000
      vertex 4.857265e-001 1.440672e-001 3.207201e+000
    endloop 
  endfacet
  facet normal 9.209838E-001 3.853921E-001 5.711189E-002
    outer loop 
      vertex 3.765115e-001 3.953441e-001 3.213567e+000
      vertex 4.143055e-001 2.921844e-001 3.300227e+000
      vertex 4.462373e-001 2.414634e-001 3.127563e+000
    endloop 
  endfacet
  facet normal 8.852059E-001 4.431623E-001 1.414843E-001
    outer loop 
      vertex 3.765115e-001 3.953441e-001 3.213567e+000
      vertex 3.263275e-001 4.280058e-001 3.425242e+000
      vertex 4.143055e-001 2.921844e-001 3.300227e+000
    endloop 
  endfacet
  facet normal -4.408201E-001 -8.520021E-001 2.824357E-001
    outer loop 
      vertex 8.126700e-002 -6.194689e-001 1.718047e+000
      vertex 1.435830e-001 -6.916311e-001 1.597622e+000
      vertex 2.137684e-001 -6.746988e-001 1.758245e+000
    endloop 
  endfacet
  facet normal 8.346063E-001 -4.767850E-001 -2.758772E-001
    outer loop 
      vertex 2.794949e-001 -6.517496e-001 1.917423e+000
      vertex 2.137684e-001 -6.746988e-001 1.758245e+000
      vertex 2.603147e-001 -5.836058e-001 1.741628e+000
    endloop 
  endfacet
  facet normal 8.227910E-001 -4.768368E-001 -3.092599E-001
    outer loop 
      vertex 2.603147e-001 -5.836058e-001 1.741628e+000
      vertex 2.137684e-001 -6.746988e-001 1.758245e+000
      vertex 1.435830e-001 -6.916311e-001 1.597622e+000
    endloop 
  endfacet
  facet normal 4.436348E-001 8.509989E-001 2.810498E-001
    outer loop 
      vertex -2.040117e-001 6.639355e-001 1.766301e+000
      vertex -7.656586e-002 6.139364e-001 1.716522e+000
      vertex -1.369060e-001 6.822331e-001 1.604971e+000
    endloop 
  endfacet
  facet normal 4.779846E-001 8.638402E-001 1.590942E-001
    outer loop 
      vertex 3.899765e-002 5.633644e-001 1.643914e+000
      vertex -7.656586e-002 6.139364e-001 1.716522e+000
      vertex 8.019209e-003 5.482213e-001 1.819209e+000
    endloop 
  endfacet
  facet normal -8.498220E-001 4.438581E-001 2.842400E-001
    outer loop 
      vertex -6.130939e-001 -8.553559e-002 1.720224e+000
      vertex -6.824946e-001 -1.436786e-001 1.603523e+000
      vertex -6.648461e-001 -2.121745e-001 1.763249e+000
    endloop 
  endfacet
  facet normal 8.036900E-001 -5.270491E-001 2.762273E-001
    outer loop 
      vertex 6.349829e-001 2.772224e-002 1.557431e+000
      vertex 7.013746e-001 6.716514e-002 1.439521e+000
      vertex 6.910570e-001 1.352991e-001 1.599542e+000
    endloop 
  endfacet
  facet normal 4.741693E-001 8.391848E-001 -2.663311E-001
    outer loop 
      vertex 6.744023e-001 2.034004e-001 1.759852e+000
      vertex 5.674475e-001 2.579780e-001 1.741401e+000
      vertex 6.511185e-001 2.677460e-001 1.921144e+000
    endloop 
  endfacet
  facet normal 4.741183E-001 8.681779E-001 -1.465574E-001
    outer loop 
      vertex 4.548436e-001 3.263816e-001 1.782333e+000
      vertex 5.674475e-001 2.579780e-001 1.741401e+000
      vertex 4.601591e-001 2.921273e-001 1.596612e+000
    endloop 
  endfacet
  facet normal -8.660713E-001 4.815133E-001 -1.344076E-001
    outer loop 
      vertex -2.869408e-001 4.582239e-001 1.596103e+000
      vertex -4.021837e-001 2.879962e-001 1.728846e+000
      vertex -3.427117e-001 4.086852e-001 1.777997e+000
    endloop 
  endfacet
  facet normal 9.820885E-001 1.883947E-001 -3.085863E-003
    outer loop 
      vertex 4.636544e-001 2.160622e-001 3.632322e-001
      vertex 4.804243e-001 1.300323e-001 4.481075e-001
      vertex 5.002854e-001 2.277651e-002 2.209491e-001
    endloop 
  endfacet
  facet normal 9.712034E-001 2.367325E-001 -2.686090E-002
    outer loop 
      vertex 5.170990e-001 -2.907198e-002 3.719188e-001
      vertex 5.002854e-001 2.277651e-002 2.209491e-001
      vertex 4.804243e-001 1.300323e-001 4.481075e-001
    endloop 
  endfacet
  facet normal 9.585845E-001 2.715598E-001 8.585443E-002
    outer loop 
      vertex 4.804243e-001 1.300323e-001 4.481075e-001
      vertex 4.636544e-001 2.160622e-001 3.632322e-001
      vertex 4.224406e-001 3.045374e-001 5.435438e-001
    endloop 
  endfacet
  facet normal 9.502044E-001 3.115330E-001 7.672072E-003
    outer loop 
      vertex 4.547985e-001 2.035534e-001 6.365108e-001
      vertex 4.804243e-001 1.300323e-001 4.481075e-001
      vertex 4.224406e-001 3.045374e-001 5.435438e-001
    endloop 
  endfacet
  facet normal 9.632120E-001 2.580188E-001 -7.515976E-002
    outer loop 
      vertex 5.112788e-001 4.918177e-002 5.659699e-001
      vertex 5.170990e-001 -2.907198e-002 3.719188e-001
      vertex 4.804243e-001 1.300323e-001 4.481075e-001
    endloop 
  endfacet
  facet normal 9.379463E-001 3.466945E-001 -7.716391E-003
    outer loop 
      vertex 4.547985e-001 2.035534e-001 6.365108e-001
      vertex 5.112788e-001 4.918177e-002 5.659699e-001
      vertex 4.804243e-001 1.300323e-001 4.481075e-001
    endloop 
  endfacet
  facet normal 2.011009E-002 -9.893719E-001 1.440097E-001
    outer loop 
      vertex 2.344238e-001 -5.315298e-001 2.388462e+000
      vertex 3.810579e-001 -5.030390e-001 2.563722e+000
      vertex 2.279077e-001 -5.047387e-001 2.573431e+000
    endloop 
  endfacet
  facet normal 2.362830E-002 -9.792495E-001 2.012761E-001
    outer loop 
      vertex 3.833824e-001 -4.681249e-001 2.733313e+000
      vertex 2.279077e-001 -5.047387e-001 2.573431e+000
      vertex 3.810579e-001 -5.030390e-001 2.563722e+000
    endloop 
  endfacet
  facet normal 3.647792E-002 -9.546484E-001 2.954924E-001
    outer loop 
      vertex 5.566006e-001 -4.482564e-001 2.719038e+000
      vertex 3.810579e-001 -5.030390e-001 2.563722e+000
      vertex 5.093570e-001 -4.997759e-001 2.558426e+000
    endloop 
  endfacet
  facet normal 1.278074E-001 -9.717711E-001 1.983085E-001
    outer loop 
      vertex 3.833824e-001 -4.681249e-001 2.733313e+000
      vertex 3.810579e-001 -5.030390e-001 2.563722e+000
      vertex 5.566006e-001 -4.482564e-001 2.719038e+000
    endloop 
  endfacet
  facet normal 3.542649E-002 -9.637604E-001 2.644065E-001
    outer loop 
      vertex 5.093570e-001 -4.997759e-001 2.558426e+000
      vertex 3.810579e-001 -5.030390e-001 2.563722e+000
      vertex 4.586858e-001 -5.454822e-001 2.398616e+000
    endloop 
  endfacet
  facet normal -7.040466E-002 -9.735904E-001 2.171748E-001
    outer loop 
      vertex 2.344238e-001 -5.315298e-001 2.388462e+000
      vertex 4.586858e-001 -5.454822e-001 2.398616e+000
      vertex 3.810579e-001 -5.030390e-001 2.563722e+000
    endloop 
  endfacet
  facet normal -8.468253E-001 -5.185303E-001 1.183778E-001
    outer loop 
      vertex -2.867214e-001 -4.701864e-001 3.474515e+000
      vertex -3.683621e-001 -3.480263e-001 3.425590e+000
      vertex -3.393796e-001 -4.197722e-001 3.318650e+000
    endloop 
  endfacet
  facet normal -8.870199E-001 -4.388811E-001 1.434538E-001
    outer loop 
      vertex -3.393796e-001 -4.197722e-001 3.318650e+000
      vertex -3.554753e-001 -4.314201e-001 3.183489e+000
      vertex -2.805944e-001 -5.521153e-001 3.277248e+000
    endloop 
  endfacet
  facet normal -9.223257E-001 -3.598303E-001 1.408457E-001
    outer loop 
      vertex -3.393796e-001 -4.197722e-001 3.318650e+000
      vertex -4.137814e-001 -2.943261e-001 3.151918e+000
      vertex -3.554753e-001 -4.314201e-001 3.183489e+000
    endloop 
  endfacet
  facet normal -9.579275E-001 -2.739691E-001 8.553220E-002
    outer loop 
      vertex -4.513223e-001 -2.501258e-001 2.859344e+000
      vertex -4.045147e-001 -3.630791e-001 3.021769e+000
      vertex -4.633354e-001 -1.693205e-001 2.983630e+000
    endloop 
  endfacet
  facet normal -9.707065E-001 -1.890819E-001 1.482466E-001
    outer loop 
      vertex -4.226341e-001 -3.823219e-001 2.878581e+000
      vertex -4.045147e-001 -3.630791e-001 3.021769e+000
      vertex -4.513223e-001 -2.501258e-001 2.859344e+000
    endloop 
  endfacet
  facet normal -9.885252E-001 -1.114335E-001 1.019827E-001
    outer loop 
      vertex -4.540099e-001 -3.263664e-001 2.749987e+000
      vertex -4.513223e-001 -2.501258e-001 2.859344e+000
      vertex -4.748349e-001 -1.833515e-001 2.704397e+000
    endloop 
  endfacet
  facet normal -9.844453E-001 -1.550900E-001 8.254983E-002
    outer loop 
      vertex -4.809223e-001 -9.606373e-002 2.795793e+000
      vertex -4.748349e-001 -1.833515e-001 2.704397e+000
      vertex -4.513223e-001 -2.501258e-001 2.859344e+000
    endloop 
  endfacet
  facet normal -9.834391E-001 -1.799093E-001 2.191310E-002
    outer loop 
      vertex -4.809223e-001 -9.606373e-002 2.795793e+000
      vertex -4.513223e-001 -2.501258e-001 2.859344e+000
      vertex -4.633354e-001 -1.693205e-001 2.983630e+000
    endloop 
  endfacet
  facet normal -9.698941E-001 -1.879425E-001 1.548648E-001
    outer loop 
      vertex -4.540099e-001 -3.263664e-001 2.749987e+000
      vertex -4.226341e-001 -3.823219e-001 2.878581e+000
      vertex -4.513223e-001 -2.501258e-001 2.859344e+000
    endloop 
  endfacet
  facet normal 9.618745E-001 2.571137E-001 9.321950E-002
    outer loop 
      vertex 4.785447e-001 1.638612e-001 2.958247e+000
      vertex 4.734806e-001 2.275617e-001 2.834805e+000
      vertex 4.298720e-001 3.269178e-001 3.010736e+000
    endloop 
  endfacet
  facet normal 9.728247E-001 1.882342E-001 1.348330E-001
    outer loop 
      vertex 4.734806e-001 2.275617e-001 2.834805e+000
      vertex 4.344851e-001 4.119923e-001 2.858683e+000
      vertex 4.298720e-001 3.269178e-001 3.010736e+000
    endloop 
  endfacet
  facet normal 9.918773E-001 8.002532E-002 9.887052E-002
    outer loop 
      vertex 4.826488e-001 2.830365e-001 2.697927e+000
      vertex 4.734806e-001 2.275617e-001 2.834805e+000
      vertex 4.986543e-001 1.231245e-001 2.666791e+000
    endloop 
  endfacet
  facet normal 9.863264E-001 1.569687E-001 5.021073E-002
    outer loop 
      vertex 4.986543e-001 1.231245e-001 2.666791e+000
      vertex 4.734806e-001 2.275617e-001 2.834805e+000
      vertex 5.054966e-001 4.144382e-002 2.787733e+000
    endloop 
  endfacet
  facet normal 9.863766E-001 1.591407E-001 4.165693E-002
    outer loop 
      vertex 4.785447e-001 1.638612e-001 2.958247e+000
      vertex 5.054966e-001 4.144382e-002 2.787733e+000
      vertex 4.734806e-001 2.275617e-001 2.834805e+000
    endloop 
  endfacet
  facet normal 9.721303E-001 1.872865E-001 1.410194E-001
    outer loop 
      vertex 4.826488e-001 2.830365e-001 2.697927e+000
      vertex 4.344851e-001 4.119923e-001 2.858683e+000
      vertex 4.734806e-001 2.275617e-001 2.834805e+000
    endloop 
  endfacet
  facet normal -2.540595E-001 9.641771E-001 7.626439E-002
    outer loop 
      vertex -1.529555e-001 4.603853e-001 2.965223e+000
      vertex -1.991563e-001 4.589991e-001 2.828838e+000
      vertex -3.227715e-001 4.143805e-001 2.981133e+000
    endloop 
  endfacet
  facet normal -1.784426E-001 9.738702E-001 1.404815E-001
    outer loop 
      vertex -1.991563e-001 4.589991e-001 2.828838e+000
      vertex -3.436422e-001 4.278428e-001 2.861296e+000
      vertex -3.227715e-001 4.143805e-001 2.981133e+000
    endloop 
  endfacet
  facet normal -8.452846E-002 9.931086E-001 8.118040E-002
    outer loop 
      vertex -1.991563e-001 4.589991e-001 2.828838e+000
      vertex -7.137722e-002 4.835578e-001 2.661452e+000
      vertex -2.676929e-001 4.625185e-001 2.714421e+000
    endloop 
  endfacet
  facet normal -1.658349E-001 9.859880E-001 1.806813E-002
    outer loop 
      vertex -6.434798e-002 4.818619e-001 2.818515e+000
      vertex -7.137722e-002 4.835578e-001 2.661452e+000
      vertex -1.991563e-001 4.589991e-001 2.828838e+000
    endloop 
  endfacet
  facet normal -1.636526E-001 9.854718E-001 4.542215E-002
    outer loop 
      vertex -1.991563e-001 4.589991e-001 2.828838e+000
      vertex -1.529555e-001 4.603853e-001 2.965223e+000
      vertex -6.434798e-002 4.818619e-001 2.818515e+000
    endloop 
  endfacet
  facet normal -1.792196E-001 9.741786E-001 1.373187E-001
    outer loop 
      vertex -3.436422e-001 4.278428e-001 2.861296e+000
      vertex -1.991563e-001 4.589991e-001 2.828838e+000
      vertex -2.676929e-001 4.625185e-001 2.714421e+000
    endloop 
  endfacet
  facet normal 2.629217E-001 -9.560466E-001 1.297965E-001
    outer loop 
      vertex 1.967077e-001 -4.770128e-001 2.968197e+000
      vertex 3.197886e-001 -4.569209e-001 2.866870e+000
      vertex 4.142241e-001 -4.077348e-001 3.037869e+000
    endloop 
  endfacet
  facet normal 2.137984E-001 -9.638245E-001 1.591624E-001
    outer loop 
      vertex 4.142241e-001 -4.077348e-001 3.037869e+000
      vertex 3.197886e-001 -4.569209e-001 2.866870e+000
      vertex 5.981449e-001 -3.929250e-001 2.880496e+000
    endloop 
  endfacet
  facet normal 1.054695E-001 -9.855027E-001 1.328929E-001
    outer loop 
      vertex 3.833824e-001 -4.681249e-001 2.733313e+000
      vertex 3.197886e-001 -4.569209e-001 2.866870e+000
      vertex 1.822405e-001 -4.938344e-001 2.702292e+000
    endloop 
  endfacet
  facet normal 1.752574E-001 -9.817582E-001 7.372690E-002
    outer loop 
      vertex 3.197886e-001 -4.569209e-001 2.866870e+000
      vertex 9.474087e-002 -5.010986e-001 2.813558e+000
      vertex 1.822405e-001 -4.938344e-001 2.702292e+000
    endloop 
  endfacet
  facet normal 1.855452E-001 -9.821582E-001 3.063058E-002
    outer loop 
      vertex 9.474087e-002 -5.010986e-001 2.813558e+000
      vertex 3.197886e-001 -4.569209e-001 2.866870e+000
      vertex 1.967077e-001 -4.770128e-001 2.968197e+000
    endloop 
  endfacet
  facet normal 2.118966E-001 -9.602990E-001 1.814545E-001
    outer loop 
      vertex 3.197886e-001 -4.569209e-001 2.866870e+000
      vertex 3.833824e-001 -4.681249e-001 2.733313e+000
      vertex 5.981449e-001 -3.929250e-001 2.880496e+000
    endloop 
  endfacet
  facet normal -5.744722E-001 8.179630E-001 3.030043E-002
    outer loop 
      vertex -3.017139e-001 3.969472e-001 9.106352e-001
      vertex -4.403399e-001 2.956804e-001 1.016102e+000
      vertex -3.268705e-001 3.730456e-001 1.078913e+000
    endloop 
  endfacet
  facet normal -5.165538E-001 8.458328E-001 1.331884E-001
    outer loop 
      vertex -4.306290e-001 3.263953e-001 8.587051e-001
      vertex -4.403399e-001 2.956804e-001 1.016102e+000
      vertex -3.017139e-001 3.969472e-001 9.106352e-001
    endloop 
  endfacet
  facet normal -7.824453E-001 -5.924412E-001 1.918144E-001
    outer loop 
      vertex -2.766664e-001 -4.615036e-001 1.056335e+000
      vertex -2.403558e-001 -5.344499e-001 9.791498e-001
      vertex -1.764059e-001 -5.756322e-001 1.112817e+000
    endloop 
  endfacet
  facet normal 5.576229E-001 -8.123369E-001 1.707790E-001
    outer loop 
      vertex 5.217923e-001 -2.176075e-001 1.139276e+000
      vertex 4.080372e-001 -3.265980e-001 9.922756e-001
      vertex 5.252447e-001 -2.453914e-001 9.958447e-001
    endloop 
  endfacet
  facet normal 5.615100E-001 -8.163766E-001 1.350397E-001
    outer loop 
      vertex 5.252447e-001 -2.453914e-001 9.958447e-001
      vertex 4.080372e-001 -3.265980e-001 9.922756e-001
      vertex 4.556213e-001 -3.174583e-001 8.496692e-001
    endloop 
  endfacet
  facet normal 5.574589E-001 -8.301902E-001 -4.878909E-003
    outer loop 
      vertex 3.105488e-001 -3.924919e-001 1.065805e+000
      vertex 2.374651e-001 -4.406148e-001 9.038631e-001
      vertex 4.080372e-001 -3.265980e-001 9.922756e-001
    endloop 
  endfacet
  facet normal 5.206127E-001 -8.217481E-001 -2.317166E-001
    outer loop 
      vertex -9.580138e-002 -6.121714e-001 7.825084e-001
      vertex 3.279299e-003 -6.000084e-001 9.619852e-001
      vertex -1.378522e-001 -6.886980e-001 9.594201e-001
    endloop 
  endfacet
  facet normal 4.739618E-001 -8.566850E-001 -2.035953E-001
    outer loop 
      vertex 7.320775e-002 -5.326520e-001 8.413547e-001
      vertex 3.279299e-003 -6.000084e-001 9.619852e-001
      vertex -9.580138e-002 -6.121714e-001 7.825084e-001
    endloop 
  endfacet
  facet normal 5.630745E-001 -8.057543E-001 -1.835951E-001
    outer loop 
      vertex 1.596210e-001 -4.995566e-001 1.000616e+000
      vertex 9.404451e-002 -5.716656e-001 1.115967e+000
      vertex 3.279299e-003 -6.000084e-001 9.619852e-001
    endloop 
  endfacet
  facet normal 5.588146E-001 -8.185405E-001 -1.331081E-001
    outer loop 
      vertex 7.320775e-002 -5.326520e-001 8.413547e-001
      vertex 1.596210e-001 -4.995566e-001 1.000616e+000
      vertex 3.279299e-003 -6.000084e-001 9.619852e-001
    endloop 
  endfacet
  facet normal 5.144555E-001 -8.105572E-001 -2.798796E-001
    outer loop 
      vertex -6.861797e-002 -7.000829e-001 1.119653e+000
      vertex -1.378522e-001 -6.886980e-001 9.594201e-001
      vertex 3.279299e-003 -6.000084e-001 9.619852e-001
    endloop 
  endfacet
  facet normal 6.023703E-001 -7.691348E-001 -2.134987E-001
    outer loop 
      vertex 3.279299e-003 -6.000084e-001 9.619852e-001
      vertex 9.404451e-002 -5.716656e-001 1.115967e+000
      vertex -6.861797e-002 -7.000829e-001 1.119653e+000
    endloop 
  endfacet
  facet normal -9.679422E-001 -2.382059E-001 7.966143E-002
    outer loop 
      vertex -4.735655e-001 -1.609662e-001 4.124797e-001
      vertex -4.301322e-001 -3.327904e-001 4.264317e-001
      vertex -4.384310e-001 -2.626292e-001 5.353935e-001
    endloop 
  endfacet
  facet normal -9.431419E-001 -3.075108E-001 1.261761E-001
    outer loop 
      vertex -3.906085e-001 -3.956220e-001 5.687333e-001
      vertex -4.384310e-001 -2.626292e-001 5.353935e-001
      vertex -4.301322e-001 -3.327904e-001 4.264317e-001
    endloop 
  endfacet
  facet normal -9.440706E-001 -3.151829E-001 9.690390E-002
    outer loop 
      vertex -3.906085e-001 -3.956220e-001 5.687333e-001
      vertex -4.069346e-001 -3.194610e-001 6.573946e-001
      vertex -4.384310e-001 -2.626292e-001 5.353935e-001
    endloop 
  endfacet
  facet normal -9.260638E-001 -3.715511E-001 6.599714E-002
    outer loop 
      vertex -4.069346e-001 -3.194610e-001 6.573946e-001
      vertex -4.511213e-001 -2.116951e-001 6.440746e-001
      vertex -4.384310e-001 -2.626292e-001 5.353935e-001
    endloop 
  endfacet
  facet normal -9.531310E-001 -3.016887E-001 2.292052E-002
    outer loop 
      vertex -4.900764e-001 -1.011588e-001 5.130984e-001
      vertex -4.735655e-001 -1.609662e-001 4.124797e-001
      vertex -4.384310e-001 -2.626292e-001 5.353935e-001
    endloop 
  endfacet
  facet normal -9.532292E-001 -3.007893E-001 2.966209E-002
    outer loop 
      vertex -4.900764e-001 -1.011588e-001 5.130984e-001
      vertex -4.384310e-001 -2.626292e-001 5.353935e-001
      vertex -4.511213e-001 -2.116951e-001 6.440746e-001
    endloop 
  endfacet
  facet normal 9.356986E-001 3.511015E-001 -3.458232E-002
    outer loop 
      vertex 4.462373e-001 2.414634e-001 3.127563e+000
      vertex 4.857265e-001 1.440672e-001 3.207201e+000
      vertex 5.041466e-001 8.046138e-002 3.059830e+000
    endloop 
  endfacet
  facet normal 9.249779E-001 3.770862E-001 -4.713732E-002
    outer loop 
      vertex 4.857265e-001 1.440672e-001 3.207201e+000
      vertex 5.482935e-001 -1.607201e-002 3.153884e+000
      vertex 5.041466e-001 8.046138e-002 3.059830e+000
    endloop 
  endfacet
  facet normal 3.513836E-001 -9.358360E-001 -2.721387E-002
    outer loop 
      vertex 2.729231e-001 -4.448156e-001 3.129976e+000
      vertex 1.727285e-001 -4.847682e-001 3.210171e+000
      vertex 1.192390e-001 -5.009229e-001 3.075048e+000
    endloop 
  endfacet
  facet normal 3.720158E-001 -9.275134E-001 -3.637633E-002
    outer loop 
      vertex 1.630861e-002 -5.449060e-001 3.143860e+000
      vertex 1.192390e-001 -5.009229e-001 3.075048e+000
      vertex 1.727285e-001 -4.847682e-001 3.210171e+000
    endloop 
  endfacet
  facet normal -9.882502E-001 1.459246E-001 -4.546979E-002
    outer loop 
      vertex -4.760535e-001 1.433582e-001 2.361221e+000
      vertex -4.655186e-001 1.621417e-001 2.192535e+000
      vertex -5.013378e-001 -4.307526e-002 2.312442e+000
    endloop 
  endfacet
  facet normal -9.868307E-001 1.555704E-001 -4.430706E-002
    outer loop 
      vertex -4.655186e-001 1.621417e-001 2.192535e+000
      vertex -4.760535e-001 1.433582e-001 2.361221e+000
      vertex -4.487743e-001 2.961484e-001 2.290119e+000
    endloop 
  endfacet
  facet normal -9.718573E-001 2.195392E-001 8.541584E-002
    outer loop 
      vertex -4.655186e-001 1.621417e-001 2.192535e+000
      vertex -5.097102e-001 -1.187587e-002 2.136992e+000
      vertex -5.013378e-001 -4.307526e-002 2.312442e+000
    endloop 
  endfacet
  facet normal -9.676404E-001 2.159543E-001 -1.305215E-001
    outer loop 
      vertex -4.116630e-001 3.407466e-001 2.088779e+000
      vertex -4.655186e-001 1.621417e-001 2.192535e+000
      vertex -4.487743e-001 2.961484e-001 2.290119e+000
    endloop 
  endfacet
  facet normal 2.608378E-001 -9.170918E-001 3.015067E-001
    outer loop 
      vertex 4.708356e-001 -3.937184e-001 4.303025e-001
      vertex 5.776176e-001 -3.994849e-001 3.203837e-001
      vertex 6.163079e-001 -3.357552e-001 4.807587e-001
    endloop 
  endfacet
  facet normal -2.576586E-001 9.202107E-001 2.946595E-001
    outer loop 
      vertex -4.606743e-001 3.939581e-001 4.354144e-001
      vertex -5.771915e-001 3.969567e-001 3.241638e-001
      vertex -6.133503e-001 3.360341e-001 4.828045e-001
    endloop 
  endfacet
  facet normal 9.669396E-001 2.087547E-001 -1.464563E-001
    outer loop 
      vertex 5.494348e-001 -2.044379e-001 3.354455e-001
      vertex 5.170990e-001 -2.907198e-002 3.719188e-001
      vertex 5.458350e-001 -8.713555e-002 4.788785e-001
    endloop 
  endfacet
  facet normal -9.724061E-001 -2.323032E-001 -2.148493E-002
    outer loop 
      vertex -5.215434e-001 4.111810e-002 3.989432e-001
      vertex -4.735655e-001 -1.609662e-001 4.124797e-001
      vertex -4.900764e-001 -1.011588e-001 5.130984e-001
    endloop 
  endfacet
  facet normal -9.449294E-001 -3.047399E-001 -1.193401E-001
    outer loop 
      vertex -4.900764e-001 -1.011588e-001 5.130984e-001
      vertex -5.363269e-001 2.320926e-002 5.617293e-001
      vertex -5.215434e-001 4.111810e-002 3.989432e-001
    endloop 
  endfacet
  facet normal -7.816802E-001 -5.467126E-001 -3.001357E-001
    outer loop 
      vertex -6.902528e-001 3.867778e-002 3.679343e+000
      vertex -6.799451e-001 1.103501e-001 3.521942e+000
      vertex -5.913509e-001 -3.661066e-002 3.558902e+000
    endloop 
  endfacet
  facet normal -5.399050E-001 8.132085E-001 -2.172429E-001
    outer loop 
      vertex 1.342482e-001 6.777514e-001 3.522691e+000
      vertex 4.779360e-002 6.017861e-001 3.453191e+000
      vertex -7.430017e-003 6.051276e-001 3.602944e+000
    endloop 
  endfacet
  facet normal -5.648670E-001 7.677611E-001 -3.024370E-001
    outer loop 
      vertex 1.342482e-001 6.777514e-001 3.522691e+000
      vertex -7.430017e-003 6.051276e-001 3.602944e+000
      vertex 6.408700e-002 6.877602e-001 3.679140e+000
    endloop 
  endfacet
  facet normal -3.119900E-001 9.263101E-001 2.112155E-001
    outer loop 
      vertex -4.606743e-001 3.939581e-001 4.354144e-001
      vertex -5.113993e-001 3.388564e-001 6.021424e-001
      vertex -3.589585e-001 4.044919e-001 5.394629e-001
    endloop 
  endfacet
  facet normal -3.413181E-001 9.290447E-001 1.427510E-001
    outer loop 
      vertex -4.103796e-001 3.610426e-001 6.992896e-001
      vertex -3.589585e-001 4.044919e-001 5.394629e-001
      vertex -5.113993e-001 3.388564e-001 6.021424e-001
    endloop 
  endfacet
  facet normal -2.376485E-001 9.619334E-001 1.349342E-001
    outer loop 
      vertex -4.606743e-001 3.939581e-001 4.354144e-001
      vertex -3.589585e-001 4.044919e-001 5.394629e-001
      vertex -2.865348e-001 4.466636e-001 3.663791e-001
    endloop 
  endfacet
  facet normal -3.712155E-001 9.193318E-001 1.304916E-001
    outer loop 
      vertex -3.589585e-001 4.044919e-001 5.394629e-001
      vertex -4.103796e-001 3.610426e-001 6.992896e-001
      vertex -2.529335e-001 4.350438e-001 6.258354e-001
    endloop 
  endfacet
  facet normal -2.811437E-001 9.528092E-001 1.145114E-001
    outer loop 
      vertex -2.865348e-001 4.466636e-001 3.663791e-001
      vertex -3.589585e-001 4.044919e-001 5.394629e-001
      vertex -1.907508e-001 4.624155e-001 4.704776e-001
    endloop 
  endfacet
  facet normal -3.092548E-001 9.499796E-001 4.359193E-002
    outer loop 
      vertex -3.589585e-001 4.044919e-001 5.394629e-001
      vertex -2.529335e-001 4.350438e-001 6.258354e-001
      vertex -1.907508e-001 4.624155e-001 4.704776e-001
    endloop 
  endfacet
  facet normal -4.387260E-001 8.880723E-001 1.372849E-001
    outer loop 
      vertex -5.383991e-001 2.877897e-001 7.640338e-001
      vertex -4.306290e-001 3.263953e-001 8.587051e-001
      vertex -4.103796e-001 3.610426e-001 6.992896e-001
    endloop 
  endfacet
  facet normal -8.181683E-001 -5.717825E-001 6.054175E-002
    outer loop 
      vertex -3.951480e-001 -2.992719e-001 3.524059e+000
      vertex -3.683621e-001 -3.480263e-001 3.425590e+000
      vertex -3.047879e-001 -4.224820e-001 3.581546e+000
    endloop 
  endfacet
  facet normal -8.575464E-001 -5.139694E-001 2.120521E-002
    outer loop 
      vertex -3.951480e-001 -2.992719e-001 3.524059e+000
      vertex -4.482092e-001 -2.155462e-001 3.407581e+000
      vertex -3.683621e-001 -3.480263e-001 3.425590e+000
    endloop 
  endfacet
  facet normal -8.445733E-001 -5.273895E-001 9.249939E-002
    outer loop 
      vertex -3.683621e-001 -3.480263e-001 3.425590e+000
      vertex -2.867214e-001 -4.701864e-001 3.474515e+000
      vertex -3.047879e-001 -4.224820e-001 3.581546e+000
    endloop 
  endfacet
  facet normal 7.180829E-001 6.365719E-001 2.813063E-001
    outer loop 
      vertex 1.342482e-001 6.777514e-001 3.522691e+000
      vertex 6.408700e-002 6.877602e-001 3.679140e+000
      vertex 1.562671e-001 5.943588e-001 3.655194e+000
    endloop 
  endfacet
  facet normal -8.496863E-001 -4.429789E-001 2.860121E-001
    outer loop 
      vertex -2.472973e-001 -6.639192e-001 3.203004e+000
      vertex -1.820188e-001 -6.862315e-001 3.362376e+000
      vertex -2.805944e-001 -5.521153e-001 3.277248e+000
    endloop 
  endfacet
  facet normal 8.429365E-001 4.534779E-001 2.895097E-001
    outer loop 
      vertex 2.933803e-001 5.351539e-001 3.298369e+000
      vertex 2.696680e-001 6.393172e-001 3.204252e+000
      vertex 2.027342e-001 6.617403e-001 3.364014e+000
    endloop 
  endfacet
  facet normal 8.862880E-001 4.407939E-001 1.421064E-001
    outer loop 
      vertex 2.933803e-001 5.351539e-001 3.298369e+000
      vertex 3.263275e-001 4.280058e-001 3.425242e+000
      vertex 3.765115e-001 3.953441e-001 3.213567e+000
    endloop 
  endfacet
  facet normal 3.413168E-001 -9.278928E-001 1.500590E-001
    outer loop 
      vertex 4.142241e-001 -4.077348e-001 3.037869e+000
      vertex 4.136272e-001 -3.776618e-001 3.225184e+000
      vertex 2.729231e-001 -4.448156e-001 3.129976e+000
    endloop 
  endfacet
  facet normal 8.477215E-001 4.492719E-001 2.819983E-001
    outer loop 
      vertex 2.078358e-001 6.679482e-001 8.025385e-001
      vertex 2.906897e-001 5.352646e-001 7.648571e-001
      vertex 2.735963e-001 6.446453e-001 6.419797e-001
    endloop 
  endfacet
  facet normal -4.497064E-001 8.449992E-001 2.893796E-001
    outer loop 
      vertex -6.689908e-001 2.050984e-001 8.025513e-001
      vertex -5.383991e-001 2.877897e-001 7.640338e-001
      vertex -6.441361e-001 2.735552e-001 6.412798e-001
    endloop 
  endfacet
  facet normal 4.334912E-001 -8.569554E-001 2.787701E-001
    outer loop 
      vertex 6.706187e-001 -2.089970e-001 7.980775e-001
      vertex 5.280652e-001 -3.062001e-001 7.209421e-001
      vertex 6.464314e-001 -2.729407e-001 6.391225e-001
    endloop 
  endfacet
  facet normal 9.722429E-001 3.987505E-002 2.305510E-001
    outer loop 
      vertex 4.974449e-001 4.923560e-001 2.563075e+000
      vertex 4.721958e-001 4.138227e-001 2.683134e+000
      vertex 5.073221e-001 3.458196e-001 2.546766e+000
    endloop 
  endfacet
  facet normal 9.744457E-001 1.005990E-001 2.008369E-001
    outer loop 
      vertex 4.826488e-001 2.830365e-001 2.697927e+000
      vertex 5.073221e-001 3.458196e-001 2.546766e+000
      vertex 4.721958e-001 4.138227e-001 2.683134e+000
    endloop 
  endfacet
  facet normal 9.843293E-001 -4.111204E-003 1.762925E-001
    outer loop 
      vertex 5.369831e-001 2.543171e-001 2.379020e+000
      vertex 5.073221e-001 3.458196e-001 2.546766e+000
      vertex 5.087357e-001 1.894919e-001 2.535228e+000
    endloop 
  endfacet
  facet normal 9.871244E-001 -2.878135E-003 1.599282E-001
    outer loop 
      vertex 5.073221e-001 3.458196e-001 2.546766e+000
      vertex 4.826488e-001 2.830365e-001 2.697927e+000
      vertex 5.087357e-001 1.894919e-001 2.535228e+000
    endloop 
  endfacet
  facet normal 9.613305E-001 3.438833E-002 2.732421E-001
    outer loop 
      vertex 5.446457e-001 4.420336e-001 2.403344e+000
      vertex 4.974449e-001 4.923560e-001 2.563075e+000
      vertex 5.073221e-001 3.458196e-001 2.546766e+000
    endloop 
  endfacet
  facet normal 9.756225E-001 -6.690767E-002 2.090073E-001
    outer loop 
      vertex 5.446457e-001 4.420336e-001 2.403344e+000
      vertex 5.073221e-001 3.458196e-001 2.546766e+000
      vertex 5.369831e-001 2.543171e-001 2.379020e+000
    endloop 
  endfacet
  facet normal 1.541554E-001 9.875610E-001 3.097097E-002
    outer loop 
      vertex 8.505023e-002 4.861234e-001 2.141438e+000
      vertex -4.441583e-002 5.001447e-001 2.338755e+000
      vertex 1.568989e-001 4.707862e-001 2.272870e+000
    endloop 
  endfacet
  facet normal 2.411783E-001 9.663379E-001 8.957772E-002
    outer loop 
      vertex -9.376299e-002 5.258419e-001 2.194403e+000
      vertex -4.441583e-002 5.001447e-001 2.338755e+000
      vertex 8.505023e-002 4.861234e-001 2.141438e+000
    endloop 
  endfacet
  facet normal -5.670326E-001 8.122280E-001 -1.369658E-001
    outer loop 
      vertex -1.257654e-001 5.347931e-001 1.101146e+000
      vertex -6.777267e-002 5.486047e-001 9.429625e-001
      vertex -1.986454e-001 4.666064e-001 9.985082e-001
    endloop 
  endfacet
  facet normal -8.732836E-001 -4.421403E-001 -2.046650E-001
    outer loop 
      vertex -6.689908e-001 2.050984e-001 8.025513e-001
      vertex -5.881025e-001 9.955740e-002 6.854112e-001
      vertex -6.058066e-001 5.081818e-002 8.662445e-001
    endloop 
  endfacet
  facet normal -8.651200E-001 -4.565203E-001 -2.077416E-001
    outer loop 
      vertex -6.058066e-001 5.081818e-002 8.662445e-001
      vertex -5.881025e-001 9.955740e-002 6.854112e-001
      vertex -5.474486e-001 -3.523308e-002 8.123192e-001
    endloop 
  endfacet
  facet normal -8.387234E-001 -4.623018E-001 -2.877850E-001
    outer loop 
      vertex -6.689908e-001 2.050984e-001 8.025513e-001
      vertex -6.058066e-001 5.081818e-002 8.662445e-001
      vertex -6.857356e-001 1.353386e-001 9.634155e-001
    endloop 
  endfacet
  facet normal -8.194140E-001 -5.332861E-001 -2.101589E-001
    outer loop 
      vertex -6.058066e-001 5.081818e-002 8.662445e-001
      vertex -6.052148e-001 -2.117848e-002 1.046631e+000
      vertex -6.857356e-001 1.353386e-001 9.634155e-001
    endloop 
  endfacet
  facet normal 8.758005E-001 4.434440E-001 -1.906066E-001
    outer loop 
      vertex 5.771292e-001 -8.662477e-002 6.532087e-001
      vertex 5.860077e-001 -1.652297e-002 8.570946e-001
      vertex 6.706187e-001 -2.089970e-001 7.980775e-001
    endloop 
  endfacet
  facet normal 8.108493E-001 5.511881E-001 -1.967619E-001
    outer loop 
      vertex 5.860077e-001 -1.652297e-002 8.570946e-001
      vertex 4.976548e-001 1.536934e-001 9.698215e-001
      vertex 5.894271e-001 5.428517e-002 1.069540e+000
    endloop 
  endfacet
  facet normal 8.388985E-001 4.586429E-001 -2.930804E-001
    outer loop 
      vertex 6.890429e-001 -1.404218e-001 9.581276e-001
      vertex 6.706187e-001 -2.089970e-001 7.980775e-001
      vertex 5.860077e-001 -1.652297e-002 8.570946e-001
    endloop 
  endfacet
  facet normal 8.255292E-001 5.312845E-001 -1.903643E-001
    outer loop 
      vertex 6.890429e-001 -1.404218e-001 9.581276e-001
      vertex 5.860077e-001 -1.652297e-002 8.570946e-001
      vertex 5.894271e-001 5.428517e-002 1.069540e+000
    endloop 
  endfacet
  facet normal 9.027132E-001 3.759279E-001 -2.092534E-001
    outer loop 
      vertex 6.039047e-001 -9.621611e-002 3.264032e+000
      vertex 6.617042e-001 -2.703360e-001 3.200568e+000
      vertex 5.966847e-001 -1.757364e-001 3.090026e+000
    endloop 
  endfacet
  facet normal 9.122897E-001 3.568632E-001 -2.009383E-001
    outer loop 
      vertex 5.482935e-001 -1.607201e-002 3.153884e+000
      vertex 6.039047e-001 -9.621611e-002 3.264032e+000
      vertex 5.966847e-001 -1.757364e-001 3.090026e+000
    endloop 
  endfacet
  facet normal 9.121652E-001 2.971772E-001 -2.822062E-001
    outer loop 
      vertex 6.617042e-001 -2.703360e-001 3.200568e+000
      vertex 6.325091e-001 -3.330767e-001 3.040133e+000
      vertex 5.966847e-001 -1.757364e-001 3.090026e+000
    endloop 
  endfacet
  facet normal -2.948032E-001 9.135168E-001 -2.803181E-001
    outer loop 
      vertex 1.833400e-001 5.815684e-001 3.106846e+000
      vertex 2.696680e-001 6.393172e-001 3.204252e+000
      vertex 3.330426e-001 6.104516e-001 3.043534e+000
    endloop 
  endfacet
  facet normal 4.613784E-001 -8.758341E-001 -1.415787E-001
    outer loop 
      vertex 7.320775e-002 -5.326520e-001 8.413547e-001
      vertex -9.580138e-002 -6.121714e-001 7.825084e-001
      vertex -1.406956e-002 -5.549924e-001 6.951366e-001
    endloop 
  endfacet
  facet normal 4.220688E-001 -8.643080E-001 -2.735501E-001
    outer loop 
      vertex -1.378522e-001 -6.886980e-001 9.594201e-001
      vertex -2.057258e-001 -6.712198e-001 7.994717e-001
      vertex -9.580138e-002 -6.121714e-001 7.825084e-001
    endloop 
  endfacet
  facet normal 4.126489E-001 -8.569213E-001 -3.088799E-001
    outer loop 
      vertex -2.057258e-001 -6.712198e-001 7.994717e-001
      vertex -2.732372e-001 -6.462726e-001 6.400691e-001
      vertex -9.580138e-002 -6.121714e-001 7.825084e-001
    endloop 
  endfacet
  facet normal -1.491205E-001 9.801615E-001 -1.305619E-001
    outer loop 
      vertex 1.885143e-001 5.147962e-001 1.319498e-001
      vertex 6.356323e-002 5.144131e-001 2.717856e-001
      vertex 2.103580e-001 5.349244e-001 2.581090e-001
    endloop 
  endfacet
  facet normal 7.377972E-001 6.579991E-001 -1.506403E-001
    outer loop 
      vertex 4.806902e-001 2.085210e-001 3.704727e+000
      vertex 5.280718e-001 1.868921e-001 3.842314e+000
      vertex 5.882232e-001 8.396351e-002 3.687327e+000
    endloop 
  endfacet
  facet normal 6.201101E-001 7.668623E-001 -1.654864E-001
    outer loop 
      vertex 4.692594e-001 2.684777e-001 4.000000e+000
      vertex 5.942022e-001 1.674449e-001 4.000000e+000
      vertex 5.280718e-001 1.868921e-001 3.842314e+000
    endloop 
  endfacet
  facet normal 9.742284E-001 1.741892E-001 1.433073E-001
    outer loop 
      vertex 4.741597e-001 3.011984e-001 1.608736e-001
      vertex 4.246039e-001 4.400898e-001 3.289411e-001
      vertex 4.539206e-001 2.998756e-001 3.000704e-001
    endloop 
  endfacet
  facet normal 9.873442E-001 0.000000E+000 1.585919E-001
    outer loop 
      vertex 5.000000e-001 3.333333e-001 0.000000e+000
      vertex 4.741597e-001 3.011984e-001 1.608736e-001
      vertex 5.000000e-001 1.666667e-001 0.000000e+000
    endloop 
  endfacet
  facet normal -8.515748E-001 5.120330E-001 1.124389E-001
    outer loop 
      vertex -4.868229e-001 1.425187e-001 1.695810e+000
      vertex -5.177741e-001 1.256521e-001 1.538205e+000
      vertex -5.603564e-001 2.648368e-002 1.667302e+000
    endloop 
  endfacet
  facet normal -8.512059E-001 5.010417E-001 1.562240E-001
    outer loop 
      vertex -5.450333e-001 8.236766e-003 1.809313e+000
      vertex -4.868229e-001 1.425187e-001 1.695810e+000
      vertex -5.603564e-001 2.648368e-002 1.667302e+000
    endloop 
  endfacet
  facet normal -8.347022E-001 5.009910E-001 2.286490E-001
    outer loop 
      vertex -5.603564e-001 2.648368e-002 1.667302e+000
      vertex -6.170167e-001 -2.336872e-002 1.569689e+000
      vertex -6.130939e-001 -8.553559e-002 1.720224e+000
    endloop 
  endfacet
  facet normal -8.022578E-001 5.710458E-001 1.740379E-001
    outer loop 
      vertex -5.177741e-001 1.256521e-001 1.538205e+000
      vertex -6.170167e-001 -2.336872e-002 1.569689e+000
      vertex -5.603564e-001 2.648368e-002 1.667302e+000
    endloop 
  endfacet
  facet normal -8.636419E-001 4.797402E-001 1.548288E-001
    outer loop 
      vertex -5.450333e-001 8.236766e-003 1.809313e+000
      vertex -5.603564e-001 2.648368e-002 1.667302e+000
      vertex -6.130939e-001 -8.553559e-002 1.720224e+000
    endloop 
  endfacet
  facet normal -8.014534E-001 -5.595880E-001 2.110303E-001
    outer loop 
      vertex -2.403558e-001 -5.344499e-001 9.791498e-001
      vertex -1.378522e-001 -6.886980e-001 9.594201e-001
      vertex -1.764059e-001 -5.756322e-001 1.112817e+000
    endloop 
  endfacet
  facet normal -8.024419E-001 -5.967263E-001 2.147669E-003
    outer loop 
      vertex -4.416262e-001 -2.404430e-001 1.023516e+000
      vertex -4.106071e-001 -2.825893e-001 9.030123e-001
      vertex -3.507681e-001 -3.625325e-001 1.048813e+000
    endloop 
  endfacet
  facet normal -8.029289E-001 -5.960308E-001 7.253231E-003
    outer loop 
      vertex -3.507681e-001 -3.625325e-001 1.048813e+000
      vertex -3.726471e-001 -3.314779e-001 1.178711e+000
      vertex -4.416262e-001 -2.404430e-001 1.023516e+000
    endloop 
  endfacet
  facet normal 5.850577E-001 -8.106616E-001 -2.313726E-002
    outer loop 
      vertex 3.105488e-001 -3.924919e-001 1.065805e+000
      vertex 1.596210e-001 -4.995566e-001 1.000616e+000
      vertex 2.374651e-001 -4.406148e-001 9.038631e-001
    endloop 
  endfacet
  facet normal -5.769603E-001 8.162327E-001 2.968271E-002
    outer loop 
      vertex -1.986454e-001 4.666064e-001 9.985082e-001
      vertex -3.017139e-001 3.969472e-001 9.106352e-001
      vertex -3.268705e-001 3.730456e-001 1.078913e+000
    endloop 
  endfacet
  facet normal 2.869287E-001 -9.563625E-001 5.516049E-002
    outer loop 
      vertex 2.729231e-001 -4.448156e-001 3.129976e+000
      vertex 1.967077e-001 -4.770128e-001 2.968197e+000
      vertex 4.142241e-001 -4.077348e-001 3.037869e+000
    endloop 
  endfacet
  facet normal 3.085900E-001 -9.105890E-001 2.749543E-001
    outer loop 
      vertex 6.325091e-001 -3.330767e-001 3.040133e+000
      vertex 4.142241e-001 -4.077348e-001 3.037869e+000
      vertex 5.981449e-001 -3.929250e-001 2.880496e+000
    endloop 
  endfacet
  facet normal 9.616460E-001 2.674440E-001 6.091621E-002
    outer loop 
      vertex 4.785447e-001 1.638612e-001 2.958247e+000
      vertex 4.298720e-001 3.269178e-001 3.010736e+000
      vertex 4.462373e-001 2.414634e-001 3.127563e+000
    endloop 
  endfacet
  facet normal 9.281846E-001 3.501127E-001 1.260726E-001
    outer loop 
      vertex 4.298720e-001 3.269178e-001 3.010736e+000
      vertex 3.765115e-001 3.953441e-001 3.213567e+000
      vertex 4.462373e-001 2.414634e-001 3.127563e+000
    endloop 
  endfacet
  facet normal -9.581416E-001 -2.756371E-001 7.738832E-002
    outer loop 
      vertex -4.045147e-001 -3.630791e-001 3.021769e+000
      vertex -4.137814e-001 -2.943261e-001 3.151918e+000
      vertex -4.633354e-001 -1.693205e-001 2.983630e+000
    endloop 
  endfacet
  facet normal -9.230056E-001 -3.634715E-001 1.262898E-001
    outer loop 
      vertex -3.554753e-001 -4.314201e-001 3.183489e+000
      vertex -4.137814e-001 -2.943261e-001 3.151918e+000
      vertex -4.045147e-001 -3.630791e-001 3.021769e+000
    endloop 
  endfacet
  facet normal -5.152665E-001 -8.555446E-001 5.043683E-002
    outer loop 
      vertex -5.549619e-002 -5.510571e-001 1.668900e+000
      vertex -1.820984e-001 -4.733391e-001 1.693829e+000
      vertex -1.902493e-001 -4.760863e-001 1.563959e+000
    endloop 
  endfacet
  facet normal -5.699689E-001 -8.068200E-001 1.554890E-001
    outer loop 
      vertex -5.549619e-002 -5.510571e-001 1.668900e+000
      vertex -1.902493e-001 -4.760863e-001 1.563959e+000
      vertex -8.634603e-002 -5.536941e-001 1.542131e+000
    endloop 
  endfacet
  facet normal -4.988079E-001 -8.378620E-001 2.217610E-001
    outer loop 
      vertex -5.549619e-002 -5.510571e-001 1.668900e+000
      vertex 2.946317e-002 -6.252682e-001 1.579613e+000
      vertex 8.126700e-002 -6.194689e-001 1.718047e+000
    endloop 
  endfacet
  facet normal -5.547574E-001 -8.180062E-001 1.520198E-001
    outer loop 
      vertex 2.946317e-002 -6.252682e-001 1.579613e+000
      vertex -5.549619e-002 -5.510571e-001 1.668900e+000
      vertex -8.634603e-002 -5.536941e-001 1.542131e+000
    endloop 
  endfacet
  facet normal -4.824005E-001 -8.649481E-001 1.384004E-001
    outer loop 
      vertex 8.126700e-002 -6.194689e-001 1.718047e+000
      vertex -1.208028e-002 -5.532383e-001 1.806596e+000
      vertex -5.549619e-002 -5.510571e-001 1.668900e+000
    endloop 
  endfacet
  facet normal -4.971411E-001 -8.557724E-001 1.431935E-001
    outer loop 
      vertex -5.549619e-002 -5.510571e-001 1.668900e+000
      vertex -1.208028e-002 -5.532383e-001 1.806596e+000
      vertex -1.820984e-001 -4.733391e-001 1.693829e+000
    endloop 
  endfacet
  facet normal -2.511875E-001 9.625320E-001 1.021617E-001
    outer loop 
      vertex -1.529555e-001 4.603853e-001 2.965223e+000
      vertex -3.227715e-001 4.143805e-001 2.981133e+000
      vertex -2.946567e-001 4.075820e-001 3.114312e+000
    endloop 
  endfacet
  facet normal -7.284713E-001 6.820663E-001 -6.414992E-002
    outer loop 
      vertex -2.696191e-001 4.200394e-001 3.854857e+000
      vertex -2.809639e-001 3.922988e-001 3.688738e+000
      vertex -3.961259e-001 2.852938e-001 3.858772e+000
    endloop 
  endfacet
  facet normal -7.290462E-001 6.833206E-001 -3.955470E-002
    outer loop 
      vertex -3.790825e-001 3.116528e-001 4.000000e+000
      vertex -2.696191e-001 4.200394e-001 3.854857e+000
      vertex -3.961259e-001 2.852938e-001 3.858772e+000
    endloop 
  endfacet
  facet normal -7.357817E-001 6.758570E-001 4.292613E-002
    outer loop 
      vertex -5.213923e-001 1.473116e-001 3.884106e+000
      vertex -4.901677e-001 1.739439e-001 4.000000e+000
      vertex -3.961259e-001 2.852938e-001 3.858772e+000
    endloop 
  endfacet
  facet normal -7.311473E-001 6.778777E-001 7.684728E-002
    outer loop 
      vertex -5.213923e-001 1.473116e-001 3.884106e+000
      vertex -3.961259e-001 2.852938e-001 3.858772e+000
      vertex -4.465113e-001 2.453445e-001 3.731788e+000
    endloop 
  endfacet
  facet normal -7.781208E-001 6.276843E-001 -2.324829E-002
    outer loop 
      vertex -3.790825e-001 3.116528e-001 4.000000e+000
      vertex -3.961259e-001 2.852938e-001 3.858772e+000
      vertex -4.901677e-001 1.739439e-001 4.000000e+000
    endloop 
  endfacet
  facet normal -6.599116E-001 7.509067E-001 2.560702E-002
    outer loop 
      vertex -4.465113e-001 2.453445e-001 3.731788e+000
      vertex -3.961259e-001 2.852938e-001 3.858772e+000
      vertex -2.809639e-001 3.922988e-001 3.688738e+000
    endloop 
  endfacet
  facet normal -6.839878E-001 -7.280092E-001 -4.651166E-002
    outer loop 
      vertex -2.849928e-001 -4.220228e-001 3.855138e+000
      vertex -4.188775e-001 -2.952129e-001 3.839158e+000
      vertex -3.803405e-001 -3.214297e-001 3.682793e+000
    endloop 
  endfacet
  facet normal -6.849051E-001 -7.277170E-001 -3.650819E-002
    outer loop 
      vertex -2.849928e-001 -4.220228e-001 3.855138e+000
      vertex -3.117834e-001 -4.040757e-001 4.000000e+000
      vertex -4.188775e-001 -2.952129e-001 3.839158e+000
    endloop 
  endfacet
  facet normal -6.834512E-001 -7.282463E-001 5.051402E-002
    outer loop 
      vertex -2.849928e-001 -4.220228e-001 3.855138e+000
      vertex -1.500837e-001 -5.465349e-001 3.885394e+000
      vertex -1.742847e-001 -5.158730e-001 4.000000e+000
    endloop 
  endfacet
  facet normal -6.857284E-001 -7.233623E-001 8.076821E-002
    outer loop 
      vertex -2.849928e-001 -4.220228e-001 3.855138e+000
      vertex -2.413859e-001 -4.767630e-001 3.735110e+000
      vertex -1.500837e-001 -5.465349e-001 3.885394e+000
    endloop 
  endfacet
  facet normal -6.307297E-001 -7.757306E-001 -2.054058E-002
    outer loop 
      vertex -1.742847e-001 -5.158730e-001 4.000000e+000
      vertex -3.117834e-001 -4.040757e-001 4.000000e+000
      vertex -2.849928e-001 -4.220228e-001 3.855138e+000
    endloop 
  endfacet
  facet normal -7.498328E-001 -6.609901E-001 2.903331E-002
    outer loop 
      vertex -2.849928e-001 -4.220228e-001 3.855138e+000
      vertex -3.803405e-001 -3.214297e-001 3.682793e+000
      vertex -2.413859e-001 -4.767630e-001 3.735110e+000
    endloop 
  endfacet
  facet normal 1.244468E-001 -9.890366E-001 7.949664E-002
    outer loop 
      vertex 2.030169e-001 -4.705183e-001 3.029602e-001
      vertex 2.232850e-002 -5.003945e-001 2.141193e-001
      vertex 1.811520e-001 -4.852442e-001 1.539804e-001
    endloop 
  endfacet
  facet normal 9.071486E-002 -9.958128E-001 -1.129463E-002
    outer loop 
      vertex 0.000000e+000 -5.000000e-001 0.000000e+000
      vertex 1.811520e-001 -4.852442e-001 1.539804e-001
      vertex 2.232850e-002 -5.003945e-001 2.141193e-001
    endloop 
  endfacet
  facet normal 2.398757E-001 -9.700376E-001 -3.855505E-002
    outer loop 
      vertex 1.474027e-001 -4.775710e-001 4.180511e-001
      vertex -2.156758e-002 -5.184329e-001 3.948561e-001
      vertex 2.232850e-002 -5.003945e-001 2.141193e-001
    endloop 
  endfacet
  facet normal 1.559979E-001 -9.876456E-001 1.485903E-002
    outer loop 
      vertex 1.474027e-001 -4.775710e-001 4.180511e-001
      vertex 2.232850e-002 -5.003945e-001 2.141193e-001
      vertex 2.030169e-001 -4.705183e-001 3.029602e-001
    endloop 
  endfacet
  facet normal 1.079657E-001 -9.914905E-001 -7.273351E-002
    outer loop 
      vertex 2.232850e-002 -5.003945e-001 2.141193e-001
      vertex -2.156758e-002 -5.184329e-001 3.948561e-001
      vertex -1.697159e-001 -5.187933e-001 1.798571e-001
    endloop 
  endfacet
  facet normal 1.127819E-001 -9.884353E-001 -1.013696E-001
    outer loop 
      vertex -1.697159e-001 -5.187933e-001 1.798571e-001
      vertex -1.666667e-001 -5.000000e-001 0.000000e+000
      vertex 2.232850e-002 -5.003945e-001 2.141193e-001
    endloop 
  endfacet
  facet normal 0.000000E+000 -9.999983E-001 -1.842536E-003
    outer loop 
      vertex 2.232850e-002 -5.003945e-001 2.141193e-001
      vertex -1.666667e-001 -5.000000e-001 0.000000e+000
      vertex 0.000000e+000 -5.000000e-001 0.000000e+000
    endloop 
  endfacet
  facet normal 6.817719E-001 7.295961E-001 5.363338E-002
    outer loop 
      vertex 3.025284e-001 4.025579e-001 3.859317e+000
      vertex 1.915891e-001 5.052128e-001 3.873090e+000
      vertex 1.991666e-001 4.888027e-001 4.000000e+000
    endloop 
  endfacet
  facet normal 6.293762E-001 7.769762E-001 -1.390853E-002
    outer loop 
      vertex 3.373517e-001 3.768682e-001 4.000000e+000
      vertex 3.025284e-001 4.025579e-001 3.859317e+000
      vertex 1.991666e-001 4.888027e-001 4.000000e+000
    endloop 
  endfacet
  facet normal -9.535037E-002 9.950973E-001 2.626156E-002
    outer loop 
      vertex 1.531227e-002 5.020849e-001 1.448458e-001
      vertex -1.916637e-001 4.815054e-001 1.731538e-001
      vertex -1.084304e-001 4.860910e-001 3.015975e-001
    endloop 
  endfacet
  facet normal -9.945681E-002 9.950346E-001 -3.808527E-003
    outer loop 
      vertex 1.531227e-002 5.020849e-001 1.448458e-001
      vertex 0.000000e+000 5.000000e-001 0.000000e+000
      vertex -1.916637e-001 4.815054e-001 1.731538e-001
    endloop 
  endfacet
  facet normal -8.009457E-002 9.919609E-001 -9.797188E-002
    outer loop 
      vertex 1.666667e-001 5.000000e-001 0.000000e+000
      vertex 1.531227e-002 5.020849e-001 1.448458e-001
      vertex 1.885143e-001 5.147962e-001 1.319498e-001
    endloop 
  endfacet
  facet normal -7.798681E-002 9.947032E-001 -6.696017E-002
    outer loop 
      vertex 1.885143e-001 5.147962e-001 1.319498e-001
      vertex 1.531227e-002 5.020849e-001 1.448458e-001
      vertex 6.356323e-002 5.144131e-001 2.717856e-001
    endloop 
  endfacet
  facet normal 0.000000E+000 9.998964E-001 -1.439251E-002
    outer loop 
      vertex 1.531227e-002 5.020849e-001 1.448458e-001
      vertex 1.666667e-001 5.000000e-001 0.000000e+000
      vertex 0.000000e+000 5.000000e-001 0.000000e+000
    endloop 
  endfacet
  facet normal -1.677816E-001 9.853074E-001 -3.191586E-002
    outer loop 
      vertex 1.531227e-002 5.020849e-001 1.448458e-001
      vertex -1.084304e-001 4.860910e-001 3.015975e-001
      vertex 6.356323e-002 5.144131e-001 2.717856e-001
    endloop 
  endfacet
  facet normal -9.948213E-001 -5.724591E-002 -8.398565E-002
    outer loop 
      vertex -5.000000e-001 1.666667e-001 0.000000e+000
      vertex -5.032820e-001 2.608606e-002 1.346978e-001
      vertex -5.102404e-001 1.981403e-001 9.984640e-002
    endloop 
  endfacet
  facet normal -9.997033E-001 0.000000E+000 -2.435851E-002
    outer loop 
      vertex -5.000000e-001 1.666667e-001 0.000000e+000
      vertex -5.000000e-001 0.000000e+000 0.000000e+000
      vertex -5.032820e-001 2.608606e-002 1.346978e-001
    endloop 
  endfacet
  facet normal 9.999992E-001 0.000000E+000 -1.291910E-003
    outer loop 
      vertex 5.002854e-001 2.277651e-002 2.209491e-001
      vertex 5.000000e-001 -1.666667e-001 0.000000e+000
      vertex 5.000000e-001 0.000000e+000 0.000000e+000
    endloop 
  endfacet
  facet normal 7.761909E-001 -6.298689E-001 -2.815861E-002
    outer loop 
      vertex 4.160199e-001 -3.145307e-001 3.860241e+000
      vertex 5.131304e-001 -2.011088e-001 4.000000e+000
      vertex 4.014835e-001 -3.386920e-001 4.000000e+000
    endloop 
  endfacet
  facet normal 6.175989E-001 7.838457E-001 6.447977E-002
    outer loop 
      vertex 1.991666e-001 4.888027e-001 4.000000e+000
      vertex 1.915891e-001 5.052128e-001 3.873090e+000
      vertex 5.801889e-002 6.000142e-001 4.000000e+000
    endloop 
  endfacet
  facet normal 9.965695E-001 -2.702072E-002 7.822465E-002
    outer loop 
      vertex 5.070437e-001 2.386463e-002 2.499572e+000
      vertex 5.193931e-001 8.118165e-002 2.362041e+000
      vertex 5.087357e-001 1.894919e-001 2.535228e+000
    endloop 
  endfacet
  facet normal 9.912202E-001 -1.272312E-001 3.598111E-002
    outer loop 
      vertex 5.193931e-001 8.118165e-002 2.362041e+000
      vertex 5.070437e-001 2.386463e-002 2.499572e+000
      vertex 4.990723e-001 -8.720383e-002 2.326425e+000
    endloop 
  endfacet
  facet normal 9.976397E-001 -2.403840E-002 6.432056E-002
    outer loop 
      vertex 5.070437e-001 2.386463e-002 2.499572e+000
      vertex 5.087357e-001 1.894919e-001 2.535228e+000
      vertex 4.986543e-001 1.231245e-001 2.666791e+000
    endloop 
  endfacet
  facet normal 9.990941E-001 -3.577468E-002 -2.304770E-002
    outer loop 
      vertex 5.070437e-001 2.386463e-002 2.499572e+000
      vertex 4.999663e-001 -1.458031e-001 2.456134e+000
      vertex 4.990723e-001 -8.720383e-002 2.326425e+000
    endloop 
  endfacet
  facet normal 0.000000E+000 9.943441E-001 1.062063E-001
    outer loop 
      vertex -1.666667e-001 5.000000e-001 0.000000e+000
      vertex -1.916637e-001 4.815054e-001 1.731538e-001
      vertex 0.000000e+000 5.000000e-001 0.000000e+000
    endloop 
  endfacet
  facet normal -1.856546E-001 9.789006E-001 8.535828E-002
    outer loop 
      vertex -1.916637e-001 4.815054e-001 1.731538e-001
      vertex -2.865348e-001 4.466636e-001 3.663791e-001
      vertex -1.084304e-001 4.860910e-001 3.015975e-001
    endloop 
  endfacet
  facet normal 0.000000E+000 -9.954398E-001 9.539220E-002
    outer loop 
      vertex 1.666667e-001 -5.000000e-001 0.000000e+000
      vertex 1.811520e-001 -4.852442e-001 1.539804e-001
      vertex 0.000000e+000 -5.000000e-001 0.000000e+000
    endloop 
  endfacet
  facet normal -9.947816E-001 0.000000E+000 -1.020267E-001
    outer loop 
      vertex -5.102404e-001 1.981403e-001 9.984640e-002
      vertex -5.000000e-001 3.333333e-001 0.000000e+000
      vertex -5.000000e-001 1.666667e-001 0.000000e+000
    endloop 
  endfacet
  facet normal 9.796550E-001 2.110707E-002 -1.995762E-001
    outer loop 
      vertex 5.152132e-001 -3.104067e-001 9.472793e-002
      vertex 5.326147e-001 -4.567652e-001 1.646676e-001
      vertex 5.000000e-001 -5.000000e-001 0.000000e+000
    endloop 
  endfacet
  facet normal 9.873482E-001 0.000000E+000 -1.585669E-001
    outer loop 
      vertex 5.000000e-001 -3.333333e-001 0.000000e+000
      vertex 5.000000e-001 -1.666667e-001 0.000000e+000
      vertex 5.152132e-001 -3.104067e-001 9.472793e-002
    endloop 
  endfacet
  facet normal 9.873482E-001 0.000000E+000 -1.585669E-001
    outer loop 
      vertex 5.152132e-001 -3.104067e-001 9.472793e-002
      vertex 5.000000e-001 -5.000000e-001 0.000000e+000
      vertex 5.000000e-001 -3.333333e-001 0.000000e+000
    endloop 
  endfacet
  facet normal -6.187724E-001 -7.772453E-001 -1.140637E-001
    outer loop 
      vertex -4.457375e-001 -2.974336e-001 4.000000e+000
      vertex -4.188775e-001 -2.952129e-001 3.839158e+000
      vertex -3.117834e-001 -4.040757e-001 4.000000e+000
    endloop 
  endfacet
  facet normal -7.480964E-001 -6.594732E-001 -7.380266E-002
    outer loop 
      vertex -4.188775e-001 -2.952129e-001 3.839158e+000
      vertex -5.088109e-001 -1.774949e-001 3.698879e+000
      vertex -3.803405e-001 -3.214297e-001 3.682793e+000
    endloop 
  endfacet
  facet normal -7.740722E-001 6.217137E-001 -1.195176E-001
    outer loop 
      vertex -2.696191e-001 4.200394e-001 3.854857e+000
      vertex -3.790825e-001 3.116528e-001 4.000000e+000
      vertex -2.715447e-001 4.455441e-001 4.000000e+000
    endloop 
  endfacet
  facet normal -9.966617E-001 5.408271E-002 -6.115916E-002
    outer loop 
      vertex -4.760535e-001 1.433582e-001 2.361221e+000
      vertex -4.904357e-001 -7.348657e-003 2.462328e+000
      vertex -4.895303e-001 1.058689e-001 2.547691e+000
    endloop 
  endfacet
  facet normal -9.914514E-001 1.232824E-001 4.272863E-002
    outer loop 
      vertex -4.760535e-001 1.433582e-001 2.361221e+000
      vertex -5.013378e-001 -4.307526e-002 2.312442e+000
      vertex -4.904357e-001 -7.348657e-003 2.462328e+000
    endloop 
  endfacet
  facet normal -2.086881E-001 -9.767684E-001 4.871129E-002
    outer loop 
      vertex -1.998375e-001 -4.721984e-001 2.185778e+000
      vertex -6.857675e-002 -5.025410e-001 2.139688e+000
      vertex 2.513152e-002 -5.150247e-001 2.290827e+000
    endloop 
  endfacet
  facet normal -1.731211E-001 -9.844257E-001 -3.057980E-002
    outer loop 
      vertex -1.998375e-001 -4.721984e-001 2.185778e+000
      vertex 2.513152e-002 -5.150247e-001 2.290827e+000
      vertex -5.801404e-002 -5.032542e-001 2.382624e+000
    endloop 
  endfacet
  facet normal -2.432982E-001 -9.673533E-001 7.094768E-002
    outer loop 
      vertex 9.663802e-002 -5.422463e-001 2.164881e+000
      vertex 2.513152e-002 -5.150247e-001 2.290827e+000
      vertex -6.857675e-002 -5.025410e-001 2.139688e+000
    endloop 
  endfacet
  facet normal -1.394026E-001 -9.812711E-001 1.329431E-001
    outer loop 
      vertex 2.513152e-002 -5.150247e-001 2.290827e+000
      vertex 9.663802e-002 -5.422463e-001 2.164881e+000
      vertex 2.344238e-001 -5.315298e-001 2.388462e+000
    endloop 
  endfacet
  facet normal 1.073788E-001 -9.867595E-001 1.215540E-001
    outer loop 
      vertex 3.833824e-001 -4.681249e-001 2.733313e+000
      vertex 1.822405e-001 -4.938344e-001 2.702292e+000
      vertex 2.279077e-001 -5.047387e-001 2.573431e+000
    endloop 
  endfacet
  facet normal -5.714967E-001 -8.204970E-001 1.327601E-002
    outer loop 
      vertex -3.391144e-001 -3.727285e-001 1.543534e+000
      vertex -2.741998e-001 -4.195911e-001 1.441687e+000
      vertex -1.902493e-001 -4.760863e-001 1.563959e+000
    endloop 
  endfacet
  facet normal -5.744338E-001 -8.168119E-001 5.333092E-002
    outer loop 
      vertex -1.820984e-001 -4.733391e-001 1.693829e+000
      vertex -3.391144e-001 -3.727285e-001 1.543534e+000
      vertex -1.902493e-001 -4.760863e-001 1.563959e+000
    endloop 
  endfacet
  facet normal -6.392385E-001 -7.678582E-001 -4.204674E-002
    outer loop 
      vertex -3.391144e-001 -3.727285e-001 1.543534e+000
      vertex -4.982128e-001 -2.331175e-001 1.412736e+000
      vertex -3.872468e-001 -3.215254e-001 1.340220e+000
    endloop 
  endfacet
  facet normal -6.308689E-001 -7.745418E-001 -4.571141E-002
    outer loop 
      vertex -2.741998e-001 -4.195911e-001 1.441687e+000
      vertex -3.391144e-001 -3.727285e-001 1.543534e+000
      vertex -3.872468e-001 -3.215254e-001 1.340220e+000
    endloop 
  endfacet
  facet normal -5.076500E-001 -8.603564E-001 -4.558861E-002
    outer loop 
      vertex -2.917350e-001 -4.103987e-001 1.726860e+000
      vertex -3.391144e-001 -3.727285e-001 1.543534e+000
      vertex -1.820984e-001 -4.733391e-001 1.693829e+000
    endloop 
  endfacet
  facet normal 3.331048E-001 -9.423923E-001 3.062607E-002
    outer loop 
      vertex 1.967077e-001 -4.770128e-001 2.968197e+000
      vertex 2.729231e-001 -4.448156e-001 3.129976e+000
      vertex 1.192390e-001 -5.009229e-001 3.075048e+000
    endloop 
  endfacet
  facet normal 9.445508E-001 3.269571E-001 3.037771E-002
    outer loop 
      vertex 4.785447e-001 1.638612e-001 2.958247e+000
      vertex 4.462373e-001 2.414634e-001 3.127563e+000
      vertex 5.041466e-001 8.046138e-002 3.059830e+000
    endloop 
  endfacet
  facet normal -2.374179E-001 9.714069E-001 -1.188984E-003
    outer loop 
      vertex -1.529555e-001 4.603853e-001 2.965223e+000
      vertex 1.423910e-002 5.011845e-001 2.912821e+000
      vertex -6.434798e-002 4.818619e-001 2.818515e+000
    endloop 
  endfacet
  facet normal -9.752323E-001 -2.211251E-001 5.070488E-003
    outer loop 
      vertex -5.012903e-001 -4.310071e-003 2.879704e+000
      vertex -4.809223e-001 -9.606373e-002 2.795793e+000
      vertex -4.633354e-001 -1.693205e-001 2.983630e+000
    endloop 
  endfacet
  facet normal -5.922663E-001 7.978084E-001 1.127930E-001
    outer loop 
      vertex -5.306435e-001 2.005830e-001 3.595476e+000
      vertex -3.609350e-001 3.307552e-001 3.565866e+000
      vertex -4.024549e-001 3.204170e-001 3.420973e+000
    endloop 
  endfacet
  facet normal -5.937450E-001 7.978427E-001 1.044695E-001
    outer loop 
      vertex -3.609350e-001 3.307552e-001 3.565866e+000
      vertex -5.306435e-001 2.005830e-001 3.595476e+000
      vertex -4.465113e-001 2.453445e-001 3.731788e+000
    endloop 
  endfacet
  facet normal -5.972311E-001 7.439868E-001 2.996640E-001
    outer loop 
      vertex -5.306435e-001 2.005830e-001 3.595476e+000
      vertex -6.799451e-001 1.103501e-001 3.521942e+000
      vertex -6.902528e-001 3.867778e-002 3.679343e+000
    endloop 
  endfacet
  facet normal -7.880957E-001 -6.006384E-001 1.346801E-001
    outer loop 
      vertex -3.047879e-001 -4.224820e-001 3.581546e+000
      vertex -2.867214e-001 -4.701864e-001 3.474515e+000
      vertex -1.896154e-001 -5.675725e-001 3.608425e+000
    endloop 
  endfacet
  facet normal -7.883044E-001 -6.050824E-001 1.115864E-001
    outer loop 
      vertex -2.413859e-001 -4.767630e-001 3.735110e+000
      vertex -3.047879e-001 -4.224820e-001 3.581546e+000
      vertex -1.896154e-001 -5.675725e-001 3.608425e+000
    endloop 
  endfacet
  facet normal -7.380888E-001 -6.109961E-001 2.861970E-001
    outer loop 
      vertex -1.119383e-001 -7.032266e-001 3.519145e+000
      vertex -4.076555e-002 -7.146207e-001 3.678372e+000
      vertex -1.896154e-001 -5.675725e-001 3.608425e+000
    endloop 
  endfacet
  facet normal 2.029344E-001 -9.693893E-001 -1.382102E-001
    outer loop 
      vertex -2.156758e-002 -5.184329e-001 3.948561e-001
      vertex -2.361744e-001 -5.530663e-001 3.226622e-001
      vertex -1.697159e-001 -5.187933e-001 1.798571e-001
    endloop 
  endfacet
  facet normal 1.350583E-001 -9.492768E-001 -2.839592E-001
    outer loop 
      vertex -2.361744e-001 -5.530663e-001 3.226622e-001
      vertex -3.383442e-001 -6.147051e-001 4.801266e-001
      vertex -3.998399e-001 -5.760761e-001 3.217409e-001
    endloop 
  endfacet
  facet normal -4.175400E-001 -9.073040E-001 -4.959663E-002
    outer loop 
      vertex -2.917350e-001 -4.103987e-001 1.726860e+000
      vertex -2.221702e-001 -4.507428e-001 1.879257e+000
      vertex -3.589332e-001 -3.854804e-001 1.836737e+000
    endloop 
  endfacet
  facet normal 4.528030E-001 8.909668E-001 -3.387605E-002
    outer loop 
      vertex 3.288517e-001 3.877166e-001 1.767206e+000
      vertex 3.041080e-001 3.936767e-001 1.593227e+000
      vertex 1.712915e-001 4.687746e-001 1.793074e+000
    endloop 
  endfacet
  facet normal 4.576639E-001 8.891240E-001 1.505174E-003
    outer loop 
      vertex 2.085320e-001 4.493314e-001 1.955080e+000
      vertex 3.288517e-001 3.877166e-001 1.767206e+000
      vertex 1.712915e-001 4.687746e-001 1.793074e+000
    endloop 
  endfacet
  facet normal 4.453835E-001 8.893146E-001 -1.036964E-001
    outer loop 
      vertex 4.548436e-001 3.263816e-001 1.782333e+000
      vertex 3.288517e-001 3.877166e-001 1.767206e+000
      vertex 3.737932e-001 3.834005e-001 1.923218e+000
    endloop 
  endfacet
  facet normal 3.566127E-001 9.310763E-001 -7.696924E-002
    outer loop 
      vertex 3.288517e-001 3.877166e-001 1.767206e+000
      vertex 2.085320e-001 4.493314e-001 1.955080e+000
      vertex 3.737932e-001 3.834005e-001 1.923218e+000
    endloop 
  endfacet
  facet normal 4.472497E-001 8.817696E-001 -1.498332E-001
    outer loop 
      vertex 4.548436e-001 3.263816e-001 1.782333e+000
      vertex 4.601591e-001 2.921273e-001 1.596612e+000
      vertex 3.288517e-001 3.877166e-001 1.767206e+000
    endloop 
  endfacet
  facet normal 5.455197E-001 8.366689E-001 -4.892254E-002
    outer loop 
      vertex 3.288517e-001 3.877166e-001 1.767206e+000
      vertex 4.601591e-001 2.921273e-001 1.596612e+000
      vertex 3.041080e-001 3.936767e-001 1.593227e+000
    endloop 
  endfacet
  facet normal 8.034945E-001 5.952287E-001 9.962773E-003
    outer loop 
      vertex 3.779924e-001 3.256156e-001 3.714815e+000
      vertex 4.387898e-001 2.458479e-001 3.577270e+000
      vertex 3.456760e-001 3.714502e-001 3.582718e+000
    endloop 
  endfacet
  facet normal 2.325292E-001 -9.724013E-001 1.912657E-002
    outer loop 
      vertex 1.474027e-001 -4.775710e-001 4.180511e-001
      vertex 1.734158e-001 -4.678017e-001 5.984725e-001
      vertex -2.156758e-002 -5.184329e-001 3.948561e-001
    endloop 
  endfacet
  facet normal -2.517776E-001 9.676986E-001 1.293414E-002
    outer loop 
      vertex -3.922030e-002 5.027093e-001 4.055175e-001
      vertex -1.084304e-001 4.860910e-001 3.015975e-001
      vertex -1.907508e-001 4.624155e-001 4.704776e-001
    endloop 
  endfacet
  facet normal -2.026468E-001 9.784988E-001 3.839694E-002
    outer loop 
      vertex -1.084304e-001 4.860910e-001 3.015975e-001
      vertex -2.865348e-001 4.466636e-001 3.663791e-001
      vertex -1.907508e-001 4.624155e-001 4.704776e-001
    endloop 
  endfacet
  facet normal 3.927919E-001 -8.748802E-001 -2.833710E-001
    outer loop 
      vertex -2.472973e-001 -6.639192e-001 3.203004e+000
      vertex -6.732586e-002 -6.026230e-001 3.263223e+000
      vertex -1.820188e-001 -6.862315e-001 3.362376e+000
    endloop 
  endfacet
  facet normal -4.870996E-001 8.226435E-001 -2.932433E-001
    outer loop 
      vertex 4.779360e-002 6.017861e-001 3.453191e+000
      vertex 1.342482e-001 6.777514e-001 3.522691e+000
      vertex 2.027342e-001 6.617403e-001 3.364014e+000
    endloop 
  endfacet
  facet normal -8.861419E-001 -3.681797E-001 -2.814182E-001
    outer loop 
      vertex -6.640366e-001 1.782213e-001 3.364099e+000
      vertex -6.416265e-001 2.456963e-001 3.205255e+000
      vertex -5.929487e-001 1.099249e-001 3.229606e+000
    endloop 
  endfacet
  facet normal 8.755006E-001 3.930681E-001 -2.810625E-001
    outer loop 
      vertex 6.841848e-001 -2.063284e-001 3.360109e+000
      vertex 6.617042e-001 -2.703360e-001 3.200568e+000
      vertex 6.039047e-001 -9.621611e-002 3.264032e+000
    endloop 
  endfacet
  facet normal 8.932492E-001 3.532744E-001 -2.780341E-001
    outer loop 
      vertex 6.706187e-001 -2.089970e-001 7.980775e-001
      vertex 6.464314e-001 -2.729407e-001 6.391225e-001
      vertex 5.771292e-001 -8.662477e-002 6.532087e-001
    endloop 
  endfacet
  facet normal -8.476763E-001 -5.265725E-001 6.454601E-002
    outer loop 
      vertex -3.912880e-001 -3.276473e-001 7.891404e-001
      vertex -3.340814e-001 -4.015637e-001 9.374120e-001
      vertex -4.106071e-001 -2.825893e-001 9.030123e-001
    endloop 
  endfacet
  facet normal -8.762113E-001 -4.707021E-001 1.034080E-001
    outer loop 
      vertex -3.340814e-001 -4.015637e-001 9.374120e-001
      vertex -3.912880e-001 -3.276473e-001 7.891404e-001
      vertex -3.080254e-001 -4.702157e-001 8.456970e-001
    endloop 
  endfacet
  facet normal -8.288612E-001 -5.452285E-001 1.253591E-001
    outer loop 
      vertex -2.766664e-001 -4.615036e-001 1.056335e+000
      vertex -3.340814e-001 -4.015637e-001 9.374120e-001
      vertex -2.403558e-001 -5.344499e-001 9.791498e-001
    endloop 
  endfacet
  facet normal -8.005916E-001 -5.927489E-001 8.775941E-002
    outer loop 
      vertex -3.507681e-001 -3.625325e-001 1.048813e+000
      vertex -3.340814e-001 -4.015637e-001 9.374120e-001
      vertex -2.766664e-001 -4.615036e-001 1.056335e+000
    endloop 
  endfacet
  facet normal -8.296512E-001 -5.337117E-001 1.638006E-001
    outer loop 
      vertex -3.340814e-001 -4.015637e-001 9.374120e-001
      vertex -3.080254e-001 -4.702157e-001 8.456970e-001
      vertex -2.403558e-001 -5.344499e-001 9.791498e-001
    endloop 
  endfacet
  facet normal -8.471838E-001 -5.281099E-001 5.813311E-002
    outer loop 
      vertex -4.106071e-001 -2.825893e-001 9.030123e-001
      vertex -3.340814e-001 -4.015637e-001 9.374120e-001
      vertex -3.507681e-001 -3.625325e-001 1.048813e+000
    endloop 
  endfacet
  facet normal 5.929098E-001 -7.760664E-001 2.148932E-001
    outer loop 
      vertex 5.846040e-001 -2.340217e-001 3.476554e+000
      vertex 6.093498e-001 -1.725966e-001 3.630110e+000
      vertex 4.822302e-001 -2.831581e-001 3.581562e+000
    endloop 
  endfacet
  facet normal 5.714846E-001 -7.895254E-001 2.237298E-001
    outer loop 
      vertex 5.846040e-001 -2.340217e-001 3.476554e+000
      vertex 7.014853e-001 -1.372876e-001 3.519366e+000
      vertex 6.093498e-001 -1.725966e-001 3.630110e+000
    endloop 
  endfacet
  facet normal 6.438321E-001 -7.320494E-001 2.226741E-001
    outer loop 
      vertex 7.127608e-001 -6.735086e-002 3.677110e+000
      vertex 6.418371e-001 -1.054232e-001 3.757012e+000
      vertex 6.093498e-001 -1.725966e-001 3.630110e+000
    endloop 
  endfacet
  facet normal 6.772624E-001 -7.076902E-001 2.012217E-001
    outer loop 
      vertex 6.093498e-001 -1.725966e-001 3.630110e+000
      vertex 6.418371e-001 -1.054232e-001 3.757012e+000
      vertex 5.498234e-001 -1.979155e-001 3.741415e+000
    endloop 
  endfacet
  facet normal 6.147071E-001 -7.738288E-001 1.527223E-001
    outer loop 
      vertex 6.093498e-001 -1.725966e-001 3.630110e+000
      vertex 5.498234e-001 -1.979155e-001 3.741415e+000
      vertex 4.822302e-001 -2.831581e-001 3.581562e+000
    endloop 
  endfacet
  facet normal 6.188456E-001 -7.335382E-001 2.809835E-001
    outer loop 
      vertex 7.014853e-001 -1.372876e-001 3.519366e+000
      vertex 7.127608e-001 -6.735086e-002 3.677110e+000
      vertex 6.093498e-001 -1.725966e-001 3.630110e+000
    endloop 
  endfacet
  facet normal -8.873595E-001 -3.591105E-001 -2.891931E-001
    outer loop 
      vertex -5.881025e-001 9.955740e-002 6.854112e-001
      vertex -6.689908e-001 2.050984e-001 8.025513e-001
      vertex -6.441361e-001 2.735552e-001 6.412798e-001
    endloop 
  endfacet
  facet normal -9.999565E-001 1.006689E-003 9.271150E-003
    outer loop 
      vertex -4.889359e-001 -3.505969e-002 2.627107e+000
      vertex -4.895303e-001 1.058689e-001 2.547691e+000
      vertex -4.904357e-001 -7.348657e-003 2.462328e+000
    endloop 
  endfacet
  facet normal -3.375654E-002 9.994265E-001 2.686731E-003
    outer loop 
      vertex -7.137722e-002 4.835578e-001 2.661452e+000
      vertex 1.331345e-001 4.906994e-001 2.574421e+000
      vertex 3.329185e-002 4.876156e-001 2.467077e+000
    endloop 
  endfacet
  facet normal -9.961365E-001 -8.633000E-002 1.610189E-002
    outer loop 
      vertex -4.809223e-001 -9.606373e-002 2.795793e+000
      vertex -4.889359e-001 -3.505969e-002 2.627107e+000
      vertex -4.748349e-001 -1.833515e-001 2.704397e+000
    endloop 
  endfacet
  facet normal -9.606733E-001 -1.724759E-001 2.176211E-001
    outer loop 
      vertex -3.880378e-001 -4.775749e-001 4.519080e-001
      vertex -4.484138e-001 -3.825434e-001 2.606998e-001
      vertex -3.998399e-001 -5.760761e-001 3.217409e-001
    endloop 
  endfacet
  facet normal -9.815198E-001 -4.914345E-002 1.849429E-001
    outer loop 
      vertex -4.589950e-001 -5.300772e-001 1.653406e-001
      vertex -4.484138e-001 -3.825434e-001 2.606998e-001
      vertex -5.000000e-001 -3.333333e-001 0.000000e+000
    endloop 
  endfacet
  facet normal -9.392031E-001 -1.363302E-001 3.151373E-001
    outer loop 
      vertex -4.589950e-001 -5.300772e-001 1.653406e-001
      vertex -3.998399e-001 -5.760761e-001 3.217409e-001
      vertex -4.484138e-001 -3.825434e-001 2.606998e-001
    endloop 
  endfacet
  facet normal 7.439471E-001 6.277621E-001 -2.290358E-001
    outer loop 
      vertex 7.127608e-001 -6.735086e-002 3.677110e+000
      vertex 6.247369e-001 -1.143795e-002 3.544445e+000
      vertex 5.882232e-001 8.396351e-002 3.687327e+000
    endloop 
  endfacet
  facet normal -6.220126E-001 -7.792001E-001 7.712007E-002
    outer loop 
      vertex -1.742847e-001 -5.158730e-001 4.000000e+000
      vertex -1.500837e-001 -5.465349e-001 3.885394e+000
      vertex -3.505599e-002 -6.270151e-001 4.000000e+000
    endloop 
  endfacet
  facet normal -4.333739E-001 9.000775E-001 4.524903E-002
    outer loop 
      vertex -1.862041e-001 4.613596e-001 7.356652e-001
      vertex -3.197627e-001 3.953842e-001 7.688629e-001
      vertex -3.017139e-001 3.969472e-001 9.106352e-001
    endloop 
  endfacet
  facet normal -4.329125E-001 9.001923E-001 4.733356E-002
    outer loop 
      vertex -1.862041e-001 4.613596e-001 7.356652e-001
      vertex -2.529335e-001 4.350438e-001 6.258354e-001
      vertex -3.197627e-001 3.953842e-001 7.688629e-001
    endloop 
  endfacet
  facet normal -4.411247E-001 8.869674E-001 1.367401E-001
    outer loop 
      vertex -3.197627e-001 3.953842e-001 7.688629e-001
      vertex -4.103796e-001 3.610426e-001 6.992896e-001
      vertex -4.306290e-001 3.263953e-001 8.587051e-001
    endloop 
  endfacet
  facet normal -3.984473E-001 9.147068E-001 6.746200E-002
    outer loop 
      vertex -4.103796e-001 3.610426e-001 6.992896e-001
      vertex -3.197627e-001 3.953842e-001 7.688629e-001
      vertex -2.529335e-001 4.350438e-001 6.258354e-001
    endloop 
  endfacet
  facet normal -4.959144E-001 8.667169E-001 5.357873E-002
    outer loop 
      vertex -3.197627e-001 3.953842e-001 7.688629e-001
      vertex -4.306290e-001 3.263953e-001 8.587051e-001
      vertex -3.017139e-001 3.969472e-001 9.106352e-001
    endloop 
  endfacet
  facet normal -7.898415E-001 6.089676E-001 7.286212E-002
    outer loop 
      vertex -6.006331e-001 3.066832e-002 4.000000e+000
      vertex -4.901677e-001 1.739439e-001 4.000000e+000
      vertex -5.213923e-001 1.473116e-001 3.884106e+000
    endloop 
  endfacet
  facet normal 0.000000E+000 -9.945852E-001 -1.039243E-001
    outer loop 
      vertex -3.333333e-001 -5.000000e-001 0.000000e+000
      vertex -1.666667e-001 -5.000000e-001 0.000000e+000
      vertex -1.697159e-001 -5.187933e-001 1.798571e-001
    endloop 
  endfacet
  facet normal 0.000000E+000 9.937716E-001 -1.114366E-001
    outer loop 
      vertex 1.666667e-001 5.000000e-001 0.000000e+000
      vertex 1.885143e-001 5.147962e-001 1.319498e-001
      vertex 3.333333e-001 5.000000e-001 0.000000e+000
    endloop 
  endfacet
  facet normal 0.000000E+000 0.000000E+000 1.000000E+000
    outer loop 
      vertex -3.110144e-001 -3.112178e-002 4.000000e+000
      vertex -1.404823e-001 -6.395182e-002 4.000000e+000
      vertex -2.068885e-001 1.054690e-001 4.000000e+000
    endloop 
  endfacet
  facet normal -9.958078E-001 -3.077318E-002 8.613750E-002
    outer loop 
      vertex -4.748349e-001 -1.833515e-001 2.704397e+000
      vertex -4.884553e-001 -1.277656e-001 2.566794e+000
      vertex -4.805171e-001 -2.643846e-001 2.609757e+000
    endloop 
  endfacet
  facet normal -9.955682E-001 -5.485611E-002 7.638526E-002
    outer loop 
      vertex -4.889359e-001 -3.505969e-002 2.627107e+000
      vertex -4.884553e-001 -1.277656e-001 2.566794e+000
      vertex -4.748349e-001 -1.833515e-001 2.704397e+000
    endloop 
  endfacet
  facet normal -9.930263E-001 -2.123166E-002 1.159648E-001
    outer loop 
      vertex -4.884553e-001 -1.277656e-001 2.566794e+000
      vertex -4.991602e-001 -1.735111e-001 2.466751e+000
      vertex -4.805171e-001 -2.643846e-001 2.609757e+000
    endloop 
  endfacet
  facet normal -9.951780E-001 5.442434E-002 8.160071E-002
    outer loop 
      vertex -4.884553e-001 -1.277656e-001 2.566794e+000
      vertex -4.904357e-001 -7.348657e-003 2.462328e+000
      vertex -4.991602e-001 -1.735111e-001 2.466751e+000
    endloop 
  endfacet
  facet normal -9.999224E-001 -1.000980E-002 7.418189E-003
    outer loop 
      vertex -4.889359e-001 -3.505969e-002 2.627107e+000
      vertex -4.904357e-001 -7.348657e-003 2.462328e+000
      vertex -4.884553e-001 -1.277656e-001 2.566794e+000
    endloop 
  endfacet
  facet normal -5.828991E-001 8.120834E-001 -2.737390E-002
    outer loop 
      vertex -1.978016e-001 4.452451e-001 3.488604e+000
      vertex -3.609350e-001 3.307552e-001 3.565866e+000
      vertex -2.809639e-001 3.922988e-001 3.688738e+000
    endloop 
  endfacet
  facet normal -5.637562E-001 8.252967E-001 3.262566E-002
    outer loop 
      vertex -1.978016e-001 4.452451e-001 3.488604e+000
      vertex -2.669390e-001 4.014921e-001 3.400715e+000
      vertex -3.609350e-001 3.307552e-001 3.565866e+000
    endloop 
  endfacet
  facet normal -8.046177E-001 -5.937417E-001 -7.821550E-003
    outer loop 
      vertex -3.047879e-001 -4.224820e-001 3.581546e+000
      vertex -3.803405e-001 -3.214297e-001 3.682793e+000
      vertex -3.951480e-001 -2.992719e-001 3.524059e+000
    endloop 
  endfacet
  facet normal -9.174160E-001 -2.728507E-001 2.896555E-001
    outer loop 
      vertex -3.383442e-001 -6.147051e-001 4.801266e-001
      vertex -3.880378e-001 -4.775749e-001 4.519080e-001
      vertex -3.998399e-001 -5.760761e-001 3.217409e-001
    endloop 
  endfacet
  facet normal 9.304530E-001 1.988991E-001 3.077278E-001
    outer loop 
      vertex 3.973569e-001 5.768995e-001 3.228992e-001
      vertex 3.366559e-001 6.143696e-001 4.822175e-001
      vertex 4.246039e-001 4.400898e-001 3.289411e-001
    endloop 
  endfacet
  facet normal 7.714365E-001 -6.036055E-001 -2.013607E-001
    outer loop 
      vertex 1.924787e-001 -5.980712e-001 4.000000e+000
      vertex 1.514373e-001 -5.815873e-001 3.793353e+000
      vertex 2.927528e-001 -4.699162e-001 4.000000e+000
    endloop 
  endfacet
  facet normal 7.203687E-001 -6.652810E-001 -1.961381E-001
    outer loop 
      vertex 3.420681e-002 -7.204677e-001 3.833862e+000
      vertex 1.514373e-001 -5.815873e-001 3.793353e+000
      vertex 1.924787e-001 -5.980712e-001 4.000000e+000
    endloop 
  endfacet
  facet normal 6.649907E-001 -6.621122E-001 -3.455354E-001
    outer loop 
      vertex -4.076555e-002 -7.146207e-001 3.678372e+000
      vertex 1.514373e-001 -5.815873e-001 3.793353e+000
      vertex 3.420681e-002 -7.204677e-001 3.833862e+000
    endloop 
  endfacet
  facet normal 7.882948E-001 5.396405E-001 -2.956002E-001
    outer loop 
      vertex 7.014853e-001 -1.372876e-001 3.519366e+000
      vertex 6.247369e-001 -1.143795e-002 3.544445e+000
      vertex 7.127608e-001 -6.735086e-002 3.677110e+000
    endloop 
  endfacet
  facet normal -1.758462E-001 9.412345E-001 -2.883674E-001
    outer loop 
      vertex 3.973569e-001 5.768995e-001 3.228992e-001
      vertex 2.510183e-001 5.678134e-001 3.824793e-001
      vertex 3.366559e-001 6.143696e-001 4.822175e-001
    endloop 
  endfacet
  facet normal -1.697999E-001 9.844803E-001 -4.434607E-002
    outer loop 
      vertex -3.922030e-002 5.027093e-001 4.055175e-001
      vertex 6.356323e-002 5.144131e-001 2.717856e-001
      vertex -1.084304e-001 4.860910e-001 3.015975e-001
    endloop 
  endfacet
  facet normal -9.892860E-001 2.373090E-002 1.440488E-001
    outer loop 
      vertex -4.960093e-001 -3.498971e-001 2.517449e+000
      vertex -4.805171e-001 -2.643846e-001 2.609757e+000
      vertex -4.991602e-001 -1.735111e-001 2.466751e+000
    endloop 
  endfacet
  facet normal -9.789682E-001 4.001150E-002 2.000506E-001
    outer loop 
      vertex -4.991602e-001 -1.735111e-001 2.466751e+000
      vertex -5.223472e-001 -2.725215e-001 2.373086e+000
      vertex -4.960093e-001 -3.498971e-001 2.517449e+000
    endloop 
  endfacet
  facet normal -9.858348E-001 1.209725E-001 1.161692E-001
    outer loop 
      vertex -5.013378e-001 -4.307526e-002 2.312442e+000
      vertex -5.223472e-001 -2.725215e-001 2.373086e+000
      vertex -4.991602e-001 -1.735111e-001 2.466751e+000
    endloop 
  endfacet
  facet normal -9.967620E-001 5.392313E-002 5.964728E-002
    outer loop 
      vertex -5.013378e-001 -4.307526e-002 2.312442e+000
      vertex -4.991602e-001 -1.735111e-001 2.466751e+000
      vertex -4.904357e-001 -7.348657e-003 2.462328e+000
    endloop 
  endfacet
  facet normal 3.544863E-001 -9.287432E-001 -1.085158E-001
    outer loop 
      vertex -4.685119e-003 -5.323595e-001 5.691976e-001
      vertex -2.156758e-002 -5.184329e-001 3.948561e-001
      vertex 1.734158e-001 -4.678017e-001 5.984725e-001
    endloop 
  endfacet
  facet normal 7.485302E-001 6.610201E-001 -5.248734E-002
    outer loop 
      vertex 3.779924e-001 3.256156e-001 3.714815e+000
      vertex 4.806902e-001 2.085210e-001 3.704727e+000
      vertex 4.387898e-001 2.458479e-001 3.577270e+000
    endloop 
  endfacet
  facet normal 6.633666E-001 -7.427791E-001 -9.068663E-002
    outer loop 
      vertex 2.040762e-001 -5.065431e-001 3.692915e+000
      vertex 2.134046e-001 -4.828581e-001 3.567157e+000
      vertex 3.207083e-001 -4.050966e-001 3.715163e+000
    endloop 
  endfacet
  facet normal 8.532299E-002 -9.963512E-001 2.049488E-003
    outer loop 
      vertex 9.474087e-002 -5.010986e-001 2.813558e+000
      vertex -9.488851e-003 -5.103264e-001 2.666716e+000
      vertex 1.822405e-001 -4.938344e-001 2.702292e+000
    endloop 
  endfacet
  facet normal -6.895663E-001 -7.240058E-001 -1.771861E-002
    outer loop 
      vertex -3.872468e-001 -3.215254e-001 1.340220e+000
      vertex -3.726471e-001 -3.314779e-001 1.178711e+000
      vertex -2.654953e-001 -4.366533e-001 1.306221e+000
    endloop 
  endfacet
  facet normal -7.513808E-001 6.593326E-001 -2.659505E-002
    outer loop 
      vertex -3.306693e-001 3.672649e-001 1.240393e+000
      vertex -4.477001e-001 2.391980e-001 1.371844e+000
      vertex -3.068722e-001 4.011587e-001 1.408340e+000
    endloop 
  endfacet
  facet normal -6.991477E-001 7.135634E-001 -4.494059E-002
    outer loop 
      vertex -2.079482e-001 4.887636e-001 1.260348e+000
      vertex -3.306693e-001 3.672649e-001 1.240393e+000
      vertex -3.068722e-001 4.011587e-001 1.408340e+000
    endloop 
  endfacet
  facet normal -7.564656E-001 -6.487446E-001 8.300767E-002
    outer loop 
      vertex -3.803405e-001 -3.214297e-001 3.682793e+000
      vertex -3.047879e-001 -4.224820e-001 3.581546e+000
      vertex -2.413859e-001 -4.767630e-001 3.735110e+000
    endloop 
  endfacet
  facet normal -6.558131E-001 7.532969E-001 4.952668E-002
    outer loop 
      vertex -3.609350e-001 3.307552e-001 3.565866e+000
      vertex -4.465113e-001 2.453445e-001 3.731788e+000
      vertex -2.809639e-001 3.922988e-001 3.688738e+000
    endloop 
  endfacet
  facet normal -5.025283E-001 8.606062E-001 8.259738E-002
    outer loop 
      vertex -2.669390e-001 4.014921e-001 3.400715e+000
      vertex -4.024549e-001 3.204170e-001 3.420973e+000
      vertex -3.609350e-001 3.307552e-001 3.565866e+000
    endloop 
  endfacet
  facet normal 5.268331E-001 -8.427872E-001 -1.102576E-001
    outer loop 
      vertex 9.996420e-002 -5.258438e-001 3.300259e+000
      vertex 2.266601e-001 -4.660255e-001 3.448398e+000
      vertex 8.290893e-002 -5.528117e-001 3.424903e+000
    endloop 
  endfacet
  facet normal 4.626656E-001 -8.857163E-001 -3.804380E-002
    outer loop 
      vertex 2.266601e-001 -4.660255e-001 3.448398e+000
      vertex 9.996420e-002 -5.258438e-001 3.300259e+000
      vertex 2.328592e-001 -4.581030e-001 3.339341e+000
    endloop 
  endfacet
  facet normal 5.232570E-001 -8.499122E-001 -6.205995E-002
    outer loop 
      vertex 2.266601e-001 -4.660255e-001 3.448398e+000
      vertex 2.134046e-001 -4.828581e-001 3.567157e+000
      vertex 8.290893e-002 -5.528117e-001 3.424903e+000
    endloop 
  endfacet
  facet normal 5.397751E-001 -8.412590E-001 -3.043106E-002
    outer loop 
      vertex 3.515078e-001 -3.860215e-001 3.451210e+000
      vertex 2.266601e-001 -4.660255e-001 3.448398e+000
      vertex 2.328592e-001 -4.581030e-001 3.339341e+000
    endloop 
  endfacet
  facet normal -2.387152E-001 -9.704199E-001 3.605902E-002
    outer loop 
      vertex -8.204171e-002 -5.042886e-001 2.003519e+000
      vertex 9.663802e-002 -5.422463e-001 2.164881e+000
      vertex -6.857675e-002 -5.025410e-001 2.139688e+000
    endloop 
  endfacet
  facet normal 1.467693E-001 9.891408E-001 7.698279E-003
    outer loop 
      vertex 1.568989e-001 4.707862e-001 2.272870e+000
      vertex -4.441583e-002 5.001447e-001 2.338755e+000
      vertex 3.329185e-002 4.876156e-001 2.467077e+000
    endloop 
  endfacet
  facet normal 7.258841E-002 -9.948068E-001 -7.134679E-002
    outer loop 
      vertex -1.790367e-001 -5.206470e-001 2.638119e+000
      vertex -1.039113e-001 -5.065606e-001 2.518142e+000
      vertex -9.488851e-003 -5.103264e-001 2.666716e+000
    endloop 
  endfacet
  facet normal 7.972299E-001 5.986083E-001 -7.805441E-002
    outer loop 
      vertex 4.891620e-001 1.618784e-001 3.447788e+000
      vertex 4.387898e-001 2.458479e-001 3.577270e+000
      vertex 5.345500e-001 1.161814e-001 3.560915e+000
    endloop 
  endfacet
  facet normal 8.397480E-001 5.287876E-001 -1.233169E-001
    outer loop 
      vertex 4.891620e-001 1.618784e-001 3.447788e+000
      vertex 5.345500e-001 1.161814e-001 3.560915e+000
      vertex 5.694782e-001 2.702534e-002 3.416460e+000
    endloop 
  endfacet
  facet normal 8.421122E-001 5.275550E-001 -1.119501E-001
    outer loop 
      vertex 4.891620e-001 1.618784e-001 3.447788e+000
      vertex 5.694782e-001 2.702534e-002 3.416460e+000
      vertex 5.265511e-001 7.160431e-002 3.303628e+000
    endloop 
  endfacet
  facet normal 8.800470E-001 4.702463E-001 -6.622425E-002
    outer loop 
      vertex 4.891620e-001 1.618784e-001 3.447788e+000
      vertex 5.265511e-001 7.160431e-002 3.303628e+000
      vertex 4.648990e-001 1.924672e-001 3.342565e+000
    endloop 
  endfacet
  facet normal 8.442334E-001 5.356412E-001 -1.893404E-002
    outer loop 
      vertex 4.891620e-001 1.618784e-001 3.447788e+000
      vertex 4.090833e-001 2.882386e-001 3.451942e+000
      vertex 4.387898e-001 2.458479e-001 3.577270e+000
    endloop 
  endfacet
  facet normal 8.434564E-001 5.357996E-001 -3.873041E-002
    outer loop 
      vertex 4.090833e-001 2.882386e-001 3.451942e+000
      vertex 4.891620e-001 1.618784e-001 3.447788e+000
      vertex 4.648990e-001 1.924672e-001 3.342565e+000
    endloop 
  endfacet
  facet normal 7.033732E-001 7.089356E-001 5.173534E-002
    outer loop 
      vertex 2.600326e-001 4.302016e-001 1.438326e+000
      vertex 3.395298e-001 3.649717e-001 1.251368e+000
      vertex 2.043801e-001 4.946081e-001 1.312385e+000
    endloop 
  endfacet
  facet normal -8.978145E-001 4.192595E-001 1.347244E-001
    outer loop 
      vertex -5.450333e-001 8.236766e-003 1.809313e+000
      vertex -5.249292e-001 -5.504489e-004 1.970634e+000
      vertex -4.710274e-001 1.503880e-001 1.860122e+000
    endloop 
  endfacet
  facet normal 9.715663E-001 7.483279E-002 2.246308E-001
    outer loop 
      vertex 4.616691e-001 4.369052e-001 1.696885e-001
      vertex 4.246039e-001 4.400898e-001 3.289411e-001
      vertex 4.741597e-001 3.011984e-001 1.608736e-001
    endloop 
  endfacet
  facet normal 9.816577E-001 7.908440E-002 1.734758E-001
    outer loop 
      vertex 5.000000e-001 3.333333e-001 0.000000e+000
      vertex 4.616691e-001 4.369052e-001 1.696885e-001
      vertex 4.741597e-001 3.011984e-001 1.608736e-001
    endloop 
  endfacet
  facet normal 9.551891E-001 1.998770E-001 2.183185E-001
    outer loop 
      vertex 4.616691e-001 4.369052e-001 1.696885e-001
      vertex 3.973569e-001 5.768995e-001 3.228992e-001
      vertex 4.246039e-001 4.400898e-001 3.289411e-001
    endloop 
  endfacet
  facet normal 9.394062E-001 6.271889E-002 3.370198E-001
    outer loop 
      vertex 4.576364e-001 5.309514e-001 1.634277e-001
      vertex 3.973569e-001 5.768995e-001 3.228992e-001
      vertex 4.616691e-001 4.369052e-001 1.696885e-001
    endloop 
  endfacet
  facet normal 9.689953E-001 5.754773E-002 2.402836E-001
    outer loop 
      vertex 4.576364e-001 5.309514e-001 1.634277e-001
      vertex 4.616691e-001 4.369052e-001 1.696885e-001
      vertex 5.000000e-001 5.000000e-001 0.000000e+000
    endloop 
  endfacet
  facet normal 9.754236E-001 0.000000E+000 2.203379E-001
    outer loop 
      vertex 5.000000e-001 3.333333e-001 0.000000e+000
      vertex 5.000000e-001 5.000000e-001 0.000000e+000
      vertex 4.616691e-001 4.369052e-001 1.696885e-001
    endloop 
  endfacet
  facet normal 1.251956E-001 9.832792E-001 1.322426E-001
    outer loop 
      vertex -4.441583e-002 5.001447e-001 2.338755e+000
      vertex -9.376299e-002 5.258419e-001 2.194403e+000
      vertex -2.337919e-001 5.181745e-001 2.383980e+000
    endloop 
  endfacet
  facet normal 5.157915E-001 -8.504845E-001 -1.031263E-001
    outer loop 
      vertex 7.320775e-002 -5.326520e-001 8.413547e-001
      vertex 2.374651e-001 -4.406148e-001 9.038631e-001
      vertex 1.596210e-001 -4.995566e-001 1.000616e+000
    endloop 
  endfacet
  facet normal 6.528036E-001 7.228184E-001 -2.266739E-001
    outer loop 
      vertex 6.351948e-001 8.591139e-002 3.828813e+000
      vertex 5.882232e-001 8.396351e-002 3.687327e+000
      vertex 5.280718e-001 1.868921e-001 3.842314e+000
    endloop 
  endfacet
  facet normal 6.611216E-001 7.264278E-001 -1.876725E-001
    outer loop 
      vertex 6.351948e-001 8.591139e-002 3.828813e+000
      vertex 5.280718e-001 1.868921e-001 3.842314e+000
      vertex 5.942022e-001 1.674449e-001 4.000000e+000
    endloop 
  endfacet
  facet normal 7.383720E-001 6.248412E-001 -2.537327E-001
    outer loop 
      vertex 7.127608e-001 -6.735086e-002 3.677110e+000
      vertex 5.882232e-001 8.396351e-002 3.687327e+000
      vertex 6.351948e-001 8.591139e-002 3.828813e+000
    endloop 
  endfacet
  facet normal 5.292723E-001 8.082110E-001 -2.581973E-001
    outer loop 
      vertex 6.351948e-001 8.591139e-002 3.828813e+000
      vertex 5.942022e-001 1.674449e-001 4.000000e+000
      vertex 7.252544e-001 8.162290e-002 4.000000e+000
    endloop 
  endfacet
  facet normal 6.441440E-001 6.774845E-001 -3.550961E-001
    outer loop 
      vertex 7.181013e-001 9.039104e-003 3.832541e+000
      vertex 7.127608e-001 -6.735086e-002 3.677110e+000
      vertex 6.351948e-001 8.591139e-002 3.828813e+000
    endloop 
  endfacet
  facet normal 6.507867E-001 6.860993E-001 -3.251837E-001
    outer loop 
      vertex 7.181013e-001 9.039104e-003 3.832541e+000
      vertex 6.351948e-001 8.591139e-002 3.828813e+000
      vertex 7.252544e-001 8.162290e-002 4.000000e+000
    endloop 
  endfacet
  facet normal 0.000000E+000 0.000000E+000 1.000000E+000
    outer loop 
      vertex 5.131304e-001 -2.011088e-001 4.000000e+000
      vertex 6.251593e-001 -6.122521e-002 4.000000e+000
      vertex 4.331397e-001 -1.202342e-002 4.000000e+000
    endloop 
  endfacet
  facet normal 0.000000E+000 0.000000E+000 1.000000E+000
    outer loop 
      vertex 6.251593e-001 -6.122521e-002 4.000000e+000
      vertex 7.252544e-001 8.162290e-002 4.000000e+000
      vertex 5.942022e-001 1.674449e-001 4.000000e+000
    endloop 
  endfacet
  facet normal -1.214200E-001 9.687086E-001 -2.164732E-001
    outer loop 
      vertex 2.103580e-001 5.349244e-001 2.581090e-001
      vertex 2.510183e-001 5.678134e-001 3.824793e-001
      vertex 3.319176e-001 5.483453e-001 2.499841e-001
    endloop 
  endfacet
  facet normal -1.556280E-001 9.592186E-001 -2.359656E-001
    outer loop 
      vertex 3.973569e-001 5.768995e-001 3.228992e-001
      vertex 3.319176e-001 5.483453e-001 2.499841e-001
      vertex 2.510183e-001 5.678134e-001 3.824793e-001
    endloop 
  endfacet
  facet normal -7.706875E-002 9.499233E-001 -3.028303E-001
    outer loop 
      vertex 3.319176e-001 5.483453e-001 2.499841e-001
      vertex 3.973569e-001 5.768995e-001 3.228992e-001
      vertex 4.576364e-001 5.309514e-001 1.634277e-001
    endloop 
  endfacet
  facet normal 7.754973E-001 -5.232458E-001 -3.532957E-001
    outer loop 
      vertex 3.420681e-002 -7.204677e-001 3.833862e+000
      vertex 1.924787e-001 -5.980712e-001 4.000000e+000
      vertex 1.064840e-001 -7.255231e-001 4.000000e+000
    endloop 
  endfacet
  facet normal -6.129261E-001 7.391846E-001 2.791554E-001
    outer loop 
      vertex -5.675908e-001 1.856702e-001 1.089545e+000
      vertex -6.857356e-001 1.353386e-001 9.634155e-001
      vertex -6.953706e-001 6.649157e-002 1.124563e+000
    endloop 
  endfacet
  facet normal -7.831620E-001 -5.535280E-001 -2.833091E-001
    outer loop 
      vertex -6.857356e-001 1.353386e-001 9.634155e-001
      vertex -6.052148e-001 -2.117848e-002 1.046631e+000
      vertex -6.953706e-001 6.649157e-002 1.124563e+000
    endloop 
  endfacet
  facet normal 6.867022E-002 -9.768736E-001 -2.024902E-001
    outer loop 
      vertex -1.697159e-001 -5.187933e-001 1.798571e-001
      vertex -2.361744e-001 -5.530663e-001 3.226622e-001
      vertex -3.479463e-001 -5.258058e-001 1.532447e-001
    endloop 
  endfacet
  facet normal 1.363480E-001 -9.600329E-001 -2.444303E-001
    outer loop 
      vertex -3.479463e-001 -5.258058e-001 1.532447e-001
      vertex -2.361744e-001 -5.530663e-001 3.226622e-001
      vertex -3.998399e-001 -5.760761e-001 3.217409e-001
    endloop 
  endfacet
  facet normal 6.263924E-002 -9.851404E-001 -1.599208E-001
    outer loop 
      vertex -3.333333e-001 -5.000000e-001 0.000000e+000
      vertex -1.697159e-001 -5.187933e-001 1.798571e-001
      vertex -3.479463e-001 -5.258058e-001 1.532447e-001
    endloop 
  endfacet
  facet normal 5.919454E-003 -9.587423E-001 -2.842149E-001
    outer loop 
      vertex -4.589950e-001 -5.300772e-001 1.653406e-001
      vertex -3.479463e-001 -5.258058e-001 1.532447e-001
      vertex -3.998399e-001 -5.760761e-001 3.217409e-001
    endloop 
  endfacet
  facet normal 1.784882E-002 -9.829084E-001 -1.832281E-001
    outer loop 
      vertex -4.589950e-001 -5.300772e-001 1.653406e-001
      vertex -5.000000e-001 -5.000000e-001 0.000000e+000
      vertex -3.479463e-001 -5.258058e-001 1.532447e-001
    endloop 
  endfacet
  facet normal 0.000000E+000 -9.861159E-001 -1.660582E-001
    outer loop 
      vertex -5.000000e-001 -5.000000e-001 0.000000e+000
      vertex -3.333333e-001 -5.000000e-001 0.000000e+000
      vertex -3.479463e-001 -5.258058e-001 1.532447e-001
    endloop 
  endfacet
  facet normal -3.387200E-001 -8.960215E-001 -2.870785E-001
    outer loop 
      vertex -6.092812e-001 -3.435044e-001 2.083420e+000
      vertex -6.408626e-001 -2.801237e-001 1.922860e+000
      vertex -4.233214e-001 -3.831924e-001 1.987882e+000
    endloop 
  endfacet
  facet normal -9.557907E-001 7.950251E-002 2.830963E-001
    outer loop 
      vertex -5.718008e-001 -4.033530e-001 2.242862e+000
      vertex -5.289561e-001 -4.595716e-001 2.403302e+000
      vertex -5.223472e-001 -2.725215e-001 2.373086e+000
    endloop 
  endfacet
  facet normal 1.928097E-001 -9.401499E-001 -2.809674E-001
    outer loop 
      vertex -2.001388e-001 -5.708596e-001 2.904955e+000
      vertex -3.113136e-001 -6.347142e-001 3.042328e+000
      vertex -3.718801e-001 -5.992874e-001 2.882223e+000
    endloop 
  endfacet
  facet normal 2.415141E-001 9.661338E-001 9.086423E-002
    outer loop 
      vertex 8.505023e-002 4.861234e-001 2.141438e+000
      vertex 4.037479e-002 5.118244e-001 1.986913e+000
      vertex -9.376299e-002 5.258419e-001 2.194403e+000
    endloop 
  endfacet
  facet normal 3.565298E-001 9.328317E-001 5.207260E-002
    outer loop 
      vertex 2.085320e-001 4.493314e-001 1.955080e+000
      vertex 4.037479e-002 5.118244e-001 1.986913e+000
      vertex 8.505023e-002 4.861234e-001 2.141438e+000
    endloop 
  endfacet
  facet normal 4.487444E-001 8.873507E-001 1.060053E-001
    outer loop 
      vertex 4.037479e-002 5.118244e-001 1.986913e+000
      vertex 1.712915e-001 4.687746e-001 1.793074e+000
      vertex 8.019209e-003 5.482213e-001 1.819209e+000
    endloop 
  endfacet
  facet normal 3.533381E-001 9.349822E-001 3.099040E-002
    outer loop 
      vertex 2.085320e-001 4.493314e-001 1.955080e+000
      vertex 1.712915e-001 4.687746e-001 1.793074e+000
      vertex 4.037479e-002 5.118244e-001 1.986913e+000
    endloop 
  endfacet
  facet normal 3.261012E-001 9.337191E-001 1.477380E-001
    outer loop 
      vertex 4.037479e-002 5.118244e-001 1.986913e+000
      vertex -1.375096e-001 5.658178e-001 2.038312e+000
      vertex -9.376299e-002 5.258419e-001 2.194403e+000
    endloop 
  endfacet
  facet normal 3.244956E-001 9.354082E-001 1.404070E-001
    outer loop 
      vertex -1.375096e-001 5.658178e-001 2.038312e+000
      vertex 4.037479e-002 5.118244e-001 1.986913e+000
      vertex 8.019209e-003 5.482213e-001 1.819209e+000
    endloop 
  endfacet
  facet normal 9.358652E-001 -3.337195E-001 -1.130824E-001
    outer loop 
      vertex 3.892992e-001 -4.116077e-001 1.974619e+000
      vertex 3.973751e-001 -3.510092e-001 1.862621e+000
      vertex 4.401047e-001 -2.774531e-001 1.999177e+000
    endloop 
  endfacet
  facet normal 8.995201E-001 -4.223916E-001 -1.115748E-001
    outer loop 
      vertex 3.973751e-001 -3.510092e-001 1.862621e+000
      vertex 3.396592e-001 -4.606869e-001 1.812523e+000
      vertex 3.729309e-001 -3.682401e-001 1.730782e+000
    endloop 
  endfacet
  facet normal 9.016365E-001 -4.042563E-001 -1.537158E-001
    outer loop 
      vertex 3.973751e-001 -3.510092e-001 1.862621e+000
      vertex 3.892992e-001 -4.116077e-001 1.974619e+000
      vertex 3.396592e-001 -4.606869e-001 1.812523e+000
    endloop 
  endfacet
  facet normal 9.114420E-001 -4.060195E-001 -6.649566E-002
    outer loop 
      vertex 4.413379e-001 -2.496349e-001 1.846223e+000
      vertex 4.401047e-001 -2.774531e-001 1.999177e+000
      vertex 3.973751e-001 -3.510092e-001 1.862621e+000
    endloop 
  endfacet
  facet normal 9.045929E-001 -4.107397E-001 -1.140382E-001
    outer loop 
      vertex 4.413379e-001 -2.496349e-001 1.846223e+000
      vertex 3.973751e-001 -3.510092e-001 1.862621e+000
      vertex 3.729309e-001 -3.682401e-001 1.730782e+000
    endloop 
  endfacet
  facet normal -9.705967E-001 0.000000E+000 2.407113E-001
    outer loop 
      vertex -4.589950e-001 -5.300772e-001 1.653406e-001
      vertex -5.000000e-001 -3.333333e-001 0.000000e+000
      vertex -5.000000e-001 -5.000000e-001 0.000000e+000
    endloop 
  endfacet
  facet normal 3.710932E-001 9.105854E-001 -1.820001E-001
    outer loop 
      vertex 5.250293e-001 3.201801e-001 1.915279e+000
      vertex 3.737932e-001 3.834005e-001 1.923218e+000
      vertex 4.602932e-001 3.777820e-001 2.071478e+000
    endloop 
  endfacet
  facet normal 3.741006E-001 9.143696E-001 -1.548453E-001
    outer loop 
      vertex 5.250293e-001 3.201801e-001 1.915279e+000
      vertex 4.548436e-001 3.263816e-001 1.782333e+000
      vertex 3.737932e-001 3.834005e-001 1.923218e+000
    endloop 
  endfacet
  facet normal 2.742839E-001 9.536353E-001 -1.238870E-001
    outer loop 
      vertex 3.737932e-001 3.834005e-001 1.923218e+000
      vertex 2.747738e-001 4.342723e-001 2.095582e+000
      vertex 4.602932e-001 3.777820e-001 2.071478e+000
    endloop 
  endfacet
  facet normal 3.581499E-001 9.311066E-001 -6.905873E-002
    outer loop 
      vertex 2.085320e-001 4.493314e-001 1.955080e+000
      vertex 2.747738e-001 4.342723e-001 2.095582e+000
      vertex 3.737932e-001 3.834005e-001 1.923218e+000
    endloop 
  endfacet
  facet normal 1.326423E-001 -9.476025E-001 2.906121E-001
    outer loop 
      vertex 3.833824e-001 -4.681249e-001 2.733313e+000
      vertex 5.566006e-001 -4.482564e-001 2.719038e+000
      vertex 5.981449e-001 -3.929250e-001 2.880496e+000
    endloop 
  endfacet
  facet normal 0.000000E+000 0.000000E+000 -1.000000E+000
    outer loop 
      vertex 5.137601e-003 2.877174e-001 0.000000e+000
      vertex 2.232202e-002 1.391538e-001 0.000000e+000
      vertex -1.085704e-001 1.559337e-001 0.000000e+000
    endloop 
  endfacet
  facet normal 0.000000E+000 0.000000E+000 -1.000000E+000
    outer loop 
      vertex 2.232202e-002 1.391538e-001 0.000000e+000
      vertex 1.016581e-003 2.434756e-002 0.000000e+000
      vertex -1.085704e-001 1.559337e-001 0.000000e+000
    endloop 
  endfacet
  facet normal 0.000000E+000 0.000000E+000 -1.000000E+000
    outer loop 
      vertex 1.266406e-001 8.004968e-002 0.000000e+000
      vertex 1.016581e-003 2.434756e-002 0.000000e+000
      vertex 2.232202e-002 1.391538e-001 0.000000e+000
    endloop 
  endfacet
  facet normal 0.000000E+000 0.000000E+000 -1.000000E+000
    outer loop 
      vertex 2.232202e-002 1.391538e-001 0.000000e+000
      vertex 1.315549e-001 2.099927e-001 0.000000e+000
      vertex 1.266406e-001 8.004968e-002 0.000000e+000
    endloop 
  endfacet
  facet normal 0.000000E+000 0.000000E+000 -1.000000E+000
    outer loop 
      vertex 5.137601e-003 2.877174e-001 0.000000e+000
      vertex 1.315549e-001 2.099927e-001 0.000000e+000
      vertex 2.232202e-002 1.391538e-001 0.000000e+000
    endloop 
  endfacet
  facet normal 9.565157E-001 -7.325313E-002 -2.823328E-001
    outer loop 
      vertex 5.093570e-001 -4.997759e-001 2.558426e+000
      vertex 4.586858e-001 -5.454822e-001 2.398616e+000
      vertex 4.880658e-001 -3.444284e-001 2.445988e+000
    endloop 
  endfacet
  facet normal 0.000000E+000 0.000000E+000 -1.000000E+000
    outer loop 
      vertex 1.263364e-001 -4.950204e-002 0.000000e+000
      vertex 2.463146e-001 -1.167427e-001 0.000000e+000
      vertex 1.197696e-001 -1.840909e-001 0.000000e+000
    endloop 
  endfacet
  facet normal 0.000000E+000 0.000000E+000 -1.000000E+000
    outer loop 
      vertex 2.514290e-001 2.113478e-002 0.000000e+000
      vertex 2.463146e-001 -1.167427e-001 0.000000e+000
      vertex 1.263364e-001 -4.950204e-002 0.000000e+000
    endloop 
  endfacet
  facet normal 0.000000E+000 0.000000E+000 -1.000000E+000
    outer loop 
      vertex 2.514290e-001 2.113478e-002 0.000000e+000
      vertex 1.263364e-001 -4.950204e-002 0.000000e+000
      vertex 1.266406e-001 8.004968e-002 0.000000e+000
    endloop 
  endfacet
  facet normal 0.000000E+000 0.000000E+000 -1.000000E+000
    outer loop 
      vertex 1.266406e-001 8.004968e-002 0.000000e+000
      vertex 1.263364e-001 -4.950204e-002 0.000000e+000
      vertex 1.016581e-003 2.434756e-002 0.000000e+000
    endloop 
  endfacet
  facet normal 0.000000E+000 0.000000E+000 -1.000000E+000
    outer loop 
      vertex -1.117158e-003 -1.113729e-001 0.000000e+000
      vertex 1.263364e-001 -4.950204e-002 0.000000e+000
      vertex 1.197696e-001 -1.840909e-001 0.000000e+000
    endloop 
  endfacet
  facet normal 0.000000E+000 0.000000E+000 -1.000000E+000
    outer loop 
      vertex 1.016581e-003 2.434756e-002 0.000000e+000
      vertex 1.263364e-001 -4.950204e-002 0.000000e+000
      vertex -1.117158e-003 -1.113729e-001 0.000000e+000
    endloop 
  endfacet
  facet normal -7.345113E-001 -6.211565E-001 2.732360E-001
    outer loop 
      vertex -6.861797e-002 -7.000829e-001 1.119653e+000
      vertex -1.764059e-001 -5.756322e-001 1.112817e+000
      vertex -1.378522e-001 -6.886980e-001 9.594201e-001
    endloop 
  endfacet
  facet normal 0.000000E+000 0.000000E+000 -1.000000E+000
    outer loop 
      vertex 1.274870e-001 3.588903e-001 0.000000e+000
      vertex 1.315549e-001 2.099927e-001 0.000000e+000
      vertex 5.137601e-003 2.877174e-001 0.000000e+000
    endloop 
  endfacet
  facet normal 0.000000E+000 0.000000E+000 -1.000000E+000
    outer loop 
      vertex 2.514211e-001 2.763562e-001 0.000000e+000
      vertex 1.315549e-001 2.099927e-001 0.000000e+000
      vertex 1.274870e-001 3.588903e-001 0.000000e+000
    endloop 
  endfacet
  facet normal 0.000000E+000 0.000000E+000 -1.000000E+000
    outer loop 
      vertex 1.315549e-001 2.099927e-001 0.000000e+000
      vertex 2.504312e-001 1.480949e-001 0.000000e+000
      vertex 1.266406e-001 8.004968e-002 0.000000e+000
    endloop 
  endfacet
  facet normal 0.000000E+000 0.000000E+000 -1.000000E+000
    outer loop 
      vertex 2.514211e-001 2.763562e-001 0.000000e+000
      vertex 2.504312e-001 1.480949e-001 0.000000e+000
      vertex 1.315549e-001 2.099927e-001 0.000000e+000
    endloop 
  endfacet
  facet normal 0.000000E+000 0.000000E+000 1.000000E+000
    outer loop 
      vertex -1.713781e-001 5.704653e-001 4.000000e+000
      vertex -2.715447e-001 4.455441e-001 4.000000e+000
      vertex -9.537318e-002 3.937510e-001 4.000000e+000
    endloop 
  endfacet
  facet normal 0.000000E+000 0.000000E+000 1.000000E+000
    outer loop 
      vertex 1.618998e-001 -5.578063e-002 4.000000e+000
      vertex 1.015877e-001 8.169012e-002 4.000000e+000
      vertex 1.354785e-002 -1.531612e-002 4.000000e+000
    endloop 
  endfacet
  facet normal 0.000000E+000 0.000000E+000 1.000000E+000
    outer loop 
      vertex 4.448922e-002 1.858186e-001 4.000000e+000
      vertex 1.015877e-001 8.169012e-002 4.000000e+000
      vertex 2.051739e-001 2.088561e-001 4.000000e+000
    endloop 
  endfacet
  facet normal 0.000000E+000 0.000000E+000 1.000000E+000
    outer loop 
      vertex 1.618998e-001 -5.578063e-002 4.000000e+000
      vertex 2.615491e-001 5.380473e-002 4.000000e+000
      vertex 1.015877e-001 8.169012e-002 4.000000e+000
    endloop 
  endfacet
  facet normal 0.000000E+000 0.000000E+000 1.000000E+000
    outer loop 
      vertex 2.615491e-001 5.380473e-002 4.000000e+000
      vertex 2.051739e-001 2.088561e-001 4.000000e+000
      vertex 1.015877e-001 8.169012e-002 4.000000e+000
    endloop 
  endfacet
  facet normal 0.000000E+000 0.000000E+000 1.000000E+000
    outer loop 
      vertex 4.448922e-002 1.858186e-001 4.000000e+000
      vertex -5.776985e-002 8.710027e-002 4.000000e+000
      vertex 1.015877e-001 8.169012e-002 4.000000e+000
    endloop 
  endfacet
  facet normal 0.000000E+000 0.000000E+000 1.000000E+000
    outer loop 
      vertex -5.776985e-002 8.710027e-002 4.000000e+000
      vertex 1.354785e-002 -1.531612e-002 4.000000e+000
      vertex 1.015877e-001 8.169012e-002 4.000000e+000
    endloop 
  endfacet
  facet normal 6.951884E-001 6.592092E-001 2.866293E-001
    outer loop 
      vertex 2.408028e-004 6.978102e-001 1.284808e+000
      vertex 1.513291e-001 5.782257e-001 1.193388e+000
      vertex 6.951880e-002 6.953576e-001 1.122422e+000
    endloop 
  endfacet
  facet normal 2.767010E-001 9.197348E-001 2.784323E-001
    outer loop 
      vertex -2.677739e-001 6.388876e-001 1.926398e+000
      vertex -3.291696e-001 6.086289e-001 2.087364e+000
      vertex -1.375096e-001 5.658178e-001 2.038312e+000
    endloop 
  endfacet
  facet normal 0.000000E+000 0.000000E+000 1.000000E+000
    outer loop 
      vertex 1.016439e-001 3.389495e-001 4.000000e+000
      vertex -8.690684e-002 2.315376e-001 4.000000e+000
      vertex 4.448922e-002 1.858186e-001 4.000000e+000
    endloop 
  endfacet
  facet normal 0.000000E+000 0.000000E+000 1.000000E+000
    outer loop 
      vertex -8.690684e-002 2.315376e-001 4.000000e+000
      vertex 1.016439e-001 3.389495e-001 4.000000e+000
      vertex -9.537318e-002 3.937510e-001 4.000000e+000
    endloop 
  endfacet
  facet normal 0.000000E+000 0.000000E+000 1.000000E+000
    outer loop 
      vertex -2.276707e-001 2.886564e-001 4.000000e+000
      vertex -2.068885e-001 1.054690e-001 4.000000e+000
      vertex -8.690684e-002 2.315376e-001 4.000000e+000
    endloop 
  endfacet
  facet normal 0.000000E+000 0.000000E+000 1.000000E+000
    outer loop 
      vertex -2.276707e-001 2.886564e-001 4.000000e+000
      vertex -8.690684e-002 2.315376e-001 4.000000e+000
      vertex -9.537318e-002 3.937510e-001 4.000000e+000
    endloop 
  endfacet
  facet normal 0.000000E+000 0.000000E+000 1.000000E+000
    outer loop 
      vertex -5.776985e-002 8.710027e-002 4.000000e+000
      vertex 4.448922e-002 1.858186e-001 4.000000e+000
      vertex -8.690684e-002 2.315376e-001 4.000000e+000
    endloop 
  endfacet
  facet normal 0.000000E+000 0.000000E+000 1.000000E+000
    outer loop 
      vertex -5.776985e-002 8.710027e-002 4.000000e+000
      vertex -8.690684e-002 2.315376e-001 4.000000e+000
      vertex -2.068885e-001 1.054690e-001 4.000000e+000
    endloop 
  endfacet
  facet normal 0.000000E+000 0.000000E+000 1.000000E+000
    outer loop 
      vertex 2.615491e-001 5.380473e-002 4.000000e+000
      vertex 1.618998e-001 -5.578063e-002 4.000000e+000
      vertex 3.320260e-001 -1.289176e-001 4.000000e+000
    endloop 
  endfacet
  facet normal 0.000000E+000 0.000000E+000 1.000000E+000
    outer loop 
      vertex 4.331397e-001 -1.202342e-002 4.000000e+000
      vertex 2.615491e-001 5.380473e-002 4.000000e+000
      vertex 3.320260e-001 -1.289176e-001 4.000000e+000
    endloop 
  endfacet
  facet normal 0.000000E+000 0.000000E+000 1.000000E+000
    outer loop 
      vertex 2.615491e-001 5.380473e-002 4.000000e+000
      vertex 3.561973e-001 1.756868e-001 4.000000e+000
      vertex 2.051739e-001 2.088561e-001 4.000000e+000
    endloop 
  endfacet
  facet normal 0.000000E+000 0.000000E+000 1.000000E+000
    outer loop 
      vertex 3.561973e-001 1.756868e-001 4.000000e+000
      vertex 2.615491e-001 5.380473e-002 4.000000e+000
      vertex 4.331397e-001 -1.202342e-002 4.000000e+000
    endloop 
  endfacet
  facet normal 7.696335E-001 5.644852E-001 -2.983636E-001
    outer loop 
      vertex 5.894271e-001 5.428517e-002 1.069540e+000
      vertex 6.997922e-001 -6.964248e-002 1.119766e+000
      vertex 6.890429e-001 -1.404218e-001 9.581276e-001
    endloop 
  endfacet
  facet normal 0.000000E+000 0.000000E+000 1.000000E+000
    outer loop 
      vertex -2.068885e-001 1.054690e-001 4.000000e+000
      vertex -1.404823e-001 -6.395182e-002 4.000000e+000
      vertex -5.776985e-002 8.710027e-002 4.000000e+000
    endloop 
  endfacet
  facet normal 0.000000E+000 0.000000E+000 1.000000E+000
    outer loop 
      vertex -1.404823e-001 -6.395182e-002 4.000000e+000
      vertex 1.354785e-002 -1.531612e-002 4.000000e+000
      vertex -5.776985e-002 8.710027e-002 4.000000e+000
    endloop 
  endfacet
  facet normal 9.205803E-001 -2.782517E-001 2.740582E-001
    outer loop 
      vertex 6.511185e-001 2.677460e-001 1.921144e+000
      vertex 6.219363e-001 3.287644e-001 2.081121e+000
      vertex 5.796075e-001 1.386101e-001 2.030243e+000
    endloop 
  endfacet
  facet normal 9.592815E-001 -7.446278E-002 2.724599E-001
    outer loop 
      vertex 5.369831e-001 2.543171e-001 2.379020e+000
      vertex 5.866862e-001 3.866965e-001 2.240204e+000
      vertex 5.446457e-001 4.420336e-001 2.403344e+000
    endloop 
  endfacet
  facet normal 1.178957E-001 9.492465E-001 -2.916021E-001
    outer loop 
      vertex 4.079508e-001 4.528805e-001 2.383388e+000
      vertex 5.446457e-001 4.420336e-001 2.403344e+000
      vertex 5.866862e-001 3.866965e-001 2.240204e+000
    endloop 
  endfacet
  facet normal 1.939398E-001 9.600596E-001 -2.016751E-001
    outer loop 
      vertex 4.079508e-001 4.528805e-001 2.383388e+000
      vertex 5.866862e-001 3.866965e-001 2.240204e+000
      vertex 3.601182e-001 4.301082e-001 2.228984e+000
    endloop 
  endfacet
  facet normal 1.149582E-001 9.566945E-001 -2.674326E-001
    outer loop 
      vertex 5.446457e-001 4.420336e-001 2.403344e+000
      vertex 4.079508e-001 4.528805e-001 2.383388e+000
      vertex 4.974449e-001 4.923560e-001 2.563075e+000
    endloop 
  endfacet
  facet normal 9.402465E-001 2.034718E-001 2.730124E-001
    outer loop 
      vertex 3.913754e-001 5.765952e-001 2.884476e+000
      vertex 4.344851e-001 4.119923e-001 2.858683e+000
      vertex 4.464397e-001 5.373904e-001 2.724055e+000
    endloop 
  endfacet
  facet normal 0.000000E+000 0.000000E+000 -1.000000E+000
    outer loop 
      vertex -2.533354e-001 -3.212956e-002 0.000000e+000
      vertex -1.252241e-001 8.427107e-004 0.000000e+000
      vertex -1.298412e-001 -1.264382e-001 0.000000e+000
    endloop 
  endfacet
  facet normal 0.000000E+000 0.000000E+000 -1.000000E+000
    outer loop 
      vertex -1.085704e-001 1.559337e-001 0.000000e+000
      vertex 1.016581e-003 2.434756e-002 0.000000e+000
      vertex -1.252241e-001 8.427107e-004 0.000000e+000
    endloop 
  endfacet
  facet normal 0.000000E+000 0.000000E+000 -1.000000E+000
    outer loop 
      vertex -1.298412e-001 -1.264382e-001 0.000000e+000
      vertex -1.252241e-001 8.427107e-004 0.000000e+000
      vertex -1.117158e-003 -1.113729e-001 0.000000e+000
    endloop 
  endfacet
  facet normal 0.000000E+000 0.000000E+000 -1.000000E+000
    outer loop 
      vertex -1.252241e-001 8.427107e-004 0.000000e+000
      vertex 1.016581e-003 2.434756e-002 0.000000e+000
      vertex -1.117158e-003 -1.113729e-001 0.000000e+000
    endloop 
  endfacet
  facet normal 0.000000E+000 0.000000E+000 -1.000000E+000
    outer loop 
      vertex -1.252241e-001 8.427107e-004 0.000000e+000
      vertex -2.481997e-001 1.045120e-001 0.000000e+000
      vertex -1.085704e-001 1.559337e-001 0.000000e+000
    endloop 
  endfacet
  facet normal 0.000000E+000 0.000000E+000 -1.000000E+000
    outer loop 
      vertex -2.481997e-001 1.045120e-001 0.000000e+000
      vertex -1.252241e-001 8.427107e-004 0.000000e+000
      vertex -2.533354e-001 -3.212956e-002 0.000000e+000
    endloop 
  endfacet
  facet normal -9.676656E-001 2.515731E-001 -1.828227E-002
    outer loop 
      vertex -4.655186e-001 1.621417e-001 2.192535e+000
      vertex -4.614215e-001 1.660315e-001 2.029203e+000
      vertex -5.097102e-001 -1.187587e-002 2.136992e+000
    endloop 
  endfacet
  facet normal -9.600291E-001 2.793572E-001 -1.742902E-002
    outer loop 
      vertex -4.614215e-001 1.660315e-001 2.029203e+000
      vertex -4.655186e-001 1.621417e-001 2.192535e+000
      vertex -4.116630e-001 3.407466e-001 2.088779e+000
    endloop 
  endfacet
  facet normal -9.409801E-001 3.207944E-001 1.079234E-001
    outer loop 
      vertex -5.097102e-001 -1.187587e-002 2.136992e+000
      vertex -4.614215e-001 1.660315e-001 2.029203e+000
      vertex -5.249292e-001 -5.504489e-004 1.970634e+000
    endloop 
  endfacet
  facet normal -9.366136E-001 3.497430E-001 2.085326E-002
    outer loop 
      vertex -4.614215e-001 1.660315e-001 2.029203e+000
      vertex -4.710274e-001 1.503880e-001 1.860122e+000
      vertex -5.249292e-001 -5.504489e-004 1.970634e+000
    endloop 
  endfacet
  facet normal -9.210683E-001 3.890584E-001 1.633259E-002
    outer loop 
      vertex -4.614215e-001 1.660315e-001 2.029203e+000
      vertex -4.059141e-001 3.025537e-001 1.907421e+000
      vertex -4.710274e-001 1.503880e-001 1.860122e+000
    endloop 
  endfacet
  facet normal -9.486526E-001 3.021241E-001 -9.369747E-002
    outer loop 
      vertex -4.614215e-001 1.660315e-001 2.029203e+000
      vertex -4.116630e-001 3.407466e-001 2.088779e+000
      vertex -4.059141e-001 3.025537e-001 1.907421e+000
    endloop 
  endfacet
  facet normal 0.000000E+000 0.000000E+000 -1.000000E+000
    outer loop 
      vertex -1.298412e-001 -1.264382e-001 0.000000e+000
      vertex -1.117158e-003 -1.113729e-001 0.000000e+000
      vertex -1.770479e-002 -2.319069e-001 0.000000e+000
    endloop 
  endfacet
  facet normal 0.000000E+000 0.000000E+000 -1.000000E+000
    outer loop 
      vertex -1.117158e-003 -1.113729e-001 0.000000e+000
      vertex 1.197696e-001 -1.840909e-001 0.000000e+000
      vertex -1.770479e-002 -2.319069e-001 0.000000e+000
    endloop 
  endfacet
  facet normal 0.000000E+000 0.000000E+000 1.000000E+000
    outer loop 
      vertex 1.618998e-001 -5.578063e-002 4.000000e+000
      vertex 2.884620e-002 -1.309851e-001 4.000000e+000
      vertex 2.059086e-001 -2.091104e-001 4.000000e+000
    endloop 
  endfacet
  facet normal 0.000000E+000 0.000000E+000 1.000000E+000
    outer loop 
      vertex 1.618998e-001 -5.578063e-002 4.000000e+000
      vertex 1.354785e-002 -1.531612e-002 4.000000e+000
      vertex 2.884620e-002 -1.309851e-001 4.000000e+000
    endloop 
  endfacet
  facet normal 0.000000E+000 0.000000E+000 1.000000E+000
    outer loop 
      vertex 2.059086e-001 -2.091104e-001 4.000000e+000
      vertex 2.884620e-002 -1.309851e-001 4.000000e+000
      vertex 5.805635e-002 -2.620841e-001 4.000000e+000
    endloop 
  endfacet
  facet normal 0.000000E+000 0.000000E+000 1.000000E+000
    outer loop 
      vertex 2.884620e-002 -1.309851e-001 4.000000e+000
      vertex -9.983367e-002 -2.195809e-001 4.000000e+000
      vertex 5.805635e-002 -2.620841e-001 4.000000e+000
    endloop 
  endfacet
  facet normal 0.000000E+000 0.000000E+000 1.000000E+000
    outer loop 
      vertex -1.404823e-001 -6.395182e-002 4.000000e+000
      vertex -9.983367e-002 -2.195809e-001 4.000000e+000
      vertex 2.884620e-002 -1.309851e-001 4.000000e+000
    endloop 
  endfacet
  facet normal 0.000000E+000 0.000000E+000 1.000000E+000
    outer loop 
      vertex -1.404823e-001 -6.395182e-002 4.000000e+000
      vertex 2.884620e-002 -1.309851e-001 4.000000e+000
      vertex 1.354785e-002 -1.531612e-002 4.000000e+000
    endloop 
  endfacet
  facet normal 0.000000E+000 0.000000E+000 1.000000E+000
    outer loop 
      vertex -5.803941e-002 -4.576998e-001 4.000000e+000
      vertex -4.653299e-002 -3.338508e-001 4.000000e+000
      vertex -1.772134e-001 -3.527804e-001 4.000000e+000
    endloop 
  endfacet
  facet normal 0.000000E+000 0.000000E+000 1.000000E+000
    outer loop 
      vertex 6.314260e-002 -4.028902e-001 4.000000e+000
      vertex -4.653299e-002 -3.338508e-001 4.000000e+000
      vertex -5.803941e-002 -4.576998e-001 4.000000e+000
    endloop 
  endfacet
  facet normal 0.000000E+000 0.000000E+000 1.000000E+000
    outer loop 
      vertex -4.653299e-002 -3.338508e-001 4.000000e+000
      vertex -9.983367e-002 -2.195809e-001 4.000000e+000
      vertex -1.772134e-001 -3.527804e-001 4.000000e+000
    endloop 
  endfacet
  facet normal 0.000000E+000 0.000000E+000 1.000000E+000
    outer loop 
      vertex -9.983367e-002 -2.195809e-001 4.000000e+000
      vertex -4.653299e-002 -3.338508e-001 4.000000e+000
      vertex 5.805635e-002 -2.620841e-001 4.000000e+000
    endloop 
  endfacet
  facet normal 0.000000E+000 0.000000E+000 1.000000E+000
    outer loop 
      vertex -4.653299e-002 -3.338508e-001 4.000000e+000
      vertex 6.314260e-002 -4.028902e-001 4.000000e+000
      vertex 5.805635e-002 -2.620841e-001 4.000000e+000
    endloop 
  endfacet
  facet normal 0.000000E+000 0.000000E+000 -1.000000E+000
    outer loop 
      vertex -2.201840e-001 -3.768720e-001 0.000000e+000
      vertex -1.530924e-001 -2.499652e-001 0.000000e+000
      vertex -6.641074e-002 -3.674450e-001 0.000000e+000
    endloop 
  endfacet
  facet normal 0.000000E+000 0.000000E+000 -1.000000E+000
    outer loop 
      vertex -2.751296e-001 -2.709708e-001 0.000000e+000
      vertex -1.530924e-001 -2.499652e-001 0.000000e+000
      vertex -2.201840e-001 -3.768720e-001 0.000000e+000
    endloop 
  endfacet
  facet normal 0.000000E+000 0.000000E+000 -1.000000E+000
    outer loop 
      vertex -6.641074e-002 -3.674450e-001 0.000000e+000
      vertex -1.530924e-001 -2.499652e-001 0.000000e+000
      vertex -1.770479e-002 -2.319069e-001 0.000000e+000
    endloop 
  endfacet
  facet normal 0.000000E+000 0.000000E+000 -1.000000E+000
    outer loop 
      vertex -1.770479e-002 -2.319069e-001 0.000000e+000
      vertex -1.530924e-001 -2.499652e-001 0.000000e+000
      vertex -1.298412e-001 -1.264382e-001 0.000000e+000
    endloop 
  endfacet
  facet normal 0.000000E+000 0.000000E+000 -1.000000E+000
    outer loop 
      vertex -1.530924e-001 -2.499652e-001 0.000000e+000
      vertex -2.574150e-001 -1.560270e-001 0.000000e+000
      vertex -1.298412e-001 -1.264382e-001 0.000000e+000
    endloop 
  endfacet
  facet normal 0.000000E+000 0.000000E+000 -1.000000E+000
    outer loop 
      vertex -2.751296e-001 -2.709708e-001 0.000000e+000
      vertex -2.574150e-001 -1.560270e-001 0.000000e+000
      vertex -1.530924e-001 -2.499652e-001 0.000000e+000
    endloop 
  endfacet
  facet normal -3.239903E-001 -9.358501E-001 1.386178E-001
    outer loop 
      vertex 9.663802e-002 -5.422463e-001 2.164881e+000
      vertex -8.204171e-002 -5.042886e-001 2.003519e+000
      vertex 4.764265e-002 -5.532144e-001 1.976316e+000
    endloop 
  endfacet
  facet normal 0.000000E+000 0.000000E+000 -1.000000E+000
    outer loop 
      vertex -3.818465e-001 -2.199804e-001 0.000000e+000
      vertex -3.789835e-001 -8.326499e-002 0.000000e+000
      vertex -2.574150e-001 -1.560270e-001 0.000000e+000
    endloop 
  endfacet
  facet normal 0.000000E+000 0.000000E+000 -1.000000E+000
    outer loop 
      vertex -3.818465e-001 -2.199804e-001 0.000000e+000
      vertex -2.574150e-001 -1.560270e-001 0.000000e+000
      vertex -2.751296e-001 -2.709708e-001 0.000000e+000
    endloop 
  endfacet
  facet normal 0.000000E+000 0.000000E+000 -1.000000E+000
    outer loop 
      vertex -2.574150e-001 -1.560270e-001 0.000000e+000
      vertex -3.789835e-001 -8.326499e-002 0.000000e+000
      vertex -2.533354e-001 -3.212956e-002 0.000000e+000
    endloop 
  endfacet
  facet normal 0.000000E+000 0.000000E+000 -1.000000E+000
    outer loop 
      vertex -2.574150e-001 -1.560270e-001 0.000000e+000
      vertex -2.533354e-001 -3.212956e-002 0.000000e+000
      vertex -1.298412e-001 -1.264382e-001 0.000000e+000
    endloop 
  endfacet
  facet normal 0.000000E+000 0.000000E+000 -1.000000E+000
    outer loop 
      vertex -1.666667e-001 5.000000e-001 0.000000e+000
      vertex -1.229551e-001 3.372158e-001 0.000000e+000
      vertex -2.453599e-001 3.902999e-001 0.000000e+000
    endloop 
  endfacet
  facet normal 0.000000E+000 0.000000E+000 -1.000000E+000
    outer loop 
      vertex -2.457781e-001 2.525930e-001 0.000000e+000
      vertex -2.453599e-001 3.902999e-001 0.000000e+000
      vertex -1.229551e-001 3.372158e-001 0.000000e+000
    endloop 
  endfacet
  facet normal 0.000000E+000 0.000000E+000 -1.000000E+000
    outer loop 
      vertex -1.229551e-001 3.372158e-001 0.000000e+000
      vertex 5.137601e-003 2.877174e-001 0.000000e+000
      vertex -1.085704e-001 1.559337e-001 0.000000e+000
    endloop 
  endfacet
  facet normal 0.000000E+000 0.000000E+000 -1.000000E+000
    outer loop 
      vertex -1.085704e-001 1.559337e-001 0.000000e+000
      vertex -2.457781e-001 2.525930e-001 0.000000e+000
      vertex -1.229551e-001 3.372158e-001 0.000000e+000
    endloop 
  endfacet
  facet normal 0.000000E+000 0.000000E+000 -1.000000E+000
    outer loop 
      vertex -1.666667e-001 5.000000e-001 0.000000e+000
      vertex 0.000000e+000 5.000000e-001 0.000000e+000
      vertex -1.229551e-001 3.372158e-001 0.000000e+000
    endloop 
  endfacet
  facet normal 0.000000E+000 0.000000E+000 -1.000000E+000
    outer loop 
      vertex -1.229551e-001 3.372158e-001 0.000000e+000
      vertex 0.000000e+000 5.000000e-001 0.000000e+000
      vertex 5.137601e-003 2.877174e-001 0.000000e+000
    endloop 
  endfacet
  facet normal 0.000000E+000 0.000000E+000 -1.000000E+000
    outer loop 
      vertex -3.766828e-001 6.072977e-002 0.000000e+000
      vertex -3.758429e-001 2.112186e-001 0.000000e+000
      vertex -2.481997e-001 1.045120e-001 0.000000e+000
    endloop 
  endfacet
  facet normal 0.000000E+000 0.000000E+000 -1.000000E+000
    outer loop 
      vertex -3.758429e-001 2.112186e-001 0.000000e+000
      vertex -2.457781e-001 2.525930e-001 0.000000e+000
      vertex -2.481997e-001 1.045120e-001 0.000000e+000
    endloop 
  endfacet
  facet normal 0.000000E+000 0.000000E+000 -1.000000E+000
    outer loop 
      vertex -2.533354e-001 -3.212956e-002 0.000000e+000
      vertex -3.766828e-001 6.072977e-002 0.000000e+000
      vertex -2.481997e-001 1.045120e-001 0.000000e+000
    endloop 
  endfacet
  facet normal 0.000000E+000 0.000000E+000 -1.000000E+000
    outer loop 
      vertex -2.481997e-001 1.045120e-001 0.000000e+000
      vertex -2.457781e-001 2.525930e-001 0.000000e+000
      vertex -1.085704e-001 1.559337e-001 0.000000e+000
    endloop 
  endfacet
  facet normal 0.000000E+000 0.000000E+000 1.000000E+000
    outer loop 
      vertex -4.308656e-001 -1.452945e-001 4.000000e+000
      vertex -4.457375e-001 -2.974336e-001 4.000000e+000
      vertex -2.796423e-001 -2.131494e-001 4.000000e+000
    endloop 
  endfacet
  facet normal 0.000000E+000 0.000000E+000 1.000000E+000
    outer loop 
      vertex -4.308656e-001 -1.452945e-001 4.000000e+000
      vertex -2.796423e-001 -2.131494e-001 4.000000e+000
      vertex -3.110144e-001 -3.112178e-002 4.000000e+000
    endloop 
  endfacet
  facet normal 0.000000E+000 0.000000E+000 1.000000E+000
    outer loop 
      vertex -9.983367e-002 -2.195809e-001 4.000000e+000
      vertex -2.796423e-001 -2.131494e-001 4.000000e+000
      vertex -1.772134e-001 -3.527804e-001 4.000000e+000
    endloop 
  endfacet
  facet normal 0.000000E+000 0.000000E+000 1.000000E+000
    outer loop 
      vertex -3.117834e-001 -4.040757e-001 4.000000e+000
      vertex -1.772134e-001 -3.527804e-001 4.000000e+000
      vertex -2.796423e-001 -2.131494e-001 4.000000e+000
    endloop 
  endfacet
  facet normal 0.000000E+000 0.000000E+000 1.000000E+000
    outer loop 
      vertex -1.404823e-001 -6.395182e-002 4.000000e+000
      vertex -2.796423e-001 -2.131494e-001 4.000000e+000
      vertex -9.983367e-002 -2.195809e-001 4.000000e+000
    endloop 
  endfacet
  facet normal 0.000000E+000 0.000000E+000 1.000000E+000
    outer loop 
      vertex -3.110144e-001 -3.112178e-002 4.000000e+000
      vertex -2.796423e-001 -2.131494e-001 4.000000e+000
      vertex -1.404823e-001 -6.395182e-002 4.000000e+000
    endloop 
  endfacet
  facet normal 0.000000E+000 0.000000E+000 1.000000E+000
    outer loop 
      vertex -2.796423e-001 -2.131494e-001 4.000000e+000
      vertex -4.457375e-001 -2.974336e-001 4.000000e+000
      vertex -3.117834e-001 -4.040757e-001 4.000000e+000
    endloop 
  endfacet
  facet normal 0.000000E+000 0.000000E+000 -1.000000E+000
    outer loop 
      vertex 3.775123e-001 2.188884e-001 0.000000e+000
      vertex 3.779213e-001 8.281100e-002 0.000000e+000
      vertex 2.504312e-001 1.480949e-001 0.000000e+000
    endloop 
  endfacet
  facet normal 0.000000E+000 0.000000E+000 -1.000000E+000
    outer loop 
      vertex 2.514211e-001 2.763562e-001 0.000000e+000
      vertex 3.775123e-001 2.188884e-001 0.000000e+000
      vertex 2.504312e-001 1.480949e-001 0.000000e+000
    endloop 
  endfacet
  facet normal 0.000000E+000 0.000000E+000 -1.000000E+000
    outer loop 
      vertex 2.504312e-001 1.480949e-001 0.000000e+000
      vertex 3.779213e-001 8.281100e-002 0.000000e+000
      vertex 2.514290e-001 2.113478e-002 0.000000e+000
    endloop 
  endfacet
  facet normal 0.000000E+000 0.000000E+000 -1.000000E+000
    outer loop 
      vertex 1.266406e-001 8.004968e-002 0.000000e+000
      vertex 2.504312e-001 1.480949e-001 0.000000e+000
      vertex 2.514290e-001 2.113478e-002 0.000000e+000
    endloop 
  endfacet
  facet normal 0.000000E+000 0.000000E+000 1.000000E+000
    outer loop 
      vertex 2.927528e-001 -4.699162e-001 4.000000e+000
      vertex 2.011503e-001 -3.506162e-001 4.000000e+000
      vertex 1.617302e-001 -4.726053e-001 4.000000e+000
    endloop 
  endfacet
  facet normal 0.000000E+000 0.000000E+000 1.000000E+000
    outer loop 
      vertex 2.011503e-001 -3.506162e-001 4.000000e+000
      vertex 6.314260e-002 -4.028902e-001 4.000000e+000
      vertex 1.617302e-001 -4.726053e-001 4.000000e+000
    endloop 
  endfacet
  facet normal 0.000000E+000 0.000000E+000 1.000000E+000
    outer loop 
      vertex 5.805635e-002 -2.620841e-001 4.000000e+000
      vertex 2.011503e-001 -3.506162e-001 4.000000e+000
      vertex 2.059086e-001 -2.091104e-001 4.000000e+000
    endloop 
  endfacet
  facet normal 0.000000E+000 0.000000E+000 1.000000E+000
    outer loop 
      vertex 2.011503e-001 -3.506162e-001 4.000000e+000
      vertex 5.805635e-002 -2.620841e-001 4.000000e+000
      vertex 6.314260e-002 -4.028902e-001 4.000000e+000
    endloop 
  endfacet
  facet normal 0.000000E+000 0.000000E+000 1.000000E+000
    outer loop 
      vertex 2.927528e-001 -4.699162e-001 4.000000e+000
      vertex 4.014835e-001 -3.386920e-001 4.000000e+000
      vertex 2.011503e-001 -3.506162e-001 4.000000e+000
    endloop 
  endfacet
  facet normal 0.000000E+000 0.000000E+000 1.000000E+000
    outer loop 
      vertex 4.014835e-001 -3.386920e-001 4.000000e+000
      vertex 2.059086e-001 -2.091104e-001 4.000000e+000
      vertex 2.011503e-001 -3.506162e-001 4.000000e+000
    endloop 
  endfacet
  facet normal 5.968265E-001 -7.977636E-001 8.585597E-002
    outer loop 
      vertex 3.481227e-001 -3.829480e-001 3.586571e+000
      vertex 4.822302e-001 -2.831581e-001 3.581562e+000
      vertex 4.347124e-001 -3.037879e-001 3.720191e+000
    endloop 
  endfacet
  facet normal 6.638921E-001 -7.477198E-001 1.274783E-002
    outer loop 
      vertex 3.481227e-001 -3.829480e-001 3.586571e+000
      vertex 4.347124e-001 -3.037879e-001 3.720191e+000
      vertex 3.207083e-001 -4.050966e-001 3.715163e+000
    endloop 
  endfacet
  facet normal 7.270380E-001 -6.851548E-001 4.448209E-002
    outer loop 
      vertex 4.160199e-001 -3.145307e-001 3.860241e+000
      vertex 4.347124e-001 -3.037879e-001 3.720191e+000
      vertex 5.243798e-001 -1.988339e-001 3.871221e+000
    endloop 
  endfacet
  facet normal 6.592516E-001 -7.416317E-001 1.239742E-001
    outer loop 
      vertex 4.347124e-001 -3.037879e-001 3.720191e+000
      vertex 5.498234e-001 -1.979155e-001 3.741415e+000
      vertex 5.243798e-001 -1.988339e-001 3.871221e+000
    endloop 
  endfacet
  facet normal 6.631699E-001 -7.478204E-001 3.115077E-002
    outer loop 
      vertex 4.347124e-001 -3.037879e-001 3.720191e+000
      vertex 4.160199e-001 -3.145307e-001 3.860241e+000
      vertex 3.207083e-001 -4.050966e-001 3.715163e+000
    endloop 
  endfacet
  facet normal 6.606942E-001 -7.416221E-001 1.161025E-001
    outer loop 
      vertex 4.347124e-001 -3.037879e-001 3.720191e+000
      vertex 4.822302e-001 -2.831581e-001 3.581562e+000
      vertex 5.498234e-001 -1.979155e-001 3.741415e+000
    endloop 
  endfacet
  facet normal 0.000000E+000 0.000000E+000 -1.000000E+000
    outer loop 
      vertex -1.770479e-002 -2.319069e-001 0.000000e+000
      vertex 9.831080e-002 -3.407064e-001 0.000000e+000
      vertex -6.641074e-002 -3.674450e-001 0.000000e+000
    endloop 
  endfacet
  facet normal 0.000000E+000 0.000000E+000 -1.000000E+000
    outer loop 
      vertex 9.831080e-002 -3.407064e-001 0.000000e+000
      vertex 0.000000e+000 -5.000000e-001 0.000000e+000
      vertex -6.641074e-002 -3.674450e-001 0.000000e+000
    endloop 
  endfacet
  facet normal 0.000000E+000 0.000000E+000 -1.000000E+000
    outer loop 
      vertex 9.831080e-002 -3.407064e-001 0.000000e+000
      vertex 2.567876e-001 -3.806878e-001 0.000000e+000
      vertex 1.666667e-001 -5.000000e-001 0.000000e+000
    endloop 
  endfacet
  facet normal 0.000000E+000 0.000000E+000 -1.000000E+000
    outer loop 
      vertex 2.407040e-001 -2.523085e-001 0.000000e+000
      vertex 2.567876e-001 -3.806878e-001 0.000000e+000
      vertex 9.831080e-002 -3.407064e-001 0.000000e+000
    endloop 
  endfacet
  facet normal 0.000000E+000 0.000000E+000 -1.000000E+000
    outer loop 
      vertex 1.197696e-001 -1.840909e-001 0.000000e+000
      vertex 9.831080e-002 -3.407064e-001 0.000000e+000
      vertex -1.770479e-002 -2.319069e-001 0.000000e+000
    endloop 
  endfacet
  facet normal 0.000000E+000 0.000000E+000 -1.000000E+000
    outer loop 
      vertex 1.197696e-001 -1.840909e-001 0.000000e+000
      vertex 2.407040e-001 -2.523085e-001 0.000000e+000
      vertex 9.831080e-002 -3.407064e-001 0.000000e+000
    endloop 
  endfacet
  facet normal 0.000000E+000 0.000000E+000 -1.000000E+000
    outer loop 
      vertex 1.666667e-001 -5.000000e-001 0.000000e+000
      vertex 0.000000e+000 -5.000000e-001 0.000000e+000
      vertex 9.831080e-002 -3.407064e-001 0.000000e+000
    endloop 
  endfacet
  facet normal 2.711291E-001 9.517488E-001 -1.437473E-001
    outer loop 
      vertex 4.602932e-001 3.777820e-001 2.071478e+000
      vertex 2.747738e-001 4.342723e-001 2.095582e+000
      vertex 3.601182e-001 4.301082e-001 2.228984e+000
    endloop 
  endfacet
  facet normal 2.572456E-001 9.659430E-001 -2.790715E-002
    outer loop 
      vertex 8.505023e-002 4.861234e-001 2.141438e+000
      vertex 1.568989e-001 4.707862e-001 2.272870e+000
      vertex 2.747738e-001 4.342723e-001 2.095582e+000
    endloop 
  endfacet
  facet normal 2.593566E-001 9.655989E-001 -1.878409E-002
    outer loop 
      vertex 2.085320e-001 4.493314e-001 1.955080e+000
      vertex 8.505023e-002 4.861234e-001 2.141438e+000
      vertex 2.747738e-001 4.342723e-001 2.095582e+000
    endloop 
  endfacet
  facet normal 1.782382E-001 9.804446E-001 -8.342421E-002
    outer loop 
      vertex 2.747738e-001 4.342723e-001 2.095582e+000
      vertex 1.568989e-001 4.707862e-001 2.272870e+000
      vertex 3.601182e-001 4.301082e-001 2.228984e+000
    endloop 
  endfacet
  facet normal -2.449865E-001 -9.676256E-001 -6.068223E-002
    outer loop 
      vertex -6.857675e-002 -5.025410e-001 2.139688e+000
      vertex -1.998375e-001 -4.721984e-001 2.185778e+000
      vertex -2.298571e-001 -4.533565e-001 2.006524e+000
    endloop 
  endfacet
  facet normal -3.370202E-001 -9.405412E-001 -4.242248E-002
    outer loop 
      vertex -2.298571e-001 -4.533565e-001 2.006524e+000
      vertex -1.998375e-001 -4.721984e-001 2.185778e+000
      vertex -4.233214e-001 -3.831924e-001 1.987882e+000
    endloop 
  endfacet
  facet normal -4.190961E-001 -9.068781E-001 -4.393758E-002
    outer loop 
      vertex -2.298571e-001 -4.533565e-001 2.006524e+000
      vertex -3.589332e-001 -3.854804e-001 1.836737e+000
      vertex -2.221702e-001 -4.507428e-001 1.879257e+000
    endloop 
  endfacet
  facet normal -3.262306E-001 -9.444812E-001 -3.910078E-002
    outer loop 
      vertex -2.298571e-001 -4.533565e-001 2.006524e+000
      vertex -2.221702e-001 -4.507428e-001 1.879257e+000
      vertex -8.204171e-002 -5.042886e-001 2.003519e+000
    endloop 
  endfacet
  facet normal -3.246463E-001 -9.448009E-001 4.422742E-002
    outer loop 
      vertex -6.857675e-002 -5.025410e-001 2.139688e+000
      vertex -2.298571e-001 -4.533565e-001 2.006524e+000
      vertex -8.204171e-002 -5.042886e-001 2.003519e+000
    endloop 
  endfacet
  facet normal -3.275544E-001 -9.364786E-001 -1.253630E-001
    outer loop 
      vertex -3.589332e-001 -3.854804e-001 1.836737e+000
      vertex -2.298571e-001 -4.533565e-001 2.006524e+000
      vertex -4.233214e-001 -3.831924e-001 1.987882e+000
    endloop 
  endfacet
  facet normal 9.665928E-001 -2.407781E-001 -8.788792E-002
    outer loop 
      vertex 4.760594e-001 -1.914153e-001 2.158898e+000
      vertex 4.365070e-001 -3.418571e-001 2.136051e+000
      vertex 4.401047e-001 -2.774531e-001 1.999177e+000
    endloop 
  endfacet
  facet normal 9.460741E-001 -3.214976E-001 -3.978734E-002
    outer loop 
      vertex 4.847132e-001 -1.469221e-001 2.005147e+000
      vertex 4.760594e-001 -1.914153e-001 2.158898e+000
      vertex 4.401047e-001 -2.774531e-001 1.999177e+000
    endloop 
  endfacet
  facet normal 9.662415E-001 -2.396818E-001 -9.449872E-002
    outer loop 
      vertex 4.365070e-001 -3.418571e-001 2.136051e+000
      vertex 4.760594e-001 -1.914153e-001 2.158898e+000
      vertex 4.751126e-001 -2.531094e-001 2.305694e+000
    endloop 
  endfacet
  facet normal 9.893262E-001 -1.365056E-001 -5.098786E-002
    outer loop 
      vertex 4.990723e-001 -8.720383e-002 2.326425e+000
      vertex 4.751126e-001 -2.531094e-001 2.305694e+000
      vertex 4.760594e-001 -1.914153e-001 2.158898e+000
    endloop 
  endfacet
  facet normal 9.749556E-001 -2.223563E-001 4.390410E-003
    outer loop 
      vertex 5.104487e-001 -4.018733e-002 2.181331e+000
      vertex 4.990723e-001 -8.720383e-002 2.326425e+000
      vertex 4.760594e-001 -1.914153e-001 2.158898e+000
    endloop 
  endfacet
  facet normal 9.753522E-001 -2.204743E-001 -8.904800E-003
    outer loop 
      vertex 4.847132e-001 -1.469221e-001 2.005147e+000
      vertex 5.104487e-001 -4.018733e-002 2.181331e+000
      vertex 4.760594e-001 -1.914153e-001 2.158898e+000
    endloop 
  endfacet
  facet normal 8.560765E-001 5.150687E-001 4.286283E-002
    outer loop 
      vertex 4.143055e-001 2.921844e-001 3.300227e+000
      vertex 3.263275e-001 4.280058e-001 3.425242e+000
      vertex 4.090833e-001 2.882386e-001 3.451942e+000
    endloop 
  endfacet
  facet normal 8.835714E-001 4.663601E-001 4.254245E-002
    outer loop 
      vertex 4.143055e-001 2.921844e-001 3.300227e+000
      vertex 4.090833e-001 2.882386e-001 3.451942e+000
      vertex 4.648990e-001 1.924672e-001 3.342565e+000
    endloop 
  endfacet
  facet normal 8.035057E-001 5.951979E-001 1.086406E-002
    outer loop 
      vertex 4.090833e-001 2.882386e-001 3.451942e+000
      vertex 3.456760e-001 3.714502e-001 3.582718e+000
      vertex 4.387898e-001 2.458479e-001 3.577270e+000
    endloop 
  endfacet
  facet normal 8.506358E-001 5.193225E-001 8.199420E-002
    outer loop 
      vertex 4.090833e-001 2.882386e-001 3.451942e+000
      vertex 3.263275e-001 4.280058e-001 3.425242e+000
      vertex 3.456760e-001 3.714502e-001 3.582718e+000
    endloop 
  endfacet
  facet normal 4.960784E-001 -8.665144E-001 5.530755E-002
    outer loop 
      vertex 3.218753e-001 -4.127692e-001 3.297935e+000
      vertex 4.573561e-001 -3.286511e-001 3.400641e+000
      vertex 3.515078e-001 -3.860215e-001 3.451210e+000
    endloop 
  endfacet
  facet normal 4.754343E-001 -8.776174E-001 6.123618E-002
    outer loop 
      vertex 3.218753e-001 -4.127692e-001 3.297935e+000
      vertex 3.515078e-001 -3.860215e-001 3.451210e+000
      vertex 2.328592e-001 -4.581030e-001 3.339341e+000
    endloop 
  endfacet
  facet normal 5.225813E-001 -8.410757E-001 1.396434E-001
    outer loop 
      vertex 4.573561e-001 -3.286511e-001 3.400641e+000
      vertex 4.822302e-001 -2.831581e-001 3.581562e+000
      vertex 3.515078e-001 -3.860215e-001 3.451210e+000
    endloop 
  endfacet
  facet normal -4.244416E-001 -9.043037E-001 -4.565193E-002
    outer loop 
      vertex -2.221702e-001 -4.507428e-001 1.879257e+000
      vertex -2.917350e-001 -4.103987e-001 1.726860e+000
      vertex -1.250741e-001 -4.946097e-001 1.845465e+000
    endloop 
  endfacet
  facet normal -3.961635E-001 -9.167220E-001 5.172338E-002
    outer loop 
      vertex -1.250741e-001 -4.946097e-001 1.845465e+000
      vertex -8.204171e-002 -5.042886e-001 2.003519e+000
      vertex -2.221702e-001 -4.507428e-001 1.879257e+000
    endloop 
  endfacet
  facet normal -4.834951E-001 -8.733349E-001 5.931690E-002
    outer loop 
      vertex -1.250741e-001 -4.946097e-001 1.845465e+000
      vertex -2.917350e-001 -4.103987e-001 1.726860e+000
      vertex -1.820984e-001 -4.733391e-001 1.693829e+000
    endloop 
  endfacet
  facet normal -4.483339E-001 -8.928138E-001 4.336176E-002
    outer loop 
      vertex -1.820984e-001 -4.733391e-001 1.693829e+000
      vertex -1.208028e-002 -5.532383e-001 1.806596e+000
      vertex -1.250741e-001 -4.946097e-001 1.845465e+000
    endloop 
  endfacet
  facet normal -4.154780E-001 -8.977560E-001 1.463295E-001
    outer loop 
      vertex -1.208028e-002 -5.532383e-001 1.806596e+000
      vertex 4.764265e-002 -5.532144e-001 1.976316e+000
      vertex -1.250741e-001 -4.946097e-001 1.845465e+000
    endloop 
  endfacet
  facet normal -3.459807E-001 -9.375202E-001 3.678674E-002
    outer loop 
      vertex -1.250741e-001 -4.946097e-001 1.845465e+000
      vertex 4.764265e-002 -5.532144e-001 1.976316e+000
      vertex -8.204171e-002 -5.042886e-001 2.003519e+000
    endloop 
  endfacet
  facet normal 9.158021E-001 3.939964E-001 -7.793113E-002
    outer loop 
      vertex 5.771292e-001 -8.662477e-002 6.532087e-001
      vertex 5.112788e-001 4.918177e-002 5.659699e-001
      vertex 5.014566e-001 1.107899e-001 7.620168e-001
    endloop 
  endfacet
  facet normal 9.260336E-001 3.708650E-001 -7.014941E-002
    outer loop 
      vertex 5.112788e-001 4.918177e-002 5.659699e-001
      vertex 4.547985e-001 2.035534e-001 6.365108e-001
      vertex 5.014566e-001 1.107899e-001 7.620168e-001
    endloop 
  endfacet
  facet normal 9.250212E-001 3.412181E-001 -1.670511E-001
    outer loop 
      vertex 5.771292e-001 -8.662477e-002 6.532087e-001
      vertex 5.458350e-001 -8.713555e-002 4.788785e-001
      vertex 5.112788e-001 4.918177e-002 5.659699e-001
    endloop 
  endfacet
  facet normal 9.495382E-001 2.997346E-001 -9.239234E-002
    outer loop 
      vertex 5.112788e-001 4.918177e-002 5.659699e-001
      vertex 5.458350e-001 -8.713555e-002 4.788785e-001
      vertex 5.170990e-001 -2.907198e-002 3.719188e-001
    endloop 
  endfacet
  facet normal -9.700537E-001 1.041737E-001 -2.194165E-001
    outer loop 
      vertex -4.631393e-001 3.928384e-001 2.431632e+000
      vertex -4.430861e-001 5.281577e-001 2.407221e+000
      vertex -4.165858e-001 4.422871e-001 2.249293e+000
    endloop 
  endfacet
  facet normal -9.663993E-001 1.557277E-001 -2.045024E-001
    outer loop 
      vertex -4.165858e-001 4.422871e-001 2.249293e+000
      vertex -4.487743e-001 2.961484e-001 2.290119e+000
      vertex -4.631393e-001 3.928384e-001 2.431632e+000
    endloop 
  endfacet
  facet normal -9.493214E-001 2.090475E-001 -2.347084E-001
    outer loop 
      vertex -3.878297e-001 5.714946e-001 2.248064e+000
      vertex -3.588766e-001 5.124368e-001 2.078357e+000
      vertex -4.165858e-001 4.422871e-001 2.249293e+000
    endloop 
  endfacet
  facet normal -9.392160E-001 2.764013E-001 -2.036555E-001
    outer loop 
      vertex -4.116630e-001 3.407466e-001 2.088779e+000
      vertex -4.165858e-001 4.422871e-001 2.249293e+000
      vertex -3.588766e-001 5.124368e-001 2.078357e+000
    endloop 
  endfacet
  facet normal -9.403551E-001 2.067147E-001 -2.701877E-001
    outer loop 
      vertex -4.165858e-001 4.422871e-001 2.249293e+000
      vertex -4.430861e-001 5.281577e-001 2.407221e+000
      vertex -3.878297e-001 5.714946e-001 2.248064e+000
    endloop 
  endfacet
  facet normal -9.743997E-001 1.752935E-001 -1.407740E-001
    outer loop 
      vertex -4.165858e-001 4.422871e-001 2.249293e+000
      vertex -4.116630e-001 3.407466e-001 2.088779e+000
      vertex -4.487743e-001 2.961484e-001 2.290119e+000
    endloop 
  endfacet
  facet normal 7.522621E-001 6.383099E-001 1.632854E-001
    outer loop 
      vertex 2.518125e-001 5.030011e-001 1.024523e+000
      vertex 1.513291e-001 5.782257e-001 1.193388e+000
      vertex 2.820122e-001 4.392611e-001 1.134562e+000
    endloop 
  endfacet
  facet normal 7.758164E-001 6.306701E-001 1.908376E-002
    outer loop 
      vertex 3.933166e-001 3.044987e-001 1.063236e+000
      vertex 2.820122e-001 4.392611e-001 1.134562e+000
      vertex 3.395298e-001 3.649717e-001 1.251368e+000
    endloop 
  endfacet
  facet normal 7.485207E-001 6.514083E-001 1.240318E-001
    outer loop 
      vertex 1.513291e-001 5.782257e-001 1.193388e+000
      vertex 2.043801e-001 4.946081e-001 1.312385e+000
      vertex 2.820122e-001 4.392611e-001 1.134562e+000
    endloop 
  endfacet
  facet normal 7.108395E-001 6.971321E-001 9.334999E-002
    outer loop 
      vertex 3.395298e-001 3.649717e-001 1.251368e+000
      vertex 2.820122e-001 4.392611e-001 1.134562e+000
      vertex 2.043801e-001 4.946081e-001 1.312385e+000
    endloop 
  endfacet
  facet normal 8.162445E-001 5.680764E-001 1.050432E-001
    outer loop 
      vertex 3.488995e-001 3.754324e-001 9.599972e-001
      vertex 2.518125e-001 5.030011e-001 1.024523e+000
      vertex 2.820122e-001 4.392611e-001 1.134562e+000
    endloop 
  endfacet
  facet normal 7.888124E-001 6.094851E-001 7.939113E-002
    outer loop 
      vertex 3.933166e-001 3.044987e-001 1.063236e+000
      vertex 3.488995e-001 3.754324e-001 9.599972e-001
      vertex 2.820122e-001 4.392611e-001 1.134562e+000
    endloop 
  endfacet
  facet normal 7.969796E-001 5.951901E-001 1.028213E-001
    outer loop 
      vertex 2.554844e-001 4.887105e-001 3.603032e+000
      vertex 2.807313e-001 4.333149e-001 3.728003e+000
      vertex 3.456760e-001 3.714502e-001 3.582718e+000
    endloop 
  endfacet
  facet normal 7.356151E-001 6.617589E-001 1.447262E-001
    outer loop 
      vertex 2.807313e-001 4.333149e-001 3.728003e+000
      vertex 2.554844e-001 4.887105e-001 3.603032e+000
      vertex 1.945166e-001 5.259413e-001 3.742682e+000
    endloop 
  endfacet
  facet normal 6.818861E-001 7.291865E-001 5.760553E-002
    outer loop 
      vertex 1.915891e-001 5.052128e-001 3.873090e+000
      vertex 3.025284e-001 4.025579e-001 3.859317e+000
      vertex 2.807313e-001 4.333149e-001 3.728003e+000
    endloop 
  endfacet
  facet normal 7.437559E-001 6.676403E-001 3.292010E-002
    outer loop 
      vertex 3.025284e-001 4.025579e-001 3.859317e+000
      vertex 3.779924e-001 3.256156e-001 3.714815e+000
      vertex 2.807313e-001 4.333149e-001 3.728003e+000
    endloop 
  endfacet
  facet normal 7.360837E-001 6.657422E-001 1.223445E-001
    outer loop 
      vertex 1.945166e-001 5.259413e-001 3.742682e+000
      vertex 1.915891e-001 5.052128e-001 3.873090e+000
      vertex 2.807313e-001 4.333149e-001 3.728003e+000
    endloop 
  endfacet
  facet normal 7.442432E-001 6.661052E-001 4.905051E-002
    outer loop 
      vertex 2.807313e-001 4.333149e-001 3.728003e+000
      vertex 3.779924e-001 3.256156e-001 3.714815e+000
      vertex 3.456760e-001 3.714502e-001 3.582718e+000
    endloop 
  endfacet
  facet normal 7.128538E-001 -6.701499E-001 2.067331E-001
    outer loop 
      vertex 7.034925e-001 -4.440248e-004 1.279049e+000
      vertex 6.017960e-001 -6.526881e-002 1.419580e+000
      vertex 6.103981e-001 -1.126623e-001 1.236287e+000
    endloop 
  endfacet
  facet normal 7.068757E-001 -6.760694E-001 2.079832E-001
    outer loop 
      vertex 6.103981e-001 -1.126623e-001 1.236287e+000
      vertex 6.017960e-001 -6.526881e-002 1.419580e+000
      vertex 5.165384e-001 -1.888649e-001 1.307585e+000
    endloop 
  endfacet
  facet normal 6.850848E-001 -6.738189E-001 2.768159E-001
    outer loop 
      vertex 6.997922e-001 -6.964248e-002 1.119766e+000
      vertex 7.034925e-001 -4.440248e-004 1.279049e+000
      vertex 6.103981e-001 -1.126623e-001 1.236287e+000
    endloop 
  endfacet
  facet normal 6.870602E-001 -7.123698E-001 1.430998E-001
    outer loop 
      vertex 5.165384e-001 -1.888649e-001 1.307585e+000
      vertex 5.217923e-001 -2.176075e-001 1.139276e+000
      vertex 6.103981e-001 -1.126623e-001 1.236287e+000
    endloop 
  endfacet
  facet normal 6.438439E-001 -7.316929E-001 2.238092E-001
    outer loop 
      vertex 6.156745e-001 -1.599524e-001 1.066504e+000
      vertex 6.997922e-001 -6.964248e-002 1.119766e+000
      vertex 6.103981e-001 -1.126623e-001 1.236287e+000
    endloop 
  endfacet
  facet normal 6.310702E-001 -7.419891E-001 2.262801E-001
    outer loop 
      vertex 5.217923e-001 -2.176075e-001 1.139276e+000
      vertex 6.156745e-001 -1.599524e-001 1.066504e+000
      vertex 6.103981e-001 -1.126623e-001 1.236287e+000
    endloop 
  endfacet
  facet normal 9.797236E-001 1.138842E-002 -2.000299E-001
    outer loop 
      vertex 5.102558e-001 -2.011621e-001 2.562828e+000
      vertex 5.227115e-001 -3.274828e-001 2.616643e+000
      vertex 4.880658e-001 -3.444284e-001 2.445988e+000
    endloop 
  endfacet
  facet normal 9.915184E-001 4.598055E-002 -1.215605E-001
    outer loop 
      vertex 5.102558e-001 -2.011621e-001 2.562828e+000
      vertex 5.242138e-001 -1.565074e-001 2.693568e+000
      vertex 5.227115e-001 -3.274828e-001 2.616643e+000
    endloop 
  endfacet
  facet normal 9.909720E-001 -5.308412E-002 -1.231120E-001
    outer loop 
      vertex 5.102558e-001 -2.011621e-001 2.562828e+000
      vertex 4.880658e-001 -3.444284e-001 2.445988e+000
      vertex 4.999663e-001 -1.458031e-001 2.456134e+000
    endloop 
  endfacet
  facet normal -9.763983E-001 4.754897E-002 -2.106785E-001
    outer loop 
      vertex -4.631393e-001 3.928384e-001 2.431632e+000
      vertex -4.798318e-001 2.510157e-001 2.476985e+000
      vertex -5.015582e-001 3.401360e-001 2.597791e+000
    endloop 
  endfacet
  facet normal -9.866781E-001 6.902093E-002 -1.473177E-001
    outer loop 
      vertex -4.631393e-001 3.928384e-001 2.431632e+000
      vertex -4.487743e-001 2.961484e-001 2.290119e+000
      vertex -4.798318e-001 2.510157e-001 2.476985e+000
    endloop 
  endfacet
  facet normal -9.878460E-001 -3.578456E-002 -1.512610E-001
    outer loop 
      vertex -5.059642e-001 1.962927e-001 2.660595e+000
      vertex -5.015582e-001 3.401360e-001 2.597791e+000
      vertex -4.798318e-001 2.510157e-001 2.476985e+000
    endloop 
  endfacet
  facet normal -9.972698E-001 3.494856E-002 -6.504998E-002
    outer loop 
      vertex -4.798318e-001 2.510157e-001 2.476985e+000
      vertex -4.760535e-001 1.433582e-001 2.361221e+000
      vertex -4.895303e-001 1.058689e-001 2.547691e+000
    endloop 
  endfacet
  facet normal -9.842659E-001 1.122175E-001 -1.364837E-001
    outer loop 
      vertex -4.760535e-001 1.433582e-001 2.361221e+000
      vertex -4.798318e-001 2.510157e-001 2.476985e+000
      vertex -4.487743e-001 2.961484e-001 2.290119e+000
    endloop 
  endfacet
  facet normal -9.898975E-001 -2.909616E-003 -1.417550E-001
    outer loop 
      vertex -4.895303e-001 1.058689e-001 2.547691e+000
      vertex -5.059642e-001 1.962927e-001 2.660595e+000
      vertex -4.798318e-001 2.510157e-001 2.476985e+000
    endloop 
  endfacet
  facet normal -9.218513E-001 3.722993E-001 -1.076264E-001
    outer loop 
      vertex -4.116630e-001 3.407466e-001 2.088779e+000
      vertex -3.413458e-001 4.665936e-001 1.921819e+000
      vertex -4.059141e-001 3.025537e-001 1.907421e+000
    endloop 
  endfacet
  facet normal -9.168372E-001 3.733077E-001 -1.416011E-001
    outer loop 
      vertex -3.413458e-001 4.665936e-001 1.921819e+000
      vertex -3.427117e-001 4.086852e-001 1.777997e+000
      vertex -4.059141e-001 3.025537e-001 1.907421e+000
    endloop 
  endfacet
  facet normal -9.121410E-001 4.065395E-001 -5.219545E-002
    outer loop 
      vertex -4.021837e-001 2.879962e-001 1.728846e+000
      vertex -4.710274e-001 1.503880e-001 1.860122e+000
      vertex -4.059141e-001 3.025537e-001 1.907421e+000
    endloop 
  endfacet
  facet normal -8.863720E-001 4.595768E-001 -5.598075E-002
    outer loop 
      vertex -4.021837e-001 2.879962e-001 1.728846e+000
      vertex -4.059141e-001 3.025537e-001 1.907421e+000
      vertex -3.427117e-001 4.086852e-001 1.777997e+000
    endloop 
  endfacet
  facet normal 9.457571E-001 -3.208885E-001 -5.073597E-002
    outer loop 
      vertex 4.847132e-001 -1.469221e-001 2.005147e+000
      vertex 4.401047e-001 -2.774531e-001 1.999177e+000
      vertex 4.413379e-001 -2.496349e-001 1.846223e+000
    endloop 
  endfacet
  facet normal 8.743618E-001 -4.848637E-001 -1.996813E-002
    outer loop 
      vertex 4.261698e-001 -2.702192e-001 1.681869e+000
      vertex 4.413379e-001 -2.496349e-001 1.846223e+000
      vertex 3.729309e-001 -3.682401e-001 1.730782e+000
    endloop 
  endfacet
  facet normal 8.992985E-001 -4.364164E-001 -2.833727E-002
    outer loop 
      vertex 4.261698e-001 -2.702192e-001 1.681869e+000
      vertex 4.957667e-001 -1.362828e-001 1.827838e+000
      vertex 4.413379e-001 -2.496349e-001 1.846223e+000
    endloop 
  endfacet
  facet normal 9.029660E-001 -4.286231E-001 3.057191E-002
    outer loop 
      vertex 4.957667e-001 -1.362828e-001 1.827838e+000
      vertex 4.847132e-001 -1.469221e-001 2.005147e+000
      vertex 4.413379e-001 -2.496349e-001 1.846223e+000
    endloop 
  endfacet
  facet normal 1.074752E-002 -9.973639E-001 7.176186E-002
    outer loop 
      vertex 5.791694e-002 -5.081667e-001 2.551246e+000
      vertex 1.056963e-001 -5.153267e-001 2.444579e+000
      vertex 2.279077e-001 -5.047387e-001 2.573431e+000
    endloop 
  endfacet
  facet normal -8.443663E-002 -9.960058E-001 2.903500E-002
    outer loop 
      vertex -5.801404e-002 -5.032542e-001 2.382624e+000
      vertex 1.056963e-001 -5.153267e-001 2.444579e+000
      vertex 5.791694e-002 -5.081667e-001 2.551246e+000
    endloop 
  endfacet
  facet normal -1.024801E-001 -9.933882E-001 5.174699E-002
    outer loop 
      vertex 2.344238e-001 -5.315298e-001 2.388462e+000
      vertex 1.056963e-001 -5.153267e-001 2.444579e+000
      vertex 2.513152e-002 -5.150247e-001 2.290827e+000
    endloop 
  endfacet
  facet normal -9.058692E-002 -9.948481E-001 4.551217E-002
    outer loop 
      vertex 1.056963e-001 -5.153267e-001 2.444579e+000
      vertex -5.801404e-002 -5.032542e-001 2.382624e+000
      vertex 2.513152e-002 -5.150247e-001 2.290827e+000
    endloop 
  endfacet
  facet normal -6.294455E-002 -9.880224E-001 1.408885E-001
    outer loop 
      vertex 1.056963e-001 -5.153267e-001 2.444579e+000
      vertex 2.344238e-001 -5.315298e-001 2.388462e+000
      vertex 2.279077e-001 -5.047387e-001 2.573431e+000
    endloop 
  endfacet
  facet normal 7.877306E-001 5.751207E-001 2.207184E-001
    outer loop 
      vertex 2.518125e-001 5.030011e-001 1.024523e+000
      vertex 2.298946e-001 5.748237e-001 9.156001e-001
      vertex 1.655405e-001 6.110714e-001 1.050826e+000
    endloop 
  endfacet
  facet normal 8.005255E-001 5.521669E-001 2.329604E-001
    outer loop 
      vertex 1.399640e-001 6.849810e-001 9.635329e-001
      vertex 1.655405e-001 6.110714e-001 1.050826e+000
      vertex 2.298946e-001 5.748237e-001 9.156001e-001
    endloop 
  endfacet
  facet normal 7.882795E-001 5.777557E-001 2.116927E-001
    outer loop 
      vertex 1.655405e-001 6.110714e-001 1.050826e+000
      vertex 1.513291e-001 5.782257e-001 1.193388e+000
      vertex 2.518125e-001 5.030011e-001 1.024523e+000
    endloop 
  endfacet
  facet normal 7.444236E-001 6.010592E-001 2.907943E-001
    outer loop 
      vertex 1.655405e-001 6.110714e-001 1.050826e+000
      vertex 1.399640e-001 6.849810e-001 9.635329e-001
      vertex 6.951880e-002 6.953576e-001 1.122422e+000
    endloop 
  endfacet
  facet normal 7.313551E-001 6.450198E-001 2.215154E-001
    outer loop 
      vertex 6.951880e-002 6.953576e-001 1.122422e+000
      vertex 1.513291e-001 5.782257e-001 1.193388e+000
      vertex 1.655405e-001 6.110714e-001 1.050826e+000
    endloop 
  endfacet
  facet normal 5.725915E-001 -7.893193E-001 2.216170E-001
    outer loop 
      vertex 5.252447e-001 -2.453914e-001 9.958447e-001
      vertex 5.836606e-001 -2.290320e-001 9.031817e-001
      vertex 6.156745e-001 -1.599524e-001 1.066504e+000
    endloop 
  endfacet
  facet normal 5.531754E-001 -8.006263E-001 2.302054E-001
    outer loop 
      vertex 5.836606e-001 -2.290320e-001 9.031817e-001
      vertex 6.890429e-001 -1.404218e-001 9.581276e-001
      vertex 6.156745e-001 -1.599524e-001 1.066504e+000
    endloop 
  endfacet
  facet normal 6.059909E-001 -7.781047E-001 1.653121E-001
    outer loop 
      vertex 5.252447e-001 -2.453914e-001 9.958447e-001
      vertex 6.156745e-001 -1.599524e-001 1.066504e+000
      vertex 5.217923e-001 -2.176075e-001 1.139276e+000
    endloop 
  endfacet
  facet normal 6.132959E-001 -7.377030E-001 2.822452E-001
    outer loop 
      vertex 6.156745e-001 -1.599524e-001 1.066504e+000
      vertex 6.890429e-001 -1.404218e-001 9.581276e-001
      vertex 6.997922e-001 -6.964248e-002 1.119766e+000
    endloop 
  endfacet
  facet normal 8.465071E-001 5.313224E-001 3.349808E-002
    outer loop 
      vertex 4.340472e-001 2.437664e-001 8.966798e-001
      vertex 4.133225e-001 2.832102e-001 7.947707e-001
      vertex 3.488995e-001 3.754324e-001 9.599972e-001
    endloop 
  endfacet
  facet normal 8.416263E-001 5.399867E-001 8.917606E-003
    outer loop 
      vertex 3.933166e-001 3.044987e-001 1.063236e+000
      vertex 4.340472e-001 2.437664e-001 8.966798e-001
      vertex 3.488995e-001 3.754324e-001 9.599972e-001
    endloop 
  endfacet
  facet normal 8.734035E-001 4.816920E-001 7.168669E-002
    outer loop 
      vertex 4.133225e-001 2.832102e-001 7.947707e-001
      vertex 3.214142e-001 4.400148e-001 8.609118e-001
      vertex 3.488995e-001 3.754324e-001 9.599972e-001
    endloop 
  endfacet
  facet normal 8.201786E-001 5.559826E-001 1.348723E-001
    outer loop 
      vertex 3.488995e-001 3.754324e-001 9.599972e-001
      vertex 3.214142e-001 4.400148e-001 8.609118e-001
      vertex 2.518125e-001 5.030011e-001 1.024523e+000
    endloop 
  endfacet
  facet normal 8.550892E-001 -5.116765E-001 -8.372358E-002
    outer loop 
      vertex 3.729309e-001 -3.682401e-001 1.730782e+000
      vertex 2.967677e-001 -4.826725e-001 1.652262e+000
      vertex 3.445705e-001 -3.907202e-001 1.578518e+000
    endloop 
  endfacet
  facet normal 8.161238E-001 -5.545693E-001 -1.624650E-001
    outer loop 
      vertex 2.612428e-001 -4.966831e-001 1.521632e+000
      vertex 3.445705e-001 -3.907202e-001 1.578518e+000
      vertex 2.967677e-001 -4.826725e-001 1.652262e+000
    endloop 
  endfacet
  facet normal 7.897341E-001 -6.064916E-001 -9.213009E-002
    outer loop 
      vertex 3.995292e-001 -3.051658e-001 1.486418e+000
      vertex 3.445705e-001 -3.907202e-001 1.578518e+000
      vertex 2.863640e-001 -4.433472e-001 1.426018e+000
    endloop 
  endfacet
  facet normal 8.338467E-001 -5.517922E-001 -1.499527E-002
    outer loop 
      vertex 3.445705e-001 -3.907202e-001 1.578518e+000
      vertex 3.995292e-001 -3.051658e-001 1.486418e+000
      vertex 4.261698e-001 -2.702192e-001 1.681869e+000
    endloop 
  endfacet
  facet normal 8.572599E-001 -5.078713E-001 -8.468969E-002
    outer loop 
      vertex 4.261698e-001 -2.702192e-001 1.681869e+000
      vertex 3.729309e-001 -3.682401e-001 1.730782e+000
      vertex 3.445705e-001 -3.907202e-001 1.578518e+000
    endloop 
  endfacet
  facet normal 8.090597E-001 -5.774291E-001 -1.095357E-001
    outer loop 
      vertex 2.863640e-001 -4.433472e-001 1.426018e+000
      vertex 3.445705e-001 -3.907202e-001 1.578518e+000
      vertex 2.612428e-001 -4.966831e-001 1.521632e+000
    endloop 
  endfacet
  facet normal 0.000000E+000 0.000000E+000 -1.000000E+000
    outer loop 
      vertex 5.000000e-001 -1.666667e-001 0.000000e+000
      vertex 3.782346e-001 -2.876811e-001 0.000000e+000
      vertex 3.506944e-001 -1.791088e-001 0.000000e+000
    endloop 
  endfacet
  facet normal 0.000000E+000 0.000000E+000 -1.000000E+000
    outer loop 
      vertex 3.506944e-001 -1.791088e-001 0.000000e+000
      vertex 3.782346e-001 -2.876811e-001 0.000000e+000
      vertex 2.407040e-001 -2.523085e-001 0.000000e+000
    endloop 
  endfacet
  facet normal 0.000000E+000 0.000000E+000 -1.000000E+000
    outer loop 
      vertex 3.752419e-001 -5.933267e-002 0.000000e+000
      vertex 3.506944e-001 -1.791088e-001 0.000000e+000
      vertex 2.463146e-001 -1.167427e-001 0.000000e+000
    endloop 
  endfacet
  facet normal 0.000000E+000 0.000000E+000 -1.000000E+000
    outer loop 
      vertex 3.752419e-001 -5.933267e-002 0.000000e+000
      vertex 5.000000e-001 -1.666667e-001 0.000000e+000
      vertex 3.506944e-001 -1.791088e-001 0.000000e+000
    endloop 
  endfacet
  facet normal 0.000000E+000 0.000000E+000 -1.000000E+000
    outer loop 
      vertex 2.407040e-001 -2.523085e-001 0.000000e+000
      vertex 2.463146e-001 -1.167427e-001 0.000000e+000
      vertex 3.506944e-001 -1.791088e-001 0.000000e+000
    endloop 
  endfacet
  facet normal -9.476621E-001 -2.269177E-001 2.245993E-001
    outer loop 
      vertex -4.195561e-001 -4.701653e-001 2.811517e+000
      vertex -3.718801e-001 -5.992874e-001 2.882223e+000
      vertex -3.748333e-001 -5.011326e-001 2.968930e+000
    endloop 
  endfacet
  facet normal -9.508423E-001 -2.082792E-001 2.291695E-001
    outer loop 
      vertex -4.226341e-001 -3.823219e-001 2.878581e+000
      vertex -4.195561e-001 -4.701653e-001 2.811517e+000
      vertex -3.748333e-001 -5.011326e-001 2.968930e+000
    endloop 
  endfacet
  facet normal -9.300873E-001 -2.874882E-001 2.286664E-001
    outer loop 
      vertex -3.748333e-001 -5.011326e-001 2.968930e+000
      vertex -3.284853e-001 -5.296370e-001 3.121611e+000
      vertex -4.045147e-001 -3.630791e-001 3.021769e+000
    endloop 
  endfacet
  facet normal -9.222871E-001 -3.172712E-001 2.207384E-001
    outer loop 
      vertex -3.113136e-001 -6.347142e-001 3.042328e+000
      vertex -3.284853e-001 -5.296370e-001 3.121611e+000
      vertex -3.748333e-001 -5.011326e-001 2.968930e+000
    endloop 
  endfacet
  facet normal -9.517430E-001 -2.643153E-001 1.559575E-001
    outer loop 
      vertex -4.226341e-001 -3.823219e-001 2.878581e+000
      vertex -3.748333e-001 -5.011326e-001 2.968930e+000
      vertex -4.045147e-001 -3.630791e-001 3.021769e+000
    endloop 
  endfacet
  facet normal -9.168979E-001 -2.793796E-001 2.850356E-001
    outer loop 
      vertex -3.748333e-001 -5.011326e-001 2.968930e+000
      vertex -3.718801e-001 -5.992874e-001 2.882223e+000
      vertex -3.113136e-001 -6.347142e-001 3.042328e+000
    endloop 
  endfacet
  facet normal 8.928249E-001 3.964260E-001 2.137989E-001
    outer loop 
      vertex 3.672223e-001 4.927111e-001 3.068702e+000
      vertex 2.696680e-001 6.393172e-001 3.204252e+000
      vertex 2.933803e-001 5.351539e-001 3.298369e+000
    endloop 
  endfacet
  facet normal 8.911051E-001 4.010232E-001 2.123964E-001
    outer loop 
      vertex 3.672223e-001 4.927111e-001 3.068702e+000
      vertex 2.933803e-001 5.351539e-001 3.298369e+000
      vertex 3.765115e-001 3.953441e-001 3.213567e+000
    endloop 
  endfacet
  facet normal 9.385440E-001 2.883022E-001 1.897816E-001
    outer loop 
      vertex 3.672223e-001 4.927111e-001 3.068702e+000
      vertex 4.298720e-001 3.269178e-001 3.010736e+000
      vertex 4.344851e-001 4.119923e-001 2.858683e+000
    endloop 
  endfacet
  facet normal 9.412653E-001 3.050916E-001 1.447020E-001
    outer loop 
      vertex 3.672223e-001 4.927111e-001 3.068702e+000
      vertex 3.765115e-001 3.953441e-001 3.213567e+000
      vertex 4.298720e-001 3.269178e-001 3.010736e+000
    endloop 
  endfacet
  facet normal 9.093035E-001 3.206619E-001 2.652225E-001
    outer loop 
      vertex 3.672223e-001 4.927111e-001 3.068702e+000
      vertex 3.913754e-001 5.765952e-001 2.884476e+000
      vertex 3.330426e-001 6.104516e-001 3.043534e+000
    endloop 
  endfacet
  facet normal 9.511475E-001 2.142782E-001 2.222687E-001
    outer loop 
      vertex 3.672223e-001 4.927111e-001 3.068702e+000
      vertex 4.344851e-001 4.119923e-001 2.858683e+000
      vertex 3.913754e-001 5.765952e-001 2.884476e+000
    endloop 
  endfacet
  facet normal 8.984895E-001 3.241188E-001 2.960804E-001
    outer loop 
      vertex 3.672223e-001 4.927111e-001 3.068702e+000
      vertex 3.330426e-001 6.104516e-001 3.043534e+000
      vertex 2.696680e-001 6.393172e-001 3.204252e+000
    endloop 
  endfacet
  facet normal -2.244110E-001 9.501613E-001 2.164099E-001
    outer loop 
      vertex -5.786146e-001 3.705598e-001 2.885269e+000
      vertex -4.676083e-001 3.787118e-001 2.964587e+000
      vertex -4.362755e-001 4.230471e-001 2.802422e+000
    endloop 
  endfacet
  facet normal -1.919216E-001 9.554725E-001 2.241394E-001
    outer loop 
      vertex -3.436422e-001 4.278428e-001 2.861296e+000
      vertex -4.362755e-001 4.230471e-001 2.802422e+000
      vertex -4.676083e-001 3.787118e-001 2.964587e+000
    endloop 
  endfacet
  facet normal -2.568669E-001 9.411604E-001 2.196282E-001
    outer loop 
      vertex -4.676083e-001 3.787118e-001 2.964587e+000
      vertex -4.768738e-001 3.383411e-001 3.126749e+000
      vertex -3.227715e-001 4.143805e-001 2.981133e+000
    endloop 
  endfacet
  facet normal -3.249339E-001 9.219107E-001 2.109468E-001
    outer loop 
      vertex -4.676083e-001 3.787118e-001 2.964587e+000
      vertex -6.139902e-001 3.084237e-001 3.046290e+000
      vertex -4.768738e-001 3.383411e-001 3.126749e+000
    endloop 
  endfacet
  facet normal -2.526361E-001 9.556497E-001 1.513562E-001
    outer loop 
      vertex -4.676083e-001 3.787118e-001 2.964587e+000
      vertex -3.227715e-001 4.143805e-001 2.981133e+000
      vertex -3.436422e-001 4.278428e-001 2.861296e+000
    endloop 
  endfacet
  facet normal -2.762811E-001 9.154630E-001 2.925683E-001
    outer loop 
      vertex -6.139902e-001 3.084237e-001 3.046290e+000
      vertex -4.676083e-001 3.787118e-001 2.964587e+000
      vertex -5.786146e-001 3.705598e-001 2.885269e+000
    endloop 
  endfacet
  facet normal -6.481371E-001 7.374156E-001 1.900967E-001
    outer loop 
      vertex -5.872831e-001 1.043853e-001 3.775529e+000
      vertex -5.306435e-001 2.005830e-001 3.595476e+000
      vertex -6.902528e-001 3.867778e-002 3.679343e+000
    endloop 
  endfacet
  facet normal -6.688105E-001 7.224034E-001 1.755728E-001
    outer loop 
      vertex -5.306435e-001 2.005830e-001 3.595476e+000
      vertex -5.872831e-001 1.043853e-001 3.775529e+000
      vertex -4.465113e-001 2.453445e-001 3.731788e+000
    endloop 
  endfacet
  facet normal -6.814398E-001 7.204700E-001 1.286968E-001
    outer loop 
      vertex -5.872831e-001 1.043853e-001 3.775529e+000
      vertex -5.213923e-001 1.473116e-001 3.884106e+000
      vertex -4.465113e-001 2.453445e-001 3.731788e+000
    endloop 
  endfacet
  facet normal -6.929345E-001 6.595626E-001 2.912368E-001
    outer loop 
      vertex -6.959339e-001 -3.610241e-002 3.835180e+000
      vertex -5.872831e-001 1.043853e-001 3.775529e+000
      vertex -6.902528e-001 3.867778e-002 3.679343e+000
    endloop 
  endfacet
  facet normal -7.338591E-001 -6.517363E-001 1.915478E-001
    outer loop 
      vertex -4.076555e-002 -7.146207e-001 3.678372e+000
      vertex -1.055798e-001 -6.126111e-001 3.777140e+000
      vertex -1.896154e-001 -5.675725e-001 3.608425e+000
    endloop 
  endfacet
  facet normal -7.229924E-001 -6.663908E-001 1.822232E-001
    outer loop 
      vertex -2.413859e-001 -4.767630e-001 3.735110e+000
      vertex -1.896154e-001 -5.675725e-001 3.608425e+000
      vertex -1.055798e-001 -6.126111e-001 3.777140e+000
    endloop 
  endfacet
  facet normal -7.204657E-001 -6.829148E-001 1.206507E-001
    outer loop 
      vertex -1.055798e-001 -6.126111e-001 3.777140e+000
      vertex -1.500837e-001 -5.465349e-001 3.885394e+000
      vertex -2.413859e-001 -4.767630e-001 3.735110e+000
    endloop 
  endfacet
  facet normal -6.556066E-001 -6.972384E-001 2.898943E-001
    outer loop 
      vertex -4.076555e-002 -7.146207e-001 3.678372e+000
      vertex 3.420681e-002 -7.204677e-001 3.833862e+000
      vertex -1.055798e-001 -6.126111e-001 3.777140e+000
    endloop 
  endfacet
  facet normal 6.369838E-001 7.398254E-001 -2.165872E-001
    outer loop 
      vertex 5.574340e-001 1.834413e-001 1.413371e+000
      vertex 6.060015e-001 1.889847e-001 1.575144e+000
      vertex 7.013746e-001 6.716514e-002 1.439521e+000
    endloop 
  endfacet
  facet normal 5.476063E-001 8.143373E-001 -1.923075E-001
    outer loop 
      vertex 6.060015e-001 1.889847e-001 1.575144e+000
      vertex 5.574340e-001 1.834413e-001 1.413371e+000
      vertex 4.601591e-001 2.921273e-001 1.596612e+000
    endloop 
  endfacet
  facet normal 4.738074E-001 8.468521E-001 -2.415534E-001
    outer loop 
      vertex 6.060015e-001 1.889847e-001 1.575144e+000
      vertex 5.674475e-001 2.579780e-001 1.741401e+000
      vertex 6.744023e-001 2.034004e-001 1.759852e+000
    endloop 
  endfacet
  facet normal 5.434920E-001 8.124337E-001 -2.111110E-001
    outer loop 
      vertex 5.674475e-001 2.579780e-001 1.741401e+000
      vertex 6.060015e-001 1.889847e-001 1.575144e+000
      vertex 4.601591e-001 2.921273e-001 1.596612e+000
    endloop 
  endfacet
  facet normal 5.689495E-001 7.692263E-001 -2.908392E-001
    outer loop 
      vertex 7.013746e-001 6.716514e-002 1.439521e+000
      vertex 6.060015e-001 1.889847e-001 1.575144e+000
      vertex 6.910570e-001 1.352991e-001 1.599542e+000
    endloop 
  endfacet
  facet normal 5.681725E-001 7.769905E-001 -2.710461E-001
    outer loop 
      vertex 6.744023e-001 2.034004e-001 1.759852e+000
      vertex 6.910570e-001 1.352991e-001 1.599542e+000
      vertex 6.060015e-001 1.889847e-001 1.575144e+000
    endloop 
  endfacet
  facet normal 8.255762E-001 -5.106921E-001 -2.400364E-001
    outer loop 
      vertex 1.990215e-001 -5.938849e-001 1.552688e+000
      vertex 2.967677e-001 -4.826725e-001 1.652262e+000
      vertex 2.603147e-001 -5.836058e-001 1.741628e+000
    endloop 
  endfacet
  facet normal 8.077300E-001 -5.677725E-001 -1.587662E-001
    outer loop 
      vertex 1.990215e-001 -5.938849e-001 1.552688e+000
      vertex 2.612428e-001 -4.966831e-001 1.521632e+000
      vertex 2.967677e-001 -4.826725e-001 1.652262e+000
    endloop 
  endfacet
  facet normal 7.380612E-001 -6.400779E-001 -2.134615E-001
    outer loop 
      vertex 1.784647e-001 -5.670164e-001 1.401044e+000
      vertex 1.990215e-001 -5.938849e-001 1.552688e+000
      vertex 7.253903e-002 -7.012700e-001 1.437365e+000
    endloop 
  endfacet
  facet normal 7.919384E-001 -5.737156E-001 -2.090070E-001
    outer loop 
      vertex 1.784647e-001 -5.670164e-001 1.401044e+000
      vertex 2.612428e-001 -4.966831e-001 1.521632e+000
      vertex 1.990215e-001 -5.938849e-001 1.552688e+000
    endloop 
  endfacet
  facet normal 7.979932E-001 -5.576552E-001 -2.285334E-001
    outer loop 
      vertex 2.603147e-001 -5.836058e-001 1.741628e+000
      vertex 1.435830e-001 -6.916311e-001 1.597622e+000
      vertex 1.990215e-001 -5.938849e-001 1.552688e+000
    endloop 
  endfacet
  facet normal 7.621868E-001 -5.718068E-001 -3.034936E-001
    outer loop 
      vertex 1.435830e-001 -6.916311e-001 1.597622e+000
      vertex 7.253903e-002 -7.012700e-001 1.437365e+000
      vertex 1.990215e-001 -5.938849e-001 1.552688e+000
    endloop 
  endfacet
  facet normal 2.441978E-001 -9.655917E-001 8.944360E-002
    outer loop 
      vertex 1.474027e-001 -4.775710e-001 4.180511e-001
      vertex 3.079645e-001 -4.367910e-001 4.199293e-001
      vertex 2.851169e-001 -4.314250e-001 5.402366e-001
    endloop 
  endfacet
  facet normal 3.192934E-001 -9.420792E-001 1.026563E-001
    outer loop 
      vertex 4.218225e-001 -3.833407e-001 5.563098e-001
      vertex 2.851169e-001 -4.314250e-001 5.402366e-001
      vertex 3.079645e-001 -4.367910e-001 4.199293e-001
    endloop 
  endfacet
  facet normal 3.126425E-001 -9.498497E-001 6.354763E-003
    outer loop 
      vertex 1.474027e-001 -4.775710e-001 4.180511e-001
      vertex 2.851169e-001 -4.314250e-001 5.402366e-001
      vertex 1.734158e-001 -4.678017e-001 5.984725e-001
    endloop 
  endfacet
  facet normal 7.623829E-001 6.116769E-001 2.112433E-001
    outer loop 
      vertex 1.562671e-001 5.943588e-001 3.655194e+000
      vertex 2.554844e-001 4.887105e-001 3.603032e+000
      vertex 2.283043e-001 5.638361e-001 3.483592e+000
    endloop 
  endfacet
  facet normal 8.310507E-001 5.361187E-001 1.480926E-001
    outer loop 
      vertex 3.263275e-001 4.280058e-001 3.425242e+000
      vertex 2.283043e-001 5.638361e-001 3.483592e+000
      vertex 2.554844e-001 4.887105e-001 3.603032e+000
    endloop 
  endfacet
  facet normal 7.877631E-001 5.718353E-001 2.289843E-001
    outer loop 
      vertex 1.562671e-001 5.943588e-001 3.655194e+000
      vertex 2.283043e-001 5.638361e-001 3.483592e+000
      vertex 1.342482e-001 6.777514e-001 3.522691e+000
    endloop 
  endfacet
  facet normal 8.435484E-001 4.896800E-001 2.205438E-001
    outer loop 
      vertex 2.933803e-001 5.351539e-001 3.298369e+000
      vertex 2.027342e-001 6.617403e-001 3.364014e+000
      vertex 2.283043e-001 5.638361e-001 3.483592e+000
    endloop 
  endfacet
  facet normal 8.334231E-001 5.095580E-001 2.139082E-001
    outer loop 
      vertex 2.933803e-001 5.351539e-001 3.298369e+000
      vertex 2.283043e-001 5.638361e-001 3.483592e+000
      vertex 3.263275e-001 4.280058e-001 3.425242e+000
    endloop 
  endfacet
  facet normal 7.850111E-001 5.509466E-001 2.832232E-001
    outer loop 
      vertex 2.283043e-001 5.638361e-001 3.483592e+000
      vertex 2.027342e-001 6.617403e-001 3.364014e+000
      vertex 1.342482e-001 6.777514e-001 3.522691e+000
    endloop 
  endfacet
  facet normal 9.281125E-001 -2.879177E-001 -2.360308E-001
    outer loop 
      vertex 3.437500e-001 -6.214824e-001 2.077756e+000
      vertex 3.332379e-001 -5.367250e-001 1.933031e+000
      vertex 3.923945e-001 -4.902694e-001 2.108977e+000
    endloop 
  endfacet
  facet normal 9.155526E-001 -3.375364E-001 -2.187069E-001
    outer loop 
      vertex 3.923945e-001 -4.902694e-001 2.108977e+000
      vertex 3.332379e-001 -5.367250e-001 1.933031e+000
      vertex 3.892992e-001 -4.116077e-001 1.974619e+000
    endloop 
  endfacet
  facet normal 8.906009E-001 -3.827968E-001 -2.455537E-001
    outer loop 
      vertex 2.603147e-001 -5.836058e-001 1.741628e+000
      vertex 3.332379e-001 -5.367250e-001 1.933031e+000
      vertex 2.794949e-001 -6.517496e-001 1.917423e+000
    endloop 
  endfacet
  facet normal 8.726425E-001 -4.326585E-001 -2.264989E-001
    outer loop 
      vertex 3.396592e-001 -4.606869e-001 1.812523e+000
      vertex 3.332379e-001 -5.367250e-001 1.933031e+000
      vertex 2.603147e-001 -5.836058e-001 1.741628e+000
    endloop 
  endfacet
  facet normal 8.830484E-001 -3.741516E-001 -2.832599E-001
    outer loop 
      vertex 2.794949e-001 -6.517496e-001 1.917423e+000
      vertex 3.332379e-001 -5.367250e-001 1.933031e+000
      vertex 3.437500e-001 -6.214824e-001 2.077756e+000
    endloop 
  endfacet
  facet normal 9.189334E-001 -3.538165E-001 -1.742849E-001
    outer loop 
      vertex 3.332379e-001 -5.367250e-001 1.933031e+000
      vertex 3.396592e-001 -4.606869e-001 1.812523e+000
      vertex 3.892992e-001 -4.116077e-001 1.974619e+000
    endloop 
  endfacet
endsolid
