solid ASCII
; Created 4/30/2025 7:59:43 AM by Nastran FNO Reader 1.84
; NAS File: C:\Users\Sam\Documents\Inventor\1x1x4_block\InCAD\FEA\py5ys2o95.nas
; Results from: C:\Users\Sam\Documents\Inventor\1x1x4_block\InCAD\FEA\py5ys2o95.FNO
; Subcase: [1] INCR 8, LOAD=1.0
; Deformed positions, scale factor 1.0
;
; Property ID = 1  Element Type = Solid
  facet normal -9.826053E-001 -1.670700E-001 8.108312E-002
    outer loop 
      vertex -4.106536e-001 -5.751526e-001 7.997627e-001
      vertex -4.232734e-001 -4.700468e-001 8.633974e-001
      vertex -4.368176e-001 -4.495269e-001 7.415428e-001
    endloop 
  endfacet
  facet normal -9.818267E-001 -1.720181E-001 8.016334E-002
    outer loop 
      vertex -4.368176e-001 -4.495269e-001 7.415428e-001
      vertex -4.232734e-001 -4.700468e-001 8.633974e-001
      vertex -4.483353e-001 -3.420478e-001 8.311099e-001
    endloop 
  endfacet
  facet normal -9.863446E-001 -1.443289E-001 7.933173E-002
    outer loop 
      vertex -4.596301e-001 -3.156568e-001 7.014630e-001
      vertex -4.512711e-001 -4.273478e-001 6.021907e-001
      vertex -4.368176e-001 -4.495269e-001 7.415428e-001
    endloop 
  endfacet
  facet normal -9.878805E-001 -1.321405E-001 8.143095E-002
    outer loop 
      vertex -4.512711e-001 -4.273478e-001 6.021907e-001
      vertex -4.303504e-001 -5.605419e-001 6.398534e-001
      vertex -4.368176e-001 -4.495269e-001 7.415428e-001
    endloop 
  endfacet
  facet normal -9.868931E-001 -1.516766E-001 5.510223E-002
    outer loop 
      vertex -4.596301e-001 -3.156568e-001 7.014630e-001
      vertex -4.368176e-001 -4.495269e-001 7.415428e-001
      vertex -4.483353e-001 -3.420478e-001 8.311099e-001
    endloop 
  endfacet
  facet normal -9.821166E-001 -1.550476E-001 1.068054E-001
    outer loop 
      vertex -4.368176e-001 -4.495269e-001 7.415428e-001
      vertex -4.303504e-001 -5.605419e-001 6.398534e-001
      vertex -4.106536e-001 -5.751526e-001 7.997627e-001
    endloop 
  endfacet
  facet normal 9.972767E-001 3.656381E-002 -6.404894E-002
    outer loop 
      vertex 5.199625e-001 -2.750607e-001 3.483473e-001
      vertex 5.146826e-001 -3.518836e-001 2.222803e-001
      vertex 5.078794e-001 -1.906678e-001 2.083843e-001
    endloop 
  endfacet
  facet normal 9.971874E-001 3.643536E-002 -6.549539E-002
    outer loop 
      vertex 5.057821e-001 -3.280293e-001 1.000383e-001
      vertex 5.078794e-001 -1.906678e-001 2.083843e-001
      vertex 5.146826e-001 -3.518836e-001 2.222803e-001
    endloop 
  endfacet
  facet normal 9.965243E-001 7.133611E-002 -4.301749E-002
    outer loop 
      vertex 5.199625e-001 -2.750607e-001 3.483473e-001
      vertex 5.078794e-001 -1.906678e-001 2.083843e-001
      vertex 5.091790e-001 -1.051866e-001 3.802445e-001
    endloop 
  endfacet
  facet normal 9.985770E-001 4.194998E-002 -3.292627E-002
    outer loop 
      vertex 5.012571e-001 -2.187861e-002 2.225921e-001
      vertex 5.078794e-001 -1.906678e-001 2.083843e-001
      vertex 5.000000e-001 -1.666667e-001 0.000000e+000
    endloop 
  endfacet
  facet normal 9.987373E-001 4.156046E-002 -2.822419E-002
    outer loop 
      vertex 5.091790e-001 -1.051866e-001 3.802445e-001
      vertex 5.078794e-001 -1.906678e-001 2.083843e-001
      vertex 5.012571e-001 -2.187861e-002 2.225921e-001
    endloop 
  endfacet
  facet normal 9.992539E-001 1.333426E-002 -3.624774E-002
    outer loop 
      vertex 5.057821e-001 -3.280293e-001 1.000383e-001
      vertex 5.000000e-001 -1.666667e-001 0.000000e+000
      vertex 5.078794e-001 -1.906678e-001 2.083843e-001
    endloop 
  endfacet
  facet normal -3.895758E-001 9.172285E-001 -8.320192E-002
    outer loop 
      vertex 2.627173e-001 6.545607e-001 1.920673e+000
      vertex 8.725715e-002 5.809072e-001 1.930263e+000
      vertex 1.459188e-001 6.197432e-001 2.083724e+000
    endloop 
  endfacet
  facet normal -4.247317E-001 9.029003E-001 -6.613739E-002
    outer loop 
      vertex 8.725715e-002 5.809072e-001 1.930263e+000
      vertex -1.513338e-002 5.449052e-001 2.096315e+000
      vertex 1.459188e-001 6.197432e-001 2.083724e+000
    endloop 
  endfacet
  facet normal -3.894987E-001 9.177111E-001 -7.808390E-002
    outer loop 
      vertex 2.627173e-001 6.545607e-001 1.920673e+000
      vertex 1.627448e-001 5.983530e-001 1.758754e+000
      vertex 8.725715e-002 5.809072e-001 1.930263e+000
    endloop 
  endfacet
  facet normal -3.633930E-001 9.293368E-001 -6.541122E-002
    outer loop 
      vertex 8.725715e-002 5.809072e-001 1.930263e+000
      vertex 1.627448e-001 5.983530e-001 1.758754e+000
      vertex 1.361279e-002 5.419303e-001 1.785627e+000
    endloop 
  endfacet
  facet normal 9.042765E-001 4.198857E-001 -7.733035E-002
    outer loop 
      vertex 6.634544e-001 -2.418148e-001 2.080398e+000
      vertex 6.009800e-001 -1.355542e-001 1.926812e+000
      vertex 5.910321e-001 -8.526655e-002 2.083535e+000
    endloop 
  endfacet
  facet normal 9.170521E-001 3.908511E-001 -7.906210E-002
    outer loop 
      vertex 6.004078e-001 -1.693447e-001 1.753129e+000
      vertex 6.009800e-001 -1.355542e-001 1.926812e+000
      vertex 6.551468e-001 -2.639166e-001 1.920528e+000
    endloop 
  endfacet
  facet normal 9.279934E-001 3.651543E-001 -7.409877E-002
    outer loop 
      vertex 6.004078e-001 -1.693447e-001 1.753129e+000
      vertex 5.577218e-001 -5.256404e-002 1.794029e+000
      vertex 6.009800e-001 -1.355542e-001 1.926812e+000
    endloop 
  endfacet
  facet normal 9.147707E-001 3.909912E-001 -1.015901E-001
    outer loop 
      vertex 6.551468e-001 -2.639166e-001 1.920528e+000
      vertex 6.009800e-001 -1.355542e-001 1.926812e+000
      vertex 6.634544e-001 -2.418148e-001 2.080398e+000
    endloop 
  endfacet
  facet normal -5.108500E-001 8.560492E-001 -7.881727E-002
    outer loop 
      vertex 7.708180e-002 6.164331e-001 2.437704e+000
      vertex 5.403191e-002 6.180412e-001 2.604566e+000
      vertex 1.709578e-001 6.837741e-001 2.560655e+000
    endloop 
  endfacet
  facet normal -4.866674E-001 8.674325E-001 -1.035161E-001
    outer loop 
      vertex 1.709578e-001 6.837741e-001 2.560655e+000
      vertex 1.941762e-001 6.777342e-001 2.400884e+000
      vertex 7.708180e-002 6.164331e-001 2.437704e+000
    endloop 
  endfacet
  facet normal -8.731341E-001 -4.801633E-001 -8.414197E-002
    outer loop 
      vertex -6.796269e-001 1.938680e-001 2.400224e+000
      vertex -6.282723e-001 1.147466e-001 2.318835e+000
      vertex -6.290212e-001 8.912137e-002 2.472839e+000
    endloop 
  endfacet
  facet normal -8.758542E-001 -4.753233E-001 -8.334985E-002
    outer loop 
      vertex -6.290212e-001 8.912137e-002 2.472839e+000
      vertex -6.282723e-001 1.147466e-001 2.318835e+000
      vertex -5.810326e-001 1.853296e-002 2.371114e+000
    endloop 
  endfacet
  facet normal -8.609064E-001 -5.025387E-001 -7.934156E-002
    outer loop 
      vertex -6.290212e-001 8.912137e-002 2.472839e+000
      vertex -5.611246e-001 -3.400451e-002 2.515980e+000
      vertex -6.209778e-001 5.310014e-002 2.613716e+000
    endloop 
  endfacet
  facet normal -8.646594E-001 -4.985217E-001 -6.197087E-002
    outer loop 
      vertex -5.611246e-001 -3.400451e-002 2.515980e+000
      vertex -6.290212e-001 8.912137e-002 2.472839e+000
      vertex -5.810326e-001 1.853296e-002 2.371114e+000
    endloop 
  endfacet
  facet normal -8.559813E-001 -5.105166E-001 -8.166268E-002
    outer loop 
      vertex -6.859530e-001 1.706128e-001 2.560148e+000
      vertex -6.290212e-001 8.912137e-002 2.472839e+000
      vertex -6.209778e-001 5.310014e-002 2.613716e+000
    endloop 
  endfacet
  facet normal -8.647423E-001 -4.909872E-001 -1.056037E-001
    outer loop 
      vertex -6.796269e-001 1.938680e-001 2.400224e+000
      vertex -6.290212e-001 8.912137e-002 2.472839e+000
      vertex -6.859530e-001 1.706128e-001 2.560148e+000
    endloop 
  endfacet
  facet normal -4.293247E-001 9.005758E-001 6.814434E-002
    outer loop 
      vertex -5.086597e-001 3.165701e-001 2.038700e+000
      vertex -5.018120e-001 3.072085e-001 2.205562e+000
      vertex -3.388743e-001 3.911240e-001 2.123104e+000
    endloop 
  endfacet
  facet normal -4.248770E-001 9.026875E-001 6.808030E-002
    outer loop 
      vertex -5.018120e-001 3.072085e-001 2.205562e+000
      vertex -5.086597e-001 3.165701e-001 2.038700e+000
      vertex -6.647778e-001 2.399649e-001 2.080116e+000
    endloop 
  endfacet
  facet normal -3.943421E-001 9.161274E-001 7.214405E-002
    outer loop 
      vertex -6.561940e-001 2.624177e-001 1.919931e+000
      vertex -5.086597e-001 3.165701e-001 2.038700e+000
      vertex -5.235835e-001 3.231975e-001 1.872967e+000
    endloop 
  endfacet
  facet normal -3.974805E-001 9.147522E-001 7.237166E-002
    outer loop 
      vertex -5.086597e-001 3.165701e-001 2.038700e+000
      vertex -3.675818e-001 3.845121e-001 1.954767e+000
      vertex -5.235835e-001 3.231975e-001 1.872967e+000
    endloop 
  endfacet
  facet normal -4.164793E-001 9.084580E-001 3.534244E-002
    outer loop 
      vertex -5.086597e-001 3.165701e-001 2.038700e+000
      vertex -3.388743e-001 3.911240e-001 2.123104e+000
      vertex -3.675818e-001 3.845121e-001 1.954767e+000
    endloop 
  endfacet
  facet normal -4.156554E-001 9.035139E-001 1.043703E-001
    outer loop 
      vertex -5.086597e-001 3.165701e-001 2.038700e+000
      vertex -6.561940e-001 2.624177e-001 1.919931e+000
      vertex -6.647778e-001 2.399649e-001 2.080116e+000
    endloop 
  endfacet
  facet normal -2.292606E-001 9.702856E-001 -7.736536E-002
    outer loop 
      vertex 3.701112e-001 6.011857e-001 1.120351e+000
      vertex 2.547340e-001 5.685439e-001 1.052872e+000
      vertex 2.258547e-001 5.781593e-001 1.259045e+000
    endloop 
  endfacet
  facet normal -2.271757E-001 9.707972E-001 -7.709717E-002
    outer loop 
      vertex 2.258547e-001 5.781593e-001 1.259045e+000
      vertex 2.547340e-001 5.685439e-001 1.052872e+000
      vertex 1.175444e-001 5.410945e-001 1.111478e+000
    endloop 
  endfacet
  facet normal -1.949649E-001 9.776638E-001 -7.849959E-002
    outer loop 
      vertex 1.408722e-001 5.379050e-001 9.540758e-001
      vertex 2.547340e-001 5.685439e-001 1.052872e+000
      vertex 2.780891e-001 5.597823e-001 8.857467e-001
    endloop 
  endfacet
  facet normal -1.937823E-001 9.779111E-001 -7.834728E-002
    outer loop 
      vertex 3.906110e-001 5.880631e-001 9.604309e-001
      vertex 2.780891e-001 5.597823e-001 8.857467e-001
      vertex 2.547340e-001 5.685439e-001 1.052872e+000
    endloop 
  endfacet
  facet normal -2.172195E-001 9.747397E-001 -5.194451E-002
    outer loop 
      vertex 2.547340e-001 5.685439e-001 1.052872e+000
      vertex 1.408722e-001 5.379050e-001 9.540758e-001
      vertex 1.175444e-001 5.410945e-001 1.111478e+000
    endloop 
  endfacet
  facet normal -2.122761E-001 9.713432E-001 -1.069177E-001
    outer loop 
      vertex 2.547340e-001 5.685439e-001 1.052872e+000
      vertex 3.701112e-001 6.011857e-001 1.120351e+000
      vertex 3.906110e-001 5.880631e-001 9.604309e-001
    endloop 
  endfacet
  facet normal 3.598322E-001 -9.312960E-001 -5.664454E-002
    outer loop 
      vertex -1.861910e-001 -6.084829e-001 1.754838e+000
      vertex -7.131110e-002 -5.587844e-001 1.667513e+000
      vertex -6.169336e-002 -5.648327e-001 1.828050e+000
    endloop 
  endfacet
  facet normal 3.590325E-001 -9.316068E-001 -5.660835E-002
    outer loop 
      vertex 4.381311e-002 -5.189277e-001 1.741752e+000
      vertex -6.169336e-002 -5.648327e-001 1.828050e+000
      vertex -7.131110e-002 -5.587844e-001 1.667513e+000
    endloop 
  endfacet
  facet normal 0.000000E+000 0.000000E+000 1.000000E+000
    outer loop 
      vertex -5.324715e-001 -2.885184e-002 4.000000e+000
      vertex -4.327069e-001 8.974987e-002 4.000000e+000
      vertex -5.982848e-001 8.042207e-002 4.000000e+000
    endloop 
  endfacet
  facet normal 0.000000E+000 0.000000E+000 1.000000E+000
    outer loop 
      vertex -4.327069e-001 8.974987e-002 4.000000e+000
      vertex -5.324715e-001 -2.885184e-002 4.000000e+000
      vertex -3.823768e-001 -3.226316e-002 4.000000e+000
    endloop 
  endfacet
  facet normal 0.000000E+000 0.000000E+000 1.000000E+000
    outer loop 
      vertex -4.327069e-001 8.974987e-002 4.000000e+000
      vertex -3.244267e-001 1.988409e-001 4.000000e+000
      vertex -4.849366e-001 2.077400e-001 4.000000e+000
    endloop 
  endfacet
  facet normal 0.000000E+000 0.000000E+000 1.000000E+000
    outer loop 
      vertex -4.327069e-001 8.974987e-002 4.000000e+000
      vertex -4.849366e-001 2.077400e-001 4.000000e+000
      vertex -5.982848e-001 8.042207e-002 4.000000e+000
    endloop 
  endfacet
  facet normal 0.000000E+000 0.000000E+000 1.000000E+000
    outer loop 
      vertex 2.594401e-001 -4.617455e-001 4.000000e+000
      vertex 1.683206e-001 -3.444521e-001 4.000000e+000
      vertex 9.689093e-002 -4.754888e-001 4.000000e+000
    endloop 
  endfacet
  facet normal 0.000000E+000 0.000000E+000 1.000000E+000
    outer loop 
      vertex 1.683206e-001 -3.444521e-001 4.000000e+000
      vertex -2.244785e-002 -4.126758e-001 4.000000e+000
      vertex 9.689093e-002 -4.754888e-001 4.000000e+000
    endloop 
  endfacet
  facet normal 0.000000E+000 0.000000E+000 1.000000E+000
    outer loop 
      vertex 9.689093e-002 -4.754888e-001 4.000000e+000
      vertex -8.357424e-002 -5.987049e-001 4.000000e+000
      vertex 1.511001e-001 -5.834861e-001 4.000000e+000
    endloop 
  endfacet
  facet normal 0.000000E+000 0.000000E+000 1.000000E+000
    outer loop 
      vertex 9.689093e-002 -4.754888e-001 4.000000e+000
      vertex -2.244785e-002 -4.126758e-001 4.000000e+000
      vertex -8.357424e-002 -5.987049e-001 4.000000e+000
    endloop 
  endfacet
  facet normal 0.000000E+000 0.000000E+000 1.000000E+000
    outer loop 
      vertex 2.594401e-001 -4.617455e-001 4.000000e+000
      vertex 9.689093e-002 -4.754888e-001 4.000000e+000
      vertex 1.511001e-001 -5.834861e-001 4.000000e+000
    endloop 
  endfacet
  facet normal 0.000000E+000 0.000000E+000 -1.000000E+000
    outer loop 
      vertex -6.641074e-002 -3.674450e-001 0.000000e+000
      vertex -1.666667e-001 -5.000000e-001 0.000000e+000
      vertex -2.201840e-001 -3.768720e-001 0.000000e+000
    endloop 
  endfacet
  facet normal 0.000000E+000 0.000000E+000 -1.000000E+000
    outer loop 
      vertex -2.201840e-001 -3.768720e-001 0.000000e+000
      vertex -1.666667e-001 -5.000000e-001 0.000000e+000
      vertex -3.333333e-001 -5.000000e-001 0.000000e+000
    endloop 
  endfacet
  facet normal -9.996323E-001 -2.711334E-002 4.530181E-004
    outer loop 
      vertex -4.998068e-001 -1.363975e-002 2.770745e-001
      vertex -5.017086e-001 5.412431e-002 1.363158e-001
      vertex -4.959369e-001 -1.585612e-001 1.428476e-001
    endloop 
  endfacet
  facet normal -9.980888E-001 -5.417950E-002 2.972017E-002
    outer loop 
      vertex -4.959369e-001 -1.585612e-001 1.428476e-001
      vertex -4.903726e-001 -1.755979e-001 2.986552e-001
      vertex -4.998068e-001 -1.363975e-002 2.770745e-001
    endloop 
  endfacet
  facet normal -9.980006E-001 -5.301427E-002 -3.441315E-002
    outer loop 
      vertex -5.115278e-001 1.229953e-001 4.065001e-001
      vertex -5.086489e-001 1.747720e-001 2.432488e-001
      vertex -4.998068e-001 -1.363975e-002 2.770745e-001
    endloop 
  endfacet
  facet normal -9.987663E-001 -4.865455E-002 -9.929049E-003
    outer loop 
      vertex -5.086489e-001 1.747720e-001 2.432488e-001
      vertex -5.017086e-001 5.412431e-002 1.363158e-001
      vertex -4.998068e-001 -1.363975e-002 2.770745e-001
    endloop 
  endfacet
  facet normal -9.967000E-001 -8.103556E-002 -4.713185E-003
    outer loop 
      vertex -5.115278e-001 1.229953e-001 4.065001e-001
      vertex -4.998068e-001 -1.363975e-002 2.770745e-001
      vertex -4.948034e-001 -8.284594e-002 4.088923e-001
    endloop 
  endfacet
  facet normal -9.983371E-001 -5.709935E-002 7.915807E-003
    outer loop 
      vertex -4.998068e-001 -1.363975e-002 2.770745e-001
      vertex -4.903726e-001 -1.755979e-001 2.986552e-001
      vertex -4.948034e-001 -8.284594e-002 4.088923e-001
    endloop 
  endfacet
  facet normal 0.000000E+000 0.000000E+000 -1.000000E+000
    outer loop 
      vertex 2.542583e-001 3.949247e-001 0.000000e+000
      vertex 1.274870e-001 3.588903e-001 0.000000e+000
      vertex 1.666667e-001 5.000000e-001 0.000000e+000
    endloop 
  endfacet
  facet normal 0.000000E+000 0.000000E+000 -1.000000E+000
    outer loop 
      vertex 2.514211e-001 2.763562e-001 0.000000e+000
      vertex 1.274870e-001 3.588903e-001 0.000000e+000
      vertex 2.542583e-001 3.949247e-001 0.000000e+000
    endloop 
  endfacet
  facet normal 0.000000E+000 0.000000E+000 -1.000000E+000
    outer loop 
      vertex 1.666667e-001 5.000000e-001 0.000000e+000
      vertex 3.333333e-001 5.000000e-001 0.000000e+000
      vertex 2.542583e-001 3.949247e-001 0.000000e+000
    endloop 
  endfacet
  facet normal 0.000000E+000 0.000000E+000 -1.000000E+000
    outer loop 
      vertex -3.758429e-001 2.112186e-001 0.000000e+000
      vertex -5.000000e-001 3.333333e-001 0.000000e+000
      vertex -3.725906e-001 3.661245e-001 0.000000e+000
    endloop 
  endfacet
  facet normal 0.000000E+000 0.000000E+000 -1.000000E+000
    outer loop 
      vertex -3.725906e-001 3.661245e-001 0.000000e+000
      vertex -2.457781e-001 2.525930e-001 0.000000e+000
      vertex -3.758429e-001 2.112186e-001 0.000000e+000
    endloop 
  endfacet
  facet normal 0.000000E+000 0.000000E+000 -1.000000E+000
    outer loop 
      vertex -3.333333e-001 5.000000e-001 0.000000e+000
      vertex -2.453599e-001 3.902999e-001 0.000000e+000
      vertex -3.725906e-001 3.661245e-001 0.000000e+000
    endloop 
  endfacet
  facet normal 0.000000E+000 0.000000E+000 -1.000000E+000
    outer loop 
      vertex -3.725906e-001 3.661245e-001 0.000000e+000
      vertex -2.453599e-001 3.902999e-001 0.000000e+000
      vertex -2.457781e-001 2.525930e-001 0.000000e+000
    endloop 
  endfacet
  facet normal 0.000000E+000 0.000000E+000 -1.000000E+000
    outer loop 
      vertex -3.725906e-001 3.661245e-001 0.000000e+000
      vertex -5.000000e-001 5.000000e-001 0.000000e+000
      vertex -3.333333e-001 5.000000e-001 0.000000e+000
    endloop 
  endfacet
  facet normal 0.000000E+000 0.000000E+000 -1.000000E+000
    outer loop 
      vertex -3.725906e-001 3.661245e-001 0.000000e+000
      vertex -5.000000e-001 3.333333e-001 0.000000e+000
      vertex -5.000000e-001 5.000000e-001 0.000000e+000
    endloop 
  endfacet
  facet normal 0.000000E+000 0.000000E+000 -1.000000E+000
    outer loop 
      vertex -3.758429e-001 2.112186e-001 0.000000e+000
      vertex -3.766828e-001 6.072977e-002 0.000000e+000
      vertex -5.000000e-001 1.666667e-001 0.000000e+000
    endloop 
  endfacet
  facet normal 0.000000E+000 0.000000E+000 -1.000000E+000
    outer loop 
      vertex -5.000000e-001 1.666667e-001 0.000000e+000
      vertex -5.000000e-001 3.333333e-001 0.000000e+000
      vertex -3.758429e-001 2.112186e-001 0.000000e+000
    endloop 
  endfacet
  facet normal 0.000000E+000 0.000000E+000 -1.000000E+000
    outer loop 
      vertex 3.782346e-001 -2.876811e-001 0.000000e+000
      vertex 3.952537e-001 -4.042868e-001 0.000000e+000
      vertex 2.567876e-001 -3.806878e-001 0.000000e+000
    endloop 
  endfacet
  facet normal 0.000000E+000 0.000000E+000 -1.000000E+000
    outer loop 
      vertex 5.000000e-001 -3.333333e-001 0.000000e+000
      vertex 3.952537e-001 -4.042868e-001 0.000000e+000
      vertex 3.782346e-001 -2.876811e-001 0.000000e+000
    endloop 
  endfacet
  facet normal 0.000000E+000 0.000000E+000 -1.000000E+000
    outer loop 
      vertex 2.407040e-001 -2.523085e-001 0.000000e+000
      vertex 3.782346e-001 -2.876811e-001 0.000000e+000
      vertex 2.567876e-001 -3.806878e-001 0.000000e+000
    endloop 
  endfacet
  facet normal 0.000000E+000 0.000000E+000 -1.000000E+000
    outer loop 
      vertex 5.000000e-001 -3.333333e-001 0.000000e+000
      vertex 3.782346e-001 -2.876811e-001 0.000000e+000
      vertex 5.000000e-001 -1.666667e-001 0.000000e+000
    endloop 
  endfacet
  facet normal 0.000000E+000 0.000000E+000 -1.000000E+000
    outer loop 
      vertex -5.000000e-001 -1.666667e-001 0.000000e+000
      vertex -3.789835e-001 -8.326499e-002 0.000000e+000
      vertex -3.818465e-001 -2.199804e-001 0.000000e+000
    endloop 
  endfacet
  facet normal 0.000000E+000 0.000000E+000 -1.000000E+000
    outer loop 
      vertex -5.000000e-001 -3.333333e-001 0.000000e+000
      vertex -5.000000e-001 -1.666667e-001 0.000000e+000
      vertex -3.818465e-001 -2.199804e-001 0.000000e+000
    endloop 
  endfacet
  facet normal 0.000000E+000 0.000000E+000 1.000000E+000
    outer loop 
      vertex 4.693395e-002 4.538040e-001 4.000000e+000
      vertex 1.714582e-001 3.434659e-001 4.000000e+000
      vertex 2.087836e-001 4.818206e-001 4.000000e+000
    endloop 
  endfacet
  facet normal 0.000000E+000 0.000000E+000 1.000000E+000
    outer loop 
      vertex 4.693395e-002 4.538040e-001 4.000000e+000
      vertex -2.618730e-003 3.131523e-001 4.000000e+000
      vertex 1.714582e-001 3.434659e-001 4.000000e+000
    endloop 
  endfacet
  facet normal 0.000000E+000 0.000000E+000 1.000000E+000
    outer loop 
      vertex 4.693395e-002 4.538040e-001 4.000000e+000
      vertex -1.089731e-001 4.355339e-001 4.000000e+000
      vertex -2.618730e-003 3.131523e-001 4.000000e+000
    endloop 
  endfacet
  facet normal 0.000000E+000 0.000000E+000 1.000000E+000
    outer loop 
      vertex 8.005428e-002 5.946714e-001 4.000000e+000
      vertex 4.693395e-002 4.538040e-001 4.000000e+000
      vertex 2.087836e-001 4.818206e-001 4.000000e+000
    endloop 
  endfacet
  facet normal 0.000000E+000 0.000000E+000 -1.000000E+000
    outer loop 
      vertex 2.567876e-001 -3.806878e-001 0.000000e+000
      vertex 3.952537e-001 -4.042868e-001 0.000000e+000
      vertex 3.333333e-001 -5.000000e-001 0.000000e+000
    endloop 
  endfacet
  facet normal 0.000000E+000 0.000000E+000 -1.000000E+000
    outer loop 
      vertex 3.333333e-001 -5.000000e-001 0.000000e+000
      vertex 3.952537e-001 -4.042868e-001 0.000000e+000
      vertex 5.000000e-001 -5.000000e-001 0.000000e+000
    endloop 
  endfacet
  facet normal 0.000000E+000 0.000000E+000 -1.000000E+000
    outer loop 
      vertex 5.000000e-001 -5.000000e-001 0.000000e+000
      vertex 3.952537e-001 -4.042868e-001 0.000000e+000
      vertex 5.000000e-001 -3.333333e-001 0.000000e+000
    endloop 
  endfacet
  facet normal 0.000000E+000 0.000000E+000 1.000000E+000
    outer loop 
      vertex 4.824580e-001 -2.118337e-001 4.000000e+000
      vertex 5.088802e-001 -1.332736e-002 4.000000e+000
      vertex 3.383662e-001 -1.064250e-001 4.000000e+000
    endloop 
  endfacet
  facet normal 0.000000E+000 0.000000E+000 1.000000E+000
    outer loop 
      vertex 5.088802e-001 -1.332736e-002 4.000000e+000
      vertex 4.002312e-001 8.258642e-002 4.000000e+000
      vertex 3.383662e-001 -1.064250e-001 4.000000e+000
    endloop 
  endfacet
  facet normal 0.000000E+000 0.000000E+000 1.000000E+000
    outer loop 
      vertex 4.824580e-001 -2.118337e-001 4.000000e+000
      vertex 5.960678e-001 -8.423313e-002 4.000000e+000
      vertex 5.088802e-001 -1.332736e-002 4.000000e+000
    endloop 
  endfacet
  facet normal 0.000000E+000 0.000000E+000 1.000000E+000
    outer loop 
      vertex 5.960678e-001 -8.423313e-002 4.000000e+000
      vertex 7.047226e-001 4.672933e-002 4.000000e+000
      vertex 5.088802e-001 -1.332736e-002 4.000000e+000
    endloop 
  endfacet
  facet normal 0.000000E+000 0.000000E+000 1.000000E+000
    outer loop 
      vertex 5.811327e-001 1.507170e-001 4.000000e+000
      vertex 4.002312e-001 8.258642e-002 4.000000e+000
      vertex 5.088802e-001 -1.332736e-002 4.000000e+000
    endloop 
  endfacet
  facet normal 0.000000E+000 0.000000E+000 1.000000E+000
    outer loop 
      vertex 7.047226e-001 4.672933e-002 4.000000e+000
      vertex 5.811327e-001 1.507170e-001 4.000000e+000
      vertex 5.088802e-001 -1.332736e-002 4.000000e+000
    endloop 
  endfacet
  facet normal 0.000000E+000 0.000000E+000 -1.000000E+000
    outer loop 
      vertex 5.000000e-001 1.666667e-001 0.000000e+000
      vertex 3.779213e-001 8.281100e-002 0.000000e+000
      vertex 3.775123e-001 2.188884e-001 0.000000e+000
    endloop 
  endfacet
  facet normal 0.000000E+000 0.000000E+000 -1.000000E+000
    outer loop 
      vertex 5.000000e-001 3.333333e-001 0.000000e+000
      vertex 5.000000e-001 1.666667e-001 0.000000e+000
      vertex 3.775123e-001 2.188884e-001 0.000000e+000
    endloop 
  endfacet
  facet normal -9.555107E-001 -2.937908E-001 2.619568E-002
    outer loop 
      vertex -4.378356e-001 -2.671339e-001 1.555544e+000
      vertex -4.631194e-001 -1.954315e-001 1.437454e+000
      vertex -4.210313e-001 -3.341788e-001 1.416571e+000
    endloop 
  endfacet
  facet normal -9.480411E-001 -3.158985E-001 3.776433E-002
    outer loop 
      vertex -4.378356e-001 -2.671339e-001 1.555544e+000
      vertex -4.210313e-001 -3.341788e-001 1.416571e+000
      vertex -3.960571e-001 -3.957149e-001 1.528780e+000
    endloop 
  endfacet
  facet normal 1.651099E-001 -9.854681E-001 3.988953E-002
    outer loop 
      vertex 3.243142e-001 -4.510349e-001 8.365563e-001
      vertex 1.627940e-001 -4.798056e-001 7.943380e-001
      vertex 2.496322e-001 -4.702850e-001 6.701060e-001
    endloop 
  endfacet
  facet normal 1.301564E-001 -9.913800E-001 1.500398E-002
    outer loop 
      vertex 5.788949e-002 -4.965343e-001 5.990264e-001
      vertex 2.496322e-001 -4.702850e-001 6.701060e-001
      vertex 1.627940e-001 -4.798056e-001 7.943380e-001
    endloop 
  endfacet
  facet normal 1.399828E-001 -9.883636E-001 5.951728E-002
    outer loop 
      vertex 4.215165e-001 -4.436369e-001 7.083664e-001
      vertex 2.496322e-001 -4.702850e-001 6.701060e-001
      vertex 3.300061e-001 -4.665585e-001 5.429525e-001
    endloop 
  endfacet
  facet normal 1.419958E-001 -9.885722E-001 5.061921E-002
    outer loop 
      vertex 4.215165e-001 -4.436369e-001 7.083664e-001
      vertex 3.243142e-001 -4.510349e-001 8.365563e-001
      vertex 2.496322e-001 -4.702850e-001 6.701060e-001
    endloop 
  endfacet
  facet normal 1.079480E-001 -9.933866E-001 3.912087E-002
    outer loop 
      vertex 2.496322e-001 -4.702850e-001 6.701060e-001
      vertex 1.882910e-001 -4.823740e-001 5.323927e-001
      vertex 3.300061e-001 -4.665585e-001 5.429525e-001
    endloop 
  endfacet
  facet normal 1.239680E-001 -9.917752E-001 3.184369E-002
    outer loop 
      vertex 1.882910e-001 -4.823740e-001 5.323927e-001
      vertex 2.496322e-001 -4.702850e-001 6.701060e-001
      vertex 5.788949e-002 -4.965343e-001 5.990264e-001
    endloop 
  endfacet
  facet normal -9.646446E-001 -2.616363E-001 3.173797E-002
    outer loop 
      vertex -4.451648e-001 -2.833363e-001 1.161956e+000
      vertex -4.024361e-001 -4.285147e-001 1.263853e+000
      vertex -4.522699e-001 -2.405563e-001 1.298665e+000
    endloop 
  endfacet
  facet normal -9.690741E-001 -2.370260E-001 6.865916E-002
    outer loop 
      vertex -4.451648e-001 -2.833363e-001 1.161956e+000
      vertex -4.108077e-001 -4.421320e-001 1.098685e+000
      vertex -4.024361e-001 -4.285147e-001 1.263853e+000
    endloop 
  endfacet
  facet normal -9.761010E-001 -2.141015E-001 3.724816E-002
    outer loop 
      vertex -4.712244e-001 -1.852770e-001 1.042698e+000
      vertex -4.446391e-001 -3.063909e-001 1.043215e+000
      vertex -4.451648e-001 -2.833363e-001 1.161956e+000
    endloop 
  endfacet
  facet normal -9.732357E-001 -2.263646E-001 3.964182E-002
    outer loop 
      vertex -4.446391e-001 -3.063909e-001 1.043215e+000
      vertex -4.108077e-001 -4.421320e-001 1.098685e+000
      vertex -4.451648e-001 -2.833363e-001 1.161956e+000
    endloop 
  endfacet
  facet normal -9.703410E-001 -2.413588E-001 1.357748E-002
    outer loop 
      vertex -4.852495e-001 -1.212566e-001 1.178416e+000
      vertex -4.712244e-001 -1.852770e-001 1.042698e+000
      vertex -4.451648e-001 -2.833363e-001 1.161956e+000
    endloop 
  endfacet
  facet normal -9.698322E-001 -2.424397E-001 2.546120E-002
    outer loop 
      vertex -4.852495e-001 -1.212566e-001 1.178416e+000
      vertex -4.451648e-001 -2.833363e-001 1.161956e+000
      vertex -4.522699e-001 -2.405563e-001 1.298665e+000
    endloop 
  endfacet
  facet normal -2.567257E-001 9.659870E-001 3.100162E-002
    outer loop 
      vertex -2.573788e-001 4.449658e-001 1.359686e+000
      vertex -2.773827e-001 4.459419e-001 1.163618e+000
      vertex -4.321249e-001 4.023350e-001 1.240949e+000
    endloop 
  endfacet
  facet normal -2.381862E-001 9.687195E-001 6.964060E-002
    outer loop 
      vertex -2.773827e-001 4.459419e-001 1.163618e+000
      vertex -4.382403e-001 4.129007e-001 1.073061e+000
      vertex -4.321249e-001 4.023350e-001 1.240949e+000
    endloop 
  endfacet
  facet normal -2.193981E-001 9.749008E-001 3.785300E-002
    outer loop 
      vertex -2.893792e-001 4.495343e-001 1.001562e+000
      vertex -2.773827e-001 4.459419e-001 1.163618e+000
      vertex -1.409457e-001 4.801551e-001 1.073255e+000
    endloop 
  endfacet
  facet normal -2.215430E-001 9.744099E-001 3.800090E-002
    outer loop 
      vertex -4.382403e-001 4.129007e-001 1.073061e+000
      vertex -2.773827e-001 4.459419e-001 1.163618e+000
      vertex -2.893792e-001 4.495343e-001 1.001562e+000
    endloop 
  endfacet
  facet normal -2.412900E-001 9.704480E-001 3.113071E-003
    outer loop 
      vertex -1.151353e-001 4.860471e-001 1.237054e+000
      vertex -1.409457e-001 4.801551e-001 1.073255e+000
      vertex -2.773827e-001 4.459419e-001 1.163618e+000
    endloop 
  endfacet
  facet normal -2.528883E-001 9.670110E-001 3.061520E-002
    outer loop 
      vertex -2.573788e-001 4.449658e-001 1.359686e+000
      vertex -1.151353e-001 4.860471e-001 1.237054e+000
      vertex -2.773827e-001 4.459419e-001 1.163618e+000
    endloop 
  endfacet
  facet normal 2.683321E-001 -9.630156E-001 2.447242E-002
    outer loop 
      vertex 3.505213e-001 -4.218398e-001 1.295548e+000
      vertex 2.091680e-001 -4.604909e-001 1.324478e+000
      vertex 2.468985e-001 -4.539224e-001 1.169255e+000
    endloop 
  endfacet
  facet normal 2.476436E-001 -9.686608E-001 1.920472E-002
    outer loop 
      vertex 1.247358e-001 -4.844660e-001 1.203952e+000
      vertex 2.468985e-001 -4.539224e-001 1.169255e+000
      vertex 2.091680e-001 -4.604909e-001 1.324478e+000
    endloop 
  endfacet
  facet normal 2.189290E-001 -9.752916E-001 2.960501E-002
    outer loop 
      vertex 1.170825e-001 -4.861848e-001 1.066408e+000
      vertex 2.496589e-001 -4.589730e-001 9.824581e-001
      vertex 2.468985e-001 -4.539224e-001 1.169255e+000
    endloop 
  endfacet
  facet normal 2.322763E-001 -9.721957E-001 2.971856E-002
    outer loop 
      vertex 3.709757e-001 -4.255852e-001 1.126492e+000
      vertex 2.468985e-001 -4.539224e-001 1.169255e+000
      vertex 2.496589e-001 -4.589730e-001 9.824581e-001
    endloop 
  endfacet
  facet normal 2.421963E-001 -9.702264E-001 -1.352436E-003
    outer loop 
      vertex 1.170825e-001 -4.861848e-001 1.066408e+000
      vertex 2.468985e-001 -4.539224e-001 1.169255e+000
      vertex 1.247358e-001 -4.844660e-001 1.203952e+000
    endloop 
  endfacet
  facet normal 2.388396E-001 -9.697512E-001 5.038198E-002
    outer loop 
      vertex 3.709757e-001 -4.255852e-001 1.126492e+000
      vertex 3.505213e-001 -4.218398e-001 1.295548e+000
      vertex 2.468985e-001 -4.539224e-001 1.169255e+000
    endloop 
  endfacet
  facet normal -9.881496E-001 -1.517220E-001 -2.325263E-002
    outer loop 
      vertex -5.107827e-001 1.386165e-002 8.669741e-001
      vertex -5.193958e-001 9.326089e-002 7.149211e-001
      vertex -4.992492e-001 -4.407419e-002 7.548702e-001
    endloop 
  endfacet
  facet normal -9.884228E-001 -1.505286E-001 -1.901218E-002
    outer loop 
      vertex -5.077857e-001 2.746027e-002 6.323033e-001
      vertex -4.992492e-001 -4.407419e-002 7.548702e-001
      vertex -5.193958e-001 9.326089e-002 7.149211e-001
    endloop 
  endfacet
  facet normal -9.841526E-001 -1.738307E-001 -3.502379E-002
    outer loop 
      vertex -5.107827e-001 1.386165e-002 8.669741e-001
      vertex -5.323042e-001 1.445494e-001 8.230867e-001
      vertex -5.193958e-001 9.326089e-002 7.149211e-001
    endloop 
  endfacet
  facet normal -9.912487E-001 -1.261753E-001 -3.880540E-002
    outer loop 
      vertex -5.077857e-001 2.746027e-002 6.323033e-001
      vertex -5.193958e-001 9.326089e-002 7.149211e-001
      vertex -5.201977e-001 1.433028e-001 5.726964e-001
    endloop 
  endfacet
  facet normal -9.886576E-001 -1.433318E-001 -4.485653E-002
    outer loop 
      vertex -5.423707e-001 2.574217e-001 6.967502e-001
      vertex -5.201977e-001 1.433028e-001 5.726964e-001
      vertex -5.193958e-001 9.326089e-002 7.149211e-001
    endloop 
  endfacet
  facet normal -9.883510E-001 -1.438305E-001 -4.974993E-002
    outer loop 
      vertex -5.193958e-001 9.326089e-002 7.149211e-001
      vertex -5.323042e-001 1.445494e-001 8.230867e-001
      vertex -5.423707e-001 2.574217e-001 6.967502e-001
    endloop 
  endfacet
  facet normal -9.019214E-001 -4.247783E-001 7.811063E-002
    outer loop 
      vertex -2.412724e-001 -6.651470e-001 2.079659e+000
      vertex -2.777396e-001 -5.607945e-001 2.226068e+000
      vertex -3.018344e-001 -5.430611e-001 2.044290e+000
    endloop 
  endfacet
  facet normal -8.958474E-001 -4.378083E-001 7.603438E-002
    outer loop 
      vertex -2.777396e-001 -5.607945e-001 2.226068e+000
      vertex -3.566324e-001 -4.121859e-001 2.152235e+000
      vertex -3.018344e-001 -5.430611e-001 2.044290e+000
    endloop 
  endfacet
  facet normal -9.151158E-001 -3.954227E-001 7.876555E-002
    outer loop 
      vertex -2.635355e-001 -6.565087e-001 1.919719e+000
      vertex -3.018344e-001 -5.430611e-001 2.044290e+000
      vertex -3.211994e-001 -5.329427e-001 1.870100e+000
    endloop 
  endfacet
  facet normal -9.126056E-001 -4.013033E-001 7.814489E-002
    outer loop 
      vertex -3.018344e-001 -5.430611e-001 2.044290e+000
      vertex -3.663808e-001 -4.119694e-001 1.963697e+000
      vertex -3.211994e-001 -5.329427e-001 1.870100e+000
    endloop 
  endfacet
  facet normal -9.026284E-001 -4.178973E-001 1.030726E-001
    outer loop 
      vertex -2.635355e-001 -6.565087e-001 1.919719e+000
      vertex -2.412724e-001 -6.651470e-001 2.079659e+000
      vertex -3.018344e-001 -5.430611e-001 2.044290e+000
    endloop 
  endfacet
  facet normal -9.071957E-001 -4.181394E-001 4.642655E-002
    outer loop 
      vertex -3.566324e-001 -4.121859e-001 2.152235e+000
      vertex -3.663808e-001 -4.119694e-001 1.963697e+000
      vertex -3.018344e-001 -5.430611e-001 2.044290e+000
    endloop 
  endfacet
  facet normal -2.885257E-002 9.973302E-001 6.708264E-002
    outer loop 
      vertex -3.401494e-001 4.936666e-001 1.062470e-001
      vertex -3.593273e-001 4.829653e-001 2.570963e-001
      vertex -1.589762e-001 4.948282e-001 1.669006e-001
    endloop 
  endfacet
  facet normal -1.481172E-002 9.975149E-001 6.888079E-002
    outer loop 
      vertex -3.401494e-001 4.936666e-001 1.062470e-001
      vertex -5.117654e-001 4.873300e-001 1.611088e-001
      vertex -3.593273e-001 4.829653e-001 2.570963e-001
    endloop 
  endfacet
  facet normal -6.068581E-002 9.952908E-001 7.558716E-002
    outer loop 
      vertex -3.924289e-001 4.685215e-001 4.207083e-001
      vertex -3.593273e-001 4.829653e-001 2.570963e-001
      vertex -5.293521e-001 4.677822e-001 3.205138e-001
    endloop 
  endfacet
  facet normal -6.942097E-002 9.948553E-001 7.378145E-002
    outer loop 
      vertex -3.593273e-001 4.829653e-001 2.570963e-001
      vertex -3.924289e-001 4.685215e-001 4.207083e-001
      vertex -2.225574e-001 4.852536e-001 3.549283e-001
    endloop 
  endfacet
  facet normal -4.273462E-002 9.984235E-001 3.639028E-002
    outer loop 
      vertex -3.593273e-001 4.829653e-001 2.570963e-001
      vertex -2.225574e-001 4.852536e-001 3.549283e-001
      vertex -1.589762e-001 4.948282e-001 1.669006e-001
    endloop 
  endfacet
  facet normal -4.507247E-002 9.921446E-001 1.166938E-001
    outer loop 
      vertex -3.593273e-001 4.829653e-001 2.570963e-001
      vertex -5.117654e-001 4.873300e-001 1.611088e-001
      vertex -5.293521e-001 4.677822e-001 3.205138e-001
    endloop 
  endfacet
  facet normal 2.670337E-002 -9.978362E-001 6.008200E-002
    outer loop 
      vertex 3.370844e-001 -4.930291e-001 1.110200e-001
      vertex 3.267604e-001 -4.838433e-001 2.681663e-001
      vertex 1.510829e-001 -4.956345e-001 1.504188e-001
    endloop 
  endfacet
  facet normal 1.786305E-002 -9.980676E-001 5.951473E-002
    outer loop 
      vertex 3.370844e-001 -4.930291e-001 1.110200e-001
      vertex 5.116529e-001 -4.869465e-001 1.606303e-001
      vertex 3.267604e-001 -4.838433e-001 2.681663e-001
    endloop 
  endfacet
  facet normal 8.081302E-002 -9.946493E-001 6.435924E-002
    outer loop 
      vertex 4.012232e-001 -4.681691e-001 4.169063e-001
      vertex 2.338668e-001 -4.822716e-001 4.090984e-001
      vertex 3.267604e-001 -4.838433e-001 2.681663e-001
    endloop 
  endfacet
  facet normal 5.305417E-002 -9.975272E-001 4.609445E-002
    outer loop 
      vertex 3.267604e-001 -4.838433e-001 2.681663e-001
      vertex 2.338668e-001 -4.822716e-001 4.090984e-001
      vertex 1.464649e-001 -4.921245e-001 2.964713e-001
    endloop 
  endfacet
  facet normal 5.858612E-002 -9.954181E-001 7.556757E-002
    outer loop 
      vertex 5.292874e-001 -4.679857e-001 3.200353e-001
      vertex 4.012232e-001 -4.681691e-001 4.169063e-001
      vertex 3.267604e-001 -4.838433e-001 2.681663e-001
    endloop 
  endfacet
  facet normal 4.987362E-002 -9.984282E-001 2.557161E-002
    outer loop 
      vertex 1.464649e-001 -4.921245e-001 2.964713e-001
      vertex 1.510829e-001 -4.956345e-001 1.504188e-001
      vertex 3.267604e-001 -4.838433e-001 2.681663e-001
    endloop 
  endfacet
  facet normal 4.885729E-002 -9.924337E-001 1.126423E-001
    outer loop 
      vertex 5.292874e-001 -4.679857e-001 3.200353e-001
      vertex 3.267604e-001 -4.838433e-001 2.681663e-001
      vertex 5.116529e-001 -4.869465e-001 1.606303e-001
    endloop 
  endfacet
  facet normal -7.305050E-001 6.772977E-001 -8.735132E-002
    outer loop 
      vertex -2.280134e-002 7.048054e-001 3.839358e+000
      vertex -8.471075e-002 6.243715e-001 3.733434e+000
      vertex -1.471183e-001 5.749068e-001 3.871803e+000
    endloop 
  endfacet
  facet normal -7.080995E-001 7.028189E-001 -6.812248E-002
    outer loop 
      vertex -8.471075e-002 6.243715e-001 3.733434e+000
      vertex -1.968440e-001 5.089547e-001 3.708251e+000
      vertex -1.471183e-001 5.749068e-001 3.871803e+000
    endloop 
  endfacet
  facet normal -6.969461E-001 7.126593E-001 -7.989290E-002
    outer loop 
      vertex -8.471075e-002 6.243715e-001 3.733434e+000
      vertex 3.605038e-003 7.047399e-001 3.679912e+000
      vertex -9.499532e-002 5.960335e-001 3.570371e+000
    endloop 
  endfacet
  facet normal -7.065443E-001 7.033927E-001 -7.767714E-002
    outer loop 
      vertex -1.968440e-001 5.089547e-001 3.708251e+000
      vertex -8.471075e-002 6.243715e-001 3.733434e+000
      vertex -9.499532e-002 5.960335e-001 3.570371e+000
    endloop 
  endfacet
  facet normal -7.063396E-001 6.980925E-001 -1.172661E-001
    outer loop 
      vertex -2.280134e-002 7.048054e-001 3.839358e+000
      vertex 3.605038e-003 7.047399e-001 3.679912e+000
      vertex -8.471075e-002 6.243715e-001 3.733434e+000
    endloop 
  endfacet
  facet normal 6.945550E-001 -7.171699E-001 5.710045E-002
    outer loop 
      vertex 5.249442e-001 -1.924145e-001 3.587621e+000
      vertex 6.182779e-001 -9.769303e-002 3.642016e+000
      vertex 5.464224e-001 -1.603161e-001 3.729516e+000
    endloop 
  endfacet
  facet normal 6.842151E-001 -7.279553E-001 4.394022E-002
    outer loop 
      vertex 5.249442e-001 -1.924145e-001 3.587621e+000
      vertex 4.204508e-001 -2.915055e-001 3.573104e+000
      vertex 4.906006e-001 -2.354421e-001 3.409566e+000
    endloop 
  endfacet
  facet normal -7.558802E-001 -6.502519E-001 7.627188E-002
    outer loop 
      vertex -1.312704e-001 -6.054430e-001 3.463355e+000
      vertex -1.538017e-001 -5.981793e-001 3.301988e+000
      vertex -5.511227e-002 -7.061094e-001 3.359882e+000
    endloop 
  endfacet
  facet normal -7.529066E-001 -6.537594E-001 7.569879E-002
    outer loop 
      vertex -1.538017e-001 -5.981793e-001 3.301988e+000
      vertex -1.312704e-001 -6.054430e-001 3.463355e+000
      vertex -2.290478e-001 -5.017112e-001 3.386714e+000
    endloop 
  endfacet
  facet normal -7.438882E-001 -6.666690E-001 4.672019E-002
    outer loop 
      vertex -2.290478e-001 -5.017112e-001 3.386714e+000
      vertex -1.312704e-001 -6.054430e-001 3.463355e+000
      vertex -2.169147e-001 -5.025756e-001 3.567565e+000
    endloop 
  endfacet
  facet normal -7.378301E-001 -6.666838E-001 1.055433E-001
    outer loop 
      vertex -3.084263e-002 -7.076358e-001 3.519904e+000
      vertex -1.312704e-001 -6.054430e-001 3.463355e+000
      vertex -5.511227e-002 -7.061094e-001 3.359882e+000
    endloop 
  endfacet
  facet normal 5.784917E-001 -8.145346E-001 -4.336847E-002
    outer loop 
      vertex 1.158386e-001 -5.275297e-001 2.846945e+000
      vertex 1.239728e-001 -5.301562e-001 3.004778e+000
      vertex 3.473312e-003 -6.119810e-001 2.934247e+000
    endloop 
  endfacet
  facet normal 5.896800E-001 -8.041956E-001 -7.447750E-002
    outer loop 
      vertex 3.473312e-003 -6.119810e-001 2.934247e+000
      vertex 1.239728e-001 -5.301562e-001 3.004778e+000
      vertex 2.259541e-002 -6.135231e-001 3.102299e+000
    endloop 
  endfacet
  facet normal 5.628793E-001 -8.233942E-001 -7.203338E-002
    outer loop 
      vertex -1.658568e-002 -6.120122e-001 2.777860e+000
      vertex 1.158386e-001 -5.275297e-001 2.846945e+000
      vertex 3.473312e-003 -6.119810e-001 2.934247e+000
    endloop 
  endfacet
  facet normal 5.669149E-001 -8.205752E-001 -7.255157E-002
    outer loop 
      vertex -1.658568e-002 -6.120122e-001 2.777860e+000
      vertex 3.473312e-003 -6.119810e-001 2.934247e+000
      vertex -1.262848e-001 -6.968476e-001 2.880184e+000
    endloop 
  endfacet
  facet normal 5.947897E-001 -8.003728E-001 -7.502383E-002
    outer loop 
      vertex 3.473312e-003 -6.119810e-001 2.934247e+000
      vertex 2.259541e-002 -6.135231e-001 3.102299e+000
      vertex -1.025014e-001 -7.006541e-001 3.040065e+000
    endloop 
  endfacet
  facet normal 5.745608E-001 -8.117251E-001 -1.047956E-001
    outer loop 
      vertex 3.473312e-003 -6.119810e-001 2.934247e+000
      vertex -1.025014e-001 -7.006541e-001 3.040065e+000
      vertex -1.262848e-001 -6.968476e-001 2.880184e+000
    endloop 
  endfacet
  facet normal -9.532542E-002 9.923970E-001 7.785402E-002
    outer loop 
      vertex -5.450838e-001 4.491813e-001 4.803239e-001
      vertex -4.216103e-001 4.526262e-001 5.875940e-001
      vertex -3.924289e-001 4.685215e-001 4.207083e-001
    endloop 
  endfacet
  facet normal -1.397230E-001 9.872093E-001 7.678113E-002
    outer loop 
      vertex -4.311154e-001 4.387080e-001 7.492502e-001
      vertex -2.985700e-001 4.625103e-001 6.844137e-001
      vertex -4.216103e-001 4.526262e-001 5.875940e-001
    endloop 
  endfacet
  facet normal -1.324151E-001 9.881760E-001 7.729406E-002
    outer loop 
      vertex -5.605282e-001 4.299185e-001 6.399187e-001
      vertex -4.311154e-001 4.387080e-001 7.492502e-001
      vertex -4.216103e-001 4.526262e-001 5.875940e-001
    endloop 
  endfacet
  facet normal -1.208518E-001 9.868419E-001 1.074146E-001
    outer loop 
      vertex -5.605282e-001 4.299185e-001 6.399187e-001
      vertex -4.216103e-001 4.526262e-001 5.875940e-001
      vertex -5.450838e-001 4.491813e-001 4.803239e-001
    endloop 
  endfacet
  facet normal 9.577587E-002 -9.919699E-001 8.259816E-002
    outer loop 
      vertex 4.012232e-001 -4.681691e-001 4.169063e-001
      vertex 5.453225e-001 -4.489837e-001 4.802254e-001
      vertex 4.593708e-001 -4.512403e-001 5.527893e-001
    endloop 
  endfacet
  facet normal 1.115733E-001 -9.908687E-001 7.570086E-002
    outer loop 
      vertex 4.012232e-001 -4.681691e-001 4.169063e-001
      vertex 4.593708e-001 -4.512403e-001 5.527893e-001
      vertex 3.300061e-001 -4.665585e-001 5.429525e-001
    endloop 
  endfacet
  facet normal 1.376082E-001 -9.871095E-001 8.172452E-002
    outer loop 
      vertex 4.215165e-001 -4.436369e-001 7.083664e-001
      vertex 4.593708e-001 -4.512403e-001 5.527893e-001
      vertex 5.603973e-001 -4.299350e-001 6.400167e-001
    endloop 
  endfacet
  facet normal 1.115837E-001 -9.908770E-001 7.557650E-002
    outer loop 
      vertex 4.593708e-001 -4.512403e-001 5.527893e-001
      vertex 4.215165e-001 -4.436369e-001 7.083664e-001
      vertex 3.300061e-001 -4.665585e-001 5.429525e-001
    endloop 
  endfacet
  facet normal 1.160641E-001 -9.874865E-001 1.067689E-001
    outer loop 
      vertex 4.593708e-001 -4.512403e-001 5.527893e-001
      vertex 5.453225e-001 -4.489837e-001 4.802254e-001
      vertex 5.603973e-001 -4.299350e-001 6.400167e-001
    endloop 
  endfacet
  facet normal 9.870684E-001 1.602644E-001 -3.353850E-003
    outer loop 
      vertex 4.938057e-001 7.669993e-002 8.971524e-001
      vertex 5.132616e-001 -4.579384e-002 7.698035e-001
      vertex 4.829262e-001 1.414683e-001 7.902108e-001
    endloop 
  endfacet
  facet normal 9.819774E-001 1.866762E-001 -2.953642E-002
    outer loop 
      vertex 4.938057e-001 7.669993e-002 8.971524e-001
      vertex 5.200537e-001 -4.822937e-002 9.802237e-001
      vertex 5.132616e-001 -4.579384e-002 7.698035e-001
    endloop 
  endfacet
  facet normal 9.871927E-001 1.594822E-001 4.008942E-003
    outer loop 
      vertex 4.929417e-001 8.338262e-002 6.346708e-001
      vertex 4.829262e-001 1.414683e-001 7.902108e-001
      vertex 5.132616e-001 -4.579384e-002 7.698035e-001
    endloop 
  endfacet
  facet normal 9.852270E-001 1.583186E-001 -6.528992E-002
    outer loop 
      vertex 5.471839e-001 -2.145816e-001 8.724074e-001
      vertex 5.366898e-001 -2.338383e-001 6.673562e-001
      vertex 5.132616e-001 -4.579384e-002 7.698035e-001
    endloop 
  endfacet
  facet normal 9.832946E-001 1.795886E-001 -2.966097E-002
    outer loop 
      vertex 5.471839e-001 -2.145816e-001 8.724074e-001
      vertex 5.132616e-001 -4.579384e-002 7.698035e-001
      vertex 5.200537e-001 -4.822937e-002 9.802237e-001
    endloop 
  endfacet
  facet normal -6.389994E-001 7.690970E-001 -1.302182E-002
    outer loop 
      vertex -2.679388e-001 4.240187e-001 3.143546e+000
      vertex -3.458620e-001 3.615820e-001 3.279702e+000
      vertex -2.299686e-001 4.579554e-001 3.284665e+000
    endloop 
  endfacet
  facet normal -6.179463E-001 7.858918E-001 -2.272533E-002
    outer loop 
      vertex -1.405926e-001 5.247429e-001 3.164016e+000
      vertex -2.679388e-001 4.240187e-001 3.143546e+000
      vertex -2.299686e-001 4.579554e-001 3.284665e+000
    endloop 
  endfacet
  facet normal -6.390660E-001 7.690732E-001 -1.100613E-002
    outer loop 
      vertex -3.458620e-001 3.615820e-001 3.279702e+000
      vertex -2.847374e-001 4.141978e-001 3.407150e+000
      vertex -2.299686e-001 4.579554e-001 3.284665e+000
    endloop 
  endfacet
  facet normal -6.396717E-001 7.674120E-001 -4.357681E-002
    outer loop 
      vertex -1.317096e-001 5.408119e-001 3.301453e+000
      vertex -2.299686e-001 4.579554e-001 3.284665e+000
      vertex -1.715388e-001 5.145262e-001 3.423208e+000
    endloop 
  endfacet
  facet normal -6.390380E-001 7.676477E-001 -4.844939E-002
    outer loop 
      vertex -2.299686e-001 4.579554e-001 3.284665e+000
      vertex -1.317096e-001 5.408119e-001 3.301453e+000
      vertex -1.405926e-001 5.247429e-001 3.164016e+000
    endloop 
  endfacet
  facet normal -6.608397E-001 7.500214E-001 -2.754836E-002
    outer loop 
      vertex -2.847374e-001 4.141978e-001 3.407150e+000
      vertex -1.715388e-001 5.145262e-001 3.423208e+000
      vertex -2.299686e-001 4.579554e-001 3.284665e+000
    endloop 
  endfacet
  facet normal -9.789650E-001 -2.029113E-001 -2.131816E-002
    outer loop 
      vertex -5.028050e-001 -4.145574e-002 1.027148e+000
      vertex -5.330649e-001 1.100787e-001 9.743918e-001
      vertex -5.107827e-001 1.386165e-002 8.669741e-001
    endloop 
  endfacet
  facet normal -9.831476E-001 -1.771139E-001 -4.529324E-002
    outer loop 
      vertex -5.323042e-001 1.445494e-001 8.230867e-001
      vertex -5.107827e-001 1.386165e-002 8.669741e-001
      vertex -5.330649e-001 1.100787e-001 9.743918e-001
    endloop 
  endfacet
  facet normal -9.771435E-001 -2.088784E-001 -3.950251E-002
    outer loop 
      vertex -5.028050e-001 -4.145574e-002 1.027148e+000
      vertex -5.301104e-001 5.775388e-002 1.177987e+000
      vertex -5.330649e-001 1.100787e-001 9.743918e-001
    endloop 
  endfacet
  facet normal -9.743350E-001 -2.210228E-001 -4.266442E-002
    outer loop 
      vertex -5.301104e-001 5.775388e-002 1.177987e+000
      vertex -5.645307e-001 2.327724e-001 1.057368e+000
      vertex -5.330649e-001 1.100787e-001 9.743918e-001
    endloop 
  endfacet
  facet normal -9.769719E-001 -1.996539E-001 -7.526149E-002
    outer loop 
      vertex -5.645307e-001 2.327724e-001 1.057368e+000
      vertex -5.558942e-001 2.582842e-001 8.775796e-001
      vertex -5.330649e-001 1.100787e-001 9.743918e-001
    endloop 
  endfacet
  facet normal -9.822901E-001 -1.815551E-001 -4.630074E-002
    outer loop 
      vertex -5.558942e-001 2.582842e-001 8.775796e-001
      vertex -5.323042e-001 1.445494e-001 8.230867e-001
      vertex -5.330649e-001 1.100787e-001 9.743918e-001
    endloop 
  endfacet
  facet normal -9.873903E-001 -1.582138E-001 5.376652E-003
    outer loop 
      vertex -4.992492e-001 -4.407419e-002 7.548702e-001
      vertex -4.757465e-001 -1.898748e-001 7.806512e-001
      vertex -4.867259e-001 -1.172842e-001 9.004085e-001
    endloop 
  endfacet
  facet normal -9.873723E-001 -1.583504E-001 4.588107E-003
    outer loop 
      vertex -4.922077e-001 -9.129903e-002 6.403340e-001
      vertex -4.757465e-001 -1.898748e-001 7.806512e-001
      vertex -4.992492e-001 -4.407419e-002 7.548702e-001
    endloop 
  endfacet
  facet normal -9.832453E-001 -1.821521E-001 -7.021661E-003
    outer loop 
      vertex -5.107827e-001 1.386165e-002 8.669741e-001
      vertex -4.992492e-001 -4.407419e-002 7.548702e-001
      vertex -4.867259e-001 -1.172842e-001 9.004085e-001
    endloop 
  endfacet
  facet normal -9.914188E-001 -1.305298E-001 -7.131469E-003
    outer loop 
      vertex -4.992492e-001 -4.407419e-002 7.548702e-001
      vertex -5.077857e-001 2.746027e-002 6.323033e-001
      vertex -4.922077e-001 -9.129903e-002 6.403340e-001
    endloop 
  endfacet
  facet normal -7.770926E-001 -6.246232E-001 7.728548E-002
    outer loop 
      vertex -1.702317e-001 -5.956768e-001 3.157013e+000
      vertex -1.538017e-001 -5.981793e-001 3.301988e+000
      vertex -2.512578e-001 -4.881283e-001 3.211518e+000
    endloop 
  endfacet
  facet normal -7.761649E-001 -6.257910E-001 7.716018E-002
    outer loop 
      vertex -1.538017e-001 -5.981793e-001 3.301988e+000
      vertex -1.702317e-001 -5.956768e-001 3.157013e+000
      vertex -7.879910e-002 -7.037931e-001 3.199892e+000
    endloop 
  endfacet
  facet normal -7.669002E-001 -6.399984E-001 4.760295E-002
    outer loop 
      vertex -2.512578e-001 -4.881283e-001 3.211518e+000
      vertex -1.538017e-001 -5.981793e-001 3.301988e+000
      vertex -2.290478e-001 -5.017112e-001 3.386714e+000
    endloop 
  endfacet
  facet normal -7.610369E-001 -6.404147E-001 1.034013E-001
    outer loop 
      vertex -5.511227e-002 -7.061094e-001 3.359882e+000
      vertex -1.538017e-001 -5.981793e-001 3.301988e+000
      vertex -7.879910e-002 -7.037931e-001 3.199892e+000
    endloop 
  endfacet
  facet normal 1.597752E-001 -9.871196E-001 -8.177053E-003
    outer loop 
      vertex -1.118102e-002 -5.074880e-001 7.367229e-001
      vertex 1.627940e-001 -4.798056e-001 7.943380e-001
      vertex 6.442679e-002 -4.966562e-001 9.064701e-001
    endloop 
  endfacet
  facet normal 1.570673E-001 -9.875879E-001 2.249892E-004
    outer loop 
      vertex -1.118102e-002 -5.074880e-001 7.367229e-001
      vertex 5.788949e-002 -4.965343e-001 5.990264e-001
      vertex 1.627940e-001 -4.798056e-001 7.943380e-001
    endloop 
  endfacet
  facet normal 1.912929E-001 -9.813222E-001 2.034283E-002
    outer loop 
      vertex 6.442679e-002 -4.966562e-001 9.064701e-001
      vertex 1.627940e-001 -4.798056e-001 7.943380e-001
      vertex 2.496589e-001 -4.589730e-001 9.824581e-001
    endloop 
  endfacet
  facet normal 1.671799E-001 -9.854093E-001 3.192969E-002
    outer loop 
      vertex 3.243142e-001 -4.510349e-001 8.365563e-001
      vertex 2.496589e-001 -4.589730e-001 9.824581e-001
      vertex 1.627940e-001 -4.798056e-001 7.943380e-001
    endloop 
  endfacet
  facet normal -2.796292E-001 9.577198E-001 6.767750E-002
    outer loop 
      vertex -4.321249e-001 4.023350e-001 1.240949e+000
      vertex -4.630314e-001 3.821105e-001 1.399452e+000
      vertex -2.573788e-001 4.449658e-001 1.359686e+000
    endloop 
  endfacet
  facet normal -2.642045E-001 9.618342E-001 7.121017E-002
    outer loop 
      vertex -4.630314e-001 3.821105e-001 1.399452e+000
      vertex -4.321249e-001 4.023350e-001 1.240949e+000
      vertex -6.138966e-001 3.494898e-001 1.280317e+000
    endloop 
  endfacet
  facet normal -2.565840E-001 9.608006E-001 1.050089E-001
    outer loop 
      vertex -4.321249e-001 4.023350e-001 1.240949e+000
      vertex -6.016186e-001 3.702638e-001 1.120242e+000
      vertex -6.138966e-001 3.494898e-001 1.280317e+000
    endloop 
  endfacet
  facet normal -2.330550E-001 9.699746E-001 6.953268E-002
    outer loop 
      vertex -4.382403e-001 4.129007e-001 1.073061e+000
      vertex -6.016186e-001 3.702638e-001 1.120242e+000
      vertex -4.321249e-001 4.023350e-001 1.240949e+000
    endloop 
  endfacet
  facet normal -9.548249E-001 -2.903892E-001 6.311597E-002
    outer loop 
      vertex -3.746346e-001 -4.871376e-001 1.414721e+000
      vertex -4.210313e-001 -3.341788e-001 1.416571e+000
      vertex -4.024361e-001 -4.285147e-001 1.263853e+000
    endloop 
  endfacet
  facet normal -9.614754E-001 -2.646469E-001 7.434429E-002
    outer loop 
      vertex -3.501022e-001 -6.141226e-001 1.279958e+000
      vertex -3.746346e-001 -4.871376e-001 1.414721e+000
      vertex -4.024361e-001 -4.285147e-001 1.263853e+000
    endloop 
  endfacet
  facet normal -9.634635E-001 -2.639106E-001 4.570790E-002
    outer loop 
      vertex -4.522699e-001 -2.405563e-001 1.298665e+000
      vertex -4.024361e-001 -4.285147e-001 1.263853e+000
      vertex -4.210313e-001 -3.341788e-001 1.416571e+000
    endloop 
  endfacet
  facet normal -9.595140E-001 -2.614551E-001 1.047568E-001
    outer loop 
      vertex -4.024361e-001 -4.285147e-001 1.263853e+000
      vertex -3.709858e-001 -6.016960e-001 1.119690e+000
      vertex -3.501022e-001 -6.141226e-001 1.279958e+000
    endloop 
  endfacet
  facet normal -9.700478E-001 -2.330898E-001 6.838401E-002
    outer loop 
      vertex -4.108077e-001 -4.421320e-001 1.098685e+000
      vertex -3.709858e-001 -6.016960e-001 1.119690e+000
      vertex -4.024361e-001 -4.285147e-001 1.263853e+000
    endloop 
  endfacet
  facet normal 8.196322E-001 5.675880E-001 -7.776081E-002
    outer loop 
      vertex 6.220504e-001 -3.677362e-002 2.774945e+000
      vertex 6.232857e-001 -1.537386e-002 2.944165e+000
      vertex 6.942947e-001 -1.266360e-001 2.880511e+000
    endloop 
  endfacet
  facet normal 8.233750E-001 5.622343E-001 -7.711110E-002
    outer loop 
      vertex 6.232857e-001 -1.537386e-002 2.944165e+000
      vertex 6.220504e-001 -3.677362e-002 2.774945e+000
      vertex 5.505894e-001 7.737122e-002 2.844156e+000
    endloop 
  endfacet
  facet normal 8.029620E-001 5.908886E-001 -7.811970E-002
    outer loop 
      vertex 6.232857e-001 -1.537386e-002 2.944165e+000
      vertex 5.422351e-001 1.041786e-001 3.015359e+000
      vertex 6.201177e-001 1.162061e-002 3.115786e+000
    endloop 
  endfacet
  facet normal 8.121465E-001 5.811874E-001 -5.137282E-002
    outer loop 
      vertex 5.505894e-001 7.737122e-002 2.844156e+000
      vertex 5.422351e-001 1.041786e-001 3.015359e+000
      vertex 6.232857e-001 -1.537386e-002 2.944165e+000
    endloop 
  endfacet
  facet normal 8.004635E-001 5.941942E-001 -7.868576E-002
    outer loop 
      vertex 6.201177e-001 1.162061e-002 3.115786e+000
      vertex 6.980345e-001 -1.033399e-001 3.040305e+000
      vertex 6.232857e-001 -1.537386e-002 2.944165e+000
    endloop 
  endfacet
  facet normal 8.107032E-001 5.763265E-001 -1.029957E-001
    outer loop 
      vertex 6.232857e-001 -1.537386e-002 2.944165e+000
      vertex 6.980345e-001 -1.033399e-001 3.040305e+000
      vertex 6.942947e-001 -1.266360e-001 2.880511e+000
    endloop 
  endfacet
  facet normal 5.788165E-001 -8.143031E-001 -4.338136E-002
    outer loop 
      vertex 1.158386e-001 -5.275297e-001 2.846945e+000
      vertex 2.213318e-001 -4.566803e-001 2.924589e+000
      vertex 1.239728e-001 -5.301562e-001 3.004778e+000
    endloop 
  endfacet
  facet normal 5.936735E-001 -8.045390E-001 -1.639637E-002
    outer loop 
      vertex 2.442481e-001 -4.425858e-001 3.062743e+000
      vertex 1.239728e-001 -5.301562e-001 3.004778e+000
      vertex 2.213318e-001 -4.566803e-001 2.924589e+000
    endloop 
  endfacet
  facet normal 6.085725E-001 -7.922428E-001 -4.461958E-002
    outer loop 
      vertex 1.467371e-001 -5.216501e-001 3.164233e+000
      vertex 2.259541e-002 -6.135231e-001 3.102299e+000
      vertex 1.239728e-001 -5.301562e-001 3.004778e+000
    endloop 
  endfacet
  facet normal 6.016140E-001 -7.976103E-001 -4.333981E-002
    outer loop 
      vertex 2.442481e-001 -4.425858e-001 3.062743e+000
      vertex 1.467371e-001 -5.216501e-001 3.164233e+000
      vertex 1.239728e-001 -5.301562e-001 3.004778e+000
    endloop 
  endfacet
  facet normal 5.637483E-001 -8.258539E-001 -1.236869E-002
    outer loop 
      vertex 1.158386e-001 -5.275297e-001 2.846945e+000
      vertex 2.565196e-001 -4.306138e-001 2.787950e+000
      vertex 2.213318e-001 -4.566803e-001 2.924589e+000
    endloop 
  endfacet
  facet normal 5.827506E-001 -8.125344E-001 -1.376883E-002
    outer loop 
      vertex 2.442481e-001 -4.425858e-001 3.062743e+000
      vertex 2.213318e-001 -4.566803e-001 2.924589e+000
      vertex 3.326829e-001 -3.772866e-001 2.952175e+000
    endloop 
  endfacet
  facet normal 5.814360E-001 -8.135737E-001 -5.471027E-003
    outer loop 
      vertex 3.326829e-001 -3.772866e-001 2.952175e+000
      vertex 2.213318e-001 -4.566803e-001 2.924589e+000
      vertex 2.565196e-001 -4.306138e-001 2.787950e+000
    endloop 
  endfacet
  facet normal 9.555017E-001 2.919981E-001 -4.187633E-002
    outer loop 
      vertex 5.437248e-001 -4.176362e-002 1.608125e+000
      vertex 5.681208e-001 -1.474552e-001 1.427801e+000
      vertex 5.120463e-001 3.147189e-002 1.395970e+000
    endloop 
  endfacet
  facet normal 9.555383E-001 2.894578E-001 -5.621998E-002
    outer loop 
      vertex 5.120463e-001 3.147189e-002 1.395970e+000
      vertex 5.681208e-001 -1.474552e-001 1.427801e+000
      vertex 5.481893e-001 -1.126422e-001 1.268276e+000
    endloop 
  endfacet
  facet normal 9.639206E-001 2.649038E-001 -2.613589E-002
    outer loop 
      vertex 5.166410e-001 -7.297419e-003 1.172475e+000
      vertex 5.120463e-001 3.147189e-002 1.395970e+000
      vertex 5.481893e-001 -1.126422e-001 1.268276e+000
    endloop 
  endfacet
  facet normal 9.662132E-001 2.565635E-001 -2.464198E-002
    outer loop 
      vertex 5.166410e-001 -7.297419e-003 1.172475e+000
      vertex 4.749207e-001 1.571967e-001 1.249276e+000
      vertex 5.120463e-001 3.147189e-002 1.395970e+000
    endloop 
  endfacet
  facet normal 9.562816E-001 2.924019E-001 -5.160239E-003
    outer loop 
      vertex 5.120463e-001 3.147189e-002 1.395970e+000
      vertex 4.545106e-001 2.202688e-001 1.431678e+000
      vertex 4.813671e-001 1.353029e-001 1.594112e+000
    endloop 
  endfacet
  facet normal 9.568968E-001 2.903512E-001 6.673875E-003
    outer loop 
      vertex 4.545106e-001 2.202688e-001 1.431678e+000
      vertex 5.120463e-001 3.147189e-002 1.395970e+000
      vertex 4.749207e-001 1.571967e-001 1.249276e+000
    endloop 
  endfacet
  facet normal 9.435418E-001 3.301580E-001 -2.691779E-002
    outer loop 
      vertex 5.437248e-001 -4.176362e-002 1.608125e+000
      vertex 5.120463e-001 3.147189e-002 1.395970e+000
      vertex 4.813671e-001 1.353029e-001 1.594112e+000
    endloop 
  endfacet
  facet normal 3.045695E-001 -9.520457E-001 2.909208E-002
    outer loop 
      vertex 1.547185e-001 -4.756433e-001 1.488147e+000
      vertex 3.110129e-001 -4.265783e-001 1.457540e+000
      vertex 2.865873e-001 -4.289867e-001 1.634440e+000
    endloop 
  endfacet
  facet normal 3.359109E-001 -9.418907E-001 -2.397853E-003
    outer loop 
      vertex 1.547185e-001 -4.756433e-001 1.488147e+000
      vertex 2.865873e-001 -4.289867e-001 1.634440e+000
      vertex 1.592506e-001 -4.745268e-001 1.684487e+000
    endloop 
  endfacet
  facet normal 3.285761E-001 -9.439176E-001 3.251746E-002
    outer loop 
      vertex 4.182442e-001 -3.846725e-001 1.590455e+000
      vertex 2.865873e-001 -4.289867e-001 1.634440e+000
      vertex 3.110129e-001 -4.265783e-001 1.457540e+000
    endloop 
  endfacet
  facet normal 3.687611E-001 -9.292251E-001 2.357877E-002
    outer loop 
      vertex 2.865873e-001 -4.289867e-001 1.634440e+000
      vertex 4.125854e-001 -3.748152e-001 1.798755e+000
      vertex 2.723442e-001 -4.298640e-001 1.822624e+000
    endloop 
  endfacet
  facet normal 3.442111E-001 -9.386420E-001 2.167676E-002
    outer loop 
      vertex 1.592506e-001 -4.745268e-001 1.684487e+000
      vertex 2.865873e-001 -4.289867e-001 1.634440e+000
      vertex 2.723442e-001 -4.298640e-001 1.822624e+000
    endloop 
  endfacet
  facet normal 3.345873E-001 -9.408385E-001 5.361228E-002
    outer loop 
      vertex 2.865873e-001 -4.289867e-001 1.634440e+000
      vertex 4.182442e-001 -3.846725e-001 1.590455e+000
      vertex 4.125854e-001 -3.748152e-001 1.798755e+000
    endloop 
  endfacet
  facet normal -3.520587E-001 9.358328E-001 1.648091E-002
    outer loop 
      vertex -1.217579e-001 4.877192e-001 1.728679e+000
      vertex -2.884136e-001 4.258187e-001 1.683529e+000
      vertex -2.415272e-001 4.404884e-001 1.852117e+000
    endloop 
  endfacet
  facet normal -3.692915E-001 9.290564E-001 2.186323E-002
    outer loop 
      vertex -2.884136e-001 4.258187e-001 1.683529e+000
      vertex -4.023631e-001 3.779582e-001 1.792598e+000
      vertex -2.415272e-001 4.404884e-001 1.852117e+000
    endloop 
  endfacet
  facet normal 4.525101E-001 -8.884998E-001 -7.617468E-002
    outer loop 
      vertex -2.188282e-001 -6.730542e-001 2.239724e+000
      vertex -1.168158e-001 -6.111029e-001 2.123123e+000
      vertex -7.443738e-002 -6.042313e-001 2.294719e+000
    endloop 
  endfacet
  facet normal 4.351675E-001 -8.975035E-001 -7.153106E-002
    outer loop 
      vertex -1.168158e-001 -6.111029e-001 2.123123e+000
      vertex 1.939483e-002 -5.472050e-001 2.150046e+000
      vertex -7.443738e-002 -6.042313e-001 2.294719e+000
    endloop 
  endfacet
  facet normal 4.663855E-001 -8.821248E-001 -6.588154E-002
    outer loop 
      vertex 7.686093e-002 -5.258921e-001 2.316856e+000
      vertex -2.250579e-002 -5.891623e-001 2.460583e+000
      vertex -7.443738e-002 -6.042313e-001 2.294719e+000
    endloop 
  endfacet
  facet normal 4.647175E-001 -8.842041E-001 -4.712319E-002
    outer loop 
      vertex 1.939483e-002 -5.472050e-001 2.150046e+000
      vertex 7.686093e-002 -5.258921e-001 2.316856e+000
      vertex -7.443738e-002 -6.042313e-001 2.294719e+000
    endloop 
  endfacet
  facet normal 4.604594E-001 -8.813264E-001 -1.060226E-001
    outer loop 
      vertex -7.443738e-002 -6.042313e-001 2.294719e+000
      vertex -1.957128e-001 -6.802467e-001 2.399904e+000
      vertex -2.188282e-001 -6.730542e-001 2.239724e+000
    endloop 
  endfacet
  facet normal 4.839411E-001 -8.721098E-001 -7.228806E-002
    outer loop 
      vertex -7.443738e-002 -6.042313e-001 2.294719e+000
      vertex -2.250579e-002 -5.891623e-001 2.460583e+000
      vertex -1.957128e-001 -6.802467e-001 2.399904e+000
    endloop 
  endfacet
  facet normal -8.908240E-001 -4.473565E-001 -7.940346E-002
    outer loop 
      vertex -5.870999e-001 5.647478e-002 2.185225e+000
      vertex -6.282723e-001 1.147466e-001 2.318835e+000
      vertex -6.725537e-001 2.169087e-001 2.240048e+000
    endloop 
  endfacet
  facet normal -8.807561E-001 -4.688148E-001 -6.694235E-002
    outer loop 
      vertex -5.870999e-001 5.647478e-002 2.185225e+000
      vertex -5.810326e-001 1.853296e-002 2.371114e+000
      vertex -6.282723e-001 1.147466e-001 2.318835e+000
    endloop 
  endfacet
  facet normal -8.801616E-001 -4.628150E-001 -1.054411E-001
    outer loop 
      vertex -6.725537e-001 2.169087e-001 2.240048e+000
      vertex -6.282723e-001 1.147466e-001 2.318835e+000
      vertex -6.796269e-001 1.938680e-001 2.400224e+000
    endloop 
  endfacet
  facet normal -5.940091E-001 8.044344E-001 -6.204878E-003
    outer loop 
      vertex -2.679388e-001 4.240187e-001 3.143546e+000
      vertex -1.621453e-001 5.012204e-001 3.024502e+000
      vertex -3.148677e-001 3.880980e-001 2.979205e+000
    endloop 
  endfacet
  facet normal -6.162117E-001 7.866900E-001 -3.744368E-002
    outer loop 
      vertex -1.405926e-001 5.247429e-001 3.164016e+000
      vertex -1.621453e-001 5.012204e-001 3.024502e+000
      vertex -2.679388e-001 4.240187e-001 3.143546e+000
    endloop 
  endfacet
  facet normal -6.153574E-001 7.881937E-001 9.265727E-003
    outer loop 
      vertex -3.458620e-001 3.615820e-001 3.279702e+000
      vertex -2.679388e-001 4.240187e-001 3.143546e+000
      vertex -3.937581e-001 3.258248e-001 3.140529e+000
    endloop 
  endfacet
  facet normal -6.152929E-001 7.882913E-001 3.401393E-003
    outer loop 
      vertex -2.679388e-001 4.240187e-001 3.143546e+000
      vertex -3.148677e-001 3.880980e-001 2.979205e+000
      vertex -3.937581e-001 3.258248e-001 3.140529e+000
    endloop 
  endfacet
  facet normal 8.373147E-001 5.410515E-001 7.853300E-002
    outer loop 
      vertex 2.307734e-001 5.741991e-001 2.629164e+000
      vertex 1.479685e-001 6.890618e-001 2.720682e+000
      vertex 2.070687e-001 5.883775e-001 2.784220e+000
    endloop 
  endfacet
  facet normal 8.394046E-001 5.377118E-001 7.915790E-002
    outer loop 
      vertex 2.970029e-001 4.609613e-001 2.696068e+000
      vertex 2.307734e-001 5.741991e-001 2.629164e+000
      vertex 2.070687e-001 5.883775e-001 2.784220e+000
    endloop 
  endfacet
  facet normal 8.264180E-001 5.527553E-001 1.072147E-001
    outer loop 
      vertex 2.070687e-001 5.883775e-001 2.784220e+000
      vertex 1.479685e-001 6.890618e-001 2.720682e+000
      vertex 1.241337e-001 6.936955e-001 2.880512e+000
    endloop 
  endfacet
  facet normal 8.326241E-001 5.513407E-001 5.254103E-002
    outer loop 
      vertex 2.970029e-001 4.609613e-001 2.696068e+000
      vertex 2.070687e-001 5.883775e-001 2.784220e+000
      vertex 2.624256e-001 4.992668e-001 2.842058e+000
    endloop 
  endfacet
  facet normal -5.424083E-001 8.362855E-001 8.012378E-002
    outer loop 
      vertex -5.818689e-001 2.253449e-001 2.646101e+000
      vertex -6.914553e-001 1.471768e-001 2.720115e+000
      vertex -5.998695e-001 1.992463e-001 2.796646e+000
    endloop 
  endfacet
  facet normal -5.450053E-001 8.346522E-001 7.953010E-002
    outer loop 
      vertex -4.894764e-001 2.773796e-001 2.733156e+000
      vertex -5.818689e-001 2.253449e-001 2.646101e+000
      vertex -5.998695e-001 1.992463e-001 2.796646e+000
    endloop 
  endfacet
  facet normal -5.565563E-001 8.241043E-001 1.053427E-001
    outer loop 
      vertex -5.998695e-001 1.992463e-001 2.796646e+000
      vertex -6.914553e-001 1.471768e-001 2.720115e+000
      vertex -6.961722e-001 1.235452e-001 2.880066e+000
    endloop 
  endfacet
  facet normal -5.542502E-001 8.303184E-001 5.812206E-002
    outer loop 
      vertex -5.131578e-001 2.525467e-001 2.862088e+000
      vertex -4.894764e-001 2.773796e-001 2.733156e+000
      vertex -5.998695e-001 1.992463e-001 2.796646e+000
    endloop 
  endfacet
  facet normal 9.870951E-001 1.423675E-001 7.331248E-002
    outer loop 
      vertex 4.675719e-001 2.583086e-001 6.960770e-001
      vertex 4.550187e-001 3.967227e-001 5.963059e-001
      vertex 4.391128e-001 4.278528e-001 7.500146e-001
    endloop 
  endfacet
  facet normal 9.922354E-001 1.181009E-001 3.900026E-002
    outer loop 
      vertex 4.675719e-001 2.583086e-001 6.960770e-001
      vertex 4.797218e-001 2.100260e-001 5.331727e-001
      vertex 4.550187e-001 3.967227e-001 5.963059e-001
    endloop 
  endfacet
  facet normal 9.856130E-001 1.636302E-001 4.233508E-002
    outer loop 
      vertex 4.675719e-001 2.583086e-001 6.960770e-001
      vertex 4.526034e-001 3.094443e-001 8.469173e-001
      vertex 4.829262e-001 1.414683e-001 7.902108e-001
    endloop 
  endfacet
  facet normal 9.901519E-001 1.395110E-001 1.165763E-002
    outer loop 
      vertex 4.675719e-001 2.583086e-001 6.960770e-001
      vertex 4.829262e-001 1.414683e-001 7.902108e-001
      vertex 4.929417e-001 8.338262e-002 6.346708e-001
    endloop 
  endfacet
  facet normal 9.874466E-001 1.508447E-001 4.685142E-002
    outer loop 
      vertex 4.391128e-001 4.278528e-001 7.500146e-001
      vertex 4.526034e-001 3.094443e-001 8.469173e-001
      vertex 4.675719e-001 2.583086e-001 6.960770e-001
    endloop 
  endfacet
  facet normal 9.907110E-001 1.314193E-001 3.493918E-002
    outer loop 
      vertex 4.797218e-001 2.100260e-001 5.331727e-001
      vertex 4.675719e-001 2.583086e-001 6.960770e-001
      vertex 4.929417e-001 8.338262e-002 6.346708e-001
    endloop 
  endfacet
  facet normal -9.943609E-001 -8.309665E-002 6.588948E-002
    outer loop 
      vertex -4.844195e-001 -3.408938e-001 2.493293e-001
      vertex -4.665542e-001 -4.051540e-001 4.378997e-001
      vertex -4.803030e-001 -2.595960e-001 4.139814e-001
    endloop 
  endfacet
  facet normal -9.974511E-001 -5.085763E-002 5.004855E-002
    outer loop 
      vertex -4.903726e-001 -1.755979e-001 2.986552e-001
      vertex -4.844195e-001 -3.408938e-001 2.493293e-001
      vertex -4.803030e-001 -2.595960e-001 4.139814e-001
    endloop 
  endfacet
  facet normal -9.949755E-001 -8.539338E-002 5.226573E-002
    outer loop 
      vertex -4.665542e-001 -4.051540e-001 4.378997e-001
      vertex -4.693722e-001 -3.011344e-001 5.542035e-001
      vertex -4.803030e-001 -2.595960e-001 4.139814e-001
    endloop 
  endfacet
  facet normal -9.963251E-001 -8.092970E-002 2.804720E-002
    outer loop 
      vertex -4.803030e-001 -2.595960e-001 4.139814e-001
      vertex -4.948034e-001 -8.284594e-002 4.088923e-001
      vertex -4.903726e-001 -1.755979e-001 2.986552e-001
    endloop 
  endfacet
  facet normal -9.892551E-001 -1.437004E-001 2.691869E-002
    outer loop 
      vertex -4.596301e-001 -3.156568e-001 7.014630e-001
      vertex -4.757465e-001 -1.898748e-001 7.806512e-001
      vertex -4.771532e-001 -2.052403e-001 6.469303e-001
    endloop 
  endfacet
  facet normal -9.912558E-001 -1.295045E-001 2.530852E-002
    outer loop 
      vertex -4.922077e-001 -9.129903e-002 6.403340e-001
      vertex -4.771532e-001 -2.052403e-001 6.469303e-001
      vertex -4.757465e-001 -1.898748e-001 7.806512e-001
    endloop 
  endfacet
  facet normal -9.856962E-001 -1.598719E-001 5.332971E-002
    outer loop 
      vertex -4.757465e-001 -1.898748e-001 7.806512e-001
      vertex -4.596301e-001 -3.156568e-001 7.014630e-001
      vertex -4.483353e-001 -3.420478e-001 8.311099e-001
    endloop 
  endfacet
  facet normal -1.485122E-001 9.885532E-001 -2.658275E-002
    outer loop 
      vertex -4.516051e-002 4.984617e-001 7.364073e-001
      vertex 2.551319e-002 5.123456e-001 8.578768e-001
      vertex 1.222540e-001 5.227641e-001 7.048483e-001
    endloop 
  endfacet
  facet normal -1.823460E-001 9.832143E-001 -6.287287E-003
    outer loop 
      vertex 2.551319e-002 5.123456e-001 8.578768e-001
      vertex -4.516051e-002 4.984617e-001 7.364073e-001
      vertex -1.418064e-001 4.816167e-001 9.051207e-001
    endloop 
  endfacet
  facet normal -8.499464E-001 -5.241600E-001 -5.336013E-002
    outer loop 
      vertex -5.611246e-001 -3.400451e-002 2.515980e+000
      vertex -5.418426e-001 -7.887261e-002 2.649590e+000
      vertex -6.209778e-001 5.310014e-002 2.613716e+000
    endloop 
  endfacet
  facet normal -8.614570E-001 -5.063699E-001 -3.848799E-002
    outer loop 
      vertex -5.611246e-001 -3.400451e-002 2.515980e+000
      vertex -5.211672e-001 -8.974643e-002 2.355006e+000
      vertex -4.859970e-001 -1.624392e-001 2.524197e+000
    endloop 
  endfacet
  facet normal -8.772299E-001 -4.771905E-001 -5.250735E-002
    outer loop 
      vertex -5.810326e-001 1.853296e-002 2.371114e+000
      vertex -5.211672e-001 -8.974643e-002 2.355006e+000
      vertex -5.611246e-001 -3.400451e-002 2.515980e+000
    endloop 
  endfacet
  facet normal -8.609821E-001 -5.065637E-001 -4.585838E-002
    outer loop 
      vertex -5.418426e-001 -7.887261e-002 2.649590e+000
      vertex -5.611246e-001 -3.400451e-002 2.515980e+000
      vertex -4.859970e-001 -1.624392e-001 2.524197e+000
    endloop 
  endfacet
  facet normal -8.856670E-001 -4.516988E-001 1.075271E-001
    outer loop 
      vertex -1.957128e-001 -6.802467e-001 2.399904e+000
      vertex -2.777396e-001 -5.607945e-001 2.226068e+000
      vertex -2.188282e-001 -6.730542e-001 2.239724e+000
    endloop 
  endfacet
  facet normal -8.719736E-001 -4.830510E-001 7.952175E-002
    outer loop 
      vertex -3.057905e-001 -4.855600e-001 2.375493e+000
      vertex -2.777396e-001 -5.607945e-001 2.226068e+000
      vertex -1.957128e-001 -6.802467e-001 2.399904e+000
    endloop 
  endfacet
  facet normal -8.859175E-001 -4.525185E-001 1.018686E-001
    outer loop 
      vertex -2.777396e-001 -5.607945e-001 2.226068e+000
      vertex -2.412724e-001 -6.651470e-001 2.079659e+000
      vertex -2.188282e-001 -6.730542e-001 2.239724e+000
    endloop 
  endfacet
  facet normal -8.932465E-001 -4.459579E-001 5.685204E-002
    outer loop 
      vertex -3.566324e-001 -4.121859e-001 2.152235e+000
      vertex -2.777396e-001 -5.607945e-001 2.226068e+000
      vertex -3.057905e-001 -4.855600e-001 2.375493e+000
    endloop 
  endfacet
  facet normal 4.265308E-001 -8.984518E-001 -1.041913E-001
    outer loop 
      vertex -2.412724e-001 -6.651470e-001 2.079659e+000
      vertex -1.168158e-001 -6.111029e-001 2.123123e+000
      vertex -2.188282e-001 -6.730542e-001 2.239724e+000
    endloop 
  endfacet
  facet normal 4.329382E-001 -8.997489E-001 -5.492340E-002
    outer loop 
      vertex -1.168158e-001 -6.111029e-001 2.123123e+000
      vertex -2.829078e-002 -5.603689e-001 1.989810e+000
      vertex 1.939483e-002 -5.472050e-001 2.150046e+000
    endloop 
  endfacet
  facet normal 8.869842E-001 4.500186E-001 1.036452E-001
    outer loop 
      vertex 2.401034e-001 6.631213e-001 2.080817e+000
      vertex 2.175481e-001 6.707250e-001 2.240827e+000
      vertex 2.762592e-001 5.600750e-001 2.218817e+000
    endloop 
  endfacet
  facet normal 9.033600E-001 4.216928E-001 7.820362E-002
    outer loop 
      vertex 2.762592e-001 5.600750e-001 2.218817e+000
      vertex 3.240194e-001 4.947643e-001 2.019292e+000
      vertex 2.401034e-001 6.631213e-001 2.080817e+000
    endloop 
  endfacet
  facet normal 8.868884E-001 4.487325E-001 1.098551E-001
    outer loop 
      vertex 2.762592e-001 5.600750e-001 2.218817e+000
      vertex 2.175481e-001 6.707250e-001 2.240827e+000
      vertex 1.941762e-001 6.777342e-001 2.400884e+000
    endloop 
  endfacet
  facet normal 8.720990E-001 4.825194E-001 8.135308E-002
    outer loop 
      vertex 2.762592e-001 5.600750e-001 2.218817e+000
      vertex 1.941762e-001 6.777342e-001 2.400884e+000
      vertex 2.962846e-001 4.994370e-001 2.363801e+000
    endloop 
  endfacet
  facet normal 8.932307E-001 4.451881E-001 6.282087E-002
    outer loop 
      vertex 2.962846e-001 4.994370e-001 2.363801e+000
      vertex 3.517496e-001 4.145772e-001 2.176532e+000
      vertex 2.762592e-001 5.600750e-001 2.218817e+000
    endloop 
  endfacet
  facet normal 8.935606E-001 4.436601E-001 6.866737E-002
    outer loop 
      vertex 3.517496e-001 4.145772e-001 2.176532e+000
      vertex 3.240194e-001 4.947643e-001 2.019292e+000
      vertex 2.762592e-001 5.600750e-001 2.218817e+000
    endloop 
  endfacet
  facet normal -4.186450E-001 9.017861E-001 -1.073225E-001
    outer loop 
      vertex 2.401034e-001 6.631213e-001 2.080817e+000
      vertex 2.627173e-001 6.545607e-001 1.920673e+000
      vertex 1.459188e-001 6.197432e-001 2.083724e+000
    endloop 
  endfacet
  facet normal -4.187455E-001 9.023674E-001 -1.019073E-001
    outer loop 
      vertex 1.459188e-001 6.197432e-001 2.083724e+000
      vertex 2.175481e-001 6.707250e-001 2.240827e+000
      vertex 2.401034e-001 6.631213e-001 2.080817e+000
    endloop 
  endfacet
  facet normal 4.455464E-001 -8.891528E-001 1.043824E-001
    outer loop 
      vertex 6.712984e-001 -2.191448e-001 2.240025e+000
      vertex 5.534633e-001 -2.840886e-001 2.189787e+000
      vertex 6.634544e-001 -2.418148e-001 2.080398e+000
    endloop 
  endfacet
  facet normal 4.219990E-001 -9.034746E-001 7.517052E-002
    outer loop 
      vertex 6.634544e-001 -2.418148e-001 2.080398e+000
      vertex 5.534633e-001 -2.840886e-001 2.189787e+000
      vertex 4.975978e-001 -3.245692e-001 2.016873e+000
    endloop 
  endfacet
  facet normal 4.580579E-001 -8.860775E-001 7.106079E-002
    outer loop 
      vertex 6.712984e-001 -2.191448e-001 2.240025e+000
      vertex 5.186177e-001 -2.882143e-001 2.362957e+000
      vertex 5.534633e-001 -2.840886e-001 2.189787e+000
    endloop 
  endfacet
  facet normal 4.443295E-001 -8.932692E-001 6.812701E-002
    outer loop 
      vertex 5.534633e-001 -2.840886e-001 2.189787e+000
      vertex 5.186177e-001 -2.882143e-001 2.362957e+000
      vertex 4.266625e-001 -3.473911e-001 2.186780e+000
    endloop 
  endfacet
  facet normal 4.444553E-001 -8.933991E-001 6.555653E-002
    outer loop 
      vertex 4.266625e-001 -3.473911e-001 2.186780e+000
      vertex 4.975978e-001 -3.245692e-001 2.016873e+000
      vertex 5.534633e-001 -2.840886e-001 2.189787e+000
    endloop 
  endfacet
  facet normal -8.950552E-001 -4.445575E-001 -3.528281E-002
    outer loop 
      vertex -5.870999e-001 5.647478e-002 2.185225e+000
      vertex -4.937441e-001 -1.319622e-001 2.191248e+000
      vertex -5.211672e-001 -8.974643e-002 2.355006e+000
    endloop 
  endfacet
  facet normal -8.773742E-001 -4.749209E-001 -6.829903E-002
    outer loop 
      vertex -5.870999e-001 5.647478e-002 2.185225e+000
      vertex -5.211672e-001 -8.974643e-002 2.355006e+000
      vertex -5.810326e-001 1.853296e-002 2.371114e+000
    endloop 
  endfacet
  facet normal -8.935316E-001 -4.446646E-001 -6.224649E-002
    outer loop 
      vertex -5.870999e-001 5.647478e-002 2.185225e+000
      vertex -5.714251e-001 5.084261e-002 2.000453e+000
      vertex -4.937441e-001 -1.319622e-001 2.191248e+000
    endloop 
  endfacet
  facet normal -8.922343E-001 -4.388009E-001 -1.066385E-001
    outer loop 
      vertex -6.647778e-001 2.399649e-001 2.080116e+000
      vertex -5.870999e-001 5.647478e-002 2.185225e+000
      vertex -6.725537e-001 2.169087e-001 2.240048e+000
    endloop 
  endfacet
  facet normal -9.053063E-001 -4.199100E-001 -6.399994E-002
    outer loop 
      vertex -5.870999e-001 5.647478e-002 2.185225e+000
      vertex -6.647778e-001 2.399649e-001 2.080116e+000
      vertex -5.714251e-001 5.084261e-002 2.000453e+000
    endloop 
  endfacet
  facet normal -9.385063E-001 -3.377033E-001 -7.185032E-002
    outer loop 
      vertex -5.416824e-001 2.618493e-002 1.654883e+000
      vertex -5.871437e-001 1.220963e-001 1.797903e+000
      vertex -5.927221e-001 1.771214e-001 1.612146e+000
    endloop 
  endfacet
  facet normal -9.415526E-001 -3.329289E-001 -5.135011E-002
    outer loop 
      vertex -5.479358e-001 7.951199e-002 1.423799e+000
      vertex -5.416824e-001 2.618493e-002 1.654883e+000
      vertex -5.927221e-001 1.771214e-001 1.612146e+000
    endloop 
  endfacet
  facet normal -9.271176E-001 -3.720338E-001 -4.520779E-002
    outer loop 
      vertex -5.416824e-001 2.618493e-002 1.654883e+000
      vertex -5.277255e-001 -3.179069e-002 1.845761e+000
      vertex -5.871437e-001 1.220963e-001 1.797903e+000
    endloop 
  endfacet
  facet normal -9.479788E-001 -3.148444E-001 -4.700286E-002
    outer loop 
      vertex -4.953385e-001 -9.725670e-002 1.547057e+000
      vertex -5.416824e-001 2.618493e-002 1.654883e+000
      vertex -5.479358e-001 7.951199e-002 1.423799e+000
    endloop 
  endfacet
  facet normal -9.400232E-001 -3.408300E-001 -1.383461E-002
    outer loop 
      vertex -5.416824e-001 2.618493e-002 1.654883e+000
      vertex -4.953385e-001 -9.725670e-002 1.547057e+000
      vertex -4.900262e-001 -1.193430e-001 1.730221e+000
    endloop 
  endfacet
  facet normal -9.352447E-001 -3.519024E-001 -3.849904E-002
    outer loop 
      vertex -5.416824e-001 2.618493e-002 1.654883e+000
      vertex -4.900262e-001 -1.193430e-001 1.730221e+000
      vertex -5.277255e-001 -3.179069e-002 1.845761e+000
    endloop 
  endfacet
  facet normal 9.018818E-001 4.193096E-001 -1.038683E-001
    outer loop 
      vertex 6.712984e-001 -2.191448e-001 2.240025e+000
      vertex 6.634544e-001 -2.418148e-001 2.080398e+000
      vertex 5.910321e-001 -8.526655e-002 2.083535e+000
    endloop 
  endfacet
  facet normal 8.890576E-001 4.525938E-001 -6.881554E-002
    outer loop 
      vertex 6.712984e-001 -2.191448e-001 2.240025e+000
      vertex 5.910321e-001 -8.526655e-002 2.083535e+000
      vertex 5.649623e-001 -1.031634e-002 2.239669e+000
    endloop 
  endfacet
  facet normal -4.470753E-001 8.941042E-001 2.648326E-002
    outer loop 
      vertex -3.388743e-001 3.911240e-001 2.123104e+000
      vertex -5.018120e-001 3.072085e-001 2.205562e+000
      vertex -3.305949e-001 3.900180e-001 2.300214e+000
    endloop 
  endfacet
  facet normal -4.643922E-001 8.830556E-001 6.747428E-002
    outer loop 
      vertex -5.219461e-001 2.851142e-001 2.356144e+000
      vertex -3.305949e-001 3.900180e-001 2.300214e+000
      vertex -5.018120e-001 3.072085e-001 2.205562e+000
    endloop 
  endfacet
  facet normal -4.480242E-001 8.876927E-001 1.061884E-001
    outer loop 
      vertex -6.647778e-001 2.399649e-001 2.080116e+000
      vertex -6.725537e-001 2.169087e-001 2.240048e+000
      vertex -5.018120e-001 3.072085e-001 2.205562e+000
    endloop 
  endfacet
  facet normal -4.554069E-001 8.875791E-001 6.933939E-002
    outer loop 
      vertex -6.725537e-001 2.169087e-001 2.240048e+000
      vertex -5.219461e-001 2.851142e-001 2.356144e+000
      vertex -5.018120e-001 3.072085e-001 2.205562e+000
    endloop 
  endfacet
  facet normal -8.153530E-001 -5.776745E-001 -3.862316E-002
    outer loop 
      vertex -4.968723e-001 -1.683602e-001 2.958220e+000
      vertex -6.015334e-001 -1.787338e-002 2.916879e+000
      vertex -5.172219e-001 -1.285925e-001 2.793016e+000
    endloop 
  endfacet
  facet normal -8.285757E-001 -5.589339E-001 -3.248317E-002
    outer loop 
      vertex -4.142320e-001 -2.824059e-001 2.812613e+000
      vertex -4.968723e-001 -1.683602e-001 2.958220e+000
      vertex -5.172219e-001 -1.285925e-001 2.793016e+000
    endloop 
  endfacet
  facet normal -8.098012E-001 -5.824891E-001 -7.020412E-002
    outer loop 
      vertex -5.999962e-001 -4.036680e-002 3.085778e+000
      vertex -6.015334e-001 -1.787338e-002 2.916879e+000
      vertex -4.968723e-001 -1.683602e-001 2.958220e+000
    endloop 
  endfacet
  facet normal -7.955040E-001 -6.048665E-001 -3.619178E-002
    outer loop 
      vertex -5.124314e-001 -1.595681e-001 3.153272e+000
      vertex -5.999962e-001 -4.036680e-002 3.085778e+000
      vertex -4.968723e-001 -1.683602e-001 2.958220e+000
    endloop 
  endfacet
  facet normal -8.110384E-001 -5.848876E-001 -1.110253E-002
    outer loop 
      vertex -3.710862e-001 -3.428617e-001 2.962398e+000
      vertex -4.332432e-001 -2.588467e-001 3.077003e+000
      vertex -4.968723e-001 -1.683602e-001 2.958220e+000
    endloop 
  endfacet
  facet normal -7.945833E-001 -6.060832E-001 -3.606349E-002
    outer loop 
      vertex -5.124314e-001 -1.595681e-001 3.153272e+000
      vertex -4.968723e-001 -1.683602e-001 2.958220e+000
      vertex -4.332432e-001 -2.588467e-001 3.077003e+000
    endloop 
  endfacet
  facet normal -8.111854E-001 -5.847843E-001 -2.365883E-003
    outer loop 
      vertex -3.710862e-001 -3.428617e-001 2.962398e+000
      vertex -4.968723e-001 -1.683602e-001 2.958220e+000
      vertex -4.142320e-001 -2.824059e-001 2.812613e+000
    endloop 
  endfacet
  facet normal -9.531720E-001 -2.923093E-001 -7.757796E-002
    outer loop 
      vertex -5.479358e-001 7.951199e-002 1.423799e+000
      vertex -5.957739e-001 2.341805e-001 1.428786e+000
      vertex -5.747904e-001 2.148206e-001 1.243915e+000
    endloop 
  endfacet
  facet normal -9.628090E-001 -2.573322E-001 -8.233464E-002
    outer loop 
      vertex -5.957739e-001 2.341805e-001 1.428786e+000
      vertex -6.138966e-001 3.494898e-001 1.280317e+000
      vertex -5.747904e-001 2.148206e-001 1.243915e+000
    endloop 
  endfacet
  facet normal -9.658241E-001 -2.548121E-001 -4.748369E-002
    outer loop 
      vertex -5.301104e-001 5.775388e-002 1.177987e+000
      vertex -5.479358e-001 7.951199e-002 1.423799e+000
      vertex -5.747904e-001 2.148206e-001 1.243915e+000
    endloop 
  endfacet
  facet normal -9.670140E-001 -2.429447E-001 -7.656267E-002
    outer loop 
      vertex -5.301104e-001 5.775388e-002 1.177987e+000
      vertex -5.747904e-001 2.148206e-001 1.243915e+000
      vertex -5.645307e-001 2.327724e-001 1.057368e+000
    endloop 
  endfacet
  facet normal -9.622143E-001 -2.506721E-001 -1.063351E-001
    outer loop 
      vertex -6.016186e-001 3.702638e-001 1.120242e+000
      vertex -5.747904e-001 2.148206e-001 1.243915e+000
      vertex -6.138966e-001 3.494898e-001 1.280317e+000
    endloop 
  endfacet
  facet normal -9.708723E-001 -2.274625E-001 -7.528498E-002
    outer loop 
      vertex -6.016186e-001 3.702638e-001 1.120242e+000
      vertex -5.645307e-001 2.327724e-001 1.057368e+000
      vertex -5.747904e-001 2.148206e-001 1.243915e+000
    endloop 
  endfacet
  facet normal -7.997661E-002 9.949344E-001 -6.090458E-002
    outer loop 
      vertex 2.631227e-001 5.140792e-001 2.693585e-001
      vertex 1.844886e-001 5.168573e-001 4.179997e-001
      vertex 3.339264e-001 5.273578e-001 3.933025e-001
    endloop 
  endfacet
  facet normal -5.110854E-002 9.976477E-001 -4.568351E-002
    outer loop 
      vertex 2.631227e-001 5.140792e-001 2.693585e-001
      vertex 1.186045e-001 5.070737e-001 2.780517e-001
      vertex 1.844886e-001 5.168573e-001 4.179997e-001
    endloop 
  endfacet
  facet normal -8.227201E-002 9.961306E-001 -3.090647E-002
    outer loop 
      vertex 4.091636e-002 5.047334e-001 4.094256e-001
      vertex 1.844886e-001 5.168573e-001 4.179997e-001
      vertex 1.186045e-001 5.070737e-001 2.780517e-001
    endloop 
  endfacet
  facet normal 6.830928E-001 -7.273021E-001 -6.645268E-002
    outer loop 
      vertex 1.894628e-001 -5.086184e-001 3.571475e+000
      vertex 1.330851e-001 -5.734023e-001 3.700986e+000
      vertex 7.657403e-002 -6.133509e-001 3.557310e+000
    endloop 
  endfacet
  facet normal 7.056312E-001 -7.070511E-001 -4.651150E-002
    outer loop 
      vertex 2.498550e-001 -4.575187e-001 3.710894e+000
      vertex 1.330851e-001 -5.734023e-001 3.700986e+000
      vertex 1.894628e-001 -5.086184e-001 3.571475e+000
    endloop 
  endfacet
  facet normal 6.828237E-001 -7.284443E-001 -5.586231E-002
    outer loop 
      vertex 1.368696e-001 -5.469598e-001 3.428584e+000
      vertex 1.894628e-001 -5.086184e-001 3.571475e+000
      vertex 7.657403e-002 -6.133509e-001 3.557310e+000
    endloop 
  endfacet
  facet normal 6.857554E-001 -7.271918E-001 -3.052000E-002
    outer loop 
      vertex 1.894628e-001 -5.086184e-001 3.571475e+000
      vertex 3.060287e-001 -3.989617e-001 3.577841e+000
      vertex 2.498550e-001 -4.575187e-001 3.710894e+000
    endloop 
  endfacet
  facet normal 8.246619E-001 5.650662E-001 -2.515848E-002
    outer loop 
      vertex 4.773426e-001 1.874737e-001 2.916153e+000
      vertex 5.505894e-001 7.737122e-002 2.844156e+000
      vertex 4.822981e-001 1.723406e-001 2.738696e+000
    endloop 
  endfacet
  facet normal 8.291561E-001 5.584812E-001 -2.447143E-002
    outer loop 
      vertex 4.773426e-001 1.874737e-001 2.916153e+000
      vertex 4.822981e-001 1.723406e-001 2.738696e+000
      vertex 4.187066e-001 2.700738e-001 2.814492e+000
    endloop 
  endfacet
  facet normal 8.481376E-001 5.291616E-001 -2.550855E-002
    outer loop 
      vertex 4.974054e-001 1.404632e-001 2.579721e+000
      vertex 3.986921e-001 3.022927e-001 2.654656e+000
      vertex 4.822981e-001 1.723406e-001 2.738696e+000
    endloop 
  endfacet
  facet normal 8.405169E-001 5.410295E-001 -2.861249E-002
    outer loop 
      vertex 4.974054e-001 1.404632e-001 2.579721e+000
      vertex 4.822981e-001 1.723406e-001 2.738696e+000
      vertex 5.511035e-001 6.333651e-002 2.698772e+000
    endloop 
  endfacet
  facet normal 8.397068E-001 5.430229E-001 4.312779E-003
    outer loop 
      vertex 3.986921e-001 3.022927e-001 2.654656e+000
      vertex 4.187066e-001 2.700738e-001 2.814492e+000
      vertex 4.822981e-001 1.723406e-001 2.738696e+000
    endloop 
  endfacet
  facet normal 8.362522E-001 5.460826E-001 -4.975902E-002
    outer loop 
      vertex 4.822981e-001 1.723406e-001 2.738696e+000
      vertex 5.505894e-001 7.737122e-002 2.844156e+000
      vertex 5.511035e-001 6.333651e-002 2.698772e+000
    endloop 
  endfacet
  facet normal -5.695263E-001 8.215107E-001 -2.756806E-002
    outer loop 
      vertex -1.664591e-001 4.870650e-001 2.733821e+000
      vertex -1.925125e-001 4.740438e-001 2.884032e+000
      vertex -5.088618e-002 5.717311e-001 2.869205e+000
    endloop 
  endfacet
  facet normal -5.550852E-001 8.314413E-001 -2.420247E-002
    outer loop 
      vertex -2.849633e-001 4.096383e-001 2.791837e+000
      vertex -1.925125e-001 4.740438e-001 2.884032e+000
      vertex -1.664591e-001 4.870650e-001 2.733821e+000
    endloop 
  endfacet
  facet normal -5.247402E-001 8.508595E-001 -2.619041E-002
    outer loop 
      vertex -1.556097e-001 4.881134e-001 2.550506e+000
      vertex -2.627668e-001 4.242738e-001 2.623476e+000
      vertex -1.664591e-001 4.870650e-001 2.733821e+000
    endloop 
  endfacet
  facet normal -5.331903E-001 8.455732E-001 -2.672077E-002
    outer loop 
      vertex -5.916893e-002 5.526742e-001 2.669127e+000
      vertex -1.556097e-001 4.881134e-001 2.550506e+000
      vertex -1.664591e-001 4.870650e-001 2.733821e+000
    endloop 
  endfacet
  facet normal -5.467255E-001 8.373116E-001 7.074029E-004
    outer loop 
      vertex -2.627668e-001 4.242738e-001 2.623476e+000
      vertex -2.849633e-001 4.096383e-001 2.791837e+000
      vertex -1.664591e-001 4.870650e-001 2.733821e+000
    endloop 
  endfacet
  facet normal -5.456591E-001 8.360634E-001 -5.704366E-002
    outer loop 
      vertex -5.916893e-002 5.526742e-001 2.669127e+000
      vertex -1.664591e-001 4.870650e-001 2.733821e+000
      vertex -5.088618e-002 5.717311e-001 2.869205e+000
    endloop 
  endfacet
  facet normal -6.396858E-001 7.647266E-001 -7.742923E-002
    outer loop 
      vertex -1.317096e-001 5.408119e-001 3.301453e+000
      vertex -5.611712e-002 6.144047e-001 3.403778e+000
      vertex -3.442678e-002 6.157756e-001 3.238122e+000
    endloop 
  endfacet
  facet normal -6.585450E-001 7.506465E-001 -5.337026E-002
    outer loop 
      vertex -5.611712e-002 6.144047e-001 3.403778e+000
      vertex -1.317096e-001 5.408119e-001 3.301453e+000
      vertex -1.715388e-001 5.145262e-001 3.423208e+000
    endloop 
  endfacet
  facet normal -6.739132E-001 7.348669E-001 -7.623423E-002
    outer loop 
      vertex 2.845833e-002 7.040379e-001 3.520155e+000
      vertex -5.611712e-002 6.144047e-001 3.403778e+000
      vertex -9.499532e-002 5.960335e-001 3.570371e+000
    endloop 
  endfacet
  facet normal -6.595311E-001 7.482786E-001 -7.139885E-002
    outer loop 
      vertex -5.611712e-002 6.144047e-001 3.403778e+000
      vertex -1.715388e-001 5.145262e-001 3.423208e+000
      vertex -9.499532e-002 5.960335e-001 3.570371e+000
    endloop 
  endfacet
  facet normal -6.474742E-001 7.580331E-001 -7.850442E-002
    outer loop 
      vertex -5.611712e-002 6.144047e-001 3.403778e+000
      vertex 5.236754e-002 7.025858e-001 3.360509e+000
      vertex -3.442678e-002 6.157756e-001 3.238122e+000
    endloop 
  endfacet
  facet normal -6.520633E-001 7.509303E-001 -1.044853E-001
    outer loop 
      vertex 5.236754e-002 7.025858e-001 3.360509e+000
      vertex -5.611712e-002 6.144047e-001 3.403778e+000
      vertex 2.845833e-002 7.040379e-001 3.520155e+000
    endloop 
  endfacet
  facet normal -9.940439E-001 -7.984795E-002 -7.416893E-002
    outer loop 
      vertex -5.334125e-001 2.913563e-001 5.185558e-001
      vertex -5.222935e-001 3.121784e-001 3.471185e-001
      vertex -5.115278e-001 1.229953e-001 4.065001e-001
    endloop 
  endfacet
  facet normal -9.929151E-001 -9.172562E-002 -7.553834E-002
    outer loop 
      vertex -5.222935e-001 3.121784e-001 3.471185e-001
      vertex -5.334125e-001 2.913563e-001 5.185558e-001
      vertex -5.450838e-001 4.491813e-001 4.803239e-001
    endloop 
  endfacet
  facet normal -9.938995E-001 -1.030667E-001 -3.925517E-002
    outer loop 
      vertex -5.334125e-001 2.913563e-001 5.185558e-001
      vertex -5.115278e-001 1.229953e-001 4.065001e-001
      vertex -5.201977e-001 1.433028e-001 5.726964e-001
    endloop 
  endfacet
  facet normal -9.889249E-001 -1.285410E-001 -7.419459E-002
    outer loop 
      vertex -5.605282e-001 4.299185e-001 6.399187e-001
      vertex -5.334125e-001 2.913563e-001 5.185558e-001
      vertex -5.423707e-001 2.574217e-001 6.967502e-001
    endloop 
  endfacet
  facet normal -9.908210E-001 -1.146351E-001 -7.164172E-002
    outer loop 
      vertex -5.423707e-001 2.574217e-001 6.967502e-001
      vertex -5.334125e-001 2.913563e-001 5.185558e-001
      vertex -5.201977e-001 1.433028e-001 5.726964e-001
    endloop 
  endfacet
  facet normal -9.892166E-001 -9.924490E-002 -1.077077E-001
    outer loop 
      vertex -5.605282e-001 4.299185e-001 6.399187e-001
      vertex -5.450838e-001 4.491813e-001 4.803239e-001
      vertex -5.334125e-001 2.913563e-001 5.185558e-001
    endloop 
  endfacet
  facet normal -7.378603E-001 6.728324E-001 5.346803E-002
    outer loop 
      vertex -5.982848e-001 8.042207e-002 4.000000e+000
      vertex -5.304398e-001 1.646474e-001 3.876387e+000
      vertex -6.319802e-001 5.130771e-002 3.901373e+000
    endloop 
  endfacet
  facet normal -7.636693E-001 6.416367E-001 7.149436E-002
    outer loop 
      vertex -6.319802e-001 5.130771e-002 3.901373e+000
      vertex -7.081547e-001 -5.034393e-002 4.000000e+000
      vertex -5.982848e-001 8.042207e-002 4.000000e+000
    endloop 
  endfacet
  facet normal -7.414535E-001 6.619883E-001 1.096282E-001
    outer loop 
      vertex -7.080930e-001 -2.361184e-002 3.838996e+000
      vertex -7.081547e-001 -5.034393e-002 4.000000e+000
      vertex -6.319802e-001 5.130771e-002 3.901373e+000
    endloop 
  endfacet
  facet normal -7.344117E-001 6.745281E-001 7.517508E-002
    outer loop 
      vertex -6.319802e-001 5.130771e-002 3.901373e+000
      vertex -5.304398e-001 1.646474e-001 3.876387e+000
      vertex -6.035916e-001 9.739140e-002 3.765213e+000
    endloop 
  endfacet
  facet normal -7.308123E-001 6.782023E-001 7.716906E-002
    outer loop 
      vertex -6.319802e-001 5.130771e-002 3.901373e+000
      vertex -6.035916e-001 9.739140e-002 3.765213e+000
      vertex -7.080930e-001 -2.361184e-002 3.838996e+000
    endloop 
  endfacet
  facet normal 9.947827E-001 6.017176E-002 -8.238147E-002
    outer loop 
      vertex 5.199625e-001 -2.750607e-001 3.483473e-001
      vertex 5.349355e-001 -3.310148e-001 4.882818e-001
      vertex 5.292874e-001 -4.679857e-001 3.200353e-001
    endloop 
  endfacet
  facet normal 9.928886E-001 9.850459E-002 -6.685104E-002
    outer loop 
      vertex 5.349355e-001 -3.310148e-001 4.882818e-001
      vertex 5.199625e-001 -2.750607e-001 3.483473e-001
      vertex 5.212376e-001 -1.902124e-001 4.923083e-001
    endloop 
  endfacet
  facet normal 9.881395E-001 1.307013E-001 -8.060685E-002
    outer loop 
      vertex 5.349355e-001 -3.310148e-001 4.882818e-001
      vertex 5.366898e-001 -2.338383e-001 6.673562e-001
      vertex 5.603973e-001 -4.299350e-001 6.400167e-001
    endloop 
  endfacet
  facet normal 9.931397E-001 9.842288E-002 -6.313965E-002
    outer loop 
      vertex 5.366898e-001 -2.338383e-001 6.673562e-001
      vertex 5.349355e-001 -3.310148e-001 4.882818e-001
      vertex 5.212376e-001 -1.902124e-001 4.923083e-001
    endloop 
  endfacet
  facet normal 9.893857E-001 9.464483E-002 -1.102651E-001
    outer loop 
      vertex 5.349355e-001 -3.310148e-001 4.882818e-001
      vertex 5.453225e-001 -4.489837e-001 4.802254e-001
      vertex 5.292874e-001 -4.679857e-001 3.200353e-001
    endloop 
  endfacet
  facet normal 9.900272E-001 9.431739E-002 -1.046433E-001
    outer loop 
      vertex 5.349355e-001 -3.310148e-001 4.882818e-001
      vertex 5.603973e-001 -4.299350e-001 6.400167e-001
      vertex 5.453225e-001 -4.489837e-001 4.802254e-001
    endloop 
  endfacet
  facet normal -9.512061E-001 -2.982544E-001 7.906554E-002
    outer loop 
      vertex -3.528278e-001 -5.159861e-001 1.568245e+000
      vertex -3.746346e-001 -4.871376e-001 1.414721e+000
      vertex -3.290979e-001 -6.258023e-001 1.439478e+000
    endloop 
  endfacet
  facet normal -9.459909E-001 -3.153727E-001 7.510810E-002
    outer loop 
      vertex -3.528278e-001 -5.159861e-001 1.568245e+000
      vertex -3.960571e-001 -3.957149e-001 1.528780e+000
      vertex -3.746346e-001 -4.871376e-001 1.414721e+000
    endloop 
  endfacet
  facet normal -9.404700E-001 -3.304733E-001 7.939599E-002
    outer loop 
      vertex -3.077225e-001 -6.368058e-001 1.599639e+000
      vertex -3.386207e-001 -5.231618e-001 1.706666e+000
      vertex -3.528278e-001 -5.159861e-001 1.568245e+000
    endloop 
  endfacet
  facet normal -9.403298E-001 -3.242299E-001 1.032225E-001
    outer loop 
      vertex -3.077225e-001 -6.368058e-001 1.599639e+000
      vertex -3.528278e-001 -5.159861e-001 1.568245e+000
      vertex -3.290979e-001 -6.258023e-001 1.439478e+000
    endloop 
  endfacet
  facet normal -2.966396E-001 9.518670E-001 7.716215E-002
    outer loop 
      vertex -6.255302e-001 3.281595e-001 1.440282e+000
      vertex -5.144674e-001 3.535717e-001 1.553765e+000
      vertex -4.630314e-001 3.821105e-001 1.399452e+000
    endloop 
  endfacet
  facet normal -3.134023E-001 9.469870E-001 7.067228E-002
    outer loop 
      vertex -3.503162e-001 4.102478e-001 1.522265e+000
      vertex -4.630314e-001 3.821105e-001 1.399452e+000
      vertex -5.144674e-001 3.535717e-001 1.553765e+000
    endloop 
  endfacet
  facet normal -3.319231E-001 9.397461E-001 8.187960E-002
    outer loop 
      vertex -5.290447e-001 3.352810e-001 1.704598e+000
      vertex -5.144674e-001 3.535717e-001 1.553765e+000
      vertex -6.364464e-001 3.064540e-001 1.600065e+000
    endloop 
  endfacet
  facet normal -3.231548E-001 9.404277E-001 1.056735E-001
    outer loop 
      vertex -6.364464e-001 3.064540e-001 1.600065e+000
      vertex -5.144674e-001 3.535717e-001 1.553765e+000
      vertex -6.255302e-001 3.281595e-001 1.440282e+000
    endloop 
  endfacet
  facet normal 9.488065E-001 3.061874E-001 7.756101E-002
    outer loop 
      vertex 4.036820e-001 3.775244e-001 1.476417e+000
      vertex 3.791758e-001 4.817812e-001 1.364628e+000
      vertex 3.548910e-001 5.137588e-001 1.535467e+000
    endloop 
  endfacet
  facet normal 9.512722E-001 2.979396E-001 7.945532E-002
    outer loop 
      vertex 3.791758e-001 4.817812e-001 1.364628e+000
      vertex 3.280317e-001 6.248456e-001 1.440488e+000
      vertex 3.548910e-001 5.137588e-001 1.535467e+000
    endloop 
  endfacet
  facet normal 9.474476E-001 3.149194E-001 5.629262E-002
    outer loop 
      vertex 4.036820e-001 3.775244e-001 1.476417e+000
      vertex 3.548910e-001 5.137588e-001 1.535467e+000
      vertex 3.786547e-001 4.260874e-001 1.625968e+000
    endloop 
  endfacet
  facet normal 9.410418E-001 3.287562E-001 7.974897E-002
    outer loop 
      vertex 3.548910e-001 5.137588e-001 1.535467e+000
      vertex 3.068912e-001 6.353876e-001 1.600466e+000
      vertex 3.356999e-001 5.287129e-001 1.700276e+000
    endloop 
  endfacet
  facet normal 9.386311E-001 3.357939E-001 7.882968E-002
    outer loop 
      vertex 3.548910e-001 5.137588e-001 1.535467e+000
      vertex 3.356999e-001 5.287129e-001 1.700276e+000
      vertex 3.786547e-001 4.260874e-001 1.625968e+000
    endloop 
  endfacet
  facet normal 9.428517E-001 3.166564E-001 1.037274E-001
    outer loop 
      vertex 3.548910e-001 5.137588e-001 1.535467e+000
      vertex 3.280317e-001 6.248456e-001 1.440488e+000
      vertex 3.068912e-001 6.353876e-001 1.600466e+000
    endloop 
  endfacet
  facet normal 9.990655E-001 2.998698E-002 3.112647E-002
    outer loop 
      vertex 5.000000e-001 1.666667e-001 0.000000e+000
      vertex 4.919570e-001 2.752682e-001 1.535308e-001
      vertex 4.959953e-001 1.239190e-001 1.697211e-001
    endloop 
  endfacet
  facet normal 9.984496E-001 3.154675E-002 4.586102E-002
    outer loop 
      vertex 4.866134e-001 2.477919e-001 2.887681e-001
      vertex 4.959953e-001 1.239190e-001 1.697211e-001
      vertex 4.919570e-001 2.752682e-001 1.535308e-001
    endloop 
  endfacet
  facet normal 9.987249E-001 4.461234E-002 2.362978E-002
    outer loop 
      vertex 4.959953e-001 1.239190e-001 1.697211e-001
      vertex 4.904359e-001 1.497504e-001 3.559236e-001
      vertex 5.012571e-001 -2.187861e-002 2.225921e-001
    endloop 
  endfacet
  facet normal 9.993752E-001 3.527763E-002 -2.176407E-003
    outer loop 
      vertex 5.012571e-001 -2.187861e-002 2.225921e-001
      vertex 5.000000e-001 0.000000e+000 0.000000e+000
      vertex 4.959953e-001 1.239190e-001 1.697211e-001
    endloop 
  endfacet
  facet normal 9.982820E-001 5.418864E-002 2.228806E-002
    outer loop 
      vertex 4.904359e-001 1.497504e-001 3.559236e-001
      vertex 4.959953e-001 1.239190e-001 1.697211e-001
      vertex 4.866134e-001 2.477919e-001 2.887681e-001
    endloop 
  endfacet
  facet normal 9.997218E-001 0.000000E+000 2.358913E-002
    outer loop 
      vertex 5.000000e-001 0.000000e+000 0.000000e+000
      vertex 5.000000e-001 1.666667e-001 0.000000e+000
      vertex 4.959953e-001 1.239190e-001 1.697211e-001
    endloop 
  endfacet
  facet normal -8.382521E-001 -5.396629E-001 -7.808603E-002
    outer loop 
      vertex -6.914553e-001 1.471768e-001 2.720115e+000
      vertex -6.209778e-001 5.310014e-002 2.613716e+000
      vertex -6.097485e-001 1.470575e-002 2.758519e+000
    endloop 
  endfacet
  facet normal -8.462297E-001 -5.276161E-001 -7.427318E-002
    outer loop 
      vertex -6.097485e-001 1.470575e-002 2.758519e+000
      vertex -6.209778e-001 5.310014e-002 2.613716e+000
      vertex -5.418426e-001 -7.887261e-002 2.649590e+000
    endloop 
  endfacet
  facet normal -8.301469E-001 -5.530425E-001 -7.071132E-002
    outer loop 
      vertex -6.015334e-001 -1.787338e-002 2.916879e+000
      vertex -6.097485e-001 1.470575e-002 2.758519e+000
      vertex -5.172219e-001 -1.285925e-001 2.793016e+000
    endloop 
  endfacet
  facet normal -8.338999E-001 -5.498706E-001 -4.746873E-002
    outer loop 
      vertex -5.418426e-001 -7.887261e-002 2.649590e+000
      vertex -5.172219e-001 -1.285925e-001 2.793016e+000
      vertex -6.097485e-001 1.470575e-002 2.758519e+000
    endloop 
  endfacet
  facet normal -8.325507E-001 -5.439235E-001 -1.049121E-001
    outer loop 
      vertex -6.097485e-001 1.470575e-002 2.758519e+000
      vertex -6.961722e-001 1.235452e-001 2.880066e+000
      vertex -6.914553e-001 1.471768e-001 2.720115e+000
    endloop 
  endfacet
  facet normal -8.197265E-001 -5.679139E-001 -7.431137E-002
    outer loop 
      vertex -6.961722e-001 1.235452e-001 2.880066e+000
      vertex -6.097485e-001 1.470575e-002 2.758519e+000
      vertex -6.015334e-001 -1.787338e-002 2.916879e+000
    endloop 
  endfacet
  facet normal -5.375926E-001 8.395349E-001 -7.858279E-002
    outer loop 
      vertex 1.479685e-001 6.890618e-001 2.720682e+000
      vertex 5.403191e-002 6.180412e-001 2.604566e+000
      vertex 4.265505e-002 6.247306e-001 2.753863e+000
    endloop 
  endfacet
  facet normal -5.316384E-001 8.433443E-001 -7.829975E-002
    outer loop 
      vertex -5.916893e-002 5.526742e-001 2.669127e+000
      vertex 4.265505e-002 6.247306e-001 2.753863e+000
      vertex 5.403191e-002 6.180412e-001 2.604566e+000
    endloop 
  endfacet
  facet normal -5.422990E-001 8.335940E-001 -1.050377E-001
    outer loop 
      vertex 4.265505e-002 6.247306e-001 2.753863e+000
      vertex 1.241337e-001 6.936955e-001 2.880512e+000
      vertex 1.479685e-001 6.890618e-001 2.720682e+000
    endloop 
  endfacet
  facet normal -5.662053E-001 8.201420E-001 -8.233260E-002
    outer loop 
      vertex 1.241337e-001 6.936955e-001 2.880512e+000
      vertex 4.265505e-002 6.247306e-001 2.753863e+000
      vertex -5.088618e-002 5.717311e-001 2.869205e+000
    endloop 
  endfacet
  facet normal -5.445763E-001 8.367615E-001 -5.715498E-002
    outer loop 
      vertex -5.916893e-002 5.526742e-001 2.669127e+000
      vertex -5.088618e-002 5.717311e-001 2.869205e+000
      vertex 4.265505e-002 6.247306e-001 2.753863e+000
    endloop 
  endfacet
  facet normal 5.397744E-001 -8.383408E-001 -7.634289E-002
    outer loop 
      vertex -1.493279e-001 -6.922001e-001 2.719883e+000
      vertex -3.109825e-002 -6.078926e-001 2.630011e+000
      vertex -1.658568e-002 -6.120122e-001 2.777860e+000
    endloop 
  endfacet
  facet normal 5.381379E-001 -8.394042E-001 -7.621188E-002
    outer loop 
      vertex 1.034327e-001 -5.285258e-001 2.705792e+000
      vertex -1.658568e-002 -6.120122e-001 2.777860e+000
      vertex -3.109825e-002 -6.078926e-001 2.630011e+000
    endloop 
  endfacet
  facet normal 5.530992E-001 -8.320184E-001 -4.274023E-002
    outer loop 
      vertex 1.034327e-001 -5.285258e-001 2.705792e+000
      vertex 1.158386e-001 -5.275297e-001 2.846945e+000
      vertex -1.658568e-002 -6.120122e-001 2.777860e+000
    endloop 
  endfacet
  facet normal 5.468100E-001 -8.309348E-001 -1.026945E-001
    outer loop 
      vertex -1.262848e-001 -6.968476e-001 2.880184e+000
      vertex -1.493279e-001 -6.922001e-001 2.719883e+000
      vertex -1.658568e-002 -6.120122e-001 2.777860e+000
    endloop 
  endfacet
  facet normal 8.410110E-001 5.360360E-001 -7.325190E-002
    outer loop 
      vertex 5.964320e-001 -2.314645e-002 2.580537e+000
      vertex 6.220504e-001 -3.677362e-002 2.774945e+000
      vertex 6.896728e-001 -1.502926e-001 2.720625e+000
    endloop 
  endfacet
  facet normal 8.390090E-001 5.392303E-001 -7.276417E-002
    outer loop 
      vertex 6.220504e-001 -3.677362e-002 2.774945e+000
      vertex 5.964320e-001 -2.314645e-002 2.580537e+000
      vertex 5.511035e-001 6.333651e-002 2.698772e+000
    endloop 
  endfacet
  facet normal 8.315566E-001 5.454742E-001 -1.047455E-001
    outer loop 
      vertex 6.896728e-001 -1.502926e-001 2.720625e+000
      vertex 6.220504e-001 -3.677362e-002 2.774945e+000
      vertex 6.942947e-001 -1.266360e-001 2.880511e+000
    endloop 
  endfacet
  facet normal 8.325168E-001 5.517103E-001 -5.031550E-002
    outer loop 
      vertex 6.220504e-001 -3.677362e-002 2.774945e+000
      vertex 5.511035e-001 6.333651e-002 2.698772e+000
      vertex 5.505894e-001 7.737122e-002 2.844156e+000
    endloop 
  endfacet
  facet normal 4.412015E-001 -8.967825E-001 3.350114E-002
    outer loop 
      vertex 3.528312e-001 -3.908436e-001 1.995953e+000
      vertex 4.266625e-001 -3.473911e-001 2.186780e+000
      vertex 2.930816e-001 -4.135549e-001 2.174886e+000
    endloop 
  endfacet
  facet normal 4.065830E-001 -9.133986E-001 1.983229E-002
    outer loop 
      vertex 2.252226e-001 -4.474738e-001 2.003895e+000
      vertex 3.528312e-001 -3.908436e-001 1.995953e+000
      vertex 2.930816e-001 -4.135549e-001 2.174886e+000
    endloop 
  endfacet
  facet normal 3.705685E-001 -9.280736E-001 3.685387E-002
    outer loop 
      vertex 4.125854e-001 -3.748152e-001 1.798755e+000
      vertex 3.528312e-001 -3.908436e-001 1.995953e+000
      vertex 2.723442e-001 -4.298640e-001 1.822624e+000
    endloop 
  endfacet
  facet normal 4.064530E-001 -9.135152E-001 1.691311E-002
    outer loop 
      vertex 2.723442e-001 -4.298640e-001 1.822624e+000
      vertex 3.528312e-001 -3.908436e-001 1.995953e+000
      vertex 2.252226e-001 -4.474738e-001 2.003895e+000
    endloop 
  endfacet
  facet normal 4.099204E-001 -9.108149E-001 4.879909E-002
    outer loop 
      vertex 3.528312e-001 -3.908436e-001 1.995953e+000
      vertex 4.975978e-001 -3.245692e-001 2.016873e+000
      vertex 4.266625e-001 -3.473911e-001 2.186780e+000
    endloop 
  endfacet
  facet normal 4.097344E-001 -9.108267E-001 5.012360E-002
    outer loop 
      vertex 4.975978e-001 -3.245692e-001 2.016873e+000
      vertex 3.528312e-001 -3.908436e-001 1.995953e+000
      vertex 4.125854e-001 -3.748152e-001 1.798755e+000
    endloop 
  endfacet
  facet normal 6.996508E-001 7.111409E-001 -6.904566E-002
    outer loop 
      vertex 6.226621e-001 8.580869e-002 3.749322e+000
      vertex 5.176702e-001 1.877451e-001 3.735323e+000
      vertex 5.744485e-001 1.458150e-001 3.878805e+000
    endloop 
  endfacet
  facet normal 6.809905E-001 7.301396E-001 -5.610937E-002
    outer loop 
      vertex 4.279848e-001 2.808204e-001 3.857996e+000
      vertex 5.744485e-001 1.458150e-001 3.878805e+000
      vertex 5.176702e-001 1.877451e-001 3.735323e+000
    endloop 
  endfacet
  facet normal 6.754105E-001 7.321932E-001 -8.782795E-002
    outer loop 
      vertex 6.226621e-001 8.580869e-002 3.749322e+000
      vertex 5.744485e-001 1.458150e-001 3.878805e+000
      vertex 7.054536e-001 2.015144e-002 3.838639e+000
    endloop 
  endfacet
  facet normal 6.799881E-001 7.324234E-001 -3.423653E-002
    outer loop 
      vertex 4.279848e-001 2.808204e-001 3.857996e+000
      vertex 4.587594e-001 2.588869e-001 4.000000e+000
      vertex 5.744485e-001 1.458150e-001 3.878805e+000
    endloop 
  endfacet
  facet normal 6.608128E-001 7.475826E-001 -6.668372E-002
    outer loop 
      vertex 5.811327e-001 1.507170e-001 4.000000e+000
      vertex 5.744485e-001 1.458150e-001 3.878805e+000
      vertex 4.587594e-001 2.588869e-001 4.000000e+000
    endloop 
  endfacet
  facet normal 6.423998E-001 7.634954E-001 -6.631184E-002
    outer loop 
      vertex 7.047226e-001 4.672933e-002 4.000000e+000
      vertex 5.744485e-001 1.458150e-001 3.878805e+000
      vertex 5.811327e-001 1.507170e-001 4.000000e+000
    endloop 
  endfacet
  facet normal 6.683390E-001 7.344470E-001 -1.179433E-001
    outer loop 
      vertex 7.054536e-001 2.015144e-002 3.838639e+000
      vertex 5.744485e-001 1.458150e-001 3.878805e+000
      vertex 7.047226e-001 4.672933e-002 4.000000e+000
    endloop 
  endfacet
  facet normal -6.872975E-001 -7.263181E-001 -9.176077E-003
    outer loop 
      vertex -2.997663e-001 -4.078310e-001 3.856425e+000
      vertex -4.203006e-001 -2.936696e-001 3.848300e+000
      vertex -3.752223e-001 -3.346310e-001 3.714125e+000
    endloop 
  endfacet
  facet normal -6.874953E-001 -7.261763E-001 -4.251085E-003
    outer loop 
      vertex -4.203006e-001 -2.936696e-001 3.848300e+000
      vertex -2.997663e-001 -4.078310e-001 3.856425e+000
      vertex -3.370266e-001 -3.733959e-001 4.000000e+000
    endloop 
  endfacet
  facet normal -6.886186E-001 -7.243041E-001 -3.446620E-002
    outer loop 
      vertex -5.662513e-001 -1.528799e-001 3.805643e+000
      vertex -4.203006e-001 -2.936696e-001 3.848300e+000
      vertex -4.607731e-001 -2.624099e-001 4.000000e+000
    endloop 
  endfacet
  facet normal -6.876723E-001 -7.249310E-001 -3.977317E-002
    outer loop 
      vertex -5.662513e-001 -1.528799e-001 3.805643e+000
      vertex -4.822795e-001 -2.268235e-001 3.701527e+000
      vertex -4.203006e-001 -2.936696e-001 3.848300e+000
    endloop 
  endfacet
  facet normal -6.674775E-001 -7.442194E-001 -2.472213E-002
    outer loop 
      vertex -4.203006e-001 -2.936696e-001 3.848300e+000
      vertex -3.370266e-001 -3.733959e-001 4.000000e+000
      vertex -4.607731e-001 -2.624099e-001 4.000000e+000
    endloop 
  endfacet
  facet normal -7.080812E-001 -7.057746E-001 -2.243033E-002
    outer loop 
      vertex -3.752223e-001 -3.346310e-001 3.714125e+000
      vertex -4.203006e-001 -2.936696e-001 3.848300e+000
      vertex -4.822795e-001 -2.268235e-001 3.701527e+000
    endloop 
  endfacet
  facet normal 7.272742E-001 -6.854535E-001 -3.500905E-002
    outer loop 
      vertex 2.021361e-001 -5.149227e-001 3.850746e+000
      vertex 3.100812e-001 -4.005899e-001 3.854626e+000
      vertex 2.594401e-001 -4.617455e-001 4.000000e+000
    endloop 
  endfacet
  facet normal 7.272884E-001 -6.855273E-001 -3.322523E-002
    outer loop 
      vertex 2.021361e-001 -5.149227e-001 3.850746e+000
      vertex 2.498550e-001 -4.575187e-001 3.710894e+000
      vertex 3.100812e-001 -4.005899e-001 3.854626e+000
    endloop 
  endfacet
  facet normal 7.262156E-001 -6.874666E-001 -7.633691E-004
    outer loop 
      vertex 3.599057e-001 -3.477982e-001 3.711648e+000
      vertex 4.149072e-001 -2.898563e-001 3.855392e+000
      vertex 3.100812e-001 -4.005899e-001 3.854626e+000
    endloop 
  endfacet
  facet normal 7.262213E-001 -6.874461E-001 -4.522789E-003
    outer loop 
      vertex 4.149072e-001 -2.898563e-001 3.855392e+000
      vertex 3.703203e-001 -3.379094e-001 4.000000e+000
      vertex 3.100812e-001 -4.005899e-001 3.854626e+000
    endloop 
  endfacet
  facet normal 7.448379E-001 -6.669120E-001 -2.109070E-002
    outer loop 
      vertex 3.100812e-001 -4.005899e-001 3.854626e+000
      vertex 3.703203e-001 -3.379094e-001 4.000000e+000
      vertex 2.594401e-001 -4.617455e-001 4.000000e+000
    endloop 
  endfacet
  facet normal 7.060126E-001 -7.080318E-001 -1.539685E-002
    outer loop 
      vertex 3.599057e-001 -3.477982e-001 3.711648e+000
      vertex 3.100812e-001 -4.005899e-001 3.854626e+000
      vertex 2.498550e-001 -4.575187e-001 3.710894e+000
    endloop 
  endfacet
  facet normal -9.301071E-001 -3.588319E-001 -7.836126E-002
    outer loop 
      vertex -6.466256e-001 2.845302e-001 1.760105e+000
      vertex -5.927221e-001 1.771214e-001 1.612146e+000
      vertex -5.871437e-001 1.220963e-001 1.797903e+000
    endloop 
  endfacet
  facet normal -9.533287E-001 -2.924365E-001 -7.513514E-002
    outer loop 
      vertex -5.957739e-001 2.341805e-001 1.428786e+000
      vertex -5.479358e-001 7.951199e-002 1.423799e+000
      vertex -5.927221e-001 1.771214e-001 1.612146e+000
    endloop 
  endfacet
  facet normal -9.413676E-001 -3.262738E-001 -8.586391E-002
    outer loop 
      vertex -5.957739e-001 2.341805e-001 1.428786e+000
      vertex -5.927221e-001 1.771214e-001 1.612146e+000
      vertex -6.364464e-001 3.064540e-001 1.600065e+000
    endloop 
  endfacet
  facet normal -9.391297E-001 -3.272640E-001 -1.045645E-001
    outer loop 
      vertex -5.927221e-001 1.771214e-001 1.612146e+000
      vertex -6.466256e-001 2.845302e-001 1.760105e+000
      vertex -6.364464e-001 3.064540e-001 1.600065e+000
    endloop 
  endfacet
  facet normal -9.899682E-001 -1.311504E-001 5.255869E-002
    outer loop 
      vertex -4.596301e-001 -3.156568e-001 7.014630e-001
      vertex -4.771532e-001 -2.052403e-001 6.469303e-001
      vertex -4.693722e-001 -3.011344e-001 5.542035e-001
    endloop 
  endfacet
  facet normal 7.739533E-001 6.330243E-001 -1.663007E-002
    outer loop 
      vertex 4.375747e-001 2.477833e-001 3.107085e+000
      vertex 3.419862e-001 3.683122e-001 3.246393e+000
      vertex 4.428059e-001 2.464520e-001 3.299871e+000
    endloop 
  endfacet
  facet normal 7.932692E-001 6.086124E-001 1.774497E-002
    outer loop 
      vertex 3.084435e-001 4.162961e-001 3.100141e+000
      vertex 3.419862e-001 3.683122e-001 3.246393e+000
      vertex 4.375747e-001 2.477833e-001 3.107085e+000
    endloop 
  endfacet
  facet normal 7.683308E-001 6.399776E-001 9.814361E-003
    outer loop 
      vertex 3.419862e-001 3.683122e-001 3.246393e+000
      vertex 3.559446e-001 3.492905e-001 3.394011e+000
      vertex 4.428059e-001 2.464520e-001 3.299871e+000
    endloop 
  endfacet
  facet normal 7.743929E-001 6.320052E-001 2.974917E-002
    outer loop 
      vertex 2.324310e-001 5.023831e-001 3.249931e+000
      vertex 3.419862e-001 3.683122e-001 3.246393e+000
      vertex 3.084435e-001 4.162961e-001 3.100141e+000
    endloop 
  endfacet
  facet normal 7.742245E-001 6.315629E-001 4.128755E-002
    outer loop 
      vertex 2.535284e-001 4.664201e-001 3.404427e+000
      vertex 3.419862e-001 3.683122e-001 3.246393e+000
      vertex 2.324310e-001 5.023831e-001 3.249931e+000
    endloop 
  endfacet
  facet normal 7.533323E-001 6.575016E-001 1.349067E-002
    outer loop 
      vertex 2.535284e-001 4.664201e-001 3.404427e+000
      vertex 3.559446e-001 3.492905e-001 3.394011e+000
      vertex 3.419862e-001 3.683122e-001 3.246393e+000
    endloop 
  endfacet
  facet normal 3.632195E-001 -9.282539E-001 8.010211E-002
    outer loop 
      vertex 5.450162e-001 -3.170598e-001 1.857448e+000
      vertex 5.296570e-001 -3.365372e-001 1.701382e+000
      vertex 6.458092e-001 -2.860041e-001 1.760293e+000
    endloop 
  endfacet
  facet normal 3.687617E-001 -9.261358E-001 7.929235E-002
    outer loop 
      vertex 5.450162e-001 -3.170598e-001 1.857448e+000
      vertex 4.125854e-001 -3.748152e-001 1.798755e+000
      vertex 5.296570e-001 -3.365372e-001 1.701382e+000
    endloop 
  endfacet
  facet normal 3.311053E-001 -9.400629E-001 8.155431E-002
    outer loop 
      vertex 5.305474e-001 -3.495916e-001 1.547292e+000
      vertex 6.356507e-001 -3.079767e-001 1.600267e+000
      vertex 5.296570e-001 -3.365372e-001 1.701382e+000
    endloop 
  endfacet
  facet normal 3.256402E-001 -9.419588E-001 8.168335E-002
    outer loop 
      vertex 4.182442e-001 -3.846725e-001 1.590455e+000
      vertex 5.305474e-001 -3.495916e-001 1.547292e+000
      vertex 5.296570e-001 -3.365372e-001 1.701382e+000
    endloop 
  endfacet
  facet normal 3.512667E-001 -9.303192E-001 1.054407E-001
    outer loop 
      vertex 6.458092e-001 -2.860041e-001 1.760293e+000
      vertex 5.296570e-001 -3.365372e-001 1.701382e+000
      vertex 6.356507e-001 -3.079767e-001 1.600267e+000
    endloop 
  endfacet
  facet normal 3.504437E-001 -9.350391E-001 5.376861E-002
    outer loop 
      vertex 4.125854e-001 -3.748152e-001 1.798755e+000
      vertex 4.182442e-001 -3.846725e-001 1.590455e+000
      vertex 5.296570e-001 -3.365372e-001 1.701382e+000
    endloop 
  endfacet
  facet normal -5.200840E-001 8.507944E-001 7.524326E-002
    outer loop 
      vertex -5.818689e-001 2.253449e-001 2.646101e+000
      vertex -4.639127e-001 3.020881e-001 2.593663e+000
      vertex -5.566325e-001 2.535895e-001 2.501167e+000
    endloop 
  endfacet
  facet normal -5.132359E-001 8.547675E-001 7.720998E-002
    outer loop 
      vertex -6.859530e-001 1.706128e-001 2.560148e+000
      vertex -5.818689e-001 2.253449e-001 2.646101e+000
      vertex -5.566325e-001 2.535895e-001 2.501167e+000
    endloop 
  endfacet
  facet normal -5.277693E-001 8.477054E-001 5.343515E-002
    outer loop 
      vertex -5.818689e-001 2.253449e-001 2.646101e+000
      vertex -4.894764e-001 2.773796e-001 2.733156e+000
      vertex -4.639127e-001 3.020881e-001 2.593663e+000
    endloop 
  endfacet
  facet normal -5.294604E-001 8.417971E-001 1.051158E-001
    outer loop 
      vertex -6.859530e-001 1.706128e-001 2.560148e+000
      vertex -6.914553e-001 1.471768e-001 2.720115e+000
      vertex -5.818689e-001 2.253449e-001 2.646101e+000
    endloop 
  endfacet
  facet normal 8.593317E-001 5.050588E-001 8.040257E-002
    outer loop 
      vertex 2.439924e-001 5.729309e-001 2.495847e+000
      vertex 2.307734e-001 5.741991e-001 2.629164e+000
      vertex 3.305742e-001 4.211524e-001 2.523888e+000
    endloop 
  endfacet
  facet normal 8.531477E-001 5.155468E-001 7.968964E-002
    outer loop 
      vertex 2.307734e-001 5.741991e-001 2.629164e+000
      vertex 2.439924e-001 5.729309e-001 2.495847e+000
      vertex 1.709578e-001 6.837741e-001 2.560655e+000
    endloop 
  endfacet
  facet normal 8.505986E-001 5.239108E-001 4.471743E-002
    outer loop 
      vertex 2.970029e-001 4.609613e-001 2.696068e+000
      vertex 3.305742e-001 4.211524e-001 2.523888e+000
      vertex 2.307734e-001 5.741991e-001 2.629164e+000
    endloop 
  endfacet
  facet normal 8.442268E-001 5.258181E-001 1.039064E-001
    outer loop 
      vertex 1.479685e-001 6.890618e-001 2.720682e+000
      vertex 2.307734e-001 5.741991e-001 2.629164e+000
      vertex 1.709578e-001 6.837741e-001 2.560655e+000
    endloop 
  endfacet
  facet normal 5.321757E-001 -8.403929E-001 1.026099E-001
    outer loop 
      vertex 6.896728e-001 -1.502926e-001 2.720625e+000
      vertex 5.922894e-001 -2.182556e-001 2.669065e+000
      vertex 6.842579e-001 -1.732841e-001 2.560405e+000
    endloop 
  endfacet
  facet normal 5.437679E-001 -8.358966E-001 7.478864E-002
    outer loop 
      vertex 5.592780e-001 -2.241930e-001 2.842721e+000
      vertex 5.922894e-001 -2.182556e-001 2.669065e+000
      vertex 6.896728e-001 -1.502926e-001 2.720625e+000
    endloop 
  endfacet
  facet normal 5.345886E-001 -8.419679E-001 7.283615E-002
    outer loop 
      vertex 5.592780e-001 -2.241930e-001 2.842721e+000
      vertex 4.783187e-001 -2.895193e-001 2.681775e+000
      vertex 5.922894e-001 -2.182556e-001 2.669065e+000
    endloop 
  endfacet
  facet normal -9.952964E-001 -5.836902E-002 -7.731805E-002
    outer loop 
      vertex -5.098783e-001 3.490420e-001 1.594711e-001
      vertex -5.222935e-001 3.121784e-001 3.471185e-001
      vertex -5.293521e-001 4.677822e-001 3.205138e-001
    endloop 
  endfacet
  facet normal -9.924729E-001 -6.297886E-002 -1.050290E-001
    outer loop 
      vertex -5.293521e-001 4.677822e-001 3.205138e-001
      vertex -5.222935e-001 3.121784e-001 3.471185e-001
      vertex -5.450838e-001 4.491813e-001 4.803239e-001
    endloop 
  endfacet
  facet normal 6.761327E-001 7.339585E-001 6.441583E-002
    outer loop 
      vertex 8.005428e-002 5.946714e-001 4.000000e+000
      vertex 1.652932e-001 5.270228e-001 3.876093e+000
      vertex 5.208167e-002 6.291149e-001 3.901160e+000
    endloop 
  endfacet
  facet normal 6.394992E-001 7.640484E-001 8.526906E-002
    outer loop 
      vertex -5.046827e-002 7.039172e-001 4.000000e+000
      vertex 8.005428e-002 5.946714e-001 4.000000e+000
      vertex 5.208167e-002 6.291149e-001 3.901160e+000
    endloop 
  endfacet
  facet normal 6.564935E-001 7.451736E-001 1.171857E-001
    outer loop 
      vertex -2.280134e-002 7.048054e-001 3.839358e+000
      vertex -5.046827e-002 7.039172e-001 4.000000e+000
      vertex 5.208167e-002 6.291149e-001 3.901160e+000
    endloop 
  endfacet
  facet normal 6.768680E-001 7.323436E-001 7.431438E-002
    outer loop 
      vertex 9.856206e-002 6.001278e-001 3.763467e+000
      vertex 5.208167e-002 6.291149e-001 3.901160e+000
      vertex 1.652932e-001 5.270228e-001 3.876093e+000
    endloop 
  endfacet
  facet normal 6.777038E-001 7.315238E-001 7.476908E-002
    outer loop 
      vertex 9.856206e-002 6.001278e-001 3.763467e+000
      vertex -2.280134e-002 7.048054e-001 3.839358e+000
      vertex 5.208167e-002 6.291149e-001 3.901160e+000
    endloop 
  endfacet
  facet normal 4.082105E-001 -9.116985E-001 -4.658283E-002
    outer loop 
      vertex 1.939483e-002 -5.472050e-001 2.150046e+000
      vertex -2.829078e-002 -5.603689e-001 1.989810e+000
      vertex 9.932929e-002 -5.041661e-001 2.008182e+000
    endloop 
  endfacet
  facet normal -2.846329E-001 9.577245E-001 4.180844E-002
    outer loop 
      vertex -3.503162e-001 4.102478e-001 1.522265e+000
      vertex -2.573788e-001 4.449658e-001 1.359686e+000
      vertex -4.630314e-001 3.821105e-001 1.399452e+000
    endloop 
  endfacet
  facet normal -2.892762E-001 9.513784E-001 1.058222E-001
    outer loop 
      vertex -4.630314e-001 3.821105e-001 1.399452e+000
      vertex -6.138966e-001 3.494898e-001 1.280317e+000
      vertex -6.255302e-001 3.281595e-001 1.440282e+000
    endloop 
  endfacet
  facet normal 9.592959E-001 2.781066E-001 4.907287E-002
    outer loop 
      vertex 3.791758e-001 4.817812e-001 1.364628e+000
      vertex 4.036820e-001 3.775244e-001 1.476417e+000
      vertex 4.271995e-001 3.278391e-001 1.298265e+000
    endloop 
  endfacet
  facet normal 9.528886E-001 2.835954E-001 1.075968E-001
    outer loop 
      vertex 3.495276e-001 6.131914e-001 1.280834e+000
      vertex 3.280317e-001 6.248456e-001 1.440488e+000
      vertex 3.791758e-001 4.817812e-001 1.364628e+000
    endloop 
  endfacet
  facet normal 9.617590E-001 2.638522E-001 7.349577E-002
    outer loop 
      vertex 3.495276e-001 6.131914e-001 1.280834e+000
      vertex 3.791758e-001 4.817812e-001 1.364628e+000
      vertex 4.027689e-001 4.480093e-001 1.177134e+000
    endloop 
  endfacet
  facet normal 9.605749E-001 2.683941E-001 7.252868E-002
    outer loop 
      vertex 4.027689e-001 4.480093e-001 1.177134e+000
      vertex 3.791758e-001 4.817812e-001 1.364628e+000
      vertex 4.271995e-001 3.278391e-001 1.298265e+000
    endloop 
  endfacet
  facet normal -9.554023E-001 -2.904464E-001 5.336093E-002
    outer loop 
      vertex -3.746346e-001 -4.871376e-001 1.414721e+000
      vertex -3.960571e-001 -3.957149e-001 1.528780e+000
      vertex -4.210313e-001 -3.341788e-001 1.416571e+000
    endloop 
  endfacet
  facet normal -9.503031E-001 -2.935715E-001 1.036333E-001
    outer loop 
      vertex -3.501022e-001 -6.141226e-001 1.279958e+000
      vertex -3.290979e-001 -6.258023e-001 1.439478e+000
      vertex -3.746346e-001 -4.871376e-001 1.414721e+000
    endloop 
  endfacet
  facet normal 4.953578E-001 -8.677887E-001 -3.954042E-002
    outer loop 
      vertex 1.492740e-001 -4.912449e-001 2.463639e+000
      vertex -2.250579e-002 -5.891623e-001 2.460583e+000
      vertex 7.686093e-002 -5.258921e-001 2.316856e+000
    endloop 
  endfacet
  facet normal 4.702739E-001 -8.822005E-001 -2.376382E-002
    outer loop 
      vertex 1.492740e-001 -4.912449e-001 2.463639e+000
      vertex 7.686093e-002 -5.258921e-001 2.316856e+000
      vertex 2.233138e-001 -4.481018e-001 2.327218e+000
    endloop 
  endfacet
  facet normal 7.211847E-001 6.910157E-001 -4.888747E-002
    outer loop 
      vertex 6.150287e-001 7.759961e-002 3.614663e+000
      vertex 5.124412e-001 1.813953e-001 3.568434e+000
      vertex 5.176702e-001 1.877451e-001 3.735323e+000
    endloop 
  endfacet
  facet normal 7.093891E-001 7.031133E-001 -4.897817E-002
    outer loop 
      vertex 5.124412e-001 1.813953e-001 3.568434e+000
      vertex 3.850773e-001 3.182803e-001 3.688795e+000
      vertex 5.176702e-001 1.877451e-001 3.735323e+000
    endloop 
  endfacet
  facet normal 7.264590E-001 6.825964E-001 -7.949477E-002
    outer loop 
      vertex 6.150287e-001 7.759961e-002 3.614663e+000
      vertex 6.150272e-001 6.006369e-002 3.464075e+000
      vertex 5.124412e-001 1.813953e-001 3.568434e+000
    endloop 
  endfacet
  facet normal 7.421379E-001 6.685445E-001 -4.774494E-002
    outer loop 
      vertex 6.150272e-001 6.006369e-002 3.464075e+000
      vertex 5.265731e-001 1.525981e-001 3.384867e+000
      vertex 5.124412e-001 1.813953e-001 3.568434e+000
    endloop 
  endfacet
  facet normal 7.260821E-001 6.874748E-001 -1.352854E-002
    outer loop 
      vertex 4.230998e-001 2.742100e-001 3.489973e+000
      vertex 3.850773e-001 3.182803e-001 3.688795e+000
      vertex 5.124412e-001 1.813953e-001 3.568434e+000
    endloop 
  endfacet
  facet normal 7.397221E-001 6.711736E-001 -4.834337E-002
    outer loop 
      vertex 4.230998e-001 2.742100e-001 3.489973e+000
      vertex 5.124412e-001 1.813953e-001 3.568434e+000
      vertex 5.265731e-001 1.525981e-001 3.384867e+000
    endloop 
  endfacet
  facet normal -6.836272E-001 7.282656E-001 -4.778147E-002
    outer loop 
      vertex -9.499532e-002 5.960335e-001 3.570371e+000
      vertex -1.715388e-001 5.145262e-001 3.423208e+000
      vertex -2.339508e-001 4.645241e-001 3.554047e+000
    endloop 
  endfacet
  facet normal -6.838651E-001 7.282035E-001 -4.525510E-002
    outer loop 
      vertex -1.968440e-001 5.089547e-001 3.708251e+000
      vertex -9.499532e-002 5.960335e-001 3.570371e+000
      vertex -2.339508e-001 4.645241e-001 3.554047e+000
    endloop 
  endfacet
  facet normal -6.824085E-001 7.309666E-001 -2.529697E-003
    outer loop 
      vertex -3.377825e-001 3.680292e-001 3.680957e+000
      vertex -2.339508e-001 4.645241e-001 3.554047e+000
      vertex -3.412608e-001 3.642261e-001 3.520358e+000
    endloop 
  endfacet
  facet normal -6.800620E-001 7.329801E-001 -1.599851E-002
    outer loop 
      vertex -2.339508e-001 4.645241e-001 3.554047e+000
      vertex -2.847374e-001 4.141978e-001 3.407150e+000
      vertex -3.412608e-001 3.642261e-001 3.520358e+000
    endloop 
  endfacet
  facet normal -7.031959E-001 7.101147E-001 -3.539154E-002
    outer loop 
      vertex -3.377825e-001 3.680292e-001 3.680957e+000
      vertex -1.968440e-001 5.089547e-001 3.708251e+000
      vertex -2.339508e-001 4.645241e-001 3.554047e+000
    endloop 
  endfacet
  facet normal -6.607429E-001 7.500697E-001 -2.853255E-002
    outer loop 
      vertex -2.847374e-001 4.141978e-001 3.407150e+000
      vertex -2.339508e-001 4.645241e-001 3.554047e+000
      vertex -1.715388e-001 5.145262e-001 3.423208e+000
    endloop 
  endfacet
  facet normal -9.996290E-001 -2.718052E-002 -1.737190E-003
    outer loop 
      vertex -5.017086e-001 5.412431e-002 1.363158e-001
      vertex -5.000000e-001 0.000000e+000 0.000000e+000
      vertex -4.959369e-001 -1.585612e-001 1.428476e-001
    endloop 
  endfacet
  facet normal -9.977377E-001 -2.709240E-002 6.152664E-002
    outer loop 
      vertex -4.844195e-001 -3.408938e-001 2.493293e-001
      vertex -4.959369e-001 -1.585612e-001 1.428476e-001
      vertex -5.000000e-001 -3.333333e-001 0.000000e+000
    endloop 
  endfacet
  facet normal -9.985085E-001 -4.512931E-002 3.072475E-002
    outer loop 
      vertex -4.903726e-001 -1.755979e-001 2.986552e-001
      vertex -4.959369e-001 -1.585612e-001 1.428476e-001
      vertex -4.844195e-001 -3.408938e-001 2.493293e-001
    endloop 
  endfacet
  facet normal -9.995957E-001 0.000000E+000 2.843230E-002
    outer loop 
      vertex -4.959369e-001 -1.585612e-001 1.428476e-001
      vertex -5.000000e-001 -1.666667e-001 0.000000e+000
      vertex -5.000000e-001 -3.333333e-001 0.000000e+000
    endloop 
  endfacet
  facet normal -9.995957E-001 0.000000E+000 2.843230E-002
    outer loop 
      vertex -4.959369e-001 -1.585612e-001 1.428476e-001
      vertex -5.000000e-001 0.000000e+000 0.000000e+000
      vertex -5.000000e-001 -1.666667e-001 0.000000e+000
    endloop 
  endfacet
  facet normal 6.998599E-001 7.094505E-001 -8.292259E-002
    outer loop 
      vertex 5.176702e-001 1.877451e-001 3.735323e+000
      vertex 6.226621e-001 8.580869e-002 3.749322e+000
      vertex 6.150287e-001 7.759961e-002 3.614663e+000
    endloop 
  endfacet
  facet normal 7.052928E-001 7.085754E-001 -2.198082E-002
    outer loop 
      vertex 3.850773e-001 3.182803e-001 3.688795e+000
      vertex 4.279848e-001 2.808204e-001 3.857996e+000
      vertex 5.176702e-001 1.877451e-001 3.735323e+000
    endloop 
  endfacet
  facet normal 2.907957E-001 -9.530428E-001 -8.454186E-002
    outer loop 
      vertex -3.290979e-001 -6.258023e-001 1.439478e+000
      vertex -2.414689e-001 -5.842568e-001 1.272549e+000
      vertex -1.584715e-001 -5.716549e-001 1.415971e+000
    endloop 
  endfacet
  facet normal 2.631428E-001 -9.623773E-001 -6.771919E-002
    outer loop 
      vertex -8.677414e-002 -5.428596e-001 1.285354e+000
      vertex -1.584715e-001 -5.716549e-001 1.415971e+000
      vertex -2.414689e-001 -5.842568e-001 1.272549e+000
    endloop 
  endfacet
  facet normal 2.953548E-001 -9.538893E-001 -5.348761E-002
    outer loop 
      vertex -7.776475e-002 -5.534343e-001 1.536684e+000
      vertex -1.584715e-001 -5.716549e-001 1.415971e+000
      vertex -5.312100e-003 -5.254299e-001 1.437337e+000
    endloop 
  endfacet
  facet normal 2.947996E-001 -9.543241E-001 -4.856703E-002
    outer loop 
      vertex -8.677414e-002 -5.428596e-001 1.285354e+000
      vertex -5.312100e-003 -5.254299e-001 1.437337e+000
      vertex -1.584715e-001 -5.716549e-001 1.415971e+000
    endloop 
  endfacet
  facet normal 7.800164E-001 6.209927E-001 -7.708747E-002
    outer loop 
      vertex 7.010885e-001 -7.958299e-002 3.200389e+000
      vertex 6.201177e-001 1.162061e-002 3.115786e+000
      vertex 6.153392e-001 3.958097e-002 3.292674e+000
    endloop 
  endfacet
  facet normal 7.787187E-001 6.225838E-001 -7.737403E-002
    outer loop 
      vertex 6.153392e-001 3.958097e-002 3.292674e+000
      vertex 6.201177e-001 1.162061e-002 3.115786e+000
      vertex 5.305026e-001 1.340386e-001 3.198895e+000
    endloop 
  endfacet
  facet normal 7.591934E-001 6.464283E-001 -7.586785E-002
    outer loop 
      vertex 7.032825e-001 -5.575317e-002 3.360414e+000
      vertex 6.153392e-001 3.958097e-002 3.292674e+000
      vertex 6.150272e-001 6.006369e-002 3.464075e+000
    endloop 
  endfacet
  facet normal 7.527344E-001 6.538335E-001 -7.676453E-002
    outer loop 
      vertex 5.265731e-001 1.525981e-001 3.384867e+000
      vertex 6.150272e-001 6.006369e-002 3.464075e+000
      vertex 6.153392e-001 3.958097e-002 3.292674e+000
    endloop 
  endfacet
  facet normal 7.669772E-001 6.330606E-001 -1.047863E-001
    outer loop 
      vertex 6.153392e-001 3.958097e-002 3.292674e+000
      vertex 7.032825e-001 -5.575317e-002 3.360414e+000
      vertex 7.010885e-001 -7.958299e-002 3.200389e+000
    endloop 
  endfacet
  facet normal 7.662390E-001 6.407784E-001 -4.775805E-002
    outer loop 
      vertex 5.305026e-001 1.340386e-001 3.198895e+000
      vertex 5.265731e-001 1.525981e-001 3.384867e+000
      vertex 6.153392e-001 3.958097e-002 3.292674e+000
    endloop 
  endfacet
  facet normal -6.752272E-001 -7.326820E-001 8.511989E-002
    outer loop 
      vertex -7.668430e-002 -6.155218e-001 3.868772e+000
      vertex -6.980690e-002 -6.358888e-001 3.748016e+000
      vertex 2.050978e-002 -7.085272e-001 3.839222e+000
    endloop 
  endfacet
  facet normal -6.991324E-001 -7.105007E-001 8.001725E-002
    outer loop 
      vertex -6.980690e-002 -6.358888e-001 3.748016e+000
      vertex -7.668430e-002 -6.155218e-001 3.868772e+000
      vertex -1.605404e-001 -5.488226e-001 3.728343e+000
    endloop 
  endfacet
  facet normal -6.792441E-001 -7.316096E-001 5.809319E-002
    outer loop 
      vertex -8.357424e-002 -5.987049e-001 4.000000e+000
      vertex -1.882229e-001 -5.124098e-001 3.863191e+000
      vertex -7.668430e-002 -6.155218e-001 3.868772e+000
    endloop 
  endfacet
  facet normal -6.792439E-001 -7.316081E-001 5.811557E-002
    outer loop 
      vertex -1.605404e-001 -5.488226e-001 3.728343e+000
      vertex -7.668430e-002 -6.155218e-001 3.868772e+000
      vertex -1.882229e-001 -5.124098e-001 3.863191e+000
    endloop 
  endfacet
  facet normal -6.432130E-001 -7.630072E-001 6.400855E-002
    outer loop 
      vertex -8.357424e-002 -5.987049e-001 4.000000e+000
      vertex -7.668430e-002 -6.155218e-001 3.868772e+000
      vertex 4.718864e-002 -7.089377e-001 4.000000e+000
    endloop 
  endfacet
  facet normal -6.696893E-001 -7.345615E-001 1.092501E-001
    outer loop 
      vertex 2.050978e-002 -7.085272e-001 3.839222e+000
      vertex 4.718864e-002 -7.089377e-001 4.000000e+000
      vertex -7.668430e-002 -6.155218e-001 3.868772e+000
    endloop 
  endfacet
  facet normal 9.527066E-001 2.922793E-001 -8.320344E-002
    outer loop 
      vertex 5.848438e-001 -2.464518e-001 1.271526e+000
      vertex 5.681208e-001 -1.474552e-001 1.427801e+000
      vertex 6.249687e-001 -3.292648e-001 1.440062e+000
    endloop 
  endfacet
  facet normal 9.629371E-001 2.622456E-001 -6.308292E-002
    outer loop 
      vertex 5.681208e-001 -1.474552e-001 1.427801e+000
      vertex 5.848438e-001 -2.464518e-001 1.271526e+000
      vertex 5.481893e-001 -1.126422e-001 1.268276e+000
    endloop 
  endfacet
  facet normal -2.049782E-001 9.760170E-001 7.331245E-002
    outer loop 
      vertex -4.380977e-001 4.252096e-001 9.095906e-001
      vertex -4.382403e-001 4.129007e-001 1.073061e+000
      vertex -2.893792e-001 4.495343e-001 1.001562e+000
    endloop 
  endfacet
  facet normal -1.873989E-001 9.813209E-001 4.348386E-002
    outer loop 
      vertex -2.975533e-001 4.549673e-001 8.437251e-001
      vertex -4.380977e-001 4.252096e-001 9.095906e-001
      vertex -2.893792e-001 4.495343e-001 1.001562e+000
    endloop 
  endfacet
  facet normal -1.678420E-001 9.829232E-001 7.543942E-002
    outer loop 
      vertex -4.380977e-001 4.252096e-001 9.095906e-001
      vertex -4.311154e-001 4.387080e-001 7.492502e-001
      vertex -5.751221e-001 4.102185e-001 8.000538e-001
    endloop 
  endfacet
  facet normal -1.727199E-001 9.820994E-001 7.515764E-002
    outer loop 
      vertex -2.975533e-001 4.549673e-001 8.437251e-001
      vertex -4.311154e-001 4.387080e-001 7.492502e-001
      vertex -4.380977e-001 4.252096e-001 9.095906e-001
    endloop 
  endfacet
  facet normal -1.905915E-001 9.760553E-001 1.048377E-001
    outer loop 
      vertex -5.751221e-001 4.102185e-001 8.000538e-001
      vertex -5.887366e-001 3.903580e-001 9.602077e-001
      vertex -4.380977e-001 4.252096e-001 9.095906e-001
    endloop 
  endfacet
  facet normal -2.013301E-001 9.767716E-001 7.337245E-002
    outer loop 
      vertex -5.887366e-001 3.903580e-001 9.602077e-001
      vertex -4.382403e-001 4.129007e-001 1.073061e+000
      vertex -4.380977e-001 4.252096e-001 9.095906e-001
    endloop 
  endfacet
  facet normal 9.831156E-001 1.651924E-001 7.870986E-002
    outer loop 
      vertex 4.217966e-001 4.589838e-001 9.009634e-001
      vertex 4.391128e-001 4.278528e-001 7.500146e-001
      vertex 4.104423e-001 5.744692e-001 8.004078e-001
    endloop 
  endfacet
  facet normal 9.816642E-001 1.745435E-001 7.661483E-002
    outer loop 
      vertex 4.217966e-001 4.589838e-001 9.009634e-001
      vertex 4.526034e-001 3.094443e-001 8.469173e-001
      vertex 4.391128e-001 4.278528e-001 7.500146e-001
    endloop 
  endfacet
  facet normal 9.816999E-001 1.820882E-001 5.575988E-002
    outer loop 
      vertex 4.526034e-001 3.094443e-001 8.469173e-001
      vertex 4.217966e-001 4.589838e-001 9.009634e-001
      vertex 4.331939e-001 3.645031e-001 1.008839e+000
    endloop 
  endfacet
  facet normal 9.766196E-001 1.875319E-001 1.050997E-001
    outer loop 
      vertex 4.104423e-001 5.744692e-001 8.004078e-001
      vertex 3.906110e-001 5.880631e-001 9.604309e-001
      vertex 4.217966e-001 4.589838e-001 9.009634e-001
    endloop 
  endfacet
  facet normal 1.645738E-001 -9.832934E-001 7.777909E-002
    outer loop 
      vertex 4.215165e-001 -4.436369e-001 7.083664e-001
      vertex 5.746923e-001 -4.107606e-001 7.998856e-001
      vertex 4.659933e-001 -4.217343e-001 8.911524e-001
    endloop 
  endfacet
  facet normal 1.740384E-001 -9.818553E-001 7.530377E-002
    outer loop 
      vertex 4.215165e-001 -4.436369e-001 7.083664e-001
      vertex 4.659933e-001 -4.217343e-001 8.911524e-001
      vertex 3.243142e-001 -4.510349e-001 8.365563e-001
    endloop 
  endfacet
  facet normal 1.800821E-001 -9.818435E-001 5.961384E-002
    outer loop 
      vertex 3.243142e-001 -4.510349e-001 8.365563e-001
      vertex 4.659933e-001 -4.217343e-001 8.911524e-001
      vertex 3.884970e-001 -4.304197e-001 9.822047e-001
    endloop 
  endfacet
  facet normal 1.862618E-001 -9.769405E-001 1.043734E-001
    outer loop 
      vertex 5.883258e-001 -3.910667e-001 9.598917e-001
      vertex 4.659933e-001 -4.217343e-001 8.911524e-001
      vertex 5.746923e-001 -4.107606e-001 7.998856e-001
    endloop 
  endfacet
  facet normal -7.841074E-001 -6.182472E-001 5.427669E-002
    outer loop 
      vertex -1.702317e-001 -5.956768e-001 3.157013e+000
      vertex -2.512578e-001 -4.881283e-001 3.211518e+000
      vertex -2.421009e-001 -5.162834e-001 3.023099e+000
    endloop 
  endfacet
  facet normal -7.983264E-001 -5.976461E-001 7.412162E-002
    outer loop 
      vertex -2.421009e-001 -5.162834e-001 3.023099e+000
      vertex -1.025014e-001 -7.006541e-001 3.040065e+000
      vertex -1.702317e-001 -5.956768e-001 3.157013e+000
    endloop 
  endfacet
  facet normal -7.793160E-001 -6.180356E-001 1.034340E-001
    outer loop 
      vertex -7.879910e-002 -7.037931e-001 3.199892e+000
      vertex -1.702317e-001 -5.956768e-001 3.157013e+000
      vertex -1.025014e-001 -7.006541e-001 3.040065e+000
    endloop 
  endfacet
  facet normal -6.251891E-001 7.766286E-001 7.737273E-002
    outer loop 
      vertex -5.993263e-001 1.689626e-001 3.106241e+000
      vertex -7.031851e-001 7.599747e-002 3.200176e+000
      vertex -5.977759e-001 1.547391e-001 3.261536e+000
    endloop 
  endfacet
  facet normal -6.179184E-001 7.823808E-001 7.782698E-002
    outer loop 
      vertex -5.063159e-001 2.363764e-001 3.167011e+000
      vertex -5.993263e-001 1.689626e-001 3.106241e+000
      vertex -5.977759e-001 1.547391e-001 3.261536e+000
    endloop 
  endfacet
  facet normal -6.069037E-001 7.932703E-001 4.888869E-002
    outer loop 
      vertex -5.063159e-001 2.363764e-001 3.167011e+000
      vertex -4.731534e-001 2.716787e-001 3.005872e+000
      vertex -5.993263e-001 1.689626e-001 3.106241e+000
    endloop 
  endfacet
  facet normal -6.085716E-001 7.864578E-001 1.054736E-001
    outer loop 
      vertex -5.993263e-001 1.689626e-001 3.106241e+000
      vertex -7.000700e-001 9.987155e-002 3.040134e+000
      vertex -7.031851e-001 7.599747e-002 3.200176e+000
    endloop 
  endfacet
  facet normal 7.924486E-001 6.083773E-001 4.361504E-002
    outer loop 
      vertex 2.813644e-001 4.613593e-001 2.963569e+000
      vertex 1.904556e-001 5.694077e-001 3.108160e+000
      vertex 3.084435e-001 4.162961e-001 3.100141e+000
    endloop 
  endfacet
  facet normal 7.863737E-001 6.083985E-001 1.070868E-001
    outer loop 
      vertex 1.005303e-001 6.974992e-001 3.040778e+000
      vertex 7.652658e-002 7.003865e-001 3.200641e+000
      vertex 1.904556e-001 5.694077e-001 3.108160e+000
    endloop 
  endfacet
  facet normal 7.923301E-001 6.078071E-001 5.275864E-002
    outer loop 
      vertex 1.904556e-001 5.694077e-001 3.108160e+000
      vertex 2.324310e-001 5.023831e-001 3.249931e+000
      vertex 3.084435e-001 4.162961e-001 3.100141e+000
    endloop 
  endfacet
  facet normal 0.000000E+000 0.000000E+000 -1.000000E+000
    outer loop 
      vertex 3.779213e-001 8.281100e-002 0.000000e+000
      vertex 3.752419e-001 -5.933267e-002 0.000000e+000
      vertex 2.514290e-001 2.113478e-002 0.000000e+000
    endloop 
  endfacet
  facet normal 0.000000E+000 0.000000E+000 -1.000000E+000
    outer loop 
      vertex 5.000000e-001 0.000000e+000 0.000000e+000
      vertex 3.752419e-001 -5.933267e-002 0.000000e+000
      vertex 3.779213e-001 8.281100e-002 0.000000e+000
    endloop 
  endfacet
  facet normal 0.000000E+000 0.000000E+000 -1.000000E+000
    outer loop 
      vertex 3.752419e-001 -5.933267e-002 0.000000e+000
      vertex 2.463146e-001 -1.167427e-001 0.000000e+000
      vertex 2.514290e-001 2.113478e-002 0.000000e+000
    endloop 
  endfacet
  facet normal 0.000000E+000 0.000000E+000 -1.000000E+000
    outer loop 
      vertex 5.000000e-001 0.000000e+000 0.000000e+000
      vertex 5.000000e-001 -1.666667e-001 0.000000e+000
      vertex 3.752419e-001 -5.933267e-002 0.000000e+000
    endloop 
  endfacet
  facet normal -9.764052E-001 -2.001673E-001 8.103031E-002
    outer loop 
      vertex -3.909225e-001 -5.888171e-001 9.598268e-001
      vertex -4.287074e-001 -4.026458e-001 9.644185e-001
      vertex -4.232734e-001 -4.700468e-001 8.633974e-001
    endloop 
  endfacet
  facet normal -9.822627E-001 -1.760271E-001 6.460894E-002
    outer loop 
      vertex -4.483353e-001 -3.420478e-001 8.311099e-001
      vertex -4.232734e-001 -4.700468e-001 8.633974e-001
      vertex -4.287074e-001 -4.026458e-001 9.644185e-001
    endloop 
  endfacet
  facet normal -9.778472E-001 -1.810302E-001 1.050849E-001
    outer loop 
      vertex -3.909225e-001 -5.888171e-001 9.598268e-001
      vertex -4.232734e-001 -4.700468e-001 8.633974e-001
      vertex -4.106536e-001 -5.751526e-001 7.997627e-001
    endloop 
  endfacet
  facet normal -9.255649E-001 -3.635319E-001 -1.057074E-001
    outer loop 
      vertex -6.466256e-001 2.845302e-001 1.760105e+000
      vertex -5.871437e-001 1.220963e-001 1.797903e+000
      vertex -6.561940e-001 2.624177e-001 1.919931e+000
    endloop 
  endfacet
  facet normal -9.171028E-001 -3.929683E-001 -6.706978E-002
    outer loop 
      vertex -6.561940e-001 2.624177e-001 1.919931e+000
      vertex -5.871437e-001 1.220963e-001 1.797903e+000
      vertex -5.714251e-001 5.084261e-002 2.000453e+000
    endloop 
  endfacet
  facet normal -9.247081E-001 -3.758456E-001 -6.045610E-002
    outer loop 
      vertex -5.871437e-001 1.220963e-001 1.797903e+000
      vertex -5.277255e-001 -3.179069e-002 1.845761e+000
      vertex -5.714251e-001 5.084261e-002 2.000453e+000
    endloop 
  endfacet
  facet normal -1.480391E-001 9.886911E-001 -2.396694E-002
    outer loop 
      vertex 5.605039e-002 5.094440e-001 5.642912e-001
      vertex -4.516051e-002 4.984617e-001 7.364073e-001
      vertex 1.222540e-001 5.227641e-001 7.048483e-001
    endloop 
  endfacet
  facet normal -1.212538E-001 9.925896E-001 -7.967363E-003
    outer loop 
      vertex -4.516051e-002 4.984617e-001 7.364073e-001
      vertex 5.605039e-002 5.094440e-001 5.642912e-001
      vertex -1.384406e-001 4.861244e-001 6.190152e-001
    endloop 
  endfacet
  facet normal -8.280700E-002 9.963180E-001 -2.221324E-002
    outer loop 
      vertex 1.844886e-001 5.168573e-001 4.179997e-001
      vertex 4.091636e-002 5.047334e-001 4.094256e-001
      vertex 5.605039e-002 5.094440e-001 5.642912e-001
    endloop 
  endfacet
  facet normal -1.133195E-001 9.923395E-001 -4.920365E-002
    outer loop 
      vertex 5.605039e-002 5.094440e-001 5.642912e-001
      vertex 2.676303e-001 5.333048e-001 5.582327e-001
      vertex 1.844886e-001 5.168573e-001 4.179997e-001
    endloop 
  endfacet
  facet normal -1.131243E-001 9.927430E-001 -4.079614E-002
    outer loop 
      vertex 5.605039e-002 5.094440e-001 5.642912e-001
      vertex 1.222540e-001 5.227641e-001 7.048483e-001
      vertex 2.676303e-001 5.333048e-001 5.582327e-001
    endloop 
  endfacet
  facet normal -9.529208E-002 9.952286E-001 -2.096002E-002
    outer loop 
      vertex 5.605039e-002 5.094440e-001 5.642912e-001
      vertex 4.091636e-002 5.047334e-001 4.094256e-001
      vertex -1.033495e-001 4.921094e-001 4.658949e-001
    endloop 
  endfacet
  facet normal -1.156195E-001 9.932171E-001 1.232437E-002
    outer loop 
      vertex 5.605039e-002 5.094440e-001 5.642912e-001
      vertex -1.033495e-001 4.921094e-001 4.658949e-001
      vertex -1.384406e-001 4.861244e-001 6.190152e-001
    endloop 
  endfacet
  facet normal 9.788132E-001 2.047509E-001 -1.354447E-003
    outer loop 
      vertex 5.200537e-001 -4.822937e-002 9.802237e-001
      vertex 4.938057e-001 7.669993e-002 8.971524e-001
      vertex 4.861068e-001 1.145997e-001 1.062741e+000
    endloop 
  endfacet
  facet normal 7.809325E-001 6.243873E-001 -1.687909E-002
    outer loop 
      vertex 4.375747e-001 2.477833e-001 3.107085e+000
      vertex 4.428059e-001 2.464520e-001 3.299871e+000
      vertex 5.305026e-001 1.340386e-001 3.198895e+000
    endloop 
  endfacet
  facet normal 8.012064E-001 5.979832E-001 -2.200697E-002
    outer loop 
      vertex 4.375747e-001 2.477833e-001 3.107085e+000
      vertex 5.422351e-001 1.041786e-001 3.015359e+000
      vertex 4.773426e-001 1.874737e-001 2.916153e+000
    endloop 
  endfacet
  facet normal 7.922602E-001 6.082675E-001 -4.831566E-002
    outer loop 
      vertex 5.422351e-001 1.041786e-001 3.015359e+000
      vertex 4.375747e-001 2.477833e-001 3.107085e+000
      vertex 5.305026e-001 1.340386e-001 3.198895e+000
    endloop 
  endfacet
  facet normal 8.133700E-001 5.815711E-001 -1.428937E-002
    outer loop 
      vertex 3.830557e-001 3.203556e-001 2.957457e+000
      vertex 4.375747e-001 2.477833e-001 3.107085e+000
      vertex 4.773426e-001 1.874737e-001 2.916153e+000
    endloop 
  endfacet
  facet normal 7.936158E-001 6.083905E-001 5.916288E-003
    outer loop 
      vertex 3.830557e-001 3.203556e-001 2.957457e+000
      vertex 3.084435e-001 4.162961e-001 3.100141e+000
      vertex 4.375747e-001 2.477833e-001 3.107085e+000
    endloop 
  endfacet
  facet normal -5.950926E-001 8.012187E-001 -6.255758E-002
    outer loop 
      vertex -5.088618e-002 5.717311e-001 2.869205e+000
      vertex -1.621453e-001 5.012204e-001 3.024502e+000
      vertex -1.469463e-002 6.122708e-001 3.044146e+000
    endloop 
  endfacet
  facet normal -5.974146E-001 8.007936E-001 -4.272542E-002
    outer loop 
      vertex -1.469463e-002 6.122708e-001 3.044146e+000
      vertex -1.621453e-001 5.012204e-001 3.024502e+000
      vertex -1.405926e-001 5.247429e-001 3.164016e+000
    endloop 
  endfacet
  facet normal -5.894412E-001 8.072992E-001 -2.876039E-002
    outer loop 
      vertex -1.621453e-001 5.012204e-001 3.024502e+000
      vertex -1.925125e-001 4.740438e-001 2.884032e+000
      vertex -3.148677e-001 3.880980e-001 2.979205e+000
    endloop 
  endfacet
  facet normal -5.699512E-001 8.209067E-001 -3.560645E-002
    outer loop 
      vertex -1.925125e-001 4.740438e-001 2.884032e+000
      vertex -1.621453e-001 5.012204e-001 3.024502e+000
      vertex -5.088618e-002 5.717311e-001 2.869205e+000
    endloop 
  endfacet
  facet normal -9.828169E-001 -1.840047E-001 -1.459674E-002
    outer loop 
      vertex -5.107827e-001 1.386165e-002 8.669741e-001
      vertex -4.867259e-001 -1.172842e-001 9.004085e-001
      vertex -5.028050e-001 -4.145574e-002 1.027148e+000
    endloop 
  endfacet
  facet normal -9.932021E-001 -1.151563E-001 -1.698386E-002
    outer loop 
      vertex -5.077857e-001 2.746027e-002 6.323033e-001
      vertex -5.201977e-001 1.433028e-001 5.726964e-001
      vertex -5.026280e-001 1.858212e-004 5.156147e-001
    endloop 
  endfacet
  facet normal -9.913041E-001 -1.309260E-001 -1.321400E-002
    outer loop 
      vertex -5.077857e-001 2.746027e-002 6.323033e-001
      vertex -5.026280e-001 1.858212e-004 5.156147e-001
      vertex -4.922077e-001 -9.129903e-002 6.403340e-001
    endloop 
  endfacet
  facet normal 1.501910E-001 -9.878181E-001 -4.072037E-002
    outer loop 
      vertex -1.683234e-001 -5.302463e-001 7.092108e-001
      vertex -1.253492e-001 -5.184360e-001 5.812136e-001
      vertex -1.118102e-002 -5.074880e-001 7.367229e-001
    endloop 
  endfacet
  facet normal 1.504357E-001 -9.877187E-001 -4.220011E-002
    outer loop 
      vertex -1.099263e-001 -5.275657e-001 8.546460e-001
      vertex -1.683234e-001 -5.302463e-001 7.092108e-001
      vertex -1.118102e-002 -5.074880e-001 7.367229e-001
    endloop 
  endfacet
  facet normal 1.794817E-001 -9.836113E-001 -1.717846E-002
    outer loop 
      vertex 6.442679e-002 -4.966562e-001 9.064701e-001
      vertex -1.099263e-001 -5.275657e-001 8.546460e-001
      vertex -1.118102e-002 -5.074880e-001 7.367229e-001
    endloop 
  endfacet
  facet normal 1.204374E-001 -9.925477E-001 -1.854361E-002
    outer loop 
      vertex -1.253492e-001 -5.184360e-001 5.812136e-001
      vertex 5.788949e-002 -4.965343e-001 5.990264e-001
      vertex -1.118102e-002 -5.074880e-001 7.367229e-001
    endloop 
  endfacet
  facet normal -1.977880E-001 9.799705E-001 -2.319009E-002
    outer loop 
      vertex 2.551319e-002 5.123456e-001 8.578768e-001
      vertex -6.692410e-004 5.104799e-001 1.002346e+000
      vertex 1.408722e-001 5.379050e-001 9.540758e-001
    endloop 
  endfacet
  facet normal -1.754692E-001 9.831731E-001 -5.080504E-002
    outer loop 
      vertex 2.551319e-002 5.123456e-001 8.578768e-001
      vertex 1.408722e-001 5.379050e-001 9.540758e-001
      vertex 1.667930e-001 5.358766e-001 8.252988e-001
    endloop 
  endfacet
  facet normal -1.737504E-001 9.838567E-001 -4.285743E-002
    outer loop 
      vertex 2.551319e-002 5.123456e-001 8.578768e-001
      vertex 1.667930e-001 5.358766e-001 8.252988e-001
      vertex 1.222540e-001 5.227641e-001 7.048483e-001
    endloop 
  endfacet
  facet normal -1.863491E-001 9.822572E-001 -2.108749E-002
    outer loop 
      vertex 2.551319e-002 5.123456e-001 8.578768e-001
      vertex -1.418064e-001 4.816167e-001 9.051207e-001
      vertex -6.692410e-004 5.104799e-001 1.002346e+000
    endloop 
  endfacet
  facet normal -6.403557E-001 7.678438E-001 1.898480E-002
    outer loop 
      vertex -3.997357e-001 3.133029e-001 3.415204e+000
      vertex -3.458620e-001 3.615820e-001 3.279702e+000
      vertex -4.776477e-001 2.510857e-001 3.303629e+000
    endloop 
  endfacet
  facet normal -6.398890E-001 7.681271E-001 2.286381E-002
    outer loop 
      vertex -4.776477e-001 2.510857e-001 3.303629e+000
      vertex -3.458620e-001 3.615820e-001 3.279702e+000
      vertex -3.937581e-001 3.258248e-001 3.140529e+000
    endloop 
  endfacet
  facet normal -6.592687E-001 7.518852E-001 5.779165E-003
    outer loop 
      vertex -2.847374e-001 4.141978e-001 3.407150e+000
      vertex -3.458620e-001 3.615820e-001 3.279702e+000
      vertex -3.997357e-001 3.133029e-001 3.415204e+000
    endloop 
  endfacet
  facet normal -6.298074E-001 7.751454E-001 -4.992262E-002
    outer loop 
      vertex -1.317096e-001 5.408119e-001 3.301453e+000
      vertex -3.442678e-002 6.157756e-001 3.238122e+000
      vertex -1.405926e-001 5.247429e-001 3.164016e+000
    endloop 
  endfacet
  facet normal -9.911113E-001 -1.217782E-001 5.355857E-002
    outer loop 
      vertex -4.512711e-001 -4.273478e-001 6.021907e-001
      vertex -4.596301e-001 -3.156568e-001 7.014630e-001
      vertex -4.693722e-001 -3.011344e-001 5.542035e-001
    endloop 
  endfacet
  facet normal -9.920915E-001 -9.743483E-002 7.912610E-002
    outer loop 
      vertex -4.494551e-001 -5.451748e-001 4.798697e-001
      vertex -4.512711e-001 -4.273478e-001 6.021907e-001
      vertex -4.665542e-001 -4.051540e-001 4.378997e-001
    endloop 
  endfacet
  facet normal -9.906331E-001 -1.128310E-001 7.691059E-002
    outer loop 
      vertex -4.512711e-001 -4.273478e-001 6.021907e-001
      vertex -4.693722e-001 -3.011344e-001 5.542035e-001
      vertex -4.665542e-001 -4.051540e-001 4.378997e-001
    endloop 
  endfacet
  facet normal -9.864959E-001 -1.250339E-001 1.057943E-001
    outer loop 
      vertex -4.494551e-001 -5.451748e-001 4.798697e-001
      vertex -4.303504e-001 -5.605419e-001 6.398534e-001
      vertex -4.512711e-001 -4.273478e-001 6.021907e-001
    endloop 
  endfacet
  facet normal -3.476410E-001 9.376249E-001 -2.282674E-003
    outer loop 
      vertex -2.884136e-001 4.258187e-001 1.683529e+000
      vertex -1.217579e-001 4.877192e-001 1.728679e+000
      vertex -1.669820e-001 4.705197e-001 1.551286e+000
    endloop 
  endfacet
  facet normal -3.164414E-001 9.481401E-001 2.992045E-002
    outer loop 
      vertex -3.503162e-001 4.102478e-001 1.522265e+000
      vertex -2.884136e-001 4.258187e-001 1.683529e+000
      vertex -1.669820e-001 4.705197e-001 1.551286e+000
    endloop 
  endfacet
  facet normal -3.242753E-001 9.455315E-001 -2.855853E-002
    outer loop 
      vertex -1.669820e-001 4.705197e-001 1.551286e+000
      vertex 4.832350e-002 5.459709e-001 1.604623e+000
      vertex -4.236284e-002 5.090220e-001 1.411020e+000
    endloop 
  endfacet
  facet normal -3.290142E-001 9.442937E-001 -7.677925E-003
    outer loop 
      vertex 4.832350e-002 5.459709e-001 1.604623e+000
      vertex -1.669820e-001 4.705197e-001 1.551286e+000
      vertex -1.217579e-001 4.877192e-001 1.728679e+000
    endloop 
  endfacet
  facet normal -2.872046E-001 9.578379E-001 7.754862E-003
    outer loop 
      vertex -1.669820e-001 4.705197e-001 1.551286e+000
      vertex -4.236284e-002 5.090220e-001 1.411020e+000
      vertex -2.573788e-001 4.449658e-001 1.359686e+000
    endloop 
  endfacet
  facet normal -3.154142E-001 9.486924E-001 2.228385E-002
    outer loop 
      vertex -3.503162e-001 4.102478e-001 1.522265e+000
      vertex -1.669820e-001 4.705197e-001 1.551286e+000
      vertex -2.573788e-001 4.449658e-001 1.359686e+000
    endloop 
  endfacet
  facet normal -6.400842E-001 7.644359E-001 7.700548E-002
    outer loop 
      vertex -4.776477e-001 2.510857e-001 3.303629e+000
      vertex -5.977759e-001 1.547391e-001 3.261536e+000
      vertex -6.000699e-001 1.375368e-001 3.413236e+000
    endloop 
  endfacet
  facet normal -6.581857E-001 7.515986E-001 4.348858E-002
    outer loop 
      vertex -4.776477e-001 2.510857e-001 3.303629e+000
      vertex -6.000699e-001 1.375368e-001 3.413236e+000
      vertex -5.013774e-001 2.213056e-001 3.459167e+000
    endloop 
  endfacet
  facet normal -6.512746E-001 7.550496E-001 7.577191E-002
    outer loop 
      vertex -5.977759e-001 1.547391e-001 3.261536e+000
      vertex -7.054263e-001 5.198628e-002 3.360168e+000
      vertex -6.000699e-001 1.375368e-001 3.413236e+000
    endloop 
  endfacet
  facet normal -6.794761E-001 7.299911E-001 7.365597E-002
    outer loop 
      vertex -5.757548e-001 1.420862e-001 3.592455e+000
      vertex -6.000699e-001 1.375368e-001 3.413236e+000
      vertex -7.069652e-001 2.728289e-002 3.519834e+000
    endloop 
  endfacet
  facet normal -6.645386E-001 7.438467E-001 7.127764E-002
    outer loop 
      vertex -5.013774e-001 2.213056e-001 3.459167e+000
      vertex -6.000699e-001 1.375368e-001 3.413236e+000
      vertex -5.757548e-001 1.420862e-001 3.592455e+000
    endloop 
  endfacet
  facet normal -6.590707E-001 7.441717E-001 1.087855E-001
    outer loop 
      vertex -7.054263e-001 5.198628e-002 3.360168e+000
      vertex -7.069652e-001 2.728289e-002 3.519834e+000
      vertex -6.000699e-001 1.375368e-001 3.413236e+000
    endloop 
  endfacet
  facet normal 7.316505E-001 6.778923E-001 7.176003E-002
    outer loop 
      vertex 1.541339e-001 5.621890e-001 3.578791e+000
      vertex 1.437526e-001 5.919088e-001 3.403884e+000
      vertex 2.845833e-002 7.040379e-001 3.520155e+000
    endloop 
  endfacet
  facet normal 7.508167E-001 6.570947E-001 6.708855E-002
    outer loop 
      vertex 1.541339e-001 5.621890e-001 3.578791e+000
      vertex 2.535284e-001 4.664201e-001 3.404427e+000
      vertex 1.437526e-001 5.919088e-001 3.403884e+000
    endloop 
  endfacet
  facet normal 7.460438E-001 6.574463E-001 1.057500E-001
    outer loop 
      vertex 5.236754e-002 7.025858e-001 3.360509e+000
      vertex 2.845833e-002 7.040379e-001 3.520155e+000
      vertex 1.437526e-001 5.919088e-001 3.403884e+000
    endloop 
  endfacet
  facet normal 7.515892E-001 6.576985E-001 5.046229E-002
    outer loop 
      vertex 2.535284e-001 4.664201e-001 3.404427e+000
      vertex 2.324310e-001 5.023831e-001 3.249931e+000
      vertex 1.437526e-001 5.919088e-001 3.403884e+000
    endloop 
  endfacet
  facet normal 8.548625E-001 5.172089E-001 -4.129241E-002
    outer loop 
      vertex 5.964320e-001 -2.314645e-002 2.580537e+000
      vertex 5.273309e-001 7.773723e-002 2.413582e+000
      vertex 4.974054e-001 1.404632e-001 2.579721e+000
    endloop 
  endfacet
  facet normal 8.716058E-001 4.855592E-001 -6.734680E-002
    outer loop 
      vertex 5.964320e-001 -2.314645e-002 2.580537e+000
      vertex 6.093535e-001 -7.221133e-002 2.394019e+000
      vertex 5.273309e-001 7.773723e-002 2.413582e+000
    endloop 
  endfacet
  facet normal 8.690934E-001 4.937453E-001 -2.987039E-002
    outer loop 
      vertex 5.273309e-001 7.773723e-002 2.413582e+000
      vertex 4.336193e-001 2.456765e-001 2.462965e+000
      vertex 4.974054e-001 1.404632e-001 2.579721e+000
    endloop 
  endfacet
  facet normal 8.879423E-001 4.582236E-001 -3.986866E-002
    outer loop 
      vertex 5.273309e-001 7.773723e-002 2.413582e+000
      vertex 5.649623e-001 -1.031634e-002 2.239669e+000
      vertex 4.740284e-001 1.688367e-001 2.273481e+000
    endloop 
  endfacet
  facet normal 8.715562E-001 4.901263E-001 -1.288989E-002
    outer loop 
      vertex 4.336193e-001 2.456765e-001 2.462965e+000
      vertex 5.273309e-001 7.773723e-002 2.413582e+000
      vertex 4.740284e-001 1.688367e-001 2.273481e+000
    endloop 
  endfacet
  facet normal 8.727887E-001 4.848049E-001 -5.660596E-002
    outer loop 
      vertex 5.273309e-001 7.773723e-002 2.413582e+000
      vertex 6.093535e-001 -7.221133e-002 2.394019e+000
      vertex 5.649623e-001 -1.031634e-002 2.239669e+000
    endloop 
  endfacet
  facet normal 5.217984E-001 -8.462766E-001 -1.074356E-001
    outer loop 
      vertex -1.493279e-001 -6.922001e-001 2.719883e+000
      vertex -1.730374e-001 -6.864722e-001 2.559611e+000
      vertex -3.109825e-002 -6.078926e-001 2.630011e+000
    endloop 
  endfacet
  facet normal 5.091738E-001 -8.578920E-001 -6.901742E-002
    outer loop 
      vertex -1.730374e-001 -6.864722e-001 2.559611e+000
      vertex -2.250579e-002 -5.891623e-001 2.460583e+000
      vertex -3.109825e-002 -6.078926e-001 2.630011e+000
    endloop 
  endfacet
  facet normal -5.163867E-001 8.502259E-001 -1.022773E-001
    outer loop 
      vertex 5.403191e-002 6.180412e-001 2.604566e+000
      vertex 1.479685e-001 6.890618e-001 2.720682e+000
      vertex 1.709578e-001 6.837741e-001 2.560655e+000
    endloop 
  endfacet
  facet normal -8.492498E-001 -5.174416E-001 -1.050187E-001
    outer loop 
      vertex -6.859530e-001 1.706128e-001 2.560148e+000
      vertex -6.209778e-001 5.310014e-002 2.613716e+000
      vertex -6.914553e-001 1.471768e-001 2.720115e+000
    endloop 
  endfacet
  facet normal 8.545199E-001 5.169555E-001 -5.052477E-002
    outer loop 
      vertex 5.964320e-001 -2.314645e-002 2.580537e+000
      vertex 4.974054e-001 1.404632e-001 2.579721e+000
      vertex 5.511035e-001 6.333651e-002 2.698772e+000
    endloop 
  endfacet
  facet normal 8.525876E-001 5.124629E-001 -1.023526E-001
    outer loop 
      vertex 6.896728e-001 -1.502926e-001 2.720625e+000
      vertex 6.842579e-001 -1.732841e-001 2.560405e+000
      vertex 5.964320e-001 -2.314645e-002 2.580537e+000
    endloop 
  endfacet
  facet normal 8.563048E-001 5.109821E-001 -7.509448E-002
    outer loop 
      vertex 6.093535e-001 -7.221133e-002 2.394019e+000
      vertex 5.964320e-001 -2.314645e-002 2.580537e+000
      vertex 6.842579e-001 -1.732841e-001 2.560405e+000
    endloop 
  endfacet
  facet normal 9.928393E-001 9.641400E-002 7.053004E-002
    outer loop 
      vertex 4.488232e-001 5.453131e-001 4.803964e-001
      vertex 4.550187e-001 3.967227e-001 5.963059e-001
      vertex 4.725002e-001 3.303737e-001 4.409208e-001
    endloop 
  endfacet
  facet normal 9.918875E-001 1.092879E-001 6.492582E-002
    outer loop 
      vertex 4.797218e-001 2.100260e-001 5.331727e-001
      vertex 4.725002e-001 3.303737e-001 4.409208e-001
      vertex 4.550187e-001 3.967227e-001 5.963059e-001
    endloop 
  endfacet
  facet normal 9.884784E-001 1.310437E-001 7.574900E-002
    outer loop 
      vertex 4.299753e-001 5.601698e-001 6.403480e-001
      vertex 4.391128e-001 4.278528e-001 7.500146e-001
      vertex 4.550187e-001 3.967227e-001 5.963059e-001
    endloop 
  endfacet
  facet normal 9.868569E-001 1.229493E-001 1.048667E-001
    outer loop 
      vertex 4.550187e-001 3.967227e-001 5.963059e-001
      vertex 4.488232e-001 5.453131e-001 4.803964e-001
      vertex 4.299753e-001 5.601698e-001 6.403480e-001
    endloop 
  endfacet
  facet normal 8.620499E-001 5.030938E-001 6.137374E-002
    outer loop 
      vertex 2.962846e-001 4.994370e-001 2.363801e+000
      vertex 2.439924e-001 5.729309e-001 2.495847e+000
      vertex 3.305742e-001 4.211524e-001 2.523888e+000
    endloop 
  endfacet
  facet normal 8.576126E-001 5.033374E-001 1.056033E-001
    outer loop 
      vertex 1.709578e-001 6.837741e-001 2.560655e+000
      vertex 2.439924e-001 5.729309e-001 2.495847e+000
      vertex 1.941762e-001 6.777342e-001 2.400884e+000
    endloop 
  endfacet
  facet normal 8.720018E-001 4.835353E-001 7.620069E-002
    outer loop 
      vertex 1.941762e-001 6.777342e-001 2.400884e+000
      vertex 2.439924e-001 5.729309e-001 2.495847e+000
      vertex 2.962846e-001 4.994370e-001 2.363801e+000
    endloop 
  endfacet
  facet normal 8.461435E-001 5.312862E-001 4.214353E-002
    outer loop 
      vertex 2.970029e-001 4.609613e-001 2.696068e+000
      vertex 3.986921e-001 3.022927e-001 2.654656e+000
      vertex 3.305742e-001 4.211524e-001 2.523888e+000
    endloop 
  endfacet
  facet normal 8.635573E-001 5.041800E-001 8.434737E-003
    outer loop 
      vertex 3.986921e-001 3.022927e-001 2.654656e+000
      vertex 4.336193e-001 2.456765e-001 2.462965e+000
      vertex 3.305742e-001 4.211524e-001 2.523888e+000
    endloop 
  endfacet
  facet normal 8.802413E-001 4.726129E-001 4.257175E-002
    outer loop 
      vertex 3.840894e-001 3.393162e-001 2.325883e+000
      vertex 2.962846e-001 4.994370e-001 2.363801e+000
      vertex 3.305742e-001 4.211524e-001 2.523888e+000
    endloop 
  endfacet
  facet normal 8.661732E-001 4.989658E-001 2.787786E-002
    outer loop 
      vertex 3.840894e-001 3.393162e-001 2.325883e+000
      vertex 3.305742e-001 4.211524e-001 2.523888e+000
      vertex 4.336193e-001 2.456765e-001 2.462965e+000
    endloop 
  endfacet
  facet normal -8.118843E-002 9.943429E-001 -6.848857E-002
    outer loop 
      vertex 3.339264e-001 5.273578e-001 3.933025e-001
      vertex 1.844886e-001 5.168573e-001 4.179997e-001
      vertex 2.676303e-001 5.333048e-001 5.582327e-001
    endloop 
  endfacet
  facet normal -1.449860E-001 9.867504E-001 -7.281941E-002
    outer loop 
      vertex 1.222540e-001 5.227641e-001 7.048483e-001
      vertex 2.793000e-001 5.477062e-001 7.301466e-001
      vertex 2.676303e-001 5.333048e-001 5.582327e-001
    endloop 
  endfacet
  facet normal -1.261129E-001 9.892289E-001 -7.430817E-002
    outer loop 
      vertex 4.299753e-001 5.601698e-001 6.403480e-001
      vertex 2.676303e-001 5.333048e-001 5.582327e-001
      vertex 2.793000e-001 5.477062e-001 7.301466e-001
    endloop 
  endfacet
  facet normal -9.807064E-002 9.923340E-001 -7.520218E-002
    outer loop 
      vertex 4.488232e-001 5.453131e-001 4.803964e-001
      vertex 3.339264e-001 5.273578e-001 3.933025e-001
      vertex 2.676303e-001 5.333048e-001 5.582327e-001
    endloop 
  endfacet
  facet normal -1.105295E-001 9.883296E-001 -1.048227E-001
    outer loop 
      vertex 4.299753e-001 5.601698e-001 6.403480e-001
      vertex 4.488232e-001 5.453131e-001 4.803964e-001
      vertex 2.676303e-001 5.333048e-001 5.582327e-001
    endloop 
  endfacet
  facet normal -9.515293E-001 -2.881149E-001 -1.076191E-001
    outer loop 
      vertex -6.255302e-001 3.281595e-001 1.440282e+000
      vertex -6.138966e-001 3.494898e-001 1.280317e+000
      vertex -5.957739e-001 2.341805e-001 1.428786e+000
    endloop 
  endfacet
  facet normal -9.517590E-001 -2.886025E-001 -1.042273E-001
    outer loop 
      vertex -6.364464e-001 3.064540e-001 1.600065e+000
      vertex -6.255302e-001 3.281595e-001 1.440282e+000
      vertex -5.957739e-001 2.341805e-001 1.428786e+000
    endloop 
  endfacet
  facet normal -2.943600E-001 9.523995E-001 -7.929300E-002
    outer loop 
      vertex 2.258547e-001 5.781593e-001 1.259045e+000
      vertex 1.553776e-001 5.713881e-001 1.439348e+000
      vertex 3.280317e-001 6.248456e-001 1.440488e+000
    endloop 
  endfacet
  facet normal -2.610870E-001 9.630642E-001 -6.588668E-002
    outer loop 
      vertex 2.258547e-001 5.781593e-001 1.259045e+000
      vertex 5.796809e-002 5.333148e-001 1.268832e+000
      vertex 1.553776e-001 5.713881e-001 1.439348e+000
    endloop 
  endfacet
  facet normal -2.539607E-001 9.615521E-001 -1.045060E-001
    outer loop 
      vertex 2.258547e-001 5.781593e-001 1.259045e+000
      vertex 3.495276e-001 6.131914e-001 1.280834e+000
      vertex 3.701112e-001 6.011857e-001 1.120351e+000
    endloop 
  endfacet
  facet normal -2.539836E-001 9.615590E-001 -1.043871E-001
    outer loop 
      vertex 3.495276e-001 6.131914e-001 1.280834e+000
      vertex 2.258547e-001 5.781593e-001 1.259045e+000
      vertex 3.280317e-001 6.248456e-001 1.440488e+000
    endloop 
  endfacet
  facet normal -2.605009E-001 9.641277E-001 -5.096205E-002
    outer loop 
      vertex 2.258547e-001 5.781593e-001 1.259045e+000
      vertex 1.175444e-001 5.410945e-001 1.111478e+000
      vertex 5.796809e-002 5.333148e-001 1.268832e+000
    endloop 
  endfacet
  facet normal -9.589343E-001 -2.800760E-001 -4.474783E-002
    outer loop 
      vertex -5.301104e-001 5.775388e-002 1.177987e+000
      vertex -5.003024e-001 -7.076602e-002 1.343614e+000
      vertex -5.479358e-001 7.951199e-002 1.423799e+000
    endloop 
  endfacet
  facet normal -2.947420E-001 9.545581E-001 -4.411500E-002
    outer loop 
      vertex 4.832350e-002 5.459709e-001 1.604623e+000
      vertex 1.553776e-001 5.713881e-001 1.439348e+000
      vertex -4.236284e-002 5.090220e-001 1.411020e+000
    endloop 
  endfacet
  facet normal -3.270535E-001 9.426364E-001 -6.687757E-002
    outer loop 
      vertex 1.553776e-001 5.713881e-001 1.439348e+000
      vertex 4.832350e-002 5.459709e-001 1.604623e+000
      vertex 3.068912e-001 6.353876e-001 1.600466e+000
    endloop 
  endfacet
  facet normal -2.946406E-001 9.545565E-001 -4.481903E-002
    outer loop 
      vertex 5.796809e-002 5.333148e-001 1.268832e+000
      vertex -4.236284e-002 5.090220e-001 1.411020e+000
      vertex 1.553776e-001 5.713881e-001 1.439348e+000
    endloop 
  endfacet
  facet normal -2.936321E-001 9.505211E-001 -1.014387E-001
    outer loop 
      vertex 1.553776e-001 5.713881e-001 1.439348e+000
      vertex 3.068912e-001 6.353876e-001 1.600466e+000
      vertex 3.280317e-001 6.248456e-001 1.440488e+000
    endloop 
  endfacet
  facet normal 9.609421E-001 2.557334E-001 -1.057865E-001
    outer loop 
      vertex 6.012664e-001 -3.707849e-001 1.120136e+000
      vertex 5.848438e-001 -2.464518e-001 1.271526e+000
      vertex 6.134201e-001 -3.502070e-001 1.280285e+000
    endloop 
  endfacet
  facet normal 9.710436E-001 2.252359E-001 -7.964379E-002
    outer loop 
      vertex 6.012664e-001 -3.707849e-001 1.120136e+000
      vertex 5.584490e-001 -1.987619e-001 1.084581e+000
      vertex 5.848438e-001 -2.464518e-001 1.271526e+000
    endloop 
  endfacet
  facet normal 9.611634E-001 2.560270E-001 -1.030301E-001
    outer loop 
      vertex 6.249687e-001 -3.292648e-001 1.440062e+000
      vertex 6.134201e-001 -3.502070e-001 1.280285e+000
      vertex 5.848438e-001 -2.464518e-001 1.271526e+000
    endloop 
  endfacet
  facet normal 9.625915E-001 2.620054E-001 -6.907054E-002
    outer loop 
      vertex 5.848438e-001 -2.464518e-001 1.271526e+000
      vertex 5.584490e-001 -1.987619e-001 1.084581e+000
      vertex 5.481893e-001 -1.126422e-001 1.268276e+000
    endloop 
  endfacet
  facet normal 2.570325E-001 -9.607700E-001 -1.041888E-001
    outer loop 
      vertex -3.501022e-001 -6.141226e-001 1.279958e+000
      vertex -2.414689e-001 -5.842568e-001 1.272549e+000
      vertex -3.290979e-001 -6.258023e-001 1.439478e+000
    endloop 
  endfacet
  facet normal 2.566901E-001 -9.604498E-001 -1.079183E-001
    outer loop 
      vertex -3.709858e-001 -6.016960e-001 1.119690e+000
      vertex -2.414689e-001 -5.842568e-001 1.272549e+000
      vertex -3.501022e-001 -6.141226e-001 1.279958e+000
    endloop 
  endfacet
  facet normal 2.286024E-001 -9.699724E-001 -8.303324E-002
    outer loop 
      vertex -1.675729e-001 -5.547750e-001 1.131597e+000
      vertex -2.414689e-001 -5.842568e-001 1.272549e+000
      vertex -3.709858e-001 -6.016960e-001 1.119690e+000
    endloop 
  endfacet
  facet normal 2.628917E-001 -9.627307E-001 -6.354193E-002
    outer loop 
      vertex -1.675729e-001 -5.547750e-001 1.131597e+000
      vertex -8.677414e-002 -5.428596e-001 1.285354e+000
      vertex -2.414689e-001 -5.842568e-001 1.272549e+000
    endloop 
  endfacet
  facet normal 9.922774E-001 9.456310E-002 8.027095E-002
    outer loop 
      vertex 4.725002e-001 3.303737e-001 4.409208e-001
      vertex 4.771731e-001 3.881729e-001 3.150651e-001
      vertex 4.488232e-001 5.453131e-001 4.803964e-001
    endloop 
  endfacet
  facet normal 9.965163E-001 5.532237E-002 6.240705E-002
    outer loop 
      vertex 4.866134e-001 2.477919e-001 2.887681e-001
      vertex 4.771731e-001 3.881729e-001 3.150651e-001
      vertex 4.725002e-001 3.303737e-001 4.409208e-001
    endloop 
  endfacet
  facet normal 9.959625E-001 8.401225E-002 3.163327E-002
    outer loop 
      vertex 4.904359e-001 1.497504e-001 3.559236e-001
      vertex 4.725002e-001 3.303737e-001 4.409208e-001
      vertex 4.797218e-001 2.100260e-001 5.331727e-001
    endloop 
  endfacet
  facet normal 9.958708E-001 7.443018E-002 5.197628E-002
    outer loop 
      vertex 4.866134e-001 2.477919e-001 2.887681e-001
      vertex 4.725002e-001 3.303737e-001 4.409208e-001
      vertex 4.904359e-001 1.497504e-001 3.559236e-001
    endloop 
  endfacet
  facet normal 2.961935E-001 -9.517381E-001 8.039913E-002
    outer loop 
      vertex 5.305474e-001 -3.495916e-001 1.547292e+000
      vertex 4.701374e-001 -3.802026e-001 1.407482e+000
      vertex 6.249687e-001 -3.292648e-001 1.440062e+000
    endloop 
  endfacet
  facet normal 3.212034E-001 -9.445641E-001 6.802195E-002
    outer loop 
      vertex 5.305474e-001 -3.495916e-001 1.547292e+000
      vertex 4.182442e-001 -3.846725e-001 1.590455e+000
      vertex 4.701374e-001 -3.802026e-001 1.407482e+000
    endloop 
  endfacet
  facet normal 2.969005E-001 -9.529629E-001 6.092421E-002
    outer loop 
      vertex 4.182442e-001 -3.846725e-001 1.590455e+000
      vertex 3.110129e-001 -4.265783e-001 1.457540e+000
      vertex 4.701374e-001 -3.802026e-001 1.407482e+000
    endloop 
  endfacet
  facet normal 2.920669E-001 -9.554179E-001 4.328495E-002
    outer loop 
      vertex 3.505213e-001 -4.218398e-001 1.295548e+000
      vertex 4.701374e-001 -3.802026e-001 1.407482e+000
      vertex 3.110129e-001 -4.265783e-001 1.457540e+000
    endloop 
  endfacet
  facet normal 2.910874E-001 -9.510686E-001 1.036182E-001
    outer loop 
      vertex 6.134201e-001 -3.502070e-001 1.280285e+000
      vertex 6.249687e-001 -3.292648e-001 1.440062e+000
      vertex 4.701374e-001 -3.802026e-001 1.407482e+000
    endloop 
  endfacet
  facet normal 2.730783E-001 -9.619902E-001 1.787553E-003
    outer loop 
      vertex 1.547185e-001 -4.756433e-001 1.488147e+000
      vertex 6.141409e-002 -5.024459e-001 1.317817e+000
      vertex 2.091680e-001 -4.604909e-001 1.324478e+000
    endloop 
  endfacet
  facet normal 2.731532E-001 -9.619706E-001 3.611231E-006
    outer loop 
      vertex 6.141409e-002 -5.024459e-001 1.317817e+000
      vertex 1.247358e-001 -4.844660e-001 1.203952e+000
      vertex 2.091680e-001 -4.604909e-001 1.324478e+000
    endloop 
  endfacet
  facet normal 3.013902E-001 -9.533817E-001 -1.507590E-002
    outer loop 
      vertex 1.547185e-001 -4.756433e-001 1.488147e+000
      vertex -5.312100e-003 -5.254299e-001 1.437337e+000
      vertex 6.141409e-002 -5.024459e-001 1.317817e+000
    endloop 
  endfacet
  facet normal 2.687217E-001 -9.628092E-001 -2.805423E-002
    outer loop 
      vertex 6.141409e-002 -5.024459e-001 1.317817e+000
      vertex -8.677414e-002 -5.428596e-001 1.285354e+000
      vertex -4.541770e-003 -5.163394e-001 1.162865e+000
    endloop 
  endfacet
  facet normal 2.444761E-001 -9.695039E-001 -1.713370E-002
    outer loop 
      vertex -4.541770e-003 -5.163394e-001 1.162865e+000
      vertex 1.247358e-001 -4.844660e-001 1.203952e+000
      vertex 6.141409e-002 -5.024459e-001 1.317817e+000
    endloop 
  endfacet
  facet normal 2.699489E-001 -9.622622E-001 -3.433687E-002
    outer loop 
      vertex 6.141409e-002 -5.024459e-001 1.317817e+000
      vertex -5.312100e-003 -5.254299e-001 1.437337e+000
      vertex -8.677414e-002 -5.428596e-001 1.285354e+000
    endloop 
  endfacet
  facet normal -3.269560E-001 9.418665E-001 -7.737743E-002
    outer loop 
      vertex 3.068912e-001 6.353876e-001 1.600466e+000
      vertex 4.832350e-002 5.459709e-001 1.604623e+000
      vertex 1.627448e-001 5.983530e-001 1.758754e+000
    endloop 
  endfacet
  facet normal -3.610717E-001 9.312784E-001 -4.845268E-002
    outer loop 
      vertex 1.627448e-001 5.983530e-001 1.758754e+000
      vertex 4.832350e-002 5.459709e-001 1.604623e+000
      vertex 1.361279e-002 5.419303e-001 1.785627e+000
    endloop 
  endfacet
  facet normal -3.566662E-001 9.280059E-001 -1.076762E-001
    outer loop 
      vertex 2.846846e-001 6.454585e-001 1.760819e+000
      vertex 3.068912e-001 6.353876e-001 1.600466e+000
      vertex 1.627448e-001 5.983530e-001 1.758754e+000
    endloop 
  endfacet
  facet normal -3.569693E-001 9.285386E-001 -1.019268E-001
    outer loop 
      vertex 1.627448e-001 5.983530e-001 1.758754e+000
      vertex 2.627173e-001 6.545607e-001 1.920673e+000
      vertex 2.846846e-001 6.454585e-001 1.760819e+000
    endloop 
  endfacet
  facet normal -7.281539E-001 -6.853932E-001 -5.305578E-003
    outer loop 
      vertex -4.467328e-001 -2.575610e-001 3.572283e+000
      vertex -3.327825e-001 -3.786825e-001 3.580284e+000
      vertex -3.752223e-001 -3.346310e-001 3.714125e+000
    endloop 
  endfacet
  facet normal -7.278187E-001 -6.856326E-001 -1.370664E-002
    outer loop 
      vertex -3.327825e-001 -3.786825e-001 3.580284e+000
      vertex -4.467328e-001 -2.575610e-001 3.572283e+000
      vertex -4.142910e-001 -2.895476e-001 3.449661e+000
    endloop 
  endfacet
  facet normal -7.457361E-001 -6.661545E-001 1.076546E-002
    outer loop 
      vertex -3.144145e-001 -4.014760e-001 3.442223e+000
      vertex -3.327825e-001 -3.786825e-001 3.580284e+000
      vertex -4.142910e-001 -2.895476e-001 3.449661e+000
    endloop 
  endfacet
  facet normal -7.294621E-001 -6.838375E-001 1.585002E-002
    outer loop 
      vertex -2.169147e-001 -5.025756e-001 3.567565e+000
      vertex -3.327825e-001 -3.786825e-001 3.580284e+000
      vertex -3.144145e-001 -4.014760e-001 3.442223e+000
    endloop 
  endfacet
  facet normal 9.281116E-001 3.632510E-001 8.159436E-002
    outer loop 
      vertex 3.356999e-001 5.287129e-001 1.700276e+000
      vertex 2.846846e-001 6.454585e-001 1.760819e+000
      vertex 3.160289e-001 5.435969e-001 1.857766e+000
    endloop 
  endfacet
  facet normal 9.257581E-001 3.694000E-001 8.071927E-002
    outer loop 
      vertex 3.748083e-001 4.086180e-001 1.801345e+000
      vertex 3.356999e-001 5.287129e-001 1.700276e+000
      vertex 3.160289e-001 5.435969e-001 1.857766e+000
    endloop 
  endfacet
  facet normal 9.182582E-001 3.819611E-001 1.044387E-001
    outer loop 
      vertex 3.160289e-001 5.435969e-001 1.857766e+000
      vertex 2.846846e-001 6.454585e-001 1.760819e+000
      vertex 2.627173e-001 6.545607e-001 1.920673e+000
    endloop 
  endfacet
  facet normal 9.147338E-001 3.970746E-001 7.479273E-002
    outer loop 
      vertex 2.627173e-001 6.545607e-001 1.920673e+000
      vertex 3.240194e-001 4.947643e-001 2.019292e+000
      vertex 3.160289e-001 5.435969e-001 1.857766e+000
    endloop 
  endfacet
  facet normal 9.247666E-001 3.745051E-001 6.747320E-002
    outer loop 
      vertex 3.748083e-001 4.086180e-001 1.801345e+000
      vertex 3.160289e-001 5.435969e-001 1.857766e+000
      vertex 3.240194e-001 4.947643e-001 2.019292e+000
    endloop 
  endfacet
  facet normal 3.831977E-001 -9.177725E-001 1.041787E-001
    outer loop 
      vertex 6.458092e-001 -2.860041e-001 1.760293e+000
      vertex 6.551468e-001 -2.639166e-001 1.920528e+000
      vertex 5.450162e-001 -3.170598e-001 1.857448e+000
    endloop 
  endfacet
  facet normal 3.980358E-001 -9.142722E-001 7.532431E-002
    outer loop 
      vertex 6.551468e-001 -2.639166e-001 1.920528e+000
      vertex 4.975978e-001 -3.245692e-001 2.016873e+000
      vertex 5.450162e-001 -3.170598e-001 1.857448e+000
    endloop 
  endfacet
  facet normal 3.735460E-001 -9.251505E-001 6.752782E-002
    outer loop 
      vertex 4.975978e-001 -3.245692e-001 2.016873e+000
      vertex 4.125854e-001 -3.748152e-001 1.798755e+000
      vertex 5.450162e-001 -3.170598e-001 1.857448e+000
    endloop 
  endfacet
  facet normal -3.636330E-001 9.282363E-001 7.841180E-002
    outer loop 
      vertex -6.466256e-001 2.845302e-001 1.760105e+000
      vertex -5.235835e-001 3.231975e-001 1.872967e+000
      vertex -5.290447e-001 3.352810e-001 1.704598e+000
    endloop 
  endfacet
  facet normal -3.667714E-001 9.269996E-001 7.842484E-002
    outer loop 
      vertex -5.235835e-001 3.231975e-001 1.872967e+000
      vertex -4.023631e-001 3.779582e-001 1.792598e+000
      vertex -5.290447e-001 3.352810e-001 1.704598e+000
    endloop 
  endfacet
  facet normal -3.837312E-001 9.175726E-001 1.039763E-001
    outer loop 
      vertex -6.466256e-001 2.845302e-001 1.760105e+000
      vertex -6.561940e-001 2.624177e-001 1.919931e+000
      vertex -5.235835e-001 3.231975e-001 1.872967e+000
    endloop 
  endfacet
  facet normal -3.860186E-001 9.213654E-001 4.555549E-002
    outer loop 
      vertex -3.675818e-001 3.845121e-001 1.954767e+000
      vertex -4.023631e-001 3.779582e-001 1.792598e+000
      vertex -5.235835e-001 3.231975e-001 1.872967e+000
    endloop 
  endfacet
  facet normal -9.286596E-001 -3.627938E-001 7.727890E-002
    outer loop 
      vertex -3.386207e-001 -5.231618e-001 1.706666e+000
      vertex -2.857948e-001 -6.470594e-001 1.759824e+000
      vertex -3.211994e-001 -5.329427e-001 1.870100e+000
    endloop 
  endfacet
  facet normal -9.268976E-001 -3.673688E-001 7.681730E-002
    outer loop 
      vertex -3.814873e-001 -3.967735e-001 1.793862e+000
      vertex -3.386207e-001 -5.231618e-001 1.706666e+000
      vertex -3.211994e-001 -5.329427e-001 1.870100e+000
    endloop 
  endfacet
  facet normal -9.166588E-001 -3.856816E-001 1.048166E-001
    outer loop 
      vertex -2.635355e-001 -6.565087e-001 1.919719e+000
      vertex -3.211994e-001 -5.329427e-001 1.870100e+000
      vertex -2.857948e-001 -6.470594e-001 1.759824e+000
    endloop 
  endfacet
  facet normal -9.229963E-001 -3.818114E-001 4.793608E-002
    outer loop 
      vertex -3.663808e-001 -4.119694e-001 1.963697e+000
      vertex -3.814873e-001 -3.967735e-001 1.793862e+000
      vertex -3.211994e-001 -5.329427e-001 1.870100e+000
    endloop 
  endfacet
  facet normal -7.801950E-001 -6.245725E-001 -3.471374E-002
    outer loop 
      vertex -5.124314e-001 -1.595681e-001 3.153272e+000
      vertex -4.171123e-001 -2.818409e-001 3.210907e+000
      vertex -4.836107e-001 -2.041905e-001 3.308374e+000
    endloop 
  endfacet
  facet normal -7.649939E-001 -6.439762E-001 -8.883898E-003
    outer loop 
      vertex -4.836107e-001 -2.041905e-001 3.308374e+000
      vertex -4.171123e-001 -2.818409e-001 3.210907e+000
      vertex -3.919445e-001 -3.134925e-001 3.338067e+000
    endloop 
  endfacet
  facet normal -7.672626E-001 -6.394497E-001 -4.911505E-002
    outer loop 
      vertex -4.836107e-001 -2.041905e-001 3.308374e+000
      vertex -5.237784e-001 -1.657384e-001 3.435238e+000
      vertex -5.962720e-001 -6.646186e-002 3.275191e+000
    endloop 
  endfacet
  facet normal -7.685305E-001 -6.385051E-001 -4.088963E-002
    outer loop 
      vertex -5.124314e-001 -1.595681e-001 3.153272e+000
      vertex -4.836107e-001 -2.041905e-001 3.308374e+000
      vertex -5.962720e-001 -6.646186e-002 3.275191e+000
    endloop 
  endfacet
  facet normal 6.241047E-001 -7.805368E-001 -3.543698E-002
    outer loop 
      vertex 1.467371e-001 -5.216501e-001 3.164233e+000
      vertex 2.749104e-001 -4.211266e-001 3.207446e+000
      vertex 1.959923e-001 -4.889474e-001 3.311388e+000
    endloop 
  endfacet
  facet normal 6.442158E-001 -7.647799E-001 -9.886463E-003
    outer loop 
      vertex 1.959923e-001 -4.889474e-001 3.311388e+000
      vertex 2.749104e-001 -4.211266e-001 3.207446e+000
      vertex 2.955102e-001 -4.055095e-001 3.341674e+000
    endloop 
  endfacet
  facet normal 6.402484E-001 -7.661068E-001 -5.623501E-002
    outer loop 
      vertex 1.959923e-001 -4.889474e-001 3.311388e+000
      vertex 1.368696e-001 -5.469598e-001 3.428584e+000
      vertex 5.843198e-002 -6.013775e-001 3.276902e+000
    endloop 
  endfacet
  facet normal 6.386973E-001 -7.682528E-001 -4.305125E-002
    outer loop 
      vertex 1.959923e-001 -4.889474e-001 3.311388e+000
      vertex 5.843198e-002 -6.013775e-001 3.276902e+000
      vertex 1.467371e-001 -5.216501e-001 3.164233e+000
    endloop 
  endfacet
  facet normal 3.016477E-001 -9.533428E-001 1.209255E-002
    outer loop 
      vertex 3.110129e-001 -4.265783e-001 1.457540e+000
      vertex 1.547185e-001 -4.756433e-001 1.488147e+000
      vertex 2.091680e-001 -4.604909e-001 1.324478e+000
    endloop 
  endfacet
  facet normal 2.707748E-001 -9.618963E-001 3.790248E-002
    outer loop 
      vertex 2.091680e-001 -4.604909e-001 1.324478e+000
      vertex 3.505213e-001 -4.218398e-001 1.295548e+000
      vertex 3.110129e-001 -4.265783e-001 1.457540e+000
    endloop 
  endfacet
  facet normal -8.585356E-001 -5.119976E-001 2.783889E-002
    outer loop 
      vertex -4.061182e-001 -2.978823e-001 2.546669e+000
      vertex -3.202581e-001 -4.411323e-001 2.559968e+000
      vertex -3.537924e-001 -3.776333e-001 2.693628e+000
    endloop 
  endfacet
  facet normal -8.452051E-001 -5.343295E-001 1.097356E-002
    outer loop 
      vertex -3.537924e-001 -3.776333e-001 2.693628e+000
      vertex -4.543564e-001 -2.190740e-001 2.668636e+000
      vertex -4.061182e-001 -2.978823e-001 2.546669e+000
    endloop 
  endfacet
  facet normal -8.604904E-001 -5.093431E-001 -1.121654E-002
    outer loop 
      vertex -4.061182e-001 -2.978823e-001 2.546669e+000
      vertex -4.543564e-001 -2.190740e-001 2.668636e+000
      vertex -4.859970e-001 -1.624392e-001 2.524197e+000
    endloop 
  endfacet
  facet normal -8.609536E-001 -5.086545E-001 -5.420155E-003
    outer loop 
      vertex -4.061182e-001 -2.978823e-001 2.546669e+000
      vertex -4.859970e-001 -1.624392e-001 2.524197e+000
      vertex -4.474813e-001 -2.261327e-001 2.383564e+000
    endloop 
  endfacet
  facet normal -8.774997E-001 -4.790029E-001 -2.346310E-002
    outer loop 
      vertex -4.937441e-001 -1.319622e-001 2.191248e+000
      vertex -4.474813e-001 -2.261327e-001 2.383564e+000
      vertex -5.211672e-001 -8.974643e-002 2.355006e+000
    endloop 
  endfacet
  facet normal -8.775078E-001 -4.789917E-001 -2.338845E-002
    outer loop 
      vertex -4.474813e-001 -2.261327e-001 2.383564e+000
      vertex -4.859970e-001 -1.624392e-001 2.524197e+000
      vertex -5.211672e-001 -8.974643e-002 2.355006e+000
    endloop 
  endfacet
  facet normal 5.003635E-001 -8.656993E-001 -1.417722E-002
    outer loop 
      vertex 1.492740e-001 -4.912449e-001 2.463639e+000
      vertex 2.912495e-001 -4.096948e-001 2.494782e+000
      vertex 2.074088e-001 -4.601514e-001 2.616770e+000
    endloop 
  endfacet
  facet normal 5.260489E-001 -8.503978E-001 9.805001E-003
    outer loop 
      vertex 2.912495e-001 -4.096948e-001 2.494782e+000
      vertex 3.473333e-001 -3.731157e-001 2.658367e+000
      vertex 2.074088e-001 -4.601514e-001 2.616770e+000
    endloop 
  endfacet
  facet normal 5.293424E-001 -8.483906E-001 -5.473581E-003
    outer loop 
      vertex 2.074088e-001 -4.601514e-001 2.616770e+000
      vertex 3.473333e-001 -3.731157e-001 2.658367e+000
      vertex 2.565196e-001 -4.306138e-001 2.787950e+000
    endloop 
  endfacet
  facet normal 5.429029E-001 -8.397252E-001 -1.085924E-002
    outer loop 
      vertex 2.565196e-001 -4.306138e-001 2.787950e+000
      vertex 1.034327e-001 -5.285258e-001 2.705792e+000
      vertex 2.074088e-001 -4.601514e-001 2.616770e+000
    endloop 
  endfacet
  facet normal 5.198261E-001 -8.539362E-001 -2.395452E-002
    outer loop 
      vertex 2.074088e-001 -4.601514e-001 2.616770e+000
      vertex 8.526301e-002 -5.333426e-001 2.575275e+000
      vertex 1.492740e-001 -4.912449e-001 2.463639e+000
    endloop 
  endfacet
  facet normal 5.238994E-001 -8.507668E-001 -4.153566E-002
    outer loop 
      vertex 1.034327e-001 -5.285258e-001 2.705792e+000
      vertex 8.526301e-002 -5.333426e-001 2.575275e+000
      vertex 2.074088e-001 -4.601514e-001 2.616770e+000
    endloop 
  endfacet
  facet normal 4.747978E-001 -8.789940E-001 4.400596E-002
    outer loop 
      vertex 5.186177e-001 -2.882143e-001 2.362957e+000
      vertex 4.292276e-001 -3.285876e-001 2.520989e+000
      vertex 3.678248e-001 -3.702400e-001 2.351506e+000
    endloop 
  endfacet
  facet normal 4.412268E-001 -8.967810E-001 3.320893E-002
    outer loop 
      vertex 4.266625e-001 -3.473911e-001 2.186780e+000
      vertex 3.678248e-001 -3.702400e-001 2.351506e+000
      vertex 2.930816e-001 -4.135549e-001 2.174886e+000
    endloop 
  endfacet
  facet normal 4.721327E-001 -8.813758E-001 1.635188E-002
    outer loop 
      vertex 2.930816e-001 -4.135549e-001 2.174886e+000
      vertex 3.678248e-001 -3.702400e-001 2.351506e+000
      vertex 2.233138e-001 -4.481018e-001 2.327218e+000
    endloop 
  endfacet
  facet normal 4.745106E-001 -8.789635E-001 4.756887E-002
    outer loop 
      vertex 5.186177e-001 -2.882143e-001 2.362957e+000
      vertex 3.678248e-001 -3.702400e-001 2.351506e+000
      vertex 4.266625e-001 -3.473911e-001 2.186780e+000
    endloop 
  endfacet
  facet normal 5.320078E-001 -8.456447E-001 4.304510E-002
    outer loop 
      vertex 4.783187e-001 -2.895193e-001 2.681775e+000
      vertex 3.473333e-001 -3.731157e-001 2.658367e+000
      vertex 4.292276e-001 -3.285876e-001 2.520989e+000
    endloop 
  endfacet
  facet normal -5.027248E-001 8.580596E-001 1.048882E-001
    outer loop 
      vertex -6.796269e-001 1.938680e-001 2.400224e+000
      vertex -6.859530e-001 1.706128e-001 2.560148e+000
      vertex -5.566325e-001 2.535895e-001 2.501167e+000
    endloop 
  endfacet
  facet normal -4.839609E-001 8.719726E-001 7.379383E-002
    outer loop 
      vertex -5.219461e-001 2.851142e-001 2.356144e+000
      vertex -6.796269e-001 1.938680e-001 2.400224e+000
      vertex -5.566325e-001 2.535895e-001 2.501167e+000
    endloop 
  endfacet
  facet normal -5.370291E-001 8.420367E-001 5.073409E-002
    outer loop 
      vertex -4.894764e-001 2.773796e-001 2.733156e+000
      vertex -3.765097e-001 3.518611e-001 2.692754e+000
      vertex -4.639127e-001 3.020881e-001 2.593663e+000
    endloop 
  endfacet
  facet normal -9.611232E-001 -2.757382E-001 1.451755E-002
    outer loop 
      vertex -4.631194e-001 -1.954315e-001 1.437454e+000
      vertex -5.003024e-001 -7.076602e-002 1.343614e+000
      vertex -4.522699e-001 -2.405563e-001 1.298665e+000
    endloop 
  endfacet
  facet normal -9.558753E-001 -2.930528E-001 2.055735E-002
    outer loop 
      vertex -4.631194e-001 -1.954315e-001 1.437454e+000
      vertex -4.522699e-001 -2.405563e-001 1.298665e+000
      vertex -4.210313e-001 -3.341788e-001 1.416571e+000
    endloop 
  endfacet
  facet normal 6.445045E-001 -7.606027E-001 -7.808685E-002
    outer loop 
      vertex 3.786653e-002 -6.338059e-001 3.423030e+000
      vertex -5.511227e-002 -7.061094e-001 3.359882e+000
      vertex 5.843198e-002 -6.013775e-001 3.276902e+000
    endloop 
  endfacet
  facet normal 6.599945E-001 -7.477109E-001 -7.304593E-002
    outer loop 
      vertex 1.368696e-001 -5.469598e-001 3.428584e+000
      vertex 3.786653e-002 -6.338059e-001 3.423030e+000
      vertex 5.843198e-002 -6.013775e-001 3.276902e+000
    endloop 
  endfacet
  facet normal 6.734598E-001 -7.346369E-001 -8.222283E-002
    outer loop 
      vertex -3.084263e-002 -7.076358e-001 3.519904e+000
      vertex 3.786653e-002 -6.338059e-001 3.423030e+000
      vertex 7.657403e-002 -6.133509e-001 3.557310e+000
    endloop 
  endfacet
  facet normal 6.599352E-001 -7.474304E-001 -7.637540E-002
    outer loop 
      vertex 1.368696e-001 -5.469598e-001 3.428584e+000
      vertex 7.657403e-002 -6.133509e-001 3.557310e+000
      vertex 3.786653e-002 -6.338059e-001 3.423030e+000
    endloop 
  endfacet
  facet normal 6.544088E-001 -7.486188E-001 -1.063910E-001
    outer loop 
      vertex 3.786653e-002 -6.338059e-001 3.423030e+000
      vertex -3.084263e-002 -7.076358e-001 3.519904e+000
      vertex -5.511227e-002 -7.061094e-001 3.359882e+000
    endloop 
  endfacet
  facet normal 9.297464E-002 -9.925649E-001 -7.855369E-002
    outer loop 
      vertex -2.929085e-001 -5.409191e-001 6.113815e-001
      vertex -4.494551e-001 -5.451748e-001 4.798697e-001
      vertex -2.561483e-001 -5.270486e-001 4.796298e-001
    endloop 
  endfacet
  facet normal 1.201352E-001 -9.902347E-001 -7.073027E-002
    outer loop 
      vertex -1.253492e-001 -5.184360e-001 5.812136e-001
      vertex -2.929085e-001 -5.409191e-001 6.113815e-001
      vertex -2.561483e-001 -5.270486e-001 4.796298e-001
    endloop 
  endfacet
  facet normal 1.450184E-001 -9.864232E-001 -7.706518E-002
    outer loop 
      vertex -2.929085e-001 -5.409191e-001 6.113815e-001
      vertex -1.683234e-001 -5.302463e-001 7.092108e-001
      vertex -2.824753e-001 -5.537099e-001 7.947347e-001
    endloop 
  endfacet
  facet normal 1.254527E-001 -9.891732E-001 -7.614370E-002
    outer loop 
      vertex -2.824753e-001 -5.537099e-001 7.947347e-001
      vertex -4.303504e-001 -5.605419e-001 6.398534e-001
      vertex -2.929085e-001 -5.409191e-001 6.113815e-001
    endloop 
  endfacet
  facet normal 1.240090E-001 -9.910302E-001 -4.980718E-002
    outer loop 
      vertex -2.929085e-001 -5.409191e-001 6.113815e-001
      vertex -1.253492e-001 -5.184360e-001 5.812136e-001
      vertex -1.683234e-001 -5.302463e-001 7.092108e-001
    endloop 
  endfacet
  facet normal 1.183463E-001 -9.869788E-001 -1.089360E-001
    outer loop 
      vertex -2.929085e-001 -5.409191e-001 6.113815e-001
      vertex -4.303504e-001 -5.605419e-001 6.398534e-001
      vertex -4.494551e-001 -5.451748e-001 4.798697e-001
    endloop 
  endfacet
  facet normal 9.536064E-001 2.994833E-001 3.073449E-002
    outer loop 
      vertex 4.234124e-001 2.999033e-001 1.620595e+000
      vertex 4.545106e-001 2.202688e-001 1.431678e+000
      vertex 4.036820e-001 3.775244e-001 1.476417e+000
    endloop 
  endfacet
  facet normal 9.419644E-001 3.319939E-001 4.983046E-002
    outer loop 
      vertex 4.036820e-001 3.775244e-001 1.476417e+000
      vertex 3.786547e-001 4.260874e-001 1.625968e+000
      vertex 4.234124e-001 2.999033e-001 1.620595e+000
    endloop 
  endfacet
  facet normal 9.439378E-001 3.297159E-001 1.639885E-002
    outer loop 
      vertex 4.545106e-001 2.202688e-001 1.431678e+000
      vertex 4.234124e-001 2.999033e-001 1.620595e+000
      vertex 4.813671e-001 1.353029e-001 1.594112e+000
    endloop 
  endfacet
  facet normal 9.297179E-001 3.671131E-001 2.919779E-002
    outer loop 
      vertex 3.748083e-001 4.086180e-001 1.801345e+000
      vertex 4.405331e-001 2.434537e-001 1.785196e+000
      vertex 4.234124e-001 2.999033e-001 1.620595e+000
    endloop 
  endfacet
  facet normal 9.438874E-001 3.299279E-001 1.497133E-002
    outer loop 
      vertex 4.813671e-001 1.353029e-001 1.594112e+000
      vertex 4.234124e-001 2.999033e-001 1.620595e+000
      vertex 4.405331e-001 2.434537e-001 1.785196e+000
    endloop 
  endfacet
  facet normal 9.418268E-001 3.317801E-001 5.370546E-002
    outer loop 
      vertex 3.748083e-001 4.086180e-001 1.801345e+000
      vertex 4.234124e-001 2.999033e-001 1.620595e+000
      vertex 3.786547e-001 4.260874e-001 1.625968e+000
    endloop 
  endfacet
  facet normal 9.541806E-001 2.960690E-001 4.338801E-002
    outer loop 
      vertex 4.545106e-001 2.202688e-001 1.431678e+000
      vertex 4.271995e-001 3.278391e-001 1.298265e+000
      vertex 4.036820e-001 3.775244e-001 1.476417e+000
    endloop 
  endfacet
  facet normal -7.321019E-001 -6.769656E-001 -7.579204E-002
    outer loop 
      vertex -5.824912e-001 -1.155145e-001 3.592946e+000
      vertex -7.069652e-001 2.728289e-002 3.519834e+000
      vertex -6.239457e-001 -5.278885e-002 3.433110e+000
    endloop 
  endfacet
  facet normal -7.458869E-001 -6.627316E-001 -6.663084E-002
    outer loop 
      vertex -5.824912e-001 -1.155145e-001 3.592946e+000
      vertex -6.239457e-001 -5.278885e-002 3.433110e+000
      vertex -5.237784e-001 -1.657384e-001 3.435238e+000
    endloop 
  endfacet
  facet normal -7.099862E-001 -7.008360E-001 -6.890937E-002
    outer loop 
      vertex -7.078388e-001 2.927303e-003 3.679825e+000
      vertex -5.824912e-001 -1.155145e-001 3.592946e+000
      vertex -5.662513e-001 -1.528799e-001 3.805643e+000
    endloop 
  endfacet
  facet normal -7.065815E-001 -7.041849E-001 -6.975766E-002
    outer loop 
      vertex -4.822795e-001 -2.268235e-001 3.701527e+000
      vertex -5.662513e-001 -1.528799e-001 3.805643e+000
      vertex -5.824912e-001 -1.155145e-001 3.592946e+000
    endloop 
  endfacet
  facet normal -7.257054E-001 -6.860613E-001 -5.168791E-002
    outer loop 
      vertex -4.467328e-001 -2.575610e-001 3.572283e+000
      vertex -5.824912e-001 -1.155145e-001 3.592946e+000
      vertex -5.237784e-001 -1.657384e-001 3.435238e+000
    endloop 
  endfacet
  facet normal -7.250620E-001 -6.877497E-001 -3.585351E-002
    outer loop 
      vertex -4.467328e-001 -2.575610e-001 3.572283e+000
      vertex -4.822795e-001 -2.268235e-001 3.701527e+000
      vertex -5.824912e-001 -1.155145e-001 3.592946e+000
    endloop 
  endfacet
  facet normal -7.213292E-001 -6.841072E-001 -1.080813E-001
    outer loop 
      vertex -7.069652e-001 2.728289e-002 3.519834e+000
      vertex -5.824912e-001 -1.155145e-001 3.592946e+000
      vertex -7.078388e-001 2.927303e-003 3.679825e+000
    endloop 
  endfacet
  facet normal -1.575826E-002 9.983014E-001 -5.608867E-002
    outer loop 
      vertex 3.666985e-001 5.079599e-001 1.313443e-001
      vertex 2.143597e-001 5.059223e-001 1.378770e-001
      vertex 2.631227e-001 5.140792e-001 2.693585e-001
    endloop 
  endfacet
  facet normal -1.577523E-002 9.982784E-001 -5.649163E-002
    outer loop 
      vertex 3.666985e-001 5.079599e-001 1.313443e-001
      vertex 3.333333e-001 5.000000e-001 0.000000e+000
      vertex 2.143597e-001 5.059223e-001 1.378770e-001
    endloop 
  endfacet
  facet normal 0.000000E+000 9.981687E-001 -6.049233E-002
    outer loop 
      vertex 5.000000e-001 5.000000e-001 0.000000e+000
      vertex 3.333333e-001 5.000000e-001 0.000000e+000
      vertex 3.666985e-001 5.079599e-001 1.313443e-001
    endloop 
  endfacet
  facet normal -4.594520E-002 9.958442E-001 -7.863420E-002
    outer loop 
      vertex 3.666985e-001 5.079599e-001 1.313443e-001
      vertex 2.631227e-001 5.140792e-001 2.693585e-001
      vertex 3.826219e-001 5.186732e-001 2.577163e-001
    endloop 
  endfacet
  facet normal -1.025245E-002 9.964813E-001 -8.318564E-002
    outer loop 
      vertex 3.666985e-001 5.079599e-001 1.313443e-001
      vertex 3.826219e-001 5.186732e-001 2.577163e-001
      vertex 4.871242e-001 5.116127e-001 1.602585e-001
    endloop 
  endfacet
  facet normal -1.265399E-002 9.972312E-001 -7.327807E-002
    outer loop 
      vertex 4.871242e-001 5.116127e-001 1.602585e-001
      vertex 5.000000e-001 5.000000e-001 0.000000e+000
      vertex 3.666985e-001 5.079599e-001 1.313443e-001
    endloop 
  endfacet
  facet normal -7.602090E-001 -6.450554E-001 -7.736830E-002
    outer loop 
      vertex -7.054263e-001 5.198628e-002 3.360168e+000
      vertex -5.962720e-001 -6.646186e-002 3.275191e+000
      vertex -6.239457e-001 -5.278885e-002 3.433110e+000
    endloop 
  endfacet
  facet normal -7.454759E-001 -6.624924E-001 -7.327674E-002
    outer loop 
      vertex -5.962720e-001 -6.646186e-002 3.275191e+000
      vertex -5.237784e-001 -1.657384e-001 3.435238e+000
      vertex -6.239457e-001 -5.278885e-002 3.433110e+000
    endloop 
  endfacet
  facet normal -7.466068E-001 -6.563184E-001 -1.087410E-001
    outer loop 
      vertex -7.054263e-001 5.198628e-002 3.360168e+000
      vertex -6.239457e-001 -5.278885e-002 3.433110e+000
      vertex -7.069652e-001 2.728289e-002 3.519834e+000
    endloop 
  endfacet
  facet normal 7.796121E-002 -9.946805E-001 -6.732468E-002
    outer loop 
      vertex -2.561483e-001 -5.270486e-001 4.796298e-001
      vertex -3.037216e-001 -5.209432e-001 3.343375e-001
      vertex -1.024640e-001 -5.098783e-001 4.039138e-001
    endloop 
  endfacet
  facet normal 9.302739E-002 -9.930431E-001 -7.218901E-002
    outer loop 
      vertex -3.037216e-001 -5.209432e-001 3.343375e-001
      vertex -2.561483e-001 -5.270486e-001 4.796298e-001
      vertex -4.494551e-001 -5.451748e-001 4.798697e-001
    endloop 
  endfacet
  facet normal 9.344532E-002 -9.949747E-001 -3.596256E-002
    outer loop 
      vertex -1.024640e-001 -5.098783e-001 4.039138e-001
      vertex -1.253492e-001 -5.184360e-001 5.812136e-001
      vertex -2.561483e-001 -5.270486e-001 4.796298e-001
    endloop 
  endfacet
  facet normal 7.538756E-001 6.567774E-001 -1.775266E-002
    outer loop 
      vertex 4.428059e-001 2.464520e-001 3.299871e+000
      vertex 4.230998e-001 2.742100e-001 3.489973e+000
      vertex 5.265731e-001 1.525981e-001 3.384867e+000
    endloop 
  endfacet
  facet normal 7.560428E-001 6.542970E-001 -1.716582E-002
    outer loop 
      vertex 4.428059e-001 2.464520e-001 3.299871e+000
      vertex 3.559446e-001 3.492905e-001 3.394011e+000
      vertex 4.230998e-001 2.742100e-001 3.489973e+000
    endloop 
  endfacet
  facet normal 7.663024E-001 6.407032E-001 -4.774921E-002
    outer loop 
      vertex 5.305026e-001 1.340386e-001 3.198895e+000
      vertex 4.428059e-001 2.464520e-001 3.299871e+000
      vertex 5.265731e-001 1.525981e-001 3.384867e+000
    endloop 
  endfacet
  facet normal -9.980331E-001 -1.800131E-002 -6.004893E-002
    outer loop 
      vertex -5.042208e-001 2.178492e-001 1.047713e-001
      vertex -5.098783e-001 3.490420e-001 1.594711e-001
      vertex -5.000000e-001 3.333333e-001 0.000000e+000
    endloop 
  endfacet
  facet normal -9.937297E-001 -1.224479E-002 -1.111370E-001
    outer loop 
      vertex -5.098783e-001 3.490420e-001 1.594711e-001
      vertex -5.293521e-001 4.677822e-001 3.205138e-001
      vertex -5.117654e-001 4.873300e-001 1.611088e-001
    endloop 
  endfacet
  facet normal -9.971900E-001 -1.273388E-002 -7.382402E-002
    outer loop 
      vertex -5.098783e-001 3.490420e-001 1.594711e-001
      vertex -5.117654e-001 4.873300e-001 1.611088e-001
      vertex -5.000000e-001 5.000000e-001 0.000000e+000
    endloop 
  endfacet
  facet normal -9.980869E-001 0.000000E+000 -6.182548E-002
    outer loop 
      vertex -5.098783e-001 3.490420e-001 1.594711e-001
      vertex -5.000000e-001 5.000000e-001 0.000000e+000
      vertex -5.000000e-001 3.333333e-001 0.000000e+000
    endloop 
  endfacet
  facet normal 9.951766E-001 5.954250E-002 -7.796378E-002
    outer loop 
      vertex 5.292874e-001 -4.679857e-001 3.200353e-001
      vertex 5.146826e-001 -3.518836e-001 2.222803e-001
      vertex 5.199625e-001 -2.750607e-001 3.483473e-001
    endloop 
  endfacet
  facet normal 9.974490E-001 9.893859E-003 -7.069375E-002
    outer loop 
      vertex 5.146826e-001 -3.518836e-001 2.222803e-001
      vertex 5.116529e-001 -4.869465e-001 1.606303e-001
      vertex 5.057821e-001 -3.280293e-001 1.000383e-001
    endloop 
  endfacet
  facet normal 9.931155E-001 2.947127E-002 -1.133710E-001
    outer loop 
      vertex 5.292874e-001 -4.679857e-001 3.200353e-001
      vertex 5.116529e-001 -4.869465e-001 1.606303e-001
      vertex 5.146826e-001 -3.518836e-001 2.222803e-001
    endloop 
  endfacet
  facet normal 7.018735E-001 -7.076614E-001 8.117181E-002
    outer loop 
      vertex 7.053013e-001 -7.041395e-003 3.679852e+000
      vertex 6.189070e-001 -7.459268e-002 3.837967e+000
      vertex 6.182779e-001 -9.769303e-002 3.642016e+000
    endloop 
  endfacet
  facet normal 7.087048E-001 -7.009142E-001 8.035445E-002
    outer loop 
      vertex 6.182779e-001 -9.769303e-002 3.642016e+000
      vertex 6.189070e-001 -7.459268e-002 3.837967e+000
      vertex 5.464224e-001 -1.603161e-001 3.729516e+000
    endloop 
  endfacet
  facet normal 7.287495E-001 -6.819546E-001 6.214618E-002
    outer loop 
      vertex 5.141664e-001 -1.841055e-001 3.864467e+000
      vertex 6.189070e-001 -7.459268e-002 3.837967e+000
      vertex 5.960678e-001 -8.423313e-002 4.000000e+000
    endloop 
  endfacet
  facet normal 7.280819E-001 -6.833948E-001 5.355553E-002
    outer loop 
      vertex 5.464224e-001 -1.603161e-001 3.729516e+000
      vertex 6.189070e-001 -7.459268e-002 3.837967e+000
      vertex 5.141664e-001 -1.841055e-001 3.864467e+000
    endloop 
  endfacet
  facet normal 7.677034E-001 -6.369359E-001 7.031536E-002
    outer loop 
      vertex 5.960678e-001 -8.423313e-002 4.000000e+000
      vertex 6.189070e-001 -7.459268e-002 3.837967e+000
      vertex 7.047226e-001 4.672933e-002 4.000000e+000
    endloop 
  endfacet
  facet normal 7.330995E-001 -6.704788E-001 1.141194E-001
    outer loop 
      vertex 7.054536e-001 2.015144e-002 3.838639e+000
      vertex 6.189070e-001 -7.459268e-002 3.837967e+000
      vertex 7.053013e-001 -7.041395e-003 3.679852e+000
    endloop 
  endfacet
  facet normal 7.331312E-001 -6.705052E-001 1.137603E-001
    outer loop 
      vertex 6.189070e-001 -7.459268e-002 3.837967e+000
      vertex 7.054536e-001 2.015144e-002 3.838639e+000
      vertex 7.047226e-001 4.672933e-002 4.000000e+000
    endloop 
  endfacet
  facet normal -6.909685E-001 -7.135224E-001 1.159670E-001
    outer loop 
      vertex 2.050978e-002 -7.085272e-001 3.839222e+000
      vertex -6.980690e-002 -6.358888e-001 3.748016e+000
      vertex -6.262571e-003 -7.085555e-001 3.679530e+000
    endloop 
  endfacet
  facet normal 2.059249E-002 -9.993030E-001 3.113555E-002
    outer loop 
      vertex 1.666667e-001 -5.000000e-001 0.000000e+000
      vertex 3.370844e-001 -4.930291e-001 1.110200e-001
      vertex 1.510829e-001 -4.956345e-001 1.504188e-001
    endloop 
  endfacet
  facet normal 0.000000E+000 -9.980345E-001 6.266576E-002
    outer loop 
      vertex 3.333333e-001 -5.000000e-001 0.000000e+000
      vertex 3.370844e-001 -4.930291e-001 1.110200e-001
      vertex 1.666667e-001 -5.000000e-001 0.000000e+000
    endloop 
  endfacet
  facet normal 0.000000E+000 -9.980345E-001 6.266576E-002
    outer loop 
      vertex 3.333333e-001 -5.000000e-001 0.000000e+000
      vertex 5.000000e-001 -5.000000e-001 0.000000e+000
      vertex 3.370844e-001 -4.930291e-001 1.110200e-001
    endloop 
  endfacet
  facet normal 1.195736E-002 -9.967127E-001 8.012952E-002
    outer loop 
      vertex 5.000000e-001 -5.000000e-001 0.000000e+000
      vertex 5.116529e-001 -4.869465e-001 1.606303e-001
      vertex 3.370844e-001 -4.930291e-001 1.110200e-001
    endloop 
  endfacet
  facet normal -1.703752E-002 9.993505E-001 3.175227E-002
    outer loop 
      vertex -3.401494e-001 4.936666e-001 1.062470e-001
      vertex -1.589762e-001 4.948282e-001 1.669006e-001
      vertex -1.666667e-001 5.000000e-001 0.000000e+000
    endloop 
  endfacet
  facet normal 0.000000E+000 9.982280E-001 5.950464E-002
    outer loop 
      vertex -3.333333e-001 5.000000e-001 0.000000e+000
      vertex -3.401494e-001 4.936666e-001 1.062470e-001
      vertex -1.666667e-001 5.000000e-001 0.000000e+000
    endloop 
  endfacet
  facet normal 0.000000E+000 9.982280E-001 5.950464E-002
    outer loop 
      vertex -5.000000e-001 5.000000e-001 0.000000e+000
      vertex -3.401494e-001 4.936666e-001 1.062470e-001
      vertex -3.333333e-001 5.000000e-001 0.000000e+000
    endloop 
  endfacet
  facet normal -1.202731E-002 9.969181E-001 7.752189E-002
    outer loop 
      vertex -3.401494e-001 4.936666e-001 1.062470e-001
      vertex -5.000000e-001 5.000000e-001 0.000000e+000
      vertex -5.117654e-001 4.873300e-001 1.611088e-001
    endloop 
  endfacet
  facet normal -7.306949E-001 6.818599E-001 -3.394271E-002
    outer loop 
      vertex -2.622163e-001 4.579471e-001 4.000000e+000
      vertex -1.471183e-001 5.749068e-001 3.871803e+000
      vertex -2.865595e-001 4.240170e-001 3.842437e+000
    endloop 
  endfacet
  facet normal -7.280585E-001 6.833681E-001 -5.421079E-002
    outer loop 
      vertex -1.968440e-001 5.089547e-001 3.708251e+000
      vertex -2.865595e-001 4.240170e-001 3.842437e+000
      vertex -1.471183e-001 5.749068e-001 3.871803e+000
    endloop 
  endfacet
  facet normal -7.453997E-001 6.635532E-001 -6.384692E-002
    outer loop 
      vertex -1.534643e-001 5.801132e-001 4.000000e+000
      vertex -1.471183e-001 5.749068e-001 3.871803e+000
      vertex -2.622163e-001 4.579471e-001 4.000000e+000
    endloop 
  endfacet
  facet normal -7.671815E-001 6.382395E-001 -6.389710E-002
    outer loop 
      vertex -5.046827e-002 7.039172e-001 4.000000e+000
      vertex -1.471183e-001 5.749068e-001 3.871803e+000
      vertex -1.534643e-001 5.801132e-001 4.000000e+000
    endloop 
  endfacet
  facet normal -7.321193E-001 6.700919E-001 -1.223857E-001
    outer loop 
      vertex -2.280134e-002 7.048054e-001 3.839358e+000
      vertex -1.471183e-001 5.749068e-001 3.871803e+000
      vertex -5.046827e-002 7.039172e-001 4.000000e+000
    endloop 
  endfacet
  facet normal -9.963176E-001 -4.275570E-002 -7.431836E-002
    outer loop 
      vertex -5.086489e-001 1.747720e-001 2.432488e-001
      vertex -5.222935e-001 3.121784e-001 3.471185e-001
      vertex -5.098783e-001 3.490420e-001 1.594711e-001
    endloop 
  endfacet
  facet normal -9.968256E-001 -6.912486E-002 -3.950205E-002
    outer loop 
      vertex -5.222935e-001 3.121784e-001 3.471185e-001
      vertex -5.086489e-001 1.747720e-001 2.432488e-001
      vertex -5.115278e-001 1.229953e-001 4.065001e-001
    endloop 
  endfacet
  facet normal -9.988471E-001 -2.633986E-002 -4.013383E-002
    outer loop 
      vertex -5.098783e-001 3.490420e-001 1.594711e-001
      vertex -5.042208e-001 2.178492e-001 1.047713e-001
      vertex -5.086489e-001 1.747720e-001 2.432488e-001
    endloop 
  endfacet
  facet normal -9.989758E-001 -2.285308E-002 -3.905329E-002
    outer loop 
      vertex -5.042208e-001 2.178492e-001 1.047713e-001
      vertex -5.017086e-001 5.412431e-002 1.363158e-001
      vertex -5.086489e-001 1.747720e-001 2.432488e-001
    endloop 
  endfacet
  facet normal 8.111259E-002 -9.949841E-001 5.854289E-002
    outer loop 
      vertex 2.338668e-001 -4.822716e-001 4.090984e-001
      vertex 4.012232e-001 -4.681691e-001 4.169063e-001
      vertex 3.300061e-001 -4.665585e-001 5.429525e-001
    endloop 
  endfacet
  facet normal 8.306118E-002 -9.962859E-001 2.269956E-002
    outer loop 
      vertex 2.338668e-001 -4.822716e-001 4.090984e-001
      vertex 6.696025e-002 -4.960192e-001 4.164501e-001
      vertex 1.464649e-001 -4.921245e-001 2.964713e-001
    endloop 
  endfacet
  facet normal 0.000000E+000 0.000000E+000 1.000000E+000
    outer loop 
      vertex -5.324715e-001 -2.885184e-002 4.000000e+000
      vertex -5.836037e-001 -1.545607e-001 4.000000e+000
      vertex -4.546188e-001 -1.274267e-001 4.000000e+000
    endloop 
  endfacet
  facet normal 0.000000E+000 0.000000E+000 1.000000E+000
    outer loop 
      vertex -3.823768e-001 -3.226316e-002 4.000000e+000
      vertex -5.324715e-001 -2.885184e-002 4.000000e+000
      vertex -4.546188e-001 -1.274267e-001 4.000000e+000
    endloop 
  endfacet
  facet normal 0.000000E+000 0.000000E+000 1.000000E+000
    outer loop 
      vertex -7.081547e-001 -5.034393e-002 4.000000e+000
      vertex -5.324715e-001 -2.885184e-002 4.000000e+000
      vertex -5.982848e-001 8.042207e-002 4.000000e+000
    endloop 
  endfacet
  facet normal 0.000000E+000 0.000000E+000 1.000000E+000
    outer loop 
      vertex -5.836037e-001 -1.545607e-001 4.000000e+000
      vertex -5.324715e-001 -2.885184e-002 4.000000e+000
      vertex -7.081547e-001 -5.034393e-002 4.000000e+000
    endloop 
  endfacet
  facet normal 7.897912E-001 6.114166E-001 -4.898583E-002
    outer loop 
      vertex 6.201177e-001 1.162061e-002 3.115786e+000
      vertex 5.422351e-001 1.041786e-001 3.015359e+000
      vertex 5.305026e-001 1.340386e-001 3.198895e+000
    endloop 
  endfacet
  facet normal 8.160415E-001 5.757971E-001 -5.033873E-002
    outer loop 
      vertex 5.422351e-001 1.041786e-001 3.015359e+000
      vertex 5.505894e-001 7.737122e-002 2.844156e+000
      vertex 4.773426e-001 1.874737e-001 2.916153e+000
    endloop 
  endfacet
  facet normal -6.845745E-001 -7.284749E-001 2.611739E-002
    outer loop 
      vertex -2.113005e-001 -4.858181e-001 4.000000e+000
      vertex -2.997663e-001 -4.078310e-001 3.856425e+000
      vertex -1.882229e-001 -5.124098e-001 3.863191e+000
    endloop 
  endfacet
  facet normal -6.618580E-001 -7.488618E-001 3.391194E-002
    outer loop 
      vertex -2.113005e-001 -4.858181e-001 4.000000e+000
      vertex -1.882229e-001 -5.124098e-001 3.863191e+000
      vertex -8.357424e-002 -5.987049e-001 4.000000e+000
    endloop 
  endfacet
  facet normal 7.128233E-001 6.964312E-001 -8.286376E-002
    outer loop 
      vertex 6.150287e-001 7.759961e-002 3.614663e+000
      vertex 6.226621e-001 8.580869e-002 3.749322e+000
      vertex 7.053013e-001 -7.041395e-003 3.679852e+000
    endloop 
  endfacet
  facet normal 6.942569E-001 7.092887E-001 -1.221348E-001
    outer loop 
      vertex 6.226621e-001 8.580869e-002 3.749322e+000
      vertex 7.054536e-001 2.015144e-002 3.838639e+000
      vertex 7.053013e-001 -7.041395e-003 3.679852e+000
    endloop 
  endfacet
  facet normal 0.000000E+000 0.000000E+000 1.000000E+000
    outer loop 
      vertex 3.023858e-001 2.187656e-001 4.000000e+000
      vertex 1.714582e-001 3.434659e-001 4.000000e+000
      vertex 1.243331e-001 2.052802e-001 4.000000e+000
    endloop 
  endfacet
  facet normal 0.000000E+000 0.000000E+000 1.000000E+000
    outer loop 
      vertex 3.346120e-001 3.695275e-001 4.000000e+000
      vertex 1.714582e-001 3.434659e-001 4.000000e+000
      vertex 3.023858e-001 2.187656e-001 4.000000e+000
    endloop 
  endfacet
  facet normal 0.000000E+000 0.000000E+000 1.000000E+000
    outer loop 
      vertex 3.346120e-001 3.695275e-001 4.000000e+000
      vertex 2.087836e-001 4.818206e-001 4.000000e+000
      vertex 1.714582e-001 3.434659e-001 4.000000e+000
    endloop 
  endfacet
  facet normal 0.000000E+000 0.000000E+000 1.000000E+000
    outer loop 
      vertex -2.618730e-003 3.131523e-001 4.000000e+000
      vertex 1.243331e-001 2.052802e-001 4.000000e+000
      vertex 1.714582e-001 3.434659e-001 4.000000e+000
    endloop 
  endfacet
  facet normal 0.000000E+000 0.000000E+000 1.000000E+000
    outer loop 
      vertex -1.534643e-001 5.801132e-001 4.000000e+000
      vertex -2.622163e-001 4.579471e-001 4.000000e+000
      vertex -1.089731e-001 4.355339e-001 4.000000e+000
    endloop 
  endfacet
  facet normal 0.000000E+000 0.000000E+000 -1.000000E+000
    outer loop 
      vertex -3.333333e-001 5.000000e-001 0.000000e+000
      vertex -1.666667e-001 5.000000e-001 0.000000e+000
      vertex -2.453599e-001 3.902999e-001 0.000000e+000
    endloop 
  endfacet
  facet normal 0.000000E+000 0.000000E+000 1.000000E+000
    outer loop 
      vertex -4.967250e-002 -1.461948e-001 4.000000e+000
      vertex -2.005809e-001 -1.825204e-001 4.000000e+000
      vertex -1.293030e-001 -3.095114e-001 4.000000e+000
    endloop 
  endfacet
  facet normal 0.000000E+000 0.000000E+000 1.000000E+000
    outer loop 
      vertex -2.244785e-002 -4.126758e-001 4.000000e+000
      vertex -1.293030e-001 -3.095114e-001 4.000000e+000
      vertex -2.113005e-001 -4.858181e-001 4.000000e+000
    endloop 
  endfacet
  facet normal 0.000000E+000 0.000000E+000 1.000000E+000
    outer loop 
      vertex -3.370266e-001 -3.733959e-001 4.000000e+000
      vertex -2.113005e-001 -4.858181e-001 4.000000e+000
      vertex -1.293030e-001 -3.095114e-001 4.000000e+000
    endloop 
  endfacet
  facet normal 0.000000E+000 0.000000E+000 1.000000E+000
    outer loop 
      vertex -3.370266e-001 -3.733959e-001 4.000000e+000
      vertex -1.293030e-001 -3.095114e-001 4.000000e+000
      vertex -2.005809e-001 -1.825204e-001 4.000000e+000
    endloop 
  endfacet
  facet normal 0.000000E+000 0.000000E+000 1.000000E+000
    outer loop 
      vertex -3.244267e-001 1.988409e-001 4.000000e+000
      vertex -3.726669e-001 3.336301e-001 4.000000e+000
      vertex -4.849366e-001 2.077400e-001 4.000000e+000
    endloop 
  endfacet
  facet normal 0.000000E+000 0.000000E+000 -1.000000E+000
    outer loop 
      vertex 3.739951e-001 3.607144e-001 0.000000e+000
      vertex 2.542583e-001 3.949247e-001 0.000000e+000
      vertex 3.333333e-001 5.000000e-001 0.000000e+000
    endloop 
  endfacet
  facet normal 0.000000E+000 0.000000E+000 -1.000000E+000
    outer loop 
      vertex 2.514211e-001 2.763562e-001 0.000000e+000
      vertex 2.542583e-001 3.949247e-001 0.000000e+000
      vertex 3.739951e-001 3.607144e-001 0.000000e+000
    endloop 
  endfacet
  facet normal 0.000000E+000 0.000000E+000 -1.000000E+000
    outer loop 
      vertex 5.000000e-001 3.333333e-001 0.000000e+000
      vertex 3.775123e-001 2.188884e-001 0.000000e+000
      vertex 3.739951e-001 3.607144e-001 0.000000e+000
    endloop 
  endfacet
  facet normal 0.000000E+000 0.000000E+000 -1.000000E+000
    outer loop 
      vertex 3.775123e-001 2.188884e-001 0.000000e+000
      vertex 2.514211e-001 2.763562e-001 0.000000e+000
      vertex 3.739951e-001 3.607144e-001 0.000000e+000
    endloop 
  endfacet
  facet normal 0.000000E+000 0.000000E+000 -1.000000E+000
    outer loop 
      vertex 3.739951e-001 3.607144e-001 0.000000e+000
      vertex 3.333333e-001 5.000000e-001 0.000000e+000
      vertex 5.000000e-001 5.000000e-001 0.000000e+000
    endloop 
  endfacet
  facet normal 0.000000E+000 0.000000E+000 -1.000000E+000
    outer loop 
      vertex 5.000000e-001 3.333333e-001 0.000000e+000
      vertex 3.739951e-001 3.607144e-001 0.000000e+000
      vertex 5.000000e-001 5.000000e-001 0.000000e+000
    endloop 
  endfacet
  facet normal 0.000000E+000 0.000000E+000 -1.000000E+000
    outer loop 
      vertex -3.766828e-001 6.072977e-002 0.000000e+000
      vertex -2.533354e-001 -3.212956e-002 0.000000e+000
      vertex -3.789835e-001 -8.326499e-002 0.000000e+000
    endloop 
  endfacet
  facet normal 0.000000E+000 0.000000E+000 -1.000000E+000
    outer loop 
      vertex -3.766828e-001 6.072977e-002 0.000000e+000
      vertex -3.789835e-001 -8.326499e-002 0.000000e+000
      vertex -5.000000e-001 0.000000e+000 0.000000e+000
    endloop 
  endfacet
  facet normal 0.000000E+000 0.000000E+000 -1.000000E+000
    outer loop 
      vertex -3.766828e-001 6.072977e-002 0.000000e+000
      vertex -5.000000e-001 0.000000e+000 0.000000e+000
      vertex -5.000000e-001 1.666667e-001 0.000000e+000
    endloop 
  endfacet
  facet normal 0.000000E+000 0.000000E+000 -1.000000E+000
    outer loop 
      vertex -1.666667e-001 -5.000000e-001 0.000000e+000
      vertex -6.641074e-002 -3.674450e-001 0.000000e+000
      vertex 0.000000e+000 -5.000000e-001 0.000000e+000
    endloop 
  endfacet
  facet normal 0.000000E+000 0.000000E+000 -1.000000E+000
    outer loop 
      vertex 1.666667e-001 5.000000e-001 0.000000e+000
      vertex 1.274870e-001 3.588903e-001 0.000000e+000
      vertex 0.000000e+000 5.000000e-001 0.000000e+000
    endloop 
  endfacet
  facet normal 0.000000E+000 0.000000E+000 -1.000000E+000
    outer loop 
      vertex 5.137601e-003 2.877174e-001 0.000000e+000
      vertex 0.000000e+000 5.000000e-001 0.000000e+000
      vertex 1.274870e-001 3.588903e-001 0.000000e+000
    endloop 
  endfacet
  facet normal 0.000000E+000 0.000000E+000 -1.000000E+000
    outer loop 
      vertex 5.000000e-001 0.000000e+000 0.000000e+000
      vertex 3.779213e-001 8.281100e-002 0.000000e+000
      vertex 5.000000e-001 1.666667e-001 0.000000e+000
    endloop 
  endfacet
  facet normal 0.000000E+000 0.000000E+000 -1.000000E+000
    outer loop 
      vertex -3.789835e-001 -8.326499e-002 0.000000e+000
      vertex -5.000000e-001 -1.666667e-001 0.000000e+000
      vertex -5.000000e-001 0.000000e+000 0.000000e+000
    endloop 
  endfacet
  facet normal 0.000000E+000 0.000000E+000 1.000000E+000
    outer loop 
      vertex 2.069836e-001 -1.998208e-001 4.000000e+000
      vertex 3.383662e-001 -1.064250e-001 4.000000e+000
      vertex 1.910882e-001 -4.311508e-002 4.000000e+000
    endloop 
  endfacet
  facet normal 0.000000E+000 0.000000E+000 1.000000E+000
    outer loop 
      vertex 3.383662e-001 -1.064250e-001 4.000000e+000
      vertex 3.703203e-001 -3.379094e-001 4.000000e+000
      vertex 4.824580e-001 -2.118337e-001 4.000000e+000
    endloop 
  endfacet
  facet normal 0.000000E+000 0.000000E+000 1.000000E+000
    outer loop 
      vertex 3.703203e-001 -3.379094e-001 4.000000e+000
      vertex 3.383662e-001 -1.064250e-001 4.000000e+000
      vertex 2.069836e-001 -1.998208e-001 4.000000e+000
    endloop 
  endfacet
  facet normal 0.000000E+000 0.000000E+000 -1.000000E+000
    outer loop 
      vertex 2.567876e-001 -3.806878e-001 0.000000e+000
      vertex 3.333333e-001 -5.000000e-001 0.000000e+000
      vertex 1.666667e-001 -5.000000e-001 0.000000e+000
    endloop 
  endfacet
  facet normal 0.000000E+000 0.000000E+000 1.000000E+000
    outer loop 
      vertex -5.836037e-001 -1.545607e-001 4.000000e+000
      vertex -4.607731e-001 -2.624099e-001 4.000000e+000
      vertex -4.546188e-001 -1.274267e-001 4.000000e+000
    endloop 
  endfacet
  facet normal 0.000000E+000 0.000000E+000 1.000000E+000
    outer loop 
      vertex 4.587594e-001 2.588869e-001 4.000000e+000
      vertex 3.023858e-001 2.187656e-001 4.000000e+000
      vertex 4.002312e-001 8.258642e-002 4.000000e+000
    endloop 
  endfacet
  facet normal 0.000000E+000 0.000000E+000 1.000000E+000
    outer loop 
      vertex 4.587594e-001 2.588869e-001 4.000000e+000
      vertex 3.346120e-001 3.695275e-001 4.000000e+000
      vertex 3.023858e-001 2.187656e-001 4.000000e+000
    endloop 
  endfacet
  facet normal 0.000000E+000 0.000000E+000 -1.000000E+000
    outer loop 
      vertex 2.463146e-001 -1.167427e-001 0.000000e+000
      vertex 2.407040e-001 -2.523085e-001 0.000000e+000
      vertex 1.197696e-001 -1.840909e-001 0.000000e+000
    endloop 
  endfacet
  facet normal 0.000000E+000 0.000000E+000 1.000000E+000
    outer loop 
      vertex -1.089731e-001 4.355339e-001 4.000000e+000
      vertex 4.693395e-002 4.538040e-001 4.000000e+000
      vertex -3.767315e-002 5.525309e-001 4.000000e+000
    endloop 
  endfacet
  facet normal 0.000000E+000 0.000000E+000 1.000000E+000
    outer loop 
      vertex -3.767315e-002 5.525309e-001 4.000000e+000
      vertex 4.693395e-002 4.538040e-001 4.000000e+000
      vertex 8.005428e-002 5.946714e-001 4.000000e+000
    endloop 
  endfacet
  facet normal 0.000000E+000 0.000000E+000 1.000000E+000
    outer loop 
      vertex -3.767315e-002 5.525309e-001 4.000000e+000
      vertex -1.534643e-001 5.801132e-001 4.000000e+000
      vertex -1.089731e-001 4.355339e-001 4.000000e+000
    endloop 
  endfacet
  facet normal 0.000000E+000 0.000000E+000 1.000000E+000
    outer loop 
      vertex -5.046827e-002 7.039172e-001 4.000000e+000
      vertex -1.534643e-001 5.801132e-001 4.000000e+000
      vertex -3.767315e-002 5.525309e-001 4.000000e+000
    endloop 
  endfacet
  facet normal 0.000000E+000 0.000000E+000 1.000000E+000
    outer loop 
      vertex -3.767315e-002 5.525309e-001 4.000000e+000
      vertex 8.005428e-002 5.946714e-001 4.000000e+000
      vertex -5.046827e-002 7.039172e-001 4.000000e+000
    endloop 
  endfacet
  facet normal 0.000000E+000 0.000000E+000 1.000000E+000
    outer loop 
      vertex 2.594401e-001 -4.617455e-001 4.000000e+000
      vertex 3.703203e-001 -3.379094e-001 4.000000e+000
      vertex 1.683206e-001 -3.444521e-001 4.000000e+000
    endloop 
  endfacet
  facet normal 0.000000E+000 0.000000E+000 1.000000E+000
    outer loop 
      vertex 3.703203e-001 -3.379094e-001 4.000000e+000
      vertex 2.069836e-001 -1.998208e-001 4.000000e+000
      vertex 1.683206e-001 -3.444521e-001 4.000000e+000
    endloop 
  endfacet
  facet normal 5.545379E-001 -8.310533E-001 -4.287349E-002
    outer loop 
      vertex 2.565196e-001 -4.306138e-001 2.787950e+000
      vertex 1.158386e-001 -5.275297e-001 2.846945e+000
      vertex 1.034327e-001 -5.285258e-001 2.705792e+000
    endloop 
  endfacet
  facet normal -8.452863E-001 -5.328434E-001 -3.961158E-002
    outer loop 
      vertex -5.418426e-001 -7.887261e-002 2.649590e+000
      vertex -4.543564e-001 -2.190740e-001 2.668636e+000
      vertex -5.172219e-001 -1.285925e-001 2.793016e+000
    endloop 
  endfacet
  facet normal -8.300303E-001 -5.575443E-001 -1.393188E-002
    outer loop 
      vertex -4.142320e-001 -2.824059e-001 2.812613e+000
      vertex -5.172219e-001 -1.285925e-001 2.793016e+000
      vertex -4.543564e-001 -2.190740e-001 2.668636e+000
    endloop 
  endfacet
  facet normal -2.219378E-001 9.748089E-001 -2.216668E-002
    outer loop 
      vertex -1.409457e-001 4.801551e-001 1.073255e+000
      vertex -9.669006e-003 5.114271e-001 1.134110e+000
      vertex -6.692410e-004 5.104799e-001 1.002346e+000
    endloop 
  endfacet
  facet normal -2.324503E-001 9.726070E-001 1.642502E-003
    outer loop 
      vertex -9.669006e-003 5.114271e-001 1.134110e+000
      vertex -1.409457e-001 4.801551e-001 1.073255e+000
      vertex -1.151353e-001 4.860471e-001 1.237054e+000
    endloop 
  endfacet
  facet normal -2.308954E-001 9.727123E-001 -2.276344E-002
    outer loop 
      vertex -9.669006e-003 5.114271e-001 1.134110e+000
      vertex 1.175444e-001 5.410945e-001 1.111478e+000
      vertex -6.692410e-004 5.104799e-001 1.002346e+000
    endloop 
  endfacet
  facet normal -2.337523E-001 9.714534E-001 -4.047253E-002
    outer loop 
      vertex 1.175444e-001 5.410945e-001 1.111478e+000
      vertex -9.669006e-003 5.114271e-001 1.134110e+000
      vertex 5.796809e-002 5.333148e-001 1.268832e+000
    endloop 
  endfacet
  facet normal -2.587067E-001 9.655788E-001 -2.698989E-002
    outer loop 
      vertex -9.669006e-003 5.114271e-001 1.134110e+000
      vertex -1.151353e-001 4.860471e-001 1.237054e+000
      vertex 5.796809e-002 5.333148e-001 1.268832e+000
    endloop 
  endfacet
  facet normal -9.699003E-001 -2.430952E-001 -1.407859E-002
    outer loop 
      vertex -5.003024e-001 -7.076602e-002 1.343614e+000
      vertex -5.301104e-001 5.775388e-002 1.177987e+000
      vertex -4.852495e-001 -1.212566e-001 1.178416e+000
    endloop 
  endfacet
  facet normal -9.698762E-001 -2.430930E-001 -1.568337E-002
    outer loop 
      vertex -4.852495e-001 -1.212566e-001 1.178416e+000
      vertex -5.301104e-001 5.775388e-002 1.177987e+000
      vertex -5.028050e-001 -4.145574e-002 1.027148e+000
    endloop 
  endfacet
  facet normal 9.754848E-001 2.181306E-001 -2.912568E-002
    outer loop 
      vertex 5.166410e-001 -7.297419e-003 1.172475e+000
      vertex 5.200537e-001 -4.822937e-002 9.802237e-001
      vertex 4.861068e-001 1.145997e-001 1.062741e+000
    endloop 
  endfacet
  facet normal 9.695541E-001 2.448671E-001 2.224467E-003
    outer loop 
      vertex 4.749207e-001 1.571967e-001 1.249276e+000
      vertex 5.166410e-001 -7.297419e-003 1.172475e+000
      vertex 4.861068e-001 1.145997e-001 1.062741e+000
    endloop 
  endfacet
  facet normal 9.734487E-001 2.267954E-001 -3.100663E-002
    outer loop 
      vertex 5.584490e-001 -1.987619e-001 1.084581e+000
      vertex 5.200537e-001 -4.822937e-002 9.802237e-001
      vertex 5.166410e-001 -7.297419e-003 1.172475e+000
    endloop 
  endfacet
  facet normal 9.695411E-001 2.380909E-001 -5.747081E-002
    outer loop 
      vertex 5.584490e-001 -1.987619e-001 1.084581e+000
      vertex 5.166410e-001 -7.297419e-003 1.172475e+000
      vertex 5.481893e-001 -1.126422e-001 1.268276e+000
    endloop 
  endfacet
  facet normal 2.187198E-001 -9.753528E-001 -2.912902E-002
    outer loop 
      vertex 1.170825e-001 -4.861848e-001 1.066408e+000
      vertex -4.541770e-003 -5.163394e-001 1.162865e+000
      vertex -5.142980e-002 -5.223418e-001 1.011784e+000
    endloop 
  endfacet
  facet normal 2.397430E-001 -9.708356E-001 -1.208326E-003
    outer loop 
      vertex -4.541770e-003 -5.163394e-001 1.162865e+000
      vertex 1.170825e-001 -4.861848e-001 1.066408e+000
      vertex 1.247358e-001 -4.844660e-001 1.203952e+000
    endloop 
  endfacet
  facet normal 2.355982E-001 -9.712369E-001 -3.453074E-002
    outer loop 
      vertex -5.142980e-002 -5.223418e-001 1.011784e+000
      vertex -4.541770e-003 -5.163394e-001 1.162865e+000
      vertex -1.675729e-001 -5.547750e-001 1.131597e+000
    endloop 
  endfacet
  facet normal 2.382606E-001 -9.699112E-001 -5.004193E-002
    outer loop 
      vertex -4.541770e-003 -5.163394e-001 1.162865e+000
      vertex -8.677414e-002 -5.428596e-001 1.285354e+000
      vertex -1.675729e-001 -5.547750e-001 1.131597e+000
    endloop 
  endfacet
  facet normal -1.592607E-001 9.841804E-001 -7.762133E-002
    outer loop 
      vertex 2.780891e-001 5.597823e-001 8.857467e-001
      vertex 4.104423e-001 5.744692e-001 8.004078e-001
      vertex 2.793000e-001 5.477062e-001 7.301466e-001
    endloop 
  endfacet
  facet normal -1.689190E-001 9.825727E-001 -7.757172E-002
    outer loop 
      vertex 2.780891e-001 5.597823e-001 8.857467e-001
      vertex 2.793000e-001 5.477062e-001 7.301466e-001
      vertex 1.667930e-001 5.358766e-001 8.252988e-001
    endloop 
  endfacet
  facet normal -1.825329E-001 9.818128E-001 -5.220543E-002
    outer loop 
      vertex 1.408722e-001 5.379050e-001 9.540758e-001
      vertex 2.780891e-001 5.597823e-001 8.857467e-001
      vertex 1.667930e-001 5.358766e-001 8.252988e-001
    endloop 
  endfacet
  facet normal -1.763020E-001 9.787209E-001 -1.049904E-001
    outer loop 
      vertex 4.104423e-001 5.744692e-001 8.004078e-001
      vertex 2.780891e-001 5.597823e-001 8.857467e-001
      vertex 3.906110e-001 5.880631e-001 9.604309e-001
    endloop 
  endfacet
  facet normal -1.483597E-001 9.875311E-001 -5.264615E-002
    outer loop 
      vertex 1.222540e-001 5.227641e-001 7.048483e-001
      vertex 1.667930e-001 5.358766e-001 8.252988e-001
      vertex 2.793000e-001 5.477062e-001 7.301466e-001
    endloop 
  endfacet
  facet normal -1.442643E-001 9.838986E-001 -1.055048E-001
    outer loop 
      vertex 4.104423e-001 5.744692e-001 8.004078e-001
      vertex 4.299753e-001 5.601698e-001 6.403480e-001
      vertex 2.793000e-001 5.477062e-001 7.301466e-001
    endloop 
  endfacet
  facet normal -6.209421E-001 7.800397E-001 -7.725904E-002
    outer loop 
      vertex -1.469463e-002 6.122708e-001 3.044146e+000
      vertex -3.442678e-002 6.157756e-001 3.238122e+000
      vertex 7.652658e-002 7.003865e-001 3.200641e+000
    endloop 
  endfacet
  facet normal -6.174980E-001 7.827986E-001 -7.695854E-002
    outer loop 
      vertex -1.469463e-002 6.122708e-001 3.044146e+000
      vertex -1.405926e-001 5.247429e-001 3.164016e+000
      vertex -3.442678e-002 6.157756e-001 3.238122e+000
    endloop 
  endfacet
  facet normal -5.933075E-001 7.979240E-001 -1.063180E-001
    outer loop 
      vertex -1.469463e-002 6.122708e-001 3.044146e+000
      vertex 1.005303e-001 6.974992e-001 3.040778e+000
      vertex 1.241337e-001 6.936955e-001 2.880512e+000
    endloop 
  endfacet
  facet normal -5.670433E-001 8.204627E-001 -7.281987E-002
    outer loop 
      vertex 1.241337e-001 6.936955e-001 2.880512e+000
      vertex -5.088618e-002 5.717311e-001 2.869205e+000
      vertex -1.469463e-002 6.122708e-001 3.044146e+000
    endloop 
  endfacet
  facet normal -5.934302E-001 7.982004E-001 -1.035213E-001
    outer loop 
      vertex 1.005303e-001 6.974992e-001 3.040778e+000
      vertex -1.469463e-002 6.122708e-001 3.044146e+000
      vertex 7.652658e-002 7.003865e-001 3.200641e+000
    endloop 
  endfacet
  facet normal 7.782136E-001 6.234118E-001 7.577111E-002
    outer loop 
      vertex 7.652658e-002 7.003865e-001 3.200641e+000
      vertex 1.407455e-001 6.126513e-001 3.262922e+000
      vertex 1.904556e-001 5.694077e-001 3.108160e+000
    endloop 
  endfacet
  facet normal 7.710780E-001 6.327856E-001 7.085989E-002
    outer loop 
      vertex 1.407455e-001 6.126513e-001 3.262922e+000
      vertex 2.324310e-001 5.023831e-001 3.249931e+000
      vertex 1.904556e-001 5.694077e-001 3.108160e+000
    endloop 
  endfacet
  facet normal 7.530096E-001 6.531231E-001 8.004323E-002
    outer loop 
      vertex 1.407455e-001 6.126513e-001 3.262922e+000
      vertex 5.236754e-002 7.025858e-001 3.360509e+000
      vertex 1.437526e-001 5.919088e-001 3.403884e+000
    endloop 
  endfacet
  facet normal 7.710815E-001 6.321162E-001 7.656655E-002
    outer loop 
      vertex 1.407455e-001 6.126513e-001 3.262922e+000
      vertex 1.437526e-001 5.919088e-001 3.403884e+000
      vertex 2.324310e-001 5.023831e-001 3.249931e+000
    endloop 
  endfacet
  facet normal 7.646574E-001 6.355237E-001 1.068112E-001
    outer loop 
      vertex 1.407455e-001 6.126513e-001 3.262922e+000
      vertex 7.652658e-002 7.003865e-001 3.200641e+000
      vertex 5.236754e-002 7.025858e-001 3.360509e+000
    endloop 
  endfacet
  facet normal 0.000000E+000 0.000000E+000 -1.000000E+000
    outer loop 
      vertex -3.700074e-001 -3.688355e-001 0.000000e+000
      vertex -2.201840e-001 -3.768720e-001 0.000000e+000
      vertex -3.333333e-001 -5.000000e-001 0.000000e+000
    endloop 
  endfacet
  facet normal 0.000000E+000 0.000000E+000 -1.000000E+000
    outer loop 
      vertex -2.751296e-001 -2.709708e-001 0.000000e+000
      vertex -2.201840e-001 -3.768720e-001 0.000000e+000
      vertex -3.700074e-001 -3.688355e-001 0.000000e+000
    endloop 
  endfacet
  facet normal 0.000000E+000 0.000000E+000 -1.000000E+000
    outer loop 
      vertex -3.700074e-001 -3.688355e-001 0.000000e+000
      vertex -5.000000e-001 -3.333333e-001 0.000000e+000
      vertex -3.818465e-001 -2.199804e-001 0.000000e+000
    endloop 
  endfacet
  facet normal 0.000000E+000 0.000000E+000 -1.000000E+000
    outer loop 
      vertex -2.751296e-001 -2.709708e-001 0.000000e+000
      vertex -3.700074e-001 -3.688355e-001 0.000000e+000
      vertex -3.818465e-001 -2.199804e-001 0.000000e+000
    endloop 
  endfacet
  facet normal 0.000000E+000 0.000000E+000 -1.000000E+000
    outer loop 
      vertex -5.000000e-001 -5.000000e-001 0.000000e+000
      vertex -5.000000e-001 -3.333333e-001 0.000000e+000
      vertex -3.700074e-001 -3.688355e-001 0.000000e+000
    endloop 
  endfacet
  facet normal 0.000000E+000 0.000000E+000 -1.000000E+000
    outer loop 
      vertex -5.000000e-001 -5.000000e-001 0.000000e+000
      vertex -3.700074e-001 -3.688355e-001 0.000000e+000
      vertex -3.333333e-001 -5.000000e-001 0.000000e+000
    endloop 
  endfacet
  facet normal -7.796841E-001 -6.222041E-001 -7.038967E-002
    outer loop 
      vertex -5.999962e-001 -4.036680e-002 3.085778e+000
      vertex -5.962720e-001 -6.646186e-002 3.275191e+000
      vertex -7.031851e-001 7.599747e-002 3.200176e+000
    endloop 
  endfacet
  facet normal -7.848188E-001 -6.158261E-001 -6.941003E-002
    outer loop 
      vertex -5.124314e-001 -1.595681e-001 3.153272e+000
      vertex -5.962720e-001 -6.646186e-002 3.275191e+000
      vertex -5.999962e-001 -4.036680e-002 3.085778e+000
    endloop 
  endfacet
  facet normal -7.930353E-001 -6.000670E-001 -1.049503E-001
    outer loop 
      vertex -7.000700e-001 9.987155e-002 3.040134e+000
      vertex -5.999962e-001 -4.036680e-002 3.085778e+000
      vertex -7.031851e-001 7.599747e-002 3.200176e+000
    endloop 
  endfacet
  facet normal -8.006737E-001 -5.947679E-001 -7.192244E-002
    outer loop 
      vertex -5.999962e-001 -4.036680e-002 3.085778e+000
      vertex -7.000700e-001 9.987155e-002 3.040134e+000
      vertex -6.015334e-001 -1.787338e-002 2.916879e+000
    endloop 
  endfacet
  facet normal -7.783722E-001 -6.274837E-001 2.002192E-002
    outer loop 
      vertex -3.392152e-001 -3.812944e-001 3.122375e+000
      vertex -3.217994e-001 -3.975738e-001 3.289241e+000
      vertex -4.171123e-001 -2.818409e-001 3.210907e+000
    endloop 
  endfacet
  facet normal -7.697237E-001 -6.383436E-001 -6.545779E-003
    outer loop 
      vertex -3.217994e-001 -3.975738e-001 3.289241e+000
      vertex -3.919445e-001 -3.134925e-001 3.338067e+000
      vertex -4.171123e-001 -2.818409e-001 3.210907e+000
    endloop 
  endfacet
  facet normal -7.801479E-001 -6.252615E-001 2.042406E-002
    outer loop 
      vertex -2.512578e-001 -4.881283e-001 3.211518e+000
      vertex -3.217994e-001 -3.975738e-001 3.289241e+000
      vertex -3.392152e-001 -3.812944e-001 3.122375e+000
    endloop 
  endfacet
  facet normal -7.676916E-001 -6.390359E-001 4.777790E-002
    outer loop 
      vertex -2.512578e-001 -4.881283e-001 3.211518e+000
      vertex -2.290478e-001 -5.017112e-001 3.386714e+000
      vertex -3.217994e-001 -3.975738e-001 3.289241e+000
    endloop 
  endfacet
  facet normal 6.273692E-001 -7.785110E-001 1.812121E-002
    outer loop 
      vertex 2.749104e-001 -4.211266e-001 3.207446e+000
      vertex 3.715088e-001 -3.453501e-001 3.118600e+000
      vertex 3.890615e-001 -3.271980e-001 3.290755e+000
    endloop 
  endfacet
  facet normal 6.391053E-001 -7.690712E-001 -8.602859E-003
    outer loop 
      vertex 3.890615e-001 -3.271980e-001 3.290755e+000
      vertex 2.955102e-001 -4.055095e-001 3.341674e+000
      vertex 2.749104e-001 -4.211266e-001 3.207446e+000
    endloop 
  endfacet
  facet normal 6.222581E-001 -7.825798E-001 1.907133E-002
    outer loop 
      vertex 4.907737e-001 -2.486126e-001 3.196793e+000
      vertex 3.890615e-001 -3.271980e-001 3.290755e+000
      vertex 3.715088e-001 -3.453501e-001 3.118600e+000
    endloop 
  endfacet
  facet normal 6.381268E-001 -7.684283E-001 4.808442E-002
    outer loop 
      vertex 4.907737e-001 -2.486126e-001 3.196793e+000
      vertex 4.906006e-001 -2.354421e-001 3.409566e+000
      vertex 3.890615e-001 -3.271980e-001 3.290755e+000
    endloop 
  endfacet
  facet normal -9.302441E-001 -3.516479E-001 1.048320E-001
    outer loop 
      vertex -3.386207e-001 -5.231618e-001 1.706666e+000
      vertex -3.077225e-001 -6.368058e-001 1.599639e+000
      vertex -2.857948e-001 -6.470594e-001 1.759824e+000
    endloop 
  endfacet
  facet normal 3.546467E-001 -9.291670E-001 -1.042810E-001
    outer loop 
      vertex -2.635355e-001 -6.565087e-001 1.919719e+000
      vertex -2.857948e-001 -6.470594e-001 1.759824e+000
      vertex -1.861910e-001 -6.084829e-001 1.754838e+000
    endloop 
  endfacet
  facet normal 3.543441E-001 -9.288617E-001 -1.079643E-001
    outer loop 
      vertex -1.861910e-001 -6.084829e-001 1.754838e+000
      vertex -2.857948e-001 -6.470594e-001 1.759824e+000
      vertex -3.077225e-001 -6.368058e-001 1.599639e+000
    endloop 
  endfacet
  facet normal 9.302238E-001 3.511177E-001 1.067709E-001
    outer loop 
      vertex 2.846846e-001 6.454585e-001 1.760819e+000
      vertex 3.356999e-001 5.287129e-001 1.700276e+000
      vertex 3.068912e-001 6.353876e-001 1.600466e+000
    endloop 
  endfacet
  facet normal 9.347065E-001 3.510651E-001 5.547028E-002
    outer loop 
      vertex 3.786547e-001 4.260874e-001 1.625968e+000
      vertex 3.356999e-001 5.287129e-001 1.700276e+000
      vertex 3.748083e-001 4.086180e-001 1.801345e+000
    endloop 
  endfacet
  facet normal -3.518820E-001 9.301324E-001 1.050375E-001
    outer loop 
      vertex -5.290447e-001 3.352810e-001 1.704598e+000
      vertex -6.364464e-001 3.064540e-001 1.600065e+000
      vertex -6.466256e-001 2.845302e-001 1.760105e+000
    endloop 
  endfacet
  facet normal 3.205095E-001 -9.415472E-001 1.037424E-001
    outer loop 
      vertex 5.305474e-001 -3.495916e-001 1.547292e+000
      vertex 6.249687e-001 -3.292648e-001 1.440062e+000
      vertex 6.356507e-001 -3.079767e-001 1.600267e+000
    endloop 
  endfacet
  facet normal 9.290698E-001 3.552434E-001 -1.031084E-001
    outer loop 
      vertex 6.458092e-001 -2.860041e-001 1.760293e+000
      vertex 6.004078e-001 -1.693447e-001 1.753129e+000
      vertex 6.551468e-001 -2.639166e-001 1.920528e+000
    endloop 
  endfacet
  facet normal 9.323742E-001 3.581038E-001 -4.939511E-002
    outer loop 
      vertex 5.577218e-001 -5.256404e-002 1.794029e+000
      vertex 6.004078e-001 -1.693447e-001 1.753129e+000
      vertex 5.437248e-001 -4.176362e-002 1.608125e+000
    endloop 
  endfacet
  facet normal -3.542189E-001 9.339768E-001 -4.707830E-002
    outer loop 
      vertex 4.832350e-002 5.459709e-001 1.604623e+000
      vertex -1.217579e-001 4.877192e-001 1.728679e+000
      vertex 1.361279e-002 5.419303e-001 1.785627e+000
    endloop 
  endfacet
  facet normal 9.978530E-001 6.541434E-002 -3.218054E-003
    outer loop 
      vertex 4.904359e-001 1.497504e-001 3.559236e-001
      vertex 4.976648e-001 4.400253e-002 4.478840e-001
      vertex 5.012571e-001 -2.187861e-002 2.225921e-001
    endloop 
  endfacet
  facet normal 9.967354E-001 8.037759E-002 -7.611513E-003
    outer loop 
      vertex 5.091790e-001 -1.051866e-001 3.802445e-001
      vertex 5.012571e-001 -2.187861e-002 2.225921e-001
      vertex 4.976648e-001 4.400253e-002 4.478840e-001
    endloop 
  endfacet
  facet normal 9.952668E-001 9.288461E-002 2.857407E-002
    outer loop 
      vertex 4.976648e-001 4.400253e-002 4.478840e-001
      vertex 4.904359e-001 1.497504e-001 3.559236e-001
      vertex 4.797218e-001 2.100260e-001 5.331727e-001
    endloop 
  endfacet
  facet normal 9.943587E-001 1.060329E-001 2.788430E-003
    outer loop 
      vertex 4.929417e-001 8.338262e-002 6.346708e-001
      vertex 4.976648e-001 4.400253e-002 4.478840e-001
      vertex 4.797218e-001 2.100260e-001 5.331727e-001
    endloop 
  endfacet
  facet normal 9.956684E-001 8.901593E-002 -2.684632E-002
    outer loop 
      vertex 5.109109e-001 -6.616615e-002 5.738604e-001
      vertex 5.091790e-001 -1.051866e-001 3.802445e-001
      vertex 4.976648e-001 4.400253e-002 4.478840e-001
    endloop 
  endfacet
  facet normal 9.928560E-001 1.193184E-001 -5.053484E-005
    outer loop 
      vertex 4.929417e-001 8.338262e-002 6.346708e-001
      vertex 5.109109e-001 -6.616615e-002 5.738604e-001
      vertex 4.976648e-001 4.400253e-002 4.478840e-001
    endloop 
  endfacet
  facet normal -8.564966E-001 -5.130630E-001 5.639067E-002
    outer loop 
      vertex -3.057905e-001 -4.855600e-001 2.375493e+000
      vertex -2.407891e-001 -5.746579e-001 2.552129e+000
      vertex -3.202581e-001 -4.411323e-001 2.559968e+000
    endloop 
  endfacet
  facet normal -8.554963E-001 -5.132028E-001 6.891256E-002
    outer loop 
      vertex -2.462128e-001 -5.430937e-001 2.719861e+000
      vertex -3.202581e-001 -4.411323e-001 2.559968e+000
      vertex -2.407891e-001 -5.746579e-001 2.552129e+000
    endloop 
  endfacet
  facet normal -8.534294E-001 -5.098905E-001 1.080273E-001
    outer loop 
      vertex -1.493279e-001 -6.922001e-001 2.719883e+000
      vertex -2.407891e-001 -5.746579e-001 2.552129e+000
      vertex -1.730374e-001 -6.864722e-001 2.559611e+000
    endloop 
  endfacet
  facet normal -8.361621E-001 -5.433024E-001 7.520193E-002
    outer loop 
      vertex -2.462128e-001 -5.430937e-001 2.719861e+000
      vertex -2.407891e-001 -5.746579e-001 2.552129e+000
      vertex -1.493279e-001 -6.922001e-001 2.719883e+000
    endloop 
  endfacet
  facet normal -8.538359E-001 -5.105852E-001 1.013259E-001
    outer loop 
      vertex -1.730374e-001 -6.864722e-001 2.559611e+000
      vertex -2.407891e-001 -5.746579e-001 2.552129e+000
      vertex -1.957128e-001 -6.802467e-001 2.399904e+000
    endloop 
  endfacet
  facet normal -8.720115E-001 -4.833795E-001 7.707292E-002
    outer loop 
      vertex -3.057905e-001 -4.855600e-001 2.375493e+000
      vertex -1.957128e-001 -6.802467e-001 2.399904e+000
      vertex -2.407891e-001 -5.746579e-001 2.552129e+000
    endloop 
  endfacet
  facet normal -6.601886E-001 7.498763E-001 4.285324E-002
    outer loop 
      vertex -5.013774e-001 2.213056e-001 3.459167e+000
      vertex -3.997357e-001 3.133029e-001 3.415204e+000
      vertex -4.776477e-001 2.510857e-001 3.303629e+000
    endloop 
  endfacet
  facet normal -6.355566E-001 7.704063E-001 5.041897E-002
    outer loop 
      vertex -4.776477e-001 2.510857e-001 3.303629e+000
      vertex -5.063159e-001 2.363764e-001 3.167011e+000
      vertex -5.977759e-001 1.547391e-001 3.261536e+000
    endloop 
  endfacet
  facet normal -6.151315E-001 7.871774E-001 4.432724E-002
    outer loop 
      vertex -4.776477e-001 2.510857e-001 3.303629e+000
      vertex -3.937581e-001 3.258248e-001 3.140529e+000
      vertex -5.063159e-001 2.363764e-001 3.167011e+000
    endloop 
  endfacet
  facet normal -5.887098E-001 8.077167E-001 3.185140E-002
    outer loop 
      vertex -4.046704e-001 3.278681e-001 2.846745e+000
      vertex -4.731534e-001 2.716787e-001 3.005872e+000
      vertex -3.148677e-001 3.880980e-001 2.979205e+000
    endloop 
  endfacet
  facet normal -5.651068E-001 8.236417E-001 4.763261E-002
    outer loop 
      vertex -5.131578e-001 2.525467e-001 2.862088e+000
      vertex -4.731534e-001 2.716787e-001 3.005872e+000
      vertex -4.046704e-001 3.278681e-001 2.846745e+000
    endloop 
  endfacet
  facet normal -5.422568E-001 8.396163E-001 3.165532E-002
    outer loop 
      vertex -4.894764e-001 2.773796e-001 2.733156e+000
      vertex -4.046704e-001 3.278681e-001 2.846745e+000
      vertex -3.765097e-001 3.518611e-001 2.692754e+000
    endloop 
  endfacet
  facet normal -5.550303E-001 8.313577E-001 2.803262E-002
    outer loop 
      vertex -2.849633e-001 4.096383e-001 2.791837e+000
      vertex -3.765097e-001 3.518611e-001 2.692754e+000
      vertex -4.046704e-001 3.278681e-001 2.846745e+000
    endloop 
  endfacet
  facet normal -5.623844E-001 8.268589E-001 5.299808E-003
    outer loop 
      vertex -2.849633e-001 4.096383e-001 2.791837e+000
      vertex -4.046704e-001 3.278681e-001 2.846745e+000
      vertex -3.148677e-001 3.880980e-001 2.979205e+000
    endloop 
  endfacet
  facet normal -5.641790E-001 8.238155E-001 5.504591E-002
    outer loop 
      vertex -4.894764e-001 2.773796e-001 2.733156e+000
      vertex -5.131578e-001 2.525467e-001 2.862088e+000
      vertex -4.046704e-001 3.278681e-001 2.846745e+000
    endloop 
  endfacet
  facet normal 5.843384E-001 -8.108214E-001 3.342505E-002
    outer loop 
      vertex 3.326829e-001 -3.772866e-001 2.952175e+000
      vertex 4.066584e-001 -3.293210e-001 2.822477e+000
      vertex 4.624476e-001 -2.820002e-001 2.995067e+000
    endloop 
  endfacet
  facet normal 5.627044E-001 -8.254632E-001 4.443261E-002
    outer loop 
      vertex 4.066584e-001 -3.293210e-001 2.822477e+000
      vertex 5.592780e-001 -2.241930e-001 2.842721e+000
      vertex 4.624476e-001 -2.820002e-001 2.995067e+000
    endloop 
  endfacet
  facet normal 5.335425E-001 -8.451423E-001 3.266306E-002
    outer loop 
      vertex 4.783187e-001 -2.895193e-001 2.681775e+000
      vertex 4.066584e-001 -3.293210e-001 2.822477e+000
      vertex 3.473333e-001 -3.731157e-001 2.658367e+000
    endloop 
  endfacet
  facet normal 5.558634E-001 -8.310128E-001 2.082350E-002
    outer loop 
      vertex 3.473333e-001 -3.731157e-001 2.658367e+000
      vertex 4.066584e-001 -3.293210e-001 2.822477e+000
      vertex 2.565196e-001 -4.306138e-001 2.787950e+000
    endloop 
  endfacet
  facet normal 5.575078E-001 -8.300990E-001 1.099239E-002
    outer loop 
      vertex 3.326829e-001 -3.772866e-001 2.952175e+000
      vertex 2.565196e-001 -4.306138e-001 2.787950e+000
      vertex 4.066584e-001 -3.293210e-001 2.822477e+000
    endloop 
  endfacet
  facet normal 5.617485E-001 -8.256377E-001 5.254596E-002
    outer loop 
      vertex 4.783187e-001 -2.895193e-001 2.681775e+000
      vertex 5.592780e-001 -2.241930e-001 2.842721e+000
      vertex 4.066584e-001 -3.293210e-001 2.822477e+000
    endloop 
  endfacet
  facet normal 8.113336E-001 5.839802E-001 2.655106E-002
    outer loop 
      vertex 3.830557e-001 3.203556e-001 2.957457e+000
      vertex 3.433004e-001 3.820309e-001 2.815757e+000
      vertex 2.813644e-001 4.613593e-001 2.963569e+000
    endloop 
  endfacet
  facet normal 8.270535E-001 5.602482E-001 4.587444E-002
    outer loop 
      vertex 3.433004e-001 3.820309e-001 2.815757e+000
      vertex 2.624256e-001 4.992668e-001 2.842058e+000
      vertex 2.813644e-001 4.613593e-001 2.963569e+000
    endloop 
  endfacet
  facet normal 8.446980E-001 5.346201E-001 2.582003E-002
    outer loop 
      vertex 3.433004e-001 3.820309e-001 2.815757e+000
      vertex 3.986921e-001 3.022927e-001 2.654656e+000
      vertex 2.970029e-001 4.609613e-001 2.696068e+000
    endloop 
  endfacet
  facet normal 8.294288E-001 5.585443E-001 8.728510E-003
    outer loop 
      vertex 4.187066e-001 2.700738e-001 2.814492e+000
      vertex 3.986921e-001 3.022927e-001 2.654656e+000
      vertex 3.433004e-001 3.820309e-001 2.815757e+000
    endloop 
  endfacet
  facet normal 8.294243E-001 5.585224E-001 1.039505E-002
    outer loop 
      vertex 3.433004e-001 3.820309e-001 2.815757e+000
      vertex 3.830557e-001 3.203556e-001 2.957457e+000
      vertex 4.187066e-001 2.700738e-001 2.814492e+000
    endloop 
  endfacet
  facet normal 8.272603E-001 5.596705E-001 4.908501E-002
    outer loop 
      vertex 2.624256e-001 4.992668e-001 2.842058e+000
      vertex 3.433004e-001 3.820309e-001 2.815757e+000
      vertex 2.970029e-001 4.609613e-001 2.696068e+000
    endloop 
  endfacet
  facet normal -8.092933E-001 -5.855355E-001 4.682628E-002
    outer loop 
      vertex -3.710862e-001 -3.428617e-001 2.962398e+000
      vertex -2.893198e-001 -4.645553e-001 2.853848e+000
      vertex -2.421009e-001 -5.162834e-001 3.023099e+000
    endloop 
  endfacet
  facet normal -8.201994E-001 -5.694483E-001 5.478569E-002
    outer loop 
      vertex -2.421009e-001 -5.162834e-001 3.023099e+000
      vertex -2.893198e-001 -4.645553e-001 2.853848e+000
      vertex -1.262848e-001 -6.968476e-001 2.880184e+000
    endloop 
  endfacet
  facet normal -8.407927E-001 -5.394260E-001 4.568765E-002
    outer loop 
      vertex -2.462128e-001 -5.430937e-001 2.719861e+000
      vertex -2.893198e-001 -4.645553e-001 2.853848e+000
      vertex -3.537924e-001 -3.776333e-001 2.693628e+000
    endloop 
  endfacet
  facet normal -8.273820E-001 -5.609090E-001 2.863632E-002
    outer loop 
      vertex -2.893198e-001 -4.645553e-001 2.853848e+000
      vertex -4.142320e-001 -2.824059e-001 2.812613e+000
      vertex -3.537924e-001 -3.776333e-001 2.693628e+000
    endloop 
  endfacet
  facet normal -8.257445E-001 -5.639514E-001 1.023648E-002
    outer loop 
      vertex -4.142320e-001 -2.824059e-001 2.812613e+000
      vertex -2.893198e-001 -4.645553e-001 2.853848e+000
      vertex -3.710862e-001 -3.428617e-001 2.962398e+000
    endloop 
  endfacet
  facet normal -8.202296E-001 -5.678613E-001 6.897106E-002
    outer loop 
      vertex -2.893198e-001 -4.645553e-001 2.853848e+000
      vertex -2.462128e-001 -5.430937e-001 2.719861e+000
      vertex -1.262848e-001 -6.968476e-001 2.880184e+000
    endloop 
  endfacet
  facet normal -2.064575E-001 9.784089E-001 9.562296E-003
    outer loop 
      vertex -1.418064e-001 4.816167e-001 9.051207e-001
      vertex -2.893792e-001 4.495343e-001 1.001562e+000
      vertex -1.409457e-001 4.801551e-001 1.073255e+000
    endloop 
  endfacet
  facet normal -1.850868E-001 9.817643E-001 4.337938E-002
    outer loop 
      vertex -2.975533e-001 4.549673e-001 8.437251e-001
      vertex -2.893792e-001 4.495343e-001 1.001562e+000
      vertex -1.418064e-001 4.816167e-001 9.051207e-001
    endloop 
  endfacet
  facet normal -9.742069E-001 -2.156491E-001 6.645607E-002
    outer loop 
      vertex -4.446391e-001 -3.063909e-001 1.043215e+000
      vertex -4.287074e-001 -4.026458e-001 9.644185e-001
      vertex -4.108077e-001 -4.421320e-001 1.098685e+000
    endloop 
  endfacet
  facet normal 2.012129E-001 -9.778761E-001 5.719942E-002
    outer loop 
      vertex 3.709757e-001 -4.255852e-001 1.126492e+000
      vertex 2.496589e-001 -4.589730e-001 9.824581e-001
      vertex 3.884970e-001 -4.304197e-001 9.822047e-001
    endloop 
  endfacet
  facet normal 2.012800E-001 -9.782687E-001 4.976659E-002
    outer loop 
      vertex 3.884970e-001 -4.304197e-001 9.822047e-001
      vertex 2.496589e-001 -4.589730e-001 9.824581e-001
      vertex 3.243142e-001 -4.510349e-001 8.365563e-001
    endloop 
  endfacet
  facet normal 2.000259E-001 -9.797891E-001 -1.705266E-003
    outer loop 
      vertex 1.170825e-001 -4.861848e-001 1.066408e+000
      vertex 6.442679e-002 -4.966562e-001 9.064701e-001
      vertex 2.496589e-001 -4.589730e-001 9.824581e-001
    endloop 
  endfacet
  facet normal 1.960493E-001 -9.774014E-001 -7.906425E-002
    outer loop 
      vertex -2.824753e-001 -5.537099e-001 7.947347e-001
      vertex -2.268770e-001 -5.572420e-001 9.762625e-001
      vertex -3.909225e-001 -5.888171e-001 9.598268e-001
    endloop 
  endfacet
  facet normal 1.739363E-001 -9.820931E-001 -7.238279E-002
    outer loop 
      vertex -1.099263e-001 -5.275657e-001 8.546460e-001
      vertex -2.268770e-001 -5.572420e-001 9.762625e-001
      vertex -2.824753e-001 -5.537099e-001 7.947347e-001
    endloop 
  endfacet
  facet normal 2.070657E-001 -9.762609E-001 -6.354924E-002
    outer loop 
      vertex -5.142980e-002 -5.223418e-001 1.011784e+000
      vertex -1.675729e-001 -5.547750e-001 1.131597e+000
      vertex -2.268770e-001 -5.572420e-001 9.762625e-001
    endloop 
  endfacet
  facet normal 2.033175E-001 -9.781607E-001 -4.316932E-002
    outer loop 
      vertex -1.099263e-001 -5.275657e-001 8.546460e-001
      vertex -5.142980e-002 -5.223418e-001 1.011784e+000
      vertex -2.268770e-001 -5.572420e-001 9.762625e-001
    endloop 
  endfacet
  facet normal 1.979607E-001 -9.747605E-001 -1.032162E-001
    outer loop 
      vertex -3.709858e-001 -6.016960e-001 1.119690e+000
      vertex -3.909225e-001 -5.888171e-001 9.598268e-001
      vertex -2.268770e-001 -5.572420e-001 9.762625e-001
    endloop 
  endfacet
  facet normal 2.281705E-001 -9.709783E-001 -7.169063E-002
    outer loop 
      vertex -2.268770e-001 -5.572420e-001 9.762625e-001
      vertex -1.675729e-001 -5.547750e-001 1.131597e+000
      vertex -3.709858e-001 -6.016960e-001 1.119690e+000
    endloop 
  endfacet
  facet normal -9.964036E-001 -8.103022E-002 2.477918E-002
    outer loop 
      vertex -4.948034e-001 -8.284594e-002 4.088923e-001
      vertex -4.803030e-001 -2.595960e-001 4.139814e-001
      vertex -4.851387e-001 -1.657536e-001 5.264063e-001
    endloop 
  endfacet
  facet normal -9.932777E-001 -1.062412E-001 4.595757E-002
    outer loop 
      vertex -4.693722e-001 -3.011344e-001 5.542035e-001
      vertex -4.851387e-001 -1.657536e-001 5.264063e-001
      vertex -4.803030e-001 -2.595960e-001 4.139814e-001
    endloop 
  endfacet
  facet normal -9.935293E-001 -1.095608E-001 2.993286E-002
    outer loop 
      vertex -4.693722e-001 -3.011344e-001 5.542035e-001
      vertex -4.771532e-001 -2.052403e-001 6.469303e-001
      vertex -4.851387e-001 -1.657536e-001 5.264063e-001
    endloop 
  endfacet
  facet normal -9.912907E-001 -1.296306E-001 2.320915E-002
    outer loop 
      vertex -4.771532e-001 -2.052403e-001 6.469303e-001
      vertex -4.922077e-001 -9.129903e-002 6.403340e-001
      vertex -4.851387e-001 -1.657536e-001 5.264063e-001
    endloop 
  endfacet
  facet normal -9.945137E-001 -1.042831E-001 8.218572E-003
    outer loop 
      vertex -5.026280e-001 1.858212e-004 5.156147e-001
      vertex -4.948034e-001 -8.284594e-002 4.088923e-001
      vertex -4.851387e-001 -1.657536e-001 5.264063e-001
    endloop 
  endfacet
  facet normal -9.945147E-001 -1.043939E-001 6.516267E-003
    outer loop 
      vertex -5.026280e-001 1.858212e-004 5.156147e-001
      vertex -4.851387e-001 -1.657536e-001 5.264063e-001
      vertex -4.922077e-001 -9.129903e-002 6.403340e-001
    endloop 
  endfacet
  facet normal 6.103741E-001 -7.920241E-001 -1.188199E-002
    outer loop 
      vertex 3.715088e-001 -3.453501e-001 3.118600e+000
      vertex 2.749104e-001 -4.211266e-001 3.207446e+000
      vertex 2.442481e-001 -4.425858e-001 3.062743e+000
    endloop 
  endfacet
  facet normal 6.202010E-001 -7.842974E-001 -1.511016E-002
    outer loop 
      vertex 2.749104e-001 -4.211266e-001 3.207446e+000
      vertex 1.467371e-001 -5.216501e-001 3.164233e+000
      vertex 2.442481e-001 -4.425858e-001 3.062743e+000
    endloop 
  endfacet
  facet normal -7.913682E-001 -6.112640E-001 -9.633839E-003
    outer loop 
      vertex -3.392152e-001 -3.812944e-001 3.122375e+000
      vertex -4.171123e-001 -2.818409e-001 3.210907e+000
      vertex -4.332432e-001 -2.588467e-001 3.077003e+000
    endloop 
  endfacet
  facet normal -7.859917E-001 -6.181308E-001 -1.146071E-002
    outer loop 
      vertex -5.124314e-001 -1.595681e-001 3.153272e+000
      vertex -4.332432e-001 -2.588467e-001 3.077003e+000
      vertex -4.171123e-001 -2.818409e-001 3.210907e+000
    endloop 
  endfacet
  facet normal -4.660372E-001 8.846219E-001 -1.592291E-002
    outer loop 
      vertex -1.535807e-001 4.843990e-001 2.362784e+000
      vertex -1.651096e-001 4.752551e-001 2.192215e+000
      vertex -3.305949e-001 3.900180e-001 2.300214e+000
    endloop 
  endfacet
  facet normal -4.646308E-001 8.853589E-001 -1.605748E-002
    outer loop 
      vertex -1.651096e-001 4.752551e-001 2.192215e+000
      vertex -1.535807e-001 4.843990e-001 2.362784e+000
      vertex -2.756433e-002 5.493495e-001 2.297612e+000
    endloop 
  endfacet
  facet normal -4.440969E-001 8.955911E-001 2.635331E-002
    outer loop 
      vertex -1.651096e-001 4.752551e-001 2.192215e+000
      vertex -3.388743e-001 3.911240e-001 2.123104e+000
      vertex -3.305949e-001 3.900180e-001 2.300214e+000
    endloop 
  endfacet
  facet normal -4.454249E-001 8.940718E-001 -4.724676E-002
    outer loop 
      vertex -1.513338e-002 5.449052e-001 2.096315e+000
      vertex -1.651096e-001 4.752551e-001 2.192215e+000
      vertex -2.756433e-002 5.493495e-001 2.297612e+000
    endloop 
  endfacet
  facet normal 8.393665E-002 -9.904816E-001 1.090905E-001
    outer loop 
      vertex 4.012232e-001 -4.681691e-001 4.169063e-001
      vertex 5.292874e-001 -4.679857e-001 3.200353e-001
      vertex 5.453225e-001 -4.489837e-001 4.802254e-001
    endloop 
  endfacet
  facet normal -8.370194E-002 9.907215E-001 1.070741E-001
    outer loop 
      vertex -3.924289e-001 4.685215e-001 4.207083e-001
      vertex -5.293521e-001 4.677822e-001 3.205138e-001
      vertex -5.450838e-001 4.491813e-001 4.803239e-001
    endloop 
  endfacet
  facet normal 9.959881E-001 7.295489E-002 -5.181992E-002
    outer loop 
      vertex 5.199625e-001 -2.750607e-001 3.483473e-001
      vertex 5.091790e-001 -1.051866e-001 3.802445e-001
      vertex 5.212376e-001 -1.902124e-001 4.923083e-001
    endloop 
  endfacet
  facet normal -9.966566E-001 -8.109324E-002 -9.980598E-003
    outer loop 
      vertex -5.115278e-001 1.229953e-001 4.065001e-001
      vertex -4.948034e-001 -8.284594e-002 4.088923e-001
      vertex -5.026280e-001 1.858212e-004 5.156147e-001
    endloop 
  endfacet
  facet normal -9.935557E-001 -1.064909E-001 -3.881883E-002
    outer loop 
      vertex -5.026280e-001 1.858212e-004 5.156147e-001
      vertex -5.201977e-001 1.433028e-001 5.726964e-001
      vertex -5.115278e-001 1.229953e-001 4.065001e-001
    endloop 
  endfacet
  facet normal -6.792454E-001 7.257929E-001 -1.088593E-001
    outer loop 
      vertex 3.605038e-003 7.047399e-001 3.679912e+000
      vertex 2.845833e-002 7.040379e-001 3.520155e+000
      vertex -9.499532e-002 5.960335e-001 3.570371e+000
    endloop 
  endfacet
  facet normal 7.363104E-001 6.721015E-001 -7.827273E-002
    outer loop 
      vertex 7.046834e-001 -3.160107e-002 3.520375e+000
      vertex 6.150272e-001 6.006369e-002 3.464075e+000
      vertex 6.150287e-001 7.759961e-002 3.614663e+000
    endloop 
  endfacet
  facet normal 7.204558E-001 6.849954E-001 -1.082813E-001
    outer loop 
      vertex 7.046834e-001 -3.160107e-002 3.520375e+000
      vertex 6.150287e-001 7.759961e-002 3.614663e+000
      vertex 7.053013e-001 -7.041395e-003 3.679852e+000
    endloop 
  endfacet
  facet normal -1.069421E-001 9.913774E-001 7.572563E-002
    outer loop 
      vertex -3.924289e-001 4.685215e-001 4.207083e-001
      vertex -4.216103e-001 4.526262e-001 5.875940e-001
      vertex -2.680652e-001 4.739222e-001 5.256351e-001
    endloop 
  endfacet
  facet normal -1.179397E-001 9.918295E-001 4.862690E-002
    outer loop 
      vertex -2.985700e-001 4.625103e-001 6.844137e-001
      vertex -2.680652e-001 4.739222e-001 5.256351e-001
      vertex -4.216103e-001 4.526262e-001 5.875940e-001
    endloop 
  endfacet
  facet normal -8.082712E-002 9.957321E-001 4.454897E-002
    outer loop 
      vertex -3.924289e-001 4.685215e-001 4.207083e-001
      vertex -2.680652e-001 4.739222e-001 5.256351e-001
      vertex -2.225574e-001 4.852536e-001 3.549283e-001
    endloop 
  endfacet
  facet normal -1.269931E-001 9.907983E-001 4.681344E-002
    outer loop 
      vertex -2.680652e-001 4.739222e-001 5.256351e-001
      vertex -2.985700e-001 4.625103e-001 6.844137e-001
      vertex -1.384406e-001 4.861244e-001 6.190152e-001
    endloop 
  endfacet
  facet normal -9.506978E-002 9.946390E-001 4.067954E-002
    outer loop 
      vertex -2.225574e-001 4.852536e-001 3.549283e-001
      vertex -2.680652e-001 4.739222e-001 5.256351e-001
      vertex -1.033495e-001 4.921094e-001 4.658949e-001
    endloop 
  endfacet
  facet normal -1.043788E-001 9.944253E-001 1.494767E-002
    outer loop 
      vertex -2.680652e-001 4.739222e-001 5.256351e-001
      vertex -1.384406e-001 4.861244e-001 6.190152e-001
      vertex -1.033495e-001 4.921094e-001 4.658949e-001
    endloop 
  endfacet
  facet normal -1.538939E-001 9.869348E-001 4.771059E-002
    outer loop 
      vertex -4.311154e-001 4.387080e-001 7.492502e-001
      vertex -2.975533e-001 4.549673e-001 8.437251e-001
      vertex -2.985700e-001 4.625103e-001 6.844137e-001
    endloop 
  endfacet
  facet normal -6.778200E-001 7.349274E-001 2.102281E-002
    outer loop 
      vertex -3.412608e-001 3.642261e-001 3.520358e+000
      vertex -3.997357e-001 3.133029e-001 3.415204e+000
      vertex -4.452752e-001 2.668920e-001 3.569378e+000
    endloop 
  endfacet
  facet normal -6.594027E-001 7.517854E-001 2.617360E-003
    outer loop 
      vertex -3.412608e-001 3.642261e-001 3.520358e+000
      vertex -2.847374e-001 4.141978e-001 3.407150e+000
      vertex -3.997357e-001 3.133029e-001 3.415204e+000
    endloop 
  endfacet
  facet normal -6.638885E-001 7.472746E-001 2.885471E-002
    outer loop 
      vertex -3.997357e-001 3.133029e-001 3.415204e+000
      vertex -5.013774e-001 2.213056e-001 3.459167e+000
      vertex -4.452752e-001 2.668920e-001 3.569378e+000
    endloop 
  endfacet
  facet normal 6.946057E-001 -7.114089E-001 1.068661E-001
    outer loop 
      vertex 7.046834e-001 -3.160107e-002 3.520375e+000
      vertex 7.053013e-001 -7.041395e-003 3.679852e+000
      vertex 6.182779e-001 -9.769303e-002 3.642016e+000
    endloop 
  endfacet
  facet normal -6.339869E-001 7.660333E-001 1.060828E-001
    outer loop 
      vertex -7.031851e-001 7.599747e-002 3.200176e+000
      vertex -7.054263e-001 5.198628e-002 3.360168e+000
      vertex -5.977759e-001 1.547391e-001 3.261536e+000
    endloop 
  endfacet
  facet normal 6.368110E-001 -7.638348E-001 1.050145E-001
    outer loop 
      vertex 6.000108e-001 -1.526423e-001 3.281923e+000
      vertex 7.010885e-001 -7.958299e-002 3.200389e+000
      vertex 7.032825e-001 -5.575317e-002 3.360414e+000
    endloop 
  endfacet
  facet normal 6.378328E-001 -7.686715E-001 4.809923E-002
    outer loop 
      vertex 6.000108e-001 -1.526423e-001 3.281923e+000
      vertex 4.906006e-001 -2.354421e-001 3.409566e+000
      vertex 4.907737e-001 -2.486126e-001 3.196793e+000
    endloop 
  endfacet
  facet normal -7.919701E-001 -6.083063E-001 5.240913E-002
    outer loop 
      vertex -2.421009e-001 -5.162834e-001 3.023099e+000
      vertex -2.512578e-001 -4.881283e-001 3.211518e+000
      vertex -3.392152e-001 -3.812944e-001 3.122375e+000
    endloop 
  endfacet
  facet normal 9.821164E-001 1.556347E-001 1.059490E-001
    outer loop 
      vertex 4.104423e-001 5.744692e-001 8.004078e-001
      vertex 4.391128e-001 4.278528e-001 7.500146e-001
      vertex 4.299753e-001 5.601698e-001 6.403480e-001
    endloop 
  endfacet
  facet normal -1.566746E-001 9.818898E-001 1.065147E-001
    outer loop 
      vertex -5.751221e-001 4.102185e-001 8.000538e-001
      vertex -4.311154e-001 4.387080e-001 7.492502e-001
      vertex -5.605282e-001 4.299185e-001 6.399187e-001
    endloop 
  endfacet
  facet normal 1.485257E-001 -9.833546E-001 1.046608E-001
    outer loop 
      vertex 5.746923e-001 -4.107606e-001 7.998856e-001
      vertex 4.215165e-001 -4.436369e-001 7.083664e-001
      vertex 5.603973e-001 -4.299350e-001 6.400167e-001
    endloop 
  endfacet
  facet normal 5.146240E-001 -8.534522E-001 8.234946E-002
    outer loop 
      vertex 6.842579e-001 -1.732841e-001 2.560405e+000
      vertex 5.922894e-001 -2.182556e-001 2.669065e+000
      vertex 5.616813e-001 -2.499219e-001 2.532160e+000
    endloop 
  endfacet
  facet normal 5.346823E-001 -8.417052E-001 7.514787E-002
    outer loop 
      vertex 4.783187e-001 -2.895193e-001 2.681775e+000
      vertex 5.616813e-001 -2.499219e-001 2.532160e+000
      vertex 5.922894e-001 -2.182556e-001 2.669065e+000
    endloop 
  endfacet
  facet normal 5.053990E-001 -8.603520E-001 6.607796E-002
    outer loop 
      vertex 5.186177e-001 -2.882143e-001 2.362957e+000
      vertex 5.616813e-001 -2.499219e-001 2.532160e+000
      vertex 4.292276e-001 -3.285876e-001 2.520989e+000
    endloop 
  endfacet
  facet normal 5.064839E-001 -8.605282E-001 5.445451E-002
    outer loop 
      vertex 5.616813e-001 -2.499219e-001 2.532160e+000
      vertex 4.783187e-001 -2.895193e-001 2.681775e+000
      vertex 4.292276e-001 -3.285876e-001 2.520989e+000
    endloop 
  endfacet
  facet normal 5.097981E-001 -8.539171E-001 1.045544E-001
    outer loop 
      vertex 6.780510e-001 -1.965542e-001 2.400617e+000
      vertex 6.842579e-001 -1.732841e-001 2.560405e+000
      vertex 5.616813e-001 -2.499219e-001 2.532160e+000
    endloop 
  endfacet
  facet normal 4.838060E-001 -8.720229E-001 7.421477E-002
    outer loop 
      vertex 6.780510e-001 -1.965542e-001 2.400617e+000
      vertex 5.616813e-001 -2.499219e-001 2.532160e+000
      vertex 5.186177e-001 -2.882143e-001 2.362957e+000
    endloop 
  endfacet
  facet normal 8.858979E-001 4.637289E-001 1.184018E-002
    outer loop 
      vertex 4.289636e-001 2.584969e-001 2.133687e+000
      vertex 3.840894e-001 3.393162e-001 2.325883e+000
      vertex 4.740284e-001 1.688367e-001 2.273481e+000
    endloop 
  endfacet
  facet normal 8.988208E-001 4.375526E-001 2.586471E-002
    outer loop 
      vertex 3.517496e-001 4.145772e-001 2.176532e+000
      vertex 3.840894e-001 3.393162e-001 2.325883e+000
      vertex 4.289636e-001 2.584969e-001 2.133687e+000
    endloop 
  endfacet
  facet normal -2.065222E-001 9.771426E-001 -5.040780E-002
    outer loop 
      vertex 1.175444e-001 5.410945e-001 1.111478e+000
      vertex 1.408722e-001 5.379050e-001 9.540758e-001
      vertex -6.692410e-004 5.104799e-001 1.002346e+000
    endloop 
  endfacet
  facet normal -9.841474E-001 -1.617095E-001 -7.282887E-002
    outer loop 
      vertex -5.751221e-001 4.102185e-001 8.000538e-001
      vertex -5.423707e-001 2.574217e-001 6.967502e-001
      vertex -5.558942e-001 2.582842e-001 8.775796e-001
    endloop 
  endfacet
  facet normal -9.829246E-001 -1.690371E-001 -7.270248E-002
    outer loop 
      vertex -5.558942e-001 2.582842e-001 8.775796e-001
      vertex -5.423707e-001 2.574217e-001 6.967502e-001
      vertex -5.323042e-001 1.445494e-001 8.230867e-001
    endloop 
  endfacet
  facet normal -9.784817E-001 -1.775060E-001 -1.051918E-001
    outer loop 
      vertex -5.751221e-001 4.102185e-001 8.000538e-001
      vertex -5.558942e-001 2.582842e-001 8.775796e-001
      vertex -5.887366e-001 3.903580e-001 9.602077e-001
    endloop 
  endfacet
  facet normal -9.776835E-001 -1.963082E-001 -7.482091E-002
    outer loop 
      vertex -5.558942e-001 2.582842e-001 8.775796e-001
      vertex -5.645307e-001 2.327724e-001 1.057368e+000
      vertex -5.887366e-001 3.903580e-001 9.602077e-001
    endloop 
  endfacet
  facet normal 9.845536E-001 1.623168E-001 -6.563094E-002
    outer loop 
      vertex 5.366898e-001 -2.338383e-001 6.673562e-001
      vertex 5.471839e-001 -2.145816e-001 8.724074e-001
      vertex 5.746923e-001 -4.107606e-001 7.998856e-001
    endloop 
  endfacet
  facet normal 9.769382E-001 2.027429E-001 -6.698577E-002
    outer loop 
      vertex 5.471839e-001 -2.145816e-001 8.724074e-001
      vertex 5.200537e-001 -4.822937e-002 9.802237e-001
      vertex 5.584490e-001 -1.987619e-001 1.084581e+000
    endloop 
  endfacet
  facet normal 9.787521E-001 1.760822E-001 -1.050682E-001
    outer loop 
      vertex 5.883258e-001 -3.910667e-001 9.598917e-001
      vertex 5.746923e-001 -4.107606e-001 7.998856e-001
      vertex 5.471839e-001 -2.145816e-001 8.724074e-001
    endloop 
  endfacet
  facet normal 9.785173E-001 1.951443E-001 -6.650307E-002
    outer loop 
      vertex 5.883258e-001 -3.910667e-001 9.598917e-001
      vertex 5.471839e-001 -2.145816e-001 8.724074e-001
      vertex 5.584490e-001 -1.987619e-001 1.084581e+000
    endloop 
  endfacet
  facet normal 6.226819E-001 -7.790046E-001 -7.361401E-002
    outer loop 
      vertex 5.843198e-002 -6.013775e-001 3.276902e+000
      vertex -7.879910e-002 -7.037931e-001 3.199892e+000
      vertex 2.259541e-002 -6.135231e-001 3.102299e+000
    endloop 
  endfacet
  facet normal 6.162762E-001 -7.842379E-001 -7.193524E-002
    outer loop 
      vertex 1.467371e-001 -5.216501e-001 3.164233e+000
      vertex 5.843198e-002 -6.013775e-001 3.276902e+000
      vertex 2.259541e-002 -6.135231e-001 3.102299e+000
    endloop 
  endfacet
  facet normal 6.030120E-001 -7.907973E-001 -1.049578E-001
    outer loop 
      vertex -7.879910e-002 -7.037931e-001 3.199892e+000
      vertex -1.025014e-001 -7.006541e-001 3.040065e+000
      vertex 2.259541e-002 -6.135231e-001 3.102299e+000
    endloop 
  endfacet
  facet normal 7.899462E-001 6.041660E-001 -1.047302E-001
    outer loop 
      vertex 6.201177e-001 1.162061e-002 3.115786e+000
      vertex 7.010885e-001 -7.958299e-002 3.200389e+000
      vertex 6.980345e-001 -1.033399e-001 3.040305e+000
    endloop 
  endfacet
  facet normal 1.660838E-001 -9.849164E-001 -4.853501E-002
    outer loop 
      vertex -1.099263e-001 -5.275657e-001 8.546460e-001
      vertex -2.824753e-001 -5.537099e-001 7.947347e-001
      vertex -1.683234e-001 -5.302463e-001 7.092108e-001
    endloop 
  endfacet
  facet normal 1.601565E-001 -9.816458E-001 -1.035444E-001
    outer loop 
      vertex -3.909225e-001 -5.888171e-001 9.598268e-001
      vertex -4.106536e-001 -5.751526e-001 7.997627e-001
      vertex -2.824753e-001 -5.537099e-001 7.947347e-001
    endloop 
  endfacet
  facet normal 1.598336E-001 -9.810713E-001 -1.093267E-001
    outer loop 
      vertex -4.106536e-001 -5.751526e-001 7.997627e-001
      vertex -4.303504e-001 -5.605419e-001 6.398534e-001
      vertex -2.824753e-001 -5.537099e-001 7.947347e-001
    endloop 
  endfacet
  facet normal -5.095346E-002 9.977747E-001 -4.300301E-002
    outer loop 
      vertex 2.143597e-001 5.059223e-001 1.378770e-001
      vertex 1.186045e-001 5.070737e-001 2.780517e-001
      vertex 2.631227e-001 5.140792e-001 2.693585e-001
    endloop 
  endfacet
  facet normal 7.056562E-001 -7.068335E-001 -4.935176E-002
    outer loop 
      vertex 2.498550e-001 -4.575187e-001 3.710894e+000
      vertex 2.021361e-001 -5.149227e-001 3.850746e+000
      vertex 1.330851e-001 -5.734023e-001 3.700986e+000
    endloop 
  endfacet
  facet normal 7.460946E-001 -6.639683E-001 -4.988969E-002
    outer loop 
      vertex 2.594401e-001 -4.617455e-001 4.000000e+000
      vertex 1.511001e-001 -5.834861e-001 4.000000e+000
      vertex 2.021361e-001 -5.149227e-001 3.850746e+000
    endloop 
  endfacet
  facet normal 9.970393E-001 5.748047E-002 5.107428E-002
    outer loop 
      vertex 4.919570e-001 2.752682e-001 1.535308e-001
      vertex 4.771731e-001 3.881729e-001 3.150651e-001
      vertex 4.866134e-001 2.477919e-001 2.887681e-001
    endloop 
  endfacet
  facet normal 9.986306E-001 0.000000E+000 5.231527E-002
    outer loop 
      vertex 5.000000e-001 3.333333e-001 0.000000e+000
      vertex 4.919570e-001 2.752682e-001 1.535308e-001
      vertex 5.000000e-001 1.666667e-001 0.000000e+000
    endloop 
  endfacet
  facet normal -3.416019E-001 9.389733E-001 4.046363E-002
    outer loop 
      vertex -2.884136e-001 4.258187e-001 1.683529e+000
      vertex -3.503162e-001 4.102478e-001 1.522265e+000
      vertex -4.242727e-001 3.778571e-001 1.649549e+000
    endloop 
  endfacet
  facet normal -3.439845E-001 9.375331E-001 5.202231E-002
    outer loop 
      vertex -4.023631e-001 3.779582e-001 1.792598e+000
      vertex -2.884136e-001 4.258187e-001 1.683529e+000
      vertex -4.242727e-001 3.778571e-001 1.649549e+000
    endloop 
  endfacet
  facet normal -3.384243E-001 9.375027E-001 8.097923E-002
    outer loop 
      vertex -4.242727e-001 3.778571e-001 1.649549e+000
      vertex -5.144674e-001 3.535717e-001 1.553765e+000
      vertex -5.290447e-001 3.352810e-001 1.704598e+000
    endloop 
  endfacet
  facet normal -3.159628E-001 9.470330E-001 5.741197E-002
    outer loop 
      vertex -3.503162e-001 4.102478e-001 1.522265e+000
      vertex -5.144674e-001 3.535717e-001 1.553765e+000
      vertex -4.242727e-001 3.778571e-001 1.649549e+000
    endloop 
  endfacet
  facet normal -3.518107E-001 9.345569E-001 5.322309E-002
    outer loop 
      vertex -4.023631e-001 3.779582e-001 1.792598e+000
      vertex -4.242727e-001 3.778571e-001 1.649549e+000
      vertex -5.290447e-001 3.352810e-001 1.704598e+000
    endloop 
  endfacet
  facet normal -9.771712E-001 -2.000860E-001 7.142820E-002
    outer loop 
      vertex -4.287074e-001 -4.026458e-001 9.644185e-001
      vertex -3.909225e-001 -5.888171e-001 9.598268e-001
      vertex -4.108077e-001 -4.421320e-001 1.098685e+000
    endloop 
  endfacet
  facet normal -9.768152E-001 -2.140442E-001 4.137392E-003
    outer loop 
      vertex -5.028050e-001 -4.145574e-002 1.027148e+000
      vertex -4.867259e-001 -1.172842e-001 9.004085e-001
      vertex -4.712244e-001 -1.852770e-001 1.042698e+000
    endloop 
  endfacet
  facet normal -9.767350E-001 -2.144498E-001 2.232808E-004
    outer loop 
      vertex -4.712244e-001 -1.852770e-001 1.042698e+000
      vertex -4.852495e-001 -1.212566e-001 1.178416e+000
      vertex -5.028050e-001 -4.145574e-002 1.027148e+000
    endloop 
  endfacet
  facet normal 2.115398E-001 -9.773530E-001 -5.655452E-003
    outer loop 
      vertex 1.170825e-001 -4.861848e-001 1.066408e+000
      vertex -5.142980e-002 -5.223418e-001 1.011784e+000
      vertex 6.442679e-002 -4.966562e-001 9.064701e-001
    endloop 
  endfacet
  facet normal -2.066673E-001 9.783645E-001 9.562984E-003
    outer loop 
      vertex -6.692410e-004 5.104799e-001 1.002346e+000
      vertex -1.418064e-001 4.816167e-001 9.051207e-001
      vertex -1.409457e-001 4.801551e-001 1.073255e+000
    endloop 
  endfacet
  facet normal -8.052801E-001 -5.926195E-001 1.805932E-002
    outer loop 
      vertex -3.392152e-001 -3.812944e-001 3.122375e+000
      vertex -3.710862e-001 -3.428617e-001 2.962398e+000
      vertex -2.421009e-001 -5.162834e-001 3.023099e+000
    endloop 
  endfacet
  facet normal -7.974887E-001 -5.942177E-001 1.044847E-001
    outer loop 
      vertex -1.025014e-001 -7.006541e-001 3.040065e+000
      vertex -2.421009e-001 -5.162834e-001 3.023099e+000
      vertex -1.262848e-001 -6.968476e-001 2.880184e+000
    endloop 
  endfacet
  facet normal 5.878928E-001 -8.087376E-001 1.804257E-002
    outer loop 
      vertex 3.326829e-001 -3.772866e-001 2.952175e+000
      vertex 4.624476e-001 -2.820002e-001 2.995067e+000
      vertex 3.715088e-001 -3.453501e-001 3.118600e+000
    endloop 
  endfacet
  facet normal 6.113825E-001 -7.900596E-001 4.491314E-002
    outer loop 
      vertex 4.624476e-001 -2.820002e-001 2.995067e+000
      vertex 4.907737e-001 -2.486126e-001 3.196793e+000
      vertex 3.715088e-001 -3.453501e-001 3.118600e+000
    endloop 
  endfacet
  facet normal -5.898030E-001 8.072146E-001 2.317111E-002
    outer loop 
      vertex -4.731534e-001 2.716787e-001 3.005872e+000
      vertex -3.937581e-001 3.258248e-001 3.140529e+000
      vertex -3.148677e-001 3.880980e-001 2.979205e+000
    endloop 
  endfacet
  facet normal -6.148510E-001 7.873037E-001 4.594598E-002
    outer loop 
      vertex -5.063159e-001 2.363764e-001 3.167011e+000
      vertex -3.937581e-001 3.258248e-001 3.140529e+000
      vertex -4.731534e-001 2.716787e-001 3.005872e+000
    endloop 
  endfacet
  facet normal -9.398789E-001 -3.409304E-001 1.984676E-002
    outer loop 
      vertex -3.909945e-001 -3.904322e-001 1.655754e+000
      vertex -4.430914e-001 -2.448887e-001 1.688781e+000
      vertex -4.378356e-001 -2.671339e-001 1.555544e+000
    endloop 
  endfacet
  facet normal -9.466522E-001 -3.181986E-001 5.098226E-002
    outer loop 
      vertex -3.909945e-001 -3.904322e-001 1.655754e+000
      vertex -4.378356e-001 -2.671339e-001 1.555544e+000
      vertex -3.960571e-001 -3.957149e-001 1.528780e+000
    endloop 
  endfacet
  facet normal -9.372501E-001 -3.396854E-001 7.858795E-002
    outer loop 
      vertex -3.909945e-001 -3.904322e-001 1.655754e+000
      vertex -3.528278e-001 -5.159861e-001 1.568245e+000
      vertex -3.386207e-001 -5.231618e-001 1.706666e+000
    endloop 
  endfacet
  facet normal -9.450492E-001 -3.229076E-001 5.111425E-002
    outer loop 
      vertex -3.528278e-001 -5.159861e-001 1.568245e+000
      vertex -3.909945e-001 -3.904322e-001 1.655754e+000
      vertex -3.960571e-001 -3.957149e-001 1.528780e+000
    endloop 
  endfacet
  facet normal -9.353026E-001 -3.505385E-001 4.829025E-002
    outer loop 
      vertex -3.386207e-001 -5.231618e-001 1.706666e+000
      vertex -3.814873e-001 -3.967735e-001 1.793862e+000
      vertex -3.909945e-001 -3.904322e-001 1.655754e+000
    endloop 
  endfacet
  facet normal -9.368408E-001 -3.463649E-001 4.858776E-002
    outer loop 
      vertex -3.909945e-001 -3.904322e-001 1.655754e+000
      vertex -3.814873e-001 -3.967735e-001 1.793862e+000
      vertex -4.430914e-001 -2.448887e-001 1.688781e+000
    endloop 
  endfacet
  facet normal 8.113174E-001 5.837433E-001 3.174555E-002
    outer loop 
      vertex 3.830557e-001 3.203556e-001 2.957457e+000
      vertex 2.813644e-001 4.613593e-001 2.963569e+000
      vertex 3.084435e-001 4.162961e-001 3.100141e+000
    endloop 
  endfacet
  facet normal 6.864258E-001 7.270819E-001 -1.309917E-002
    outer loop 
      vertex 4.279848e-001 2.808204e-001 3.857996e+000
      vertex 3.850773e-001 3.182803e-001 3.688795e+000
      vertex 2.949589e-001 4.063417e-001 3.854320e+000
    endloop 
  endfacet
  facet normal 6.863343E-001 7.272798E-001 -3.027748E-003
    outer loop 
      vertex 3.346120e-001 3.695275e-001 4.000000e+000
      vertex 4.279848e-001 2.808204e-001 3.857996e+000
      vertex 2.949589e-001 4.063417e-001 3.854320e+000
    endloop 
  endfacet
  facet normal 6.834165E-001 7.295558E-001 2.627365E-002
    outer loop 
      vertex 1.652932e-001 5.270228e-001 3.876093e+000
      vertex 2.087836e-001 4.818206e-001 4.000000e+000
      vertex 2.949589e-001 4.063417e-001 3.854320e+000
    endloop 
  endfacet
  facet normal 6.839603E-001 7.287197E-001 3.414594E-002
    outer loop 
      vertex 1.652932e-001 5.270228e-001 3.876093e+000
      vertex 2.949589e-001 4.063417e-001 3.854320e+000
      vertex 2.340065e-001 4.698535e-001 3.719801e+000
    endloop 
  endfacet
  facet normal 6.658208E-001 7.460759E-001 7.305775E-003
    outer loop 
      vertex 3.346120e-001 3.695275e-001 4.000000e+000
      vertex 2.949589e-001 4.063417e-001 3.854320e+000
      vertex 2.087836e-001 4.818206e-001 4.000000e+000
    endloop 
  endfacet
  facet normal 7.093887E-001 7.047269E-001 1.129594E-002
    outer loop 
      vertex 2.340065e-001 4.698535e-001 3.719801e+000
      vertex 2.949589e-001 4.063417e-001 3.854320e+000
      vertex 3.850773e-001 3.182803e-001 3.688795e+000
    endloop 
  endfacet
  facet normal -7.269006E-001 6.867015E-001 -7.511013E-003
    outer loop 
      vertex -4.111956e-001 2.921835e-001 3.851461e+000
      vertex -2.865595e-001 4.240170e-001 3.842437e+000
      vertex -3.377825e-001 3.680292e-001 3.680957e+000
    endloop 
  endfacet
  facet normal -7.267684E-001 6.868754E-001 -3.145562E-003
    outer loop 
      vertex -4.111956e-001 2.921835e-001 3.851461e+000
      vertex -3.726669e-001 3.336301e-001 4.000000e+000
      vertex -2.865595e-001 4.240170e-001 3.842437e+000
    endloop 
  endfacet
  facet normal -7.273466E-001 6.856694E-001 2.871306E-002
    outer loop 
      vertex -4.111956e-001 2.921835e-001 3.851461e+000
      vertex -5.304398e-001 1.646474e-001 3.876387e+000
      vertex -4.849366e-001 2.077400e-001 4.000000e+000
    endloop 
  endfacet
  facet normal -7.266142E-001 6.861659E-001 3.475773E-002
    outer loop 
      vertex -4.111956e-001 2.921835e-001 3.851461e+000
      vertex -4.781777e-001 2.277326e-001 3.723541e+000
      vertex -5.304398e-001 1.646474e-001 3.876387e+000
    endloop 
  endfacet
  facet normal -7.463036E-001 6.655591E-001 7.869438E-003
    outer loop 
      vertex -4.849366e-001 2.077400e-001 4.000000e+000
      vertex -3.726669e-001 3.336301e-001 4.000000e+000
      vertex -4.111956e-001 2.921835e-001 3.851461e+000
    endloop 
  endfacet
  facet normal -7.050024E-001 7.091053E-001 1.188349E-002
    outer loop 
      vertex -4.111956e-001 2.921835e-001 3.851461e+000
      vertex -3.377825e-001 3.680292e-001 3.680957e+000
      vertex -4.781777e-001 2.277326e-001 3.723541e+000
    endloop 
  endfacet
  facet normal 4.289868E-002 -9.987575E-001 2.535898E-002
    outer loop 
      vertex 1.464649e-001 -4.921245e-001 2.964713e-001
      vertex -2.077276e-002 -5.013391e-001 2.164634e-001
      vertex 1.510829e-001 -4.956345e-001 1.504188e-001
    endloop 
  endfacet
  facet normal 3.198042E-002 -9.994836E-001 -3.114266E-003
    outer loop 
      vertex 0.000000e+000 -5.000000e-001 0.000000e+000
      vertex 1.510829e-001 -4.956345e-001 1.504188e-001
      vertex -2.077276e-002 -5.013391e-001 2.164634e-001
    endloop 
  endfacet
  facet normal 8.222760E-002 -9.965677E-001 -9.562844E-003
    outer loop 
      vertex 6.696025e-002 -4.960192e-001 4.164501e-001
      vertex -1.024640e-001 -5.098783e-001 4.039138e-001
      vertex -2.077276e-002 -5.013391e-001 2.164634e-001
    endloop 
  endfacet
  facet normal 5.355081E-002 -9.985604E-001 3.070511E-003
    outer loop 
      vertex 6.696025e-002 -4.960192e-001 4.164501e-001
      vertex -2.077276e-002 -5.013391e-001 2.164634e-001
      vertex 1.464649e-001 -4.921245e-001 2.964713e-001
    endloop 
  endfacet
  facet normal 3.803321E-002 -9.988577E-001 -2.892716E-002
    outer loop 
      vertex -2.077276e-002 -5.013391e-001 2.164634e-001
      vertex -1.024640e-001 -5.098783e-001 4.039138e-001
      vertex -2.049502e-001 -5.075338e-001 1.882122e-001
    endloop 
  endfacet
  facet normal 3.852246E-002 -9.987407E-001 -3.214236E-002
    outer loop 
      vertex -2.049502e-001 -5.075338e-001 1.882122e-001
      vertex -1.666667e-001 -5.000000e-001 0.000000e+000
      vertex -2.077276e-002 -5.013391e-001 2.164634e-001
    endloop 
  endfacet
  facet normal 0.000000E+000 -9.999809E-001 -6.186320E-003
    outer loop 
      vertex -2.077276e-002 -5.013391e-001 2.164634e-001
      vertex -1.666667e-001 -5.000000e-001 0.000000e+000
      vertex 0.000000e+000 -5.000000e-001 0.000000e+000
    endloop 
  endfacet
  facet normal 7.275187E-001 -6.854328E-001 2.997578E-002
    outer loop 
      vertex 4.149072e-001 -2.898563e-001 3.855392e+000
      vertex 5.141664e-001 -1.841055e-001 3.864467e+000
      vertex 4.824580e-001 -2.118337e-001 4.000000e+000
    endloop 
  endfacet
  facet normal 7.471683E-001 -6.645665E-001 9.538587E-003
    outer loop 
      vertex 3.703203e-001 -3.379094e-001 4.000000e+000
      vertex 4.149072e-001 -2.898563e-001 3.855392e+000
      vertex 4.824580e-001 -2.118337e-001 4.000000e+000
    endloop 
  endfacet
  facet normal -3.156187E-002 9.994879E-001 5.271965E-003
    outer loop 
      vertex 4.533613e-002 5.013852e-001 1.469612e-001
      vertex -1.589762e-001 4.948282e-001 1.669006e-001
      vertex -5.049466e-002 4.975531e-001 2.997582e-001
    endloop 
  endfacet
  facet normal -3.203136E-002 9.994867E-001 4.609149E-004
    outer loop 
      vertex 4.533613e-002 5.013852e-001 1.469612e-001
      vertex 0.000000e+000 5.000000e-001 0.000000e+000
      vertex -1.589762e-001 4.948282e-001 1.669006e-001
    endloop 
  endfacet
  facet normal -2.859218E-002 9.990456E-001 -3.302188E-002
    outer loop 
      vertex 1.666667e-001 5.000000e-001 0.000000e+000
      vertex 4.533613e-002 5.013852e-001 1.469612e-001
      vertex 2.143597e-001 5.059223e-001 1.378770e-001
    endloop 
  endfacet
  facet normal -2.830233E-002 9.992199E-001 -2.754161E-002
    outer loop 
      vertex 2.143597e-001 5.059223e-001 1.378770e-001
      vertex 4.533613e-002 5.013852e-001 1.469612e-001
      vertex 1.186045e-001 5.070737e-001 2.780517e-001
    endloop 
  endfacet
  facet normal 0.000000E+000 9.999556E-001 -9.424874E-003
    outer loop 
      vertex 4.533613e-002 5.013852e-001 1.469612e-001
      vertex 1.666667e-001 5.000000e-001 0.000000e+000
      vertex 0.000000e+000 5.000000e-001 0.000000e+000
    endloop 
  endfacet
  facet normal -5.763103E-002 9.982762E-001 -1.110841E-002
    outer loop 
      vertex 4.533613e-002 5.013852e-001 1.469612e-001
      vertex -5.049466e-002 4.975531e-001 2.997582e-001
      vertex 1.186045e-001 5.070737e-001 2.780517e-001
    endloop 
  endfacet
  facet normal -9.993286E-001 -2.110445E-002 -2.994931E-002
    outer loop 
      vertex -5.000000e-001 1.666667e-001 0.000000e+000
      vertex -5.017086e-001 5.412431e-002 1.363158e-001
      vertex -5.042208e-001 2.178492e-001 1.047713e-001
    endloop 
  endfacet
  facet normal -9.999214E-001 0.000000E+000 -1.253290E-002
    outer loop 
      vertex -5.000000e-001 1.666667e-001 0.000000e+000
      vertex -5.000000e-001 0.000000e+000 0.000000e+000
      vertex -5.017086e-001 5.412431e-002 1.363158e-001
    endloop 
  endfacet
  facet normal 9.999840E-001 0.000000E+000 -5.647288E-003
    outer loop 
      vertex 5.012571e-001 -2.187861e-002 2.225921e-001
      vertex 5.000000e-001 -1.666667e-001 0.000000e+000
      vertex 5.000000e-001 0.000000e+000 0.000000e+000
    endloop 
  endfacet
  facet normal -6.665544E-001 -7.454338E-001 5.802195E-003
    outer loop 
      vertex -2.997663e-001 -4.078310e-001 3.856425e+000
      vertex -2.113005e-001 -4.858181e-001 4.000000e+000
      vertex -3.370266e-001 -3.733959e-001 4.000000e+000
    endloop 
  endfacet
  facet normal 7.463070E-001 -6.644783E-001 3.865835E-002
    outer loop 
      vertex 4.824580e-001 -2.118337e-001 4.000000e+000
      vertex 5.141664e-001 -1.841055e-001 3.864467e+000
      vertex 5.960678e-001 -8.423313e-002 4.000000e+000
    endloop 
  endfacet
  facet normal 5.022209E-001 -8.642036E-001 3.043576E-002
    outer loop 
      vertex 2.912495e-001 -4.096948e-001 2.494782e+000
      vertex 3.678248e-001 -3.702400e-001 2.351506e+000
      vertex 4.292276e-001 -3.285876e-001 2.520989e+000
    endloop 
  endfacet
  facet normal 4.729768E-001 -8.810161E-001 1.017613E-002
    outer loop 
      vertex 3.678248e-001 -3.702400e-001 2.351506e+000
      vertex 2.912495e-001 -4.096948e-001 2.494782e+000
      vertex 2.233138e-001 -4.481018e-001 2.327218e+000
    endloop 
  endfacet
  facet normal 5.037713E-001 -8.635963E-001 2.039398E-002
    outer loop 
      vertex 2.912495e-001 -4.096948e-001 2.494782e+000
      vertex 4.292276e-001 -3.285876e-001 2.520989e+000
      vertex 3.473333e-001 -3.731157e-001 2.658367e+000
    endloop 
  endfacet
  facet normal 4.986498E-001 -8.667965E-001 -3.491780E-003
    outer loop 
      vertex 2.912495e-001 -4.096948e-001 2.494782e+000
      vertex 1.492740e-001 -4.912449e-001 2.463639e+000
      vertex 2.233138e-001 -4.481018e-001 2.327218e+000
    endloop 
  endfacet
  facet normal 0.000000E+000 9.995202E-001 3.097247E-002
    outer loop 
      vertex -1.666667e-001 5.000000e-001 0.000000e+000
      vertex -1.589762e-001 4.948282e-001 1.669006e-001
      vertex 0.000000e+000 5.000000e-001 0.000000e+000
    endloop 
  endfacet
  facet normal -6.171664E-002 9.976448E-001 2.993190E-002
    outer loop 
      vertex -1.589762e-001 4.948282e-001 1.669006e-001
      vertex -2.225574e-001 4.852536e-001 3.549283e-001
      vertex -5.049466e-002 4.975531e-001 2.997582e-001
    endloop 
  endfacet
  facet normal 0.000000E+000 -9.995791E-001 2.901012E-002
    outer loop 
      vertex 1.666667e-001 -5.000000e-001 0.000000e+000
      vertex 1.510829e-001 -4.956345e-001 1.504188e-001
      vertex 0.000000e+000 -5.000000e-001 0.000000e+000
    endloop 
  endfacet
  facet normal -9.991896E-001 0.000000E+000 -4.025359E-002
    outer loop 
      vertex -5.042208e-001 2.178492e-001 1.047713e-001
      vertex -5.000000e-001 3.333333e-001 0.000000e+000
      vertex -5.000000e-001 1.666667e-001 0.000000e+000
    endloop 
  endfacet
  facet normal 9.972859E-001 8.978944E-003 -7.307753E-002
    outer loop 
      vertex 5.057821e-001 -3.280293e-001 1.000383e-001
      vertex 5.116529e-001 -4.869465e-001 1.606303e-001
      vertex 5.000000e-001 -5.000000e-001 0.000000e+000
    endloop 
  endfacet
  facet normal 9.983339E-001 0.000000E+000 -5.770285E-002
    outer loop 
      vertex 5.000000e-001 -3.333333e-001 0.000000e+000
      vertex 5.000000e-001 -1.666667e-001 0.000000e+000
      vertex 5.057821e-001 -3.280293e-001 1.000383e-001
    endloop 
  endfacet
  facet normal 9.983339E-001 0.000000E+000 -5.770285E-002
    outer loop 
      vertex 5.057821e-001 -3.280293e-001 1.000383e-001
      vertex 5.000000e-001 -5.000000e-001 0.000000e+000
      vertex 5.000000e-001 -3.333333e-001 0.000000e+000
    endloop 
  endfacet
  facet normal -7.472855E-001 6.639330E-001 -2.751905E-002
    outer loop 
      vertex -2.622163e-001 4.579471e-001 4.000000e+000
      vertex -2.865595e-001 4.240170e-001 3.842437e+000
      vertex -3.726669e-001 3.336301e-001 4.000000e+000
    endloop 
  endfacet
  facet normal -7.047341E-001 7.091205E-001 -2.231550E-002
    outer loop 
      vertex -2.865595e-001 4.240170e-001 3.842437e+000
      vertex -1.968440e-001 5.089547e-001 3.708251e+000
      vertex -3.377825e-001 3.680292e-001 3.680957e+000
    endloop 
  endfacet
  facet normal 6.650516E-001 7.462393E-001 -2.886556E-002
    outer loop 
      vertex 4.279848e-001 2.808204e-001 3.857996e+000
      vertex 3.346120e-001 3.695275e-001 4.000000e+000
      vertex 4.587594e-001 2.588869e-001 4.000000e+000
    endloop 
  endfacet
  facet normal -4.952285E-001 8.684704E-001 -2.253706E-002
    outer loop 
      vertex -1.535807e-001 4.843990e-001 2.362784e+000
      vertex -2.696592e-001 4.206362e-001 2.456379e+000
      vertex -1.556097e-001 4.881134e-001 2.550506e+000
    endloop 
  endfacet
  facet normal -4.738156E-001 8.805390E-001 1.224133E-002
    outer loop 
      vertex -1.535807e-001 4.843990e-001 2.362784e+000
      vertex -3.305949e-001 3.900180e-001 2.300214e+000
      vertex -2.696592e-001 4.206362e-001 2.456379e+000
    endloop 
  endfacet
  facet normal -8.943508E-001 -4.470794E-001 1.601777E-002
    outer loop 
      vertex -4.937441e-001 -1.319622e-001 2.191248e+000
      vertex -4.290357e-001 -2.633982e-001 2.135668e+000
      vertex -3.984580e-001 -3.192613e-001 2.283745e+000
    endloop 
  endfacet
  facet normal -8.892344E-001 -4.573418E-001 -1.003358E-002
    outer loop 
      vertex -4.937441e-001 -1.319622e-001 2.191248e+000
      vertex -3.984580e-001 -3.192613e-001 2.283745e+000
      vertex -4.474813e-001 -2.261327e-001 2.383564e+000
    endloop 
  endfacet
  facet normal -8.999202E-001 -4.355229E-001 2.152759E-002
    outer loop 
      vertex -3.566324e-001 -4.121859e-001 2.152235e+000
      vertex -3.984580e-001 -3.192613e-001 2.283745e+000
      vertex -4.290357e-001 -2.633982e-001 2.135668e+000
    endloop 
  endfacet
  facet normal -8.835758E-001 -4.658087E-001 4.812573E-002
    outer loop 
      vertex -3.984580e-001 -3.192613e-001 2.283745e+000
      vertex -3.566324e-001 -4.121859e-001 2.152235e+000
      vertex -3.057905e-001 -4.855600e-001 2.375493e+000
    endloop 
  endfacet
  facet normal -8.407812E-001 -5.394726E-001 4.534616E-002
    outer loop 
      vertex -2.462128e-001 -5.430937e-001 2.719861e+000
      vertex -3.537924e-001 -3.776333e-001 2.693628e+000
      vertex -3.202581e-001 -4.411323e-001 2.559968e+000
    endloop 
  endfacet
  facet normal -9.472997E-001 -3.202393E-001 8.378599E-003
    outer loop 
      vertex -4.953385e-001 -9.725670e-002 1.547057e+000
      vertex -4.631194e-001 -1.954315e-001 1.437454e+000
      vertex -4.378356e-001 -2.671339e-001 1.555544e+000
    endloop 
  endfacet
  facet normal -9.473271E-001 -3.198660E-001 1.603604E-002
    outer loop 
      vertex -4.430914e-001 -2.448887e-001 1.688781e+000
      vertex -4.953385e-001 -9.725670e-002 1.547057e+000
      vertex -4.378356e-001 -2.671339e-001 1.555544e+000
    endloop 
  endfacet
  facet normal -9.554396E-001 -2.948013E-001 -1.507465E-002
    outer loop 
      vertex -4.953385e-001 -9.725670e-002 1.547057e+000
      vertex -5.479358e-001 7.951199e-002 1.423799e+000
      vertex -5.003024e-001 -7.076602e-002 1.343614e+000
    endloop 
  endfacet
  facet normal -9.549618E-001 -2.963347E-001 -1.528596E-002
    outer loop 
      vertex -4.631194e-001 -1.954315e-001 1.437454e+000
      vertex -4.953385e-001 -9.725670e-002 1.547057e+000
      vertex -5.003024e-001 -7.076602e-002 1.343614e+000
    endloop 
  endfacet
  facet normal -9.381462E-001 -3.459355E-001 -1.450468E-002
    outer loop 
      vertex -4.900262e-001 -1.193430e-001 1.730221e+000
      vertex -4.953385e-001 -9.725670e-002 1.547057e+000
      vertex -4.430914e-001 -2.448887e-001 1.688781e+000
    endloop 
  endfacet
  facet normal -7.953649E-001 -6.059942E-001 1.287090E-002
    outer loop 
      vertex -3.710862e-001 -3.428617e-001 2.962398e+000
      vertex -3.392152e-001 -3.812944e-001 3.122375e+000
      vertex -4.332432e-001 -2.588467e-001 3.077003e+000
    endloop 
  endfacet
  facet normal 6.037214E-001 -7.971033E-001 1.211727E-002
    outer loop 
      vertex 3.326829e-001 -3.772866e-001 2.952175e+000
      vertex 3.715088e-001 -3.453501e-001 3.118600e+000
      vertex 2.442481e-001 -4.425858e-001 3.062743e+000
    endloop 
  endfacet
  facet normal 8.155296E-001 5.787153E-001 -1.717762E-004
    outer loop 
      vertex 3.830557e-001 3.203556e-001 2.957457e+000
      vertex 4.773426e-001 1.874737e-001 2.916153e+000
      vertex 4.187066e-001 2.700738e-001 2.814492e+000
    endloop 
  endfacet
  facet normal -5.734025E-001 8.192695E-001 2.668781E-003
    outer loop 
      vertex -1.925125e-001 4.740438e-001 2.884032e+000
      vertex -2.849633e-001 4.096383e-001 2.791837e+000
      vertex -3.148677e-001 3.880980e-001 2.979205e+000
    endloop 
  endfacet
  facet normal 7.291484E-001 6.831610E-001 4.041987E-002
    outer loop 
      vertex 1.541339e-001 5.621890e-001 3.578791e+000
      vertex 2.976174e-001 4.104338e-001 3.555348e+000
      vertex 2.535284e-001 4.664201e-001 3.404427e+000
    endloop 
  endfacet
  facet normal 7.288746E-001 6.837583E-001 3.487745E-002
    outer loop 
      vertex 2.976174e-001 4.104338e-001 3.555348e+000
      vertex 1.541339e-001 5.621890e-001 3.578791e+000
      vertex 2.340065e-001 4.698535e-001 3.719801e+000
    endloop 
  endfacet
  facet normal 7.211810E-001 6.840878E-001 1.091878E-001
    outer loop 
      vertex 1.541339e-001 5.621890e-001 3.578791e+000
      vertex 2.845833e-002 7.040379e-001 3.520155e+000
      vertex 3.605038e-003 7.047399e-001 3.679912e+000
    endloop 
  endfacet
  facet normal -6.858745E-001 7.260809E-001 4.881280E-002
    outer loop 
      vertex -4.452752e-001 2.668920e-001 3.569378e+000
      vertex -5.013774e-001 2.213056e-001 3.459167e+000
      vertex -5.757548e-001 1.420862e-001 3.592455e+000
    endloop 
  endfacet
  facet normal -6.872514E-001 7.254461E-001 3.759430E-002
    outer loop 
      vertex -4.781777e-001 2.277326e-001 3.723541e+000
      vertex -4.452752e-001 2.668920e-001 3.569378e+000
      vertex -5.757548e-001 1.420862e-001 3.592455e+000
    endloop 
  endfacet
  facet normal -6.872786E-001 7.186695E-001 1.056511E-001
    outer loop 
      vertex -7.069652e-001 2.728289e-002 3.519834e+000
      vertex -7.078388e-001 2.927303e-003 3.679825e+000
      vertex -5.757548e-001 1.420862e-001 3.592455e+000
    endloop 
  endfacet
  facet normal 7.003930E-002 -9.965686E-001 -4.410932E-002
    outer loop 
      vertex -1.024640e-001 -5.098783e-001 4.039138e-001
      vertex -3.037216e-001 -5.209432e-001 3.343375e-001
      vertex -2.049502e-001 -5.075338e-001 1.882122e-001
    endloop 
  endfacet
  facet normal 5.716686E-002 -9.925048E-001 -1.080095E-001
    outer loop 
      vertex -3.037216e-001 -5.209432e-001 3.343375e-001
      vertex -4.494551e-001 -5.451748e-001 4.798697e-001
      vertex -4.683946e-001 -5.288968e-001 3.202659e-001
    endloop 
  endfacet
  facet normal -9.253175E-001 -3.789045E-001 -1.479855E-002
    outer loop 
      vertex -4.900262e-001 -1.193430e-001 1.730221e+000
      vertex -4.740317e-001 -1.642950e-001 1.881075e+000
      vertex -5.277255e-001 -3.179069e-002 1.845761e+000
    endloop 
  endfacet
  facet normal 9.310033E-001 3.649315E-001 -7.593539E-003
    outer loop 
      vertex 5.040152e-001 8.122927e-002 1.772196e+000
      vertex 4.813671e-001 1.353029e-001 1.594112e+000
      vertex 4.405331e-001 2.434537e-001 1.785196e+000
    endloop 
  endfacet
  facet normal 9.311419E-001 3.646420E-001 -3.303413E-003
    outer loop 
      vertex 4.683353e-001 1.739815e-001 1.953311e+000
      vertex 5.040152e-001 8.122927e-002 1.772196e+000
      vertex 4.405331e-001 2.434537e-001 1.785196e+000
    endloop 
  endfacet
  facet normal 9.294959E-001 3.667929E-001 -3.873252E-002
    outer loop 
      vertex 5.577218e-001 -5.256404e-002 1.794029e+000
      vertex 5.040152e-001 8.122927e-002 1.772196e+000
      vertex 5.372292e-001 1.403429e-002 1.932930e+000
    endloop 
  endfacet
  facet normal 9.171057E-001 3.979722E-001 -2.313764E-002
    outer loop 
      vertex 5.040152e-001 8.122927e-002 1.772196e+000
      vertex 4.683353e-001 1.739815e-001 1.953311e+000
      vertex 5.372292e-001 1.403429e-002 1.932930e+000
    endloop 
  endfacet
  facet normal 9.296449E-001 3.652138E-001 -4.877655E-002
    outer loop 
      vertex 5.577218e-001 -5.256404e-002 1.794029e+000
      vertex 5.437248e-001 -4.176362e-002 1.608125e+000
      vertex 5.040152e-001 8.122927e-002 1.772196e+000
    endloop 
  endfacet
  facet normal 9.435217E-001 3.307324E-001 -1.956978E-002
    outer loop 
      vertex 5.040152e-001 8.122927e-002 1.772196e+000
      vertex 5.437248e-001 -4.176362e-002 1.608125e+000
      vertex 4.813671e-001 1.353029e-001 1.594112e+000
    endloop 
  endfacet
  facet normal 6.846331E-001 -7.288815E-001 3.034844E-003
    outer loop 
      vertex 3.599057e-001 -3.477982e-001 3.711648e+000
      vertex 3.060287e-001 -3.989617e-001 3.577841e+000
      vertex 4.204508e-001 -2.915055e-001 3.573104e+000
    endloop 
  endfacet
  facet normal 8.143766E-002 -9.966777E-001 1.234541E-003
    outer loop 
      vertex 6.696025e-002 -4.960192e-001 4.164501e-001
      vertex 5.788949e-002 -4.965343e-001 5.990264e-001
      vertex -1.024640e-001 -5.098783e-001 4.039138e-001
    endloop 
  endfacet
  facet normal -8.499228E-002 9.963658E-001 5.607786E-003
    outer loop 
      vertex 4.091636e-002 5.047334e-001 4.094256e-001
      vertex -5.049466e-002 4.975531e-001 2.997582e-001
      vertex -1.033495e-001 4.921094e-001 4.658949e-001
    endloop 
  endfacet
  facet normal -6.774262E-002 9.976407E-001 1.113737E-002
    outer loop 
      vertex -5.049466e-002 4.975531e-001 2.997582e-001
      vertex -2.225574e-001 4.852536e-001 3.549283e-001
      vertex -1.033495e-001 4.921094e-001 4.658949e-001
    endloop 
  endfacet
  facet normal -7.678569E-001 -6.318606E-001 -1.055843E-001
    outer loop 
      vertex -7.031851e-001 7.599747e-002 3.200176e+000
      vertex -5.962720e-001 -6.646186e-002 3.275191e+000
      vertex -7.054263e-001 5.198628e-002 3.360168e+000
    endloop 
  endfacet
  facet normal 7.427039E-001 6.611245E-001 -1.063263E-001
    outer loop 
      vertex 6.150272e-001 6.006369e-002 3.464075e+000
      vertex 7.046834e-001 -3.160107e-002 3.520375e+000
      vertex 7.032825e-001 -5.575317e-002 3.360414e+000
    endloop 
  endfacet
  facet normal -6.252342E-001 7.733248E-001 -1.051232E-001
    outer loop 
      vertex 5.236754e-002 7.025858e-001 3.360509e+000
      vertex 7.652658e-002 7.003865e-001 3.200641e+000
      vertex -3.442678e-002 6.157756e-001 3.238122e+000
    endloop 
  endfacet
  facet normal 6.318744E-001 -7.679707E-001 -1.046688E-001
    outer loop 
      vertex -5.511227e-002 -7.061094e-001 3.359882e+000
      vertex -7.879910e-002 -7.037931e-001 3.199892e+000
      vertex 5.843198e-002 -6.013775e-001 3.276902e+000
    endloop 
  endfacet
  facet normal 9.855375E-001 1.336698E-001 -1.041558E-001
    outer loop 
      vertex 5.746923e-001 -4.107606e-001 7.998856e-001
      vertex 5.603973e-001 -4.299350e-001 6.400167e-001
      vertex 5.366898e-001 -2.338383e-001 6.673562e-001
    endloop 
  endfacet
  facet normal -9.820385E-001 -1.872182E-001 2.344825E-002
    outer loop 
      vertex -4.757465e-001 -1.898748e-001 7.806512e-001
      vertex -4.606085e-001 -2.509223e-001 9.272257e-001
      vertex -4.867259e-001 -1.172842e-001 9.004085e-001
    endloop 
  endfacet
  facet normal -9.854612E-001 -1.668009E-001 3.230546E-002
    outer loop 
      vertex -4.606085e-001 -2.509223e-001 9.272257e-001
      vertex -4.757465e-001 -1.898748e-001 7.806512e-001
      vertex -4.483353e-001 -3.420478e-001 8.311099e-001
    endloop 
  endfacet
  facet normal -9.797575E-001 -1.959004E-001 4.120956E-002
    outer loop 
      vertex -4.446391e-001 -3.063909e-001 1.043215e+000
      vertex -4.606085e-001 -2.509223e-001 9.272257e-001
      vertex -4.287074e-001 -4.026458e-001 9.644185e-001
    endloop 
  endfacet
  facet normal -9.762740E-001 -2.141619E-001 3.199690E-002
    outer loop 
      vertex -4.712244e-001 -1.852770e-001 1.042698e+000
      vertex -4.606085e-001 -2.509223e-001 9.272257e-001
      vertex -4.446391e-001 -3.063909e-001 1.043215e+000
    endloop 
  endfacet
  facet normal -9.797338E-001 -1.920344E-001 5.696017E-002
    outer loop 
      vertex -4.606085e-001 -2.509223e-001 9.272257e-001
      vertex -4.483353e-001 -3.420478e-001 8.311099e-001
      vertex -4.287074e-001 -4.026458e-001 9.644185e-001
    endloop 
  endfacet
  facet normal -9.819257E-001 -1.885113E-001 1.689503E-002
    outer loop 
      vertex -4.867259e-001 -1.172842e-001 9.004085e-001
      vertex -4.606085e-001 -2.509223e-001 9.272257e-001
      vertex -4.712244e-001 -1.852770e-001 1.042698e+000
    endloop 
  endfacet
  facet normal -7.257332E-001 -6.835101E-001 7.826483E-002
    outer loop 
      vertex -1.312704e-001 -6.054430e-001 3.463355e+000
      vertex -1.058170e-001 -6.147954e-001 3.617701e+000
      vertex -2.169147e-001 -5.025756e-001 3.567565e+000
    endloop 
  endfacet
  facet normal -7.327017E-001 -6.758459E-001 7.987842E-002
    outer loop 
      vertex -1.312704e-001 -6.054430e-001 3.463355e+000
      vertex -3.084263e-002 -7.076358e-001 3.519904e+000
      vertex -1.058170e-001 -6.147954e-001 3.617701e+000
    endloop 
  endfacet
  facet normal -7.100820E-001 -6.992050E-001 8.304141E-002
    outer loop 
      vertex -6.262571e-003 -7.085555e-001 3.679530e+000
      vertex -6.980690e-002 -6.358888e-001 3.748016e+000
      vertex -1.058170e-001 -6.147954e-001 3.617701e+000
    endloop 
  endfacet
  facet normal -6.990241E-001 -7.108198E-001 7.810573E-002
    outer loop 
      vertex -1.058170e-001 -6.147954e-001 3.617701e+000
      vertex -6.980690e-002 -6.358888e-001 3.748016e+000
      vertex -1.605404e-001 -5.488226e-001 3.728343e+000
    endloop 
  endfacet
  facet normal -7.216696E-001 -6.900857E-001 5.454211E-002
    outer loop 
      vertex -1.058170e-001 -6.147954e-001 3.617701e+000
      vertex -1.605404e-001 -5.488226e-001 3.728343e+000
      vertex -2.169147e-001 -5.025756e-001 3.567565e+000
    endloop 
  endfacet
  facet normal -7.158997E-001 -6.900696E-001 1.062621E-001
    outer loop 
      vertex -3.084263e-002 -7.076358e-001 3.519904e+000
      vertex -6.262571e-003 -7.085555e-001 3.679530e+000
      vertex -1.058170e-001 -6.147954e-001 3.617701e+000
    endloop 
  endfacet
  facet normal -9.845409E-001 -1.388234E-001 -1.068047E-001
    outer loop 
      vertex -5.423707e-001 2.574217e-001 6.967502e-001
      vertex -5.751221e-001 4.102185e-001 8.000538e-001
      vertex -5.605282e-001 4.299185e-001 6.399187e-001
    endloop 
  endfacet
  facet normal -5.106322E-001 8.597960E-001 2.345558E-003
    outer loop 
      vertex -2.627668e-001 4.242738e-001 2.623476e+000
      vertex -1.556097e-001 4.881134e-001 2.550506e+000
      vertex -2.696592e-001 4.206362e-001 2.456379e+000
    endloop 
  endfacet
  facet normal 8.541247E-001 5.200644E-001 2.024545E-003
    outer loop 
      vertex 3.986921e-001 3.022927e-001 2.654656e+000
      vertex 4.974054e-001 1.404632e-001 2.579721e+000
      vertex 4.336193e-001 2.456765e-001 2.462965e+000
    endloop 
  endfacet
  facet normal -5.358433E-001 8.443129E-001 2.750713E-003
    outer loop 
      vertex -2.849633e-001 4.096383e-001 2.791837e+000
      vertex -2.627668e-001 4.242738e-001 2.623476e+000
      vertex -3.765097e-001 3.518611e-001 2.692754e+000
    endloop 
  endfacet
  facet normal -9.955752E-001 -5.654134E-002 7.505393E-002
    outer loop 
      vertex -4.665542e-001 -4.051540e-001 4.378997e-001
      vertex -4.844195e-001 -3.408938e-001 2.493293e-001
      vertex -4.683946e-001 -5.288968e-001 3.202659e-001
    endloop 
  endfacet
  facet normal -9.979733E-001 -1.468080E-002 6.191773E-002
    outer loop 
      vertex -4.874004e-001 -5.111563e-001 1.609146e-001
      vertex -4.844195e-001 -3.408938e-001 2.493293e-001
      vertex -5.000000e-001 -3.333333e-001 0.000000e+000
    endloop 
  endfacet
  facet normal -9.926344E-001 -4.169000E-002 1.137500E-001
    outer loop 
      vertex -4.874004e-001 -5.111563e-001 1.609146e-001
      vertex -4.683946e-001 -5.288968e-001 3.202659e-001
      vertex -4.844195e-001 -3.408938e-001 2.493293e-001
    endloop 
  endfacet
  facet normal 7.002650E-001 -7.095945E-001 -7.813045E-002
    outer loop 
      vertex -6.262571e-003 -7.085555e-001 3.679530e+000
      vertex 7.657403e-002 -6.133509e-001 3.557310e+000
      vertex 1.330851e-001 -5.734023e-001 3.700986e+000
    endloop 
  endfacet
  facet normal -7.462004E-001 6.643252E-001 4.309407E-002
    outer loop 
      vertex -4.849366e-001 2.077400e-001 4.000000e+000
      vertex -5.304398e-001 1.646474e-001 3.876387e+000
      vertex -5.982848e-001 8.042207e-002 4.000000e+000
    endloop 
  endfacet
  facet normal -1.524463E-001 9.882467E-001 1.134291E-002
    outer loop 
      vertex -4.516051e-002 4.984617e-001 7.364073e-001
      vertex -1.868268e-001 4.763377e-001 7.599917e-001
      vertex -1.418064e-001 4.816167e-001 9.051207e-001
    endloop 
  endfacet
  facet normal -1.515831E-001 9.883054E-001 1.658271E-002
    outer loop 
      vertex -4.516051e-002 4.984617e-001 7.364073e-001
      vertex -1.384406e-001 4.861244e-001 6.190152e-001
      vertex -1.868268e-001 4.763377e-001 7.599917e-001
    endloop 
  endfacet
  facet normal -1.543853E-001 9.868581E-001 4.771009E-002
    outer loop 
      vertex -1.868268e-001 4.763377e-001 7.599917e-001
      vertex -2.985700e-001 4.625103e-001 6.844137e-001
      vertex -2.975533e-001 4.549673e-001 8.437251e-001
    endloop 
  endfacet
  facet normal -1.371934E-001 9.903075E-001 2.166056E-002
    outer loop 
      vertex -2.985700e-001 4.625103e-001 6.844137e-001
      vertex -1.868268e-001 4.763377e-001 7.599917e-001
      vertex -1.384406e-001 4.861244e-001 6.190152e-001
    endloop 
  endfacet
  facet normal -1.757957E-001 9.842485E-001 1.873158E-002
    outer loop 
      vertex -1.868268e-001 4.763377e-001 7.599917e-001
      vertex -2.975533e-001 4.549673e-001 8.437251e-001
      vertex -1.418064e-001 4.816167e-001 9.051207e-001
    endloop 
  endfacet
  facet normal 6.586009E-001 7.512683E-001 4.290467E-002
    outer loop 
      vertex 8.005428e-002 5.946714e-001 4.000000e+000
      vertex 2.087836e-001 4.818206e-001 4.000000e+000
      vertex 1.652932e-001 5.270228e-001 3.876093e+000
    endloop 
  endfacet
  facet normal 0.000000E+000 -9.991999E-001 -3.999646E-002
    outer loop 
      vertex -3.333333e-001 -5.000000e-001 0.000000e+000
      vertex -1.666667e-001 -5.000000e-001 0.000000e+000
      vertex -2.049502e-001 -5.075338e-001 1.882122e-001
    endloop 
  endfacet
  facet normal 0.000000E+000 9.990788E-001 -4.291361E-002
    outer loop 
      vertex 1.666667e-001 5.000000e-001 0.000000e+000
      vertex 2.143597e-001 5.059223e-001 1.378770e-001
      vertex 3.333333e-001 5.000000e-001 0.000000e+000
    endloop 
  endfacet
  facet normal 0.000000E+000 0.000000E+000 1.000000E+000
    outer loop 
      vertex -2.618730e-003 3.131523e-001 4.000000e+000
      vertex -4.305924e-002 1.481797e-001 4.000000e+000
      vertex 1.243331e-001 2.052802e-001 4.000000e+000
    endloop 
  endfacet
  facet normal -5.178176E-001 8.550570E-001 2.724851E-002
    outer loop 
      vertex -3.765097e-001 3.518611e-001 2.692754e+000
      vertex -3.546888e-001 3.694381e-001 2.555865e+000
      vertex -4.639127e-001 3.020881e-001 2.593663e+000
    endloop 
  endfacet
  facet normal -5.258337E-001 8.502095E-001 2.534828E-002
    outer loop 
      vertex -2.627668e-001 4.242738e-001 2.623476e+000
      vertex -3.546888e-001 3.694381e-001 2.555865e+000
      vertex -3.765097e-001 3.518611e-001 2.692754e+000
    endloop 
  endfacet
  facet normal -5.141000E-001 8.567495E-001 4.100706E-002
    outer loop 
      vertex -3.546888e-001 3.694381e-001 2.555865e+000
      vertex -4.138528e-001 3.389241e-001 2.451654e+000
      vertex -4.639127e-001 3.020881e-001 2.593663e+000
    endloop 
  endfacet
  facet normal -4.934972E-001 8.693700E-001 2.561474E-002
    outer loop 
      vertex -3.546888e-001 3.694381e-001 2.555865e+000
      vertex -2.696592e-001 4.206362e-001 2.456379e+000
      vertex -4.138528e-001 3.389241e-001 2.451654e+000
    endloop 
  endfacet
  facet normal -5.136728E-001 8.579825E-001 2.510456E-003
    outer loop 
      vertex -2.627668e-001 4.242738e-001 2.623476e+000
      vertex -2.696592e-001 4.206362e-001 2.456379e+000
      vertex -3.546888e-001 3.694381e-001 2.555865e+000
    endloop 
  endfacet
  facet normal 7.329253E-001 6.802263E-001 -1.061317E-002
    outer loop 
      vertex 4.230998e-001 2.742100e-001 3.489973e+000
      vertex 2.976174e-001 4.104338e-001 3.555348e+000
      vertex 3.850773e-001 3.182803e-001 3.688795e+000
    endloop 
  endfacet
  facet normal 7.381396E-001 6.745549E-001 1.121296E-002
    outer loop 
      vertex 4.230998e-001 2.742100e-001 3.489973e+000
      vertex 3.559446e-001 3.492905e-001 3.394011e+000
      vertex 2.976174e-001 4.104338e-001 3.555348e+000
    endloop 
  endfacet
  facet normal -6.838880E-001 7.295828E-001 -2.464884E-003
    outer loop 
      vertex -4.452752e-001 2.668920e-001 3.569378e+000
      vertex -3.377825e-001 3.680292e-001 3.680957e+000
      vertex -3.412608e-001 3.642261e-001 3.520358e+000
    endloop 
  endfacet
  facet normal -9.901602E-001 -8.839977E-002 1.084821E-001
    outer loop 
      vertex -4.494551e-001 -5.451748e-001 4.798697e-001
      vertex -4.665542e-001 -4.051540e-001 4.378997e-001
      vertex -4.683946e-001 -5.288968e-001 3.202659e-001
    endloop 
  endfacet
  facet normal 9.918665E-001 6.197048E-002 1.111784E-001
    outer loop 
      vertex 4.677548e-001 5.292419e-001 3.204584e-001
      vertex 4.488232e-001 5.453131e-001 4.803964e-001
      vertex 4.771731e-001 3.881729e-001 3.150651e-001
    endloop 
  endfacet
  facet normal -6.583871E-001 -7.498446E-001 -6.526636E-002
    outer loop 
      vertex -5.836037e-001 -1.545607e-001 4.000000e+000
      vertex -5.662513e-001 -1.528799e-001 3.805643e+000
      vertex -4.607731e-001 -2.624099e-001 4.000000e+000
    endloop 
  endfacet
  facet normal -6.806417E-001 -7.295393E-001 -6.707767E-002
    outer loop 
      vertex -7.080930e-001 -2.361184e-002 3.838996e+000
      vertex -5.662513e-001 -1.528799e-001 3.805643e+000
      vertex -5.836037e-001 -1.545607e-001 4.000000e+000
    endloop 
  endfacet
  facet normal -6.840332E-001 -7.193403E-001 -1.210298E-001
    outer loop 
      vertex -7.078388e-001 2.927303e-003 3.679825e+000
      vertex -5.662513e-001 -1.528799e-001 3.805643e+000
      vertex -7.080930e-001 -2.361184e-002 3.838996e+000
    endloop 
  endfacet
  facet normal 6.768436E-001 -7.280990E-001 -1.084190E-001
    outer loop 
      vertex -3.084263e-002 -7.076358e-001 3.519904e+000
      vertex 7.657403e-002 -6.133509e-001 3.557310e+000
      vertex -6.262571e-003 -7.085555e-001 3.679530e+000
    endloop 
  endfacet
  facet normal -7.288009E-002 9.914485E-001 -1.082517E-001
    outer loop 
      vertex 4.677548e-001 5.292419e-001 3.204584e-001
      vertex 3.339264e-001 5.273578e-001 3.933025e-001
      vertex 4.488232e-001 5.453131e-001 4.803964e-001
    endloop 
  endfacet
  facet normal -5.834474E-002 9.981564E-001 -1.672094E-002
    outer loop 
      vertex 4.091636e-002 5.047334e-001 4.094256e-001
      vertex 1.186045e-001 5.070737e-001 2.780517e-001
      vertex -5.049466e-002 4.975531e-001 2.997582e-001
    endloop 
  endfacet
  facet normal -5.001199E-001 8.646260E-001 4.797833E-002
    outer loop 
      vertex -5.566325e-001 2.535895e-001 2.501167e+000
      vertex -4.639127e-001 3.020881e-001 2.593663e+000
      vertex -4.138528e-001 3.389241e-001 2.451654e+000
    endloop 
  endfacet
  facet normal -4.936632E-001 8.668031E-001 7.034952E-002
    outer loop 
      vertex -4.138528e-001 3.389241e-001 2.451654e+000
      vertex -5.219461e-001 2.851142e-001 2.356144e+000
      vertex -5.566325e-001 2.535895e-001 2.501167e+000
    endloop 
  endfacet
  facet normal -4.718707E-001 8.808585E-001 3.776734E-002
    outer loop 
      vertex -3.305949e-001 3.900180e-001 2.300214e+000
      vertex -5.219461e-001 2.851142e-001 2.356144e+000
      vertex -4.138528e-001 3.389241e-001 2.451654e+000
    endloop 
  endfacet
  facet normal -4.934510E-001 8.694935E-001 2.206867E-002
    outer loop 
      vertex -3.305949e-001 3.900180e-001 2.300214e+000
      vertex -4.138528e-001 3.389241e-001 2.451654e+000
      vertex -2.696592e-001 4.206362e-001 2.456379e+000
    endloop 
  endfacet
  facet normal 1.217023E-001 -9.920450E-001 -3.217385E-002
    outer loop 
      vertex -1.253492e-001 -5.184360e-001 5.812136e-001
      vertex -1.024640e-001 -5.098783e-001 4.039138e-001
      vertex 5.788949e-002 -4.965343e-001 5.990264e-001
    endloop 
  endfacet
  facet normal 7.060252E-001 -7.080572E-001 -1.354115E-002
    outer loop 
      vertex 3.599057e-001 -3.477982e-001 3.711648e+000
      vertex 2.498550e-001 -4.575187e-001 3.710894e+000
      vertex 3.060287e-001 -3.989617e-001 3.577841e+000
    endloop 
  endfacet
  facet normal -7.077519E-001 -7.059539E-001 -2.676317E-002
    outer loop 
      vertex -4.822795e-001 -2.268235e-001 3.701527e+000
      vertex -4.467328e-001 -2.575610e-001 3.572283e+000
      vertex -3.752223e-001 -3.346310e-001 3.714125e+000
    endloop 
  endfacet
  facet normal -8.444551E-001 -5.356262E-001 -2.706948E-004
    outer loop 
      vertex -4.142320e-001 -2.824059e-001 2.812613e+000
      vertex -4.543564e-001 -2.190740e-001 2.668636e+000
      vertex -3.537924e-001 -3.776333e-001 2.693628e+000
    endloop 
  endfacet
  facet normal -9.625639E-001 -2.710111E-001 -4.877982E-003
    outer loop 
      vertex -5.003024e-001 -7.076602e-002 1.343614e+000
      vertex -4.852495e-001 -1.212566e-001 1.178416e+000
      vertex -4.522699e-001 -2.405563e-001 1.298665e+000
    endloop 
  endfacet
  facet normal -2.837648E-001 9.588611E-001 -7.929461E-003
    outer loop 
      vertex -1.151353e-001 4.860471e-001 1.237054e+000
      vertex -2.573788e-001 4.449658e-001 1.359686e+000
      vertex -4.236284e-002 5.090220e-001 1.411020e+000
    endloop 
  endfacet
  facet normal -2.601823E-001 9.653793E-001 -1.865525E-002
    outer loop 
      vertex 5.796809e-002 5.333148e-001 1.268832e+000
      vertex -1.151353e-001 4.860471e-001 1.237054e+000
      vertex -4.236284e-002 5.090220e-001 1.411020e+000
    endloop 
  endfacet
  facet normal -7.017983E-001 7.117009E-001 3.099816E-002
    outer loop 
      vertex -3.377825e-001 3.680292e-001 3.680957e+000
      vertex -4.452752e-001 2.668920e-001 3.569378e+000
      vertex -4.781777e-001 2.277326e-001 3.723541e+000
    endloop 
  endfacet
  facet normal 7.102212E-001 7.036811E-001 2.046384E-002
    outer loop 
      vertex 2.976174e-001 4.104338e-001 3.555348e+000
      vertex 2.340065e-001 4.698535e-001 3.719801e+000
      vertex 3.850773e-001 3.182803e-001 3.688795e+000
    endloop 
  endfacet
  facet normal 7.536337E-001 6.568738E-001 2.351528E-002
    outer loop 
      vertex 3.559446e-001 3.492905e-001 3.394011e+000
      vertex 2.535284e-001 4.664201e-001 3.404427e+000
      vertex 2.976174e-001 4.104338e-001 3.555348e+000
    endloop 
  endfacet
  facet normal -7.466162E-001 -6.643318E-001 -3.503632E-002
    outer loop 
      vertex -4.836107e-001 -2.041905e-001 3.308374e+000
      vertex -4.142910e-001 -2.895476e-001 3.449661e+000
      vertex -5.237784e-001 -1.657384e-001 3.435238e+000
    endloop 
  endfacet
  facet normal -7.641675E-001 -6.448513E-001 -1.465629E-002
    outer loop 
      vertex -4.142910e-001 -2.895476e-001 3.449661e+000
      vertex -4.836107e-001 -2.041905e-001 3.308374e+000
      vertex -3.919445e-001 -3.134925e-001 3.338067e+000
    endloop 
  endfacet
  facet normal -7.474559E-001 -6.638564E-001 -2.458243E-002
    outer loop 
      vertex -4.142910e-001 -2.895476e-001 3.449661e+000
      vertex -4.467328e-001 -2.575610e-001 3.572283e+000
      vertex -5.237784e-001 -1.657384e-001 3.435238e+000
    endloop 
  endfacet
  facet normal -7.463378E-001 -6.655341E-001 -6.647986E-003
    outer loop 
      vertex -3.144145e-001 -4.014760e-001 3.442223e+000
      vertex -4.142910e-001 -2.895476e-001 3.449661e+000
      vertex -3.919445e-001 -3.134925e-001 3.338067e+000
    endloop 
  endfacet
  facet normal -8.997693E-001 -4.360762E-001 1.589945E-002
    outer loop 
      vertex -4.237936e-001 -2.792453e-001 1.997678e+000
      vertex -3.566324e-001 -4.121859e-001 2.152235e+000
      vertex -4.290357e-001 -2.633982e-001 2.135668e+000
    endloop 
  endfacet
  facet normal 8.843752E-001 4.667762E-001 -6.871397E-004
    outer loop 
      vertex 4.740284e-001 1.688367e-001 2.273481e+000
      vertex 3.840894e-001 3.393162e-001 2.325883e+000
      vertex 4.336193e-001 2.456765e-001 2.462965e+000
    endloop 
  endfacet
  facet normal -8.467544E-001 -5.314905E-001 -2.290959E-002
    outer loop 
      vertex -5.418426e-001 -7.887261e-002 2.649590e+000
      vertex -4.859970e-001 -1.624392e-001 2.524197e+000
      vertex -4.543564e-001 -2.190740e-001 2.668636e+000
    endloop 
  endfacet
  facet normal 6.856940E-001 -7.274796E-001 -2.443729E-002
    outer loop 
      vertex 2.504701e-001 -4.471160e-001 3.452421e+000
      vertex 3.060287e-001 -3.989617e-001 3.577841e+000
      vertex 1.894628e-001 -5.086184e-001 3.571475e+000
    endloop 
  endfacet
  facet normal 6.647685E-001 -7.457179E-001 -4.458193E-002
    outer loop 
      vertex 2.504701e-001 -4.471160e-001 3.452421e+000
      vertex 1.894628e-001 -5.086184e-001 3.571475e+000
      vertex 1.368696e-001 -5.469598e-001 3.428584e+000
    endloop 
  endfacet
  facet normal 6.638799E-001 -7.470259E-001 -3.486828E-002
    outer loop 
      vertex 2.504701e-001 -4.471160e-001 3.452421e+000
      vertex 1.368696e-001 -5.469598e-001 3.428584e+000
      vertex 1.959923e-001 -4.889474e-001 3.311388e+000
    endloop 
  endfacet
  facet normal 6.465032E-001 -7.625477E-001 -2.355208E-002
    outer loop 
      vertex 2.504701e-001 -4.471160e-001 3.452421e+000
      vertex 1.959923e-001 -4.889474e-001 3.311388e+000
      vertex 2.955102e-001 -4.055095e-001 3.341674e+000
    endloop 
  endfacet
  facet normal 6.655431E-001 -7.463135E-001 -8.279668E-003
    outer loop 
      vertex 2.504701e-001 -4.471160e-001 3.452421e+000
      vertex 3.633891e-001 -3.463397e-001 3.445384e+000
      vertex 3.060287e-001 -3.989617e-001 3.577841e+000
    endloop 
  endfacet
  facet normal 6.654833E-001 -7.463490E-001 -9.747288E-003
    outer loop 
      vertex 3.633891e-001 -3.463397e-001 3.445384e+000
      vertex 2.504701e-001 -4.471160e-001 3.452421e+000
      vertex 2.955102e-001 -4.055095e-001 3.341674e+000
    endloop 
  endfacet
  facet normal 9.641238E-001 2.649540E-001 1.626457E-002
    outer loop 
      vertex 4.545106e-001 2.202688e-001 1.431678e+000
      vertex 4.749207e-001 1.571967e-001 1.249276e+000
      vertex 4.271995e-001 3.278391e-001 1.298265e+000
    endloop 
  endfacet
  facet normal -3.758705E-001 9.256644E-001 4.320524E-002
    outer loop 
      vertex -4.023631e-001 3.779582e-001 1.792598e+000
      vertex -3.675818e-001 3.845121e-001 1.954767e+000
      vertex -2.415272e-001 4.404884e-001 1.852117e+000
    endloop 
  endfacet
  facet normal 9.968775E-001 2.205192E-002 7.582232E-002
    outer loop 
      vertex 4.884229e-001 4.138400e-001 1.596931e-001
      vertex 4.771731e-001 3.881729e-001 3.150651e-001
      vertex 4.919570e-001 2.752682e-001 1.535308e-001
    endloop 
  endfacet
  facet normal 9.978861E-001 2.274225E-002 6.087735E-002
    outer loop 
      vertex 5.000000e-001 3.333333e-001 0.000000e+000
      vertex 4.884229e-001 4.138400e-001 1.596931e-001
      vertex 4.919570e-001 2.752682e-001 1.535308e-001
    endloop 
  endfacet
  facet normal 9.945851E-001 6.324986E-002 8.246215E-002
    outer loop 
      vertex 4.884229e-001 4.138400e-001 1.596931e-001
      vertex 4.677548e-001 5.292419e-001 3.204584e-001
      vertex 4.771731e-001 3.881729e-001 3.150651e-001
    endloop 
  endfacet
  facet normal 9.928553E-001 1.250233E-002 1.186678E-001
    outer loop 
      vertex 4.871242e-001 5.116127e-001 1.602585e-001
      vertex 4.677548e-001 5.292419e-001 3.204584e-001
      vertex 4.884229e-001 4.138400e-001 1.596931e-001
    endloop 
  endfacet
  facet normal 9.967800E-001 1.278292E-002 7.915913E-002
    outer loop 
      vertex 4.871242e-001 5.116127e-001 1.602585e-001
      vertex 4.884229e-001 4.138400e-001 1.596931e-001
      vertex 5.000000e-001 5.000000e-001 0.000000e+000
    endloop 
  endfacet
  facet normal 9.973825E-001 0.000000E+000 7.230598E-002
    outer loop 
      vertex 5.000000e-001 3.333333e-001 0.000000e+000
      vertex 5.000000e-001 5.000000e-001 0.000000e+000
      vertex 4.884229e-001 4.138400e-001 1.596931e-001
    endloop 
  endfacet
  facet normal 8.805040E-001 4.716993E-001 4.703815E-002
    outer loop 
      vertex 3.840894e-001 3.393162e-001 2.325883e+000
      vertex 3.517496e-001 4.145772e-001 2.176532e+000
      vertex 2.962846e-001 4.994370e-001 2.363801e+000
    endloop 
  endfacet
  facet normal 1.848577E-001 -9.820996E-001 -3.616646E-002
    outer loop 
      vertex -1.099263e-001 -5.275657e-001 8.546460e-001
      vertex 6.442679e-002 -4.966562e-001 9.064701e-001
      vertex -5.142980e-002 -5.223418e-001 1.011784e+000
    endloop 
  endfacet
  facet normal 7.308136E-001 -6.787791E-001 -7.190624E-002
    outer loop 
      vertex 1.000561e-001 -6.238323e-001 3.841346e+000
      vertex 1.330851e-001 -5.734023e-001 3.700986e+000
      vertex 2.021361e-001 -5.149227e-001 3.850746e+000
    endloop 
  endfacet
  facet normal 7.308731E-001 -6.796636E-001 -6.230455E-002
    outer loop 
      vertex 1.000561e-001 -6.238323e-001 3.841346e+000
      vertex 2.021361e-001 -5.149227e-001 3.850746e+000
      vertex 1.511001e-001 -5.834861e-001 4.000000e+000
    endloop 
  endfacet
  facet normal 7.004939E-001 -7.080182E-001 -8.954632E-002
    outer loop 
      vertex -6.262571e-003 -7.085555e-001 3.679530e+000
      vertex 1.330851e-001 -5.734023e-001 3.700986e+000
      vertex 1.000561e-001 -6.238323e-001 3.841346e+000
    endloop 
  endfacet
  facet normal 7.673213E-001 -6.355717E-001 -8.524377E-002
    outer loop 
      vertex 1.000561e-001 -6.238323e-001 3.841346e+000
      vertex 1.511001e-001 -5.834861e-001 4.000000e+000
      vertex 4.718864e-002 -7.089377e-001 4.000000e+000
    endloop 
  endfacet
  facet normal 7.250385E-001 -6.779183E-001 -1.214327E-001
    outer loop 
      vertex 2.050978e-002 -7.085272e-001 3.839222e+000
      vertex -6.262571e-003 -7.085555e-001 3.679530e+000
      vertex 1.000561e-001 -6.238323e-001 3.841346e+000
    endloop 
  endfacet
  facet normal 7.249923E-001 -6.778598E-001 -1.220330E-001
    outer loop 
      vertex 2.050978e-002 -7.085272e-001 3.839222e+000
      vertex 1.000561e-001 -6.238323e-001 3.841346e+000
      vertex 4.718864e-002 -7.089377e-001 4.000000e+000
    endloop 
  endfacet
  facet normal 0.000000E+000 0.000000E+000 1.000000E+000
    outer loop 
      vertex -2.113005e-001 -4.858181e-001 4.000000e+000
      vertex -8.357424e-002 -5.987049e-001 4.000000e+000
      vertex -2.244785e-002 -4.126758e-001 4.000000e+000
    endloop 
  endfacet
  facet normal 0.000000E+000 0.000000E+000 1.000000E+000
    outer loop 
      vertex -8.357424e-002 -5.987049e-001 4.000000e+000
      vertex 4.718864e-002 -7.089377e-001 4.000000e+000
      vertex 1.511001e-001 -5.834861e-001 4.000000e+000
    endloop 
  endfacet
  facet normal -4.610547E-002 9.957010E-001 -8.033580E-002
    outer loop 
      vertex 2.631227e-001 5.140792e-001 2.693585e-001
      vertex 3.339264e-001 5.273578e-001 3.933025e-001
      vertex 3.826219e-001 5.186732e-001 2.577163e-001
    endloop 
  endfacet
  facet normal -6.050064E-002 9.945057E-001 -8.542922E-002
    outer loop 
      vertex 4.677548e-001 5.292419e-001 3.204584e-001
      vertex 3.826219e-001 5.186732e-001 2.577163e-001
      vertex 3.339264e-001 5.273578e-001 3.933025e-001
    endloop 
  endfacet
  facet normal -3.923142E-002 9.927075E-001 -1.139859E-001
    outer loop 
      vertex 3.826219e-001 5.186732e-001 2.577163e-001
      vertex 4.677548e-001 5.292419e-001 3.204584e-001
      vertex 4.871242e-001 5.116127e-001 1.602585e-001
    endloop 
  endfacet
  facet normal -6.365648E-001 -7.607683E-001 -1.265576E-001
    outer loop 
      vertex -7.080930e-001 -2.361184e-002 3.838996e+000
      vertex -5.836037e-001 -1.545607e-001 4.000000e+000
      vertex -7.081547e-001 -5.034393e-002 4.000000e+000
    endloop 
  endfacet
  facet normal -2.229916E-001 9.692830E-001 1.037551E-001
    outer loop 
      vertex -4.382403e-001 4.129007e-001 1.073061e+000
      vertex -5.887366e-001 3.903580e-001 9.602077e-001
      vertex -6.016186e-001 3.702638e-001 1.120242e+000
    endloop 
  endfacet
  facet normal -9.711830E-001 -2.139404E-001 -1.050382E-001
    outer loop 
      vertex -5.887366e-001 3.903580e-001 9.602077e-001
      vertex -5.645307e-001 2.327724e-001 1.057368e+000
      vertex -6.016186e-001 3.702638e-001 1.120242e+000
    endloop 
  endfacet
  facet normal 2.691394E-002 -9.969472E-001 -7.329404E-002
    outer loop 
      vertex -2.049502e-001 -5.075338e-001 1.882122e-001
      vertex -3.037216e-001 -5.209432e-001 3.343375e-001
      vertex -3.741465e-001 -5.100183e-001 1.598759e-001
    endloop 
  endfacet
  facet normal 5.528250E-002 -9.948789E-001 -8.461607E-002
    outer loop 
      vertex -3.741465e-001 -5.100183e-001 1.598759e-001
      vertex -3.037216e-001 -5.209432e-001 3.343375e-001
      vertex -4.683946e-001 -5.288968e-001 3.202659e-001
    endloop 
  endfacet
  facet normal 2.410054E-002 -9.981177E-001 -5.639257E-002
    outer loop 
      vertex -3.333333e-001 -5.000000e-001 0.000000e+000
      vertex -2.049502e-001 -5.075338e-001 1.882122e-001
      vertex -3.741465e-001 -5.100183e-001 1.598759e-001
    endloop 
  endfacet
  facet normal 8.960760E-003 -9.937019E-001 -1.116970E-001
    outer loop 
      vertex -4.874004e-001 -5.111563e-001 1.609146e-001
      vertex -3.741465e-001 -5.100183e-001 1.598759e-001
      vertex -4.683946e-001 -5.288968e-001 3.202659e-001
    endloop 
  endfacet
  facet normal 9.382446E-003 -9.975104E-001 -6.989272E-002
    outer loop 
      vertex -4.874004e-001 -5.111563e-001 1.609146e-001
      vertex -5.000000e-001 -5.000000e-001 0.000000e+000
      vertex -3.741465e-001 -5.100183e-001 1.598759e-001
    endloop 
  endfacet
  facet normal 0.000000E+000 -9.980424E-001 -6.254025E-002
    outer loop 
      vertex -5.000000e-001 -5.000000e-001 0.000000e+000
      vertex -3.333333e-001 -5.000000e-001 0.000000e+000
      vertex -3.741465e-001 -5.100183e-001 1.598759e-001
    endloop 
  endfacet
  facet normal -9.086155E-001 -4.041314E-001 -1.053365E-001
    outer loop 
      vertex -6.647778e-001 2.399649e-001 2.080116e+000
      vertex -6.561940e-001 2.624177e-001 1.919931e+000
      vertex -5.714251e-001 5.084261e-002 2.000453e+000
    endloop 
  endfacet
  facet normal -4.760511E-001 8.731770E-001 1.045815E-001
    outer loop 
      vertex -6.725537e-001 2.169087e-001 2.240048e+000
      vertex -6.796269e-001 1.938680e-001 2.400224e+000
      vertex -5.219461e-001 2.851142e-001 2.356144e+000
    endloop 
  endfacet
  facet normal -8.137622E-001 -5.717489E-001 -1.043763E-001
    outer loop 
      vertex -6.015334e-001 -1.787338e-002 2.916879e+000
      vertex -7.000700e-001 9.987155e-002 3.040134e+000
      vertex -6.961722e-001 1.235452e-001 2.880066e+000
    endloop 
  endfacet
  facet normal 8.993568E-001 4.360094E-001 3.245239E-002
    outer loop 
      vertex 4.289636e-001 2.584969e-001 2.133687e+000
      vertex 3.982002e-001 3.339089e-001 1.973049e+000
      vertex 3.517496e-001 4.145772e-001 2.176532e+000
    endloop 
  endfacet
  facet normal 9.162992E-001 4.003012E-001 1.244444E-002
    outer loop 
      vertex 4.683353e-001 1.739815e-001 1.953311e+000
      vertex 3.982002e-001 3.339089e-001 1.973049e+000
      vertex 4.289636e-001 2.584969e-001 2.133687e+000
    endloop 
  endfacet
  facet normal 9.297346E-001 3.667562E-001 3.291582E-002
    outer loop 
      vertex 3.982002e-001 3.339089e-001 1.973049e+000
      vertex 4.405331e-001 2.434537e-001 1.785196e+000
      vertex 3.748083e-001 4.086180e-001 1.801345e+000
    endloop 
  endfacet
  facet normal 9.163448E-001 4.001517E-001 1.381779E-002
    outer loop 
      vertex 4.683353e-001 1.739815e-001 1.953311e+000
      vertex 4.405331e-001 2.434537e-001 1.785196e+000
      vertex 3.982002e-001 3.339089e-001 1.973049e+000
    endloop 
  endfacet
  facet normal 9.121419E-001 4.071946E-001 4.679424E-002
    outer loop 
      vertex 3.982002e-001 3.339089e-001 1.973049e+000
      vertex 3.240194e-001 4.947643e-001 2.019292e+000
      vertex 3.517496e-001 4.145772e-001 2.176532e+000
    endloop 
  endfacet
  facet normal 9.124757E-001 4.057810E-001 5.224684E-002
    outer loop 
      vertex 3.240194e-001 4.947643e-001 2.019292e+000
      vertex 3.982002e-001 3.339089e-001 1.973049e+000
      vertex 3.748083e-001 4.086180e-001 1.801345e+000
    endloop 
  endfacet
  facet normal 4.069603E-001 -9.127921E-001 -3.455281E-002
    outer loop 
      vertex -2.829078e-002 -5.603689e-001 1.989810e+000
      vertex 4.477751e-002 -5.234621e-001 1.875424e+000
      vertex 9.932929e-002 -5.041661e-001 2.008182e+000
    endloop 
  endfacet
  facet normal 3.751292E-001 -9.263440E-001 -3.412949E-002
    outer loop 
      vertex 4.477751e-002 -5.234621e-001 1.875424e+000
      vertex -6.169336e-002 -5.648327e-001 1.828050e+000
      vertex 4.381311e-002 -5.189277e-001 1.741752e+000
    endloop 
  endfacet
  facet normal 3.822476E-001 -9.225114E-001 -5.347483E-002
    outer loop 
      vertex 4.477751e-002 -5.234621e-001 1.875424e+000
      vertex -2.829078e-002 -5.603689e-001 1.989810e+000
      vertex -6.169336e-002 -5.648327e-001 1.828050e+000
    endloop 
  endfacet
  facet normal 3.824092E-001 -9.237098E-001 -2.287768E-002
    outer loop 
      vertex 1.513920e-001 -4.787154e-001 1.850835e+000
      vertex 9.932929e-002 -5.041661e-001 2.008182e+000
      vertex 4.477751e-002 -5.234621e-001 1.875424e+000
    endloop 
  endfacet
  facet normal 3.800800E-001 -9.243250E-001 -3.409671E-002
    outer loop 
      vertex 1.513920e-001 -4.787154e-001 1.850835e+000
      vertex 4.477751e-002 -5.234621e-001 1.875424e+000
      vertex 4.381311e-002 -5.189277e-001 1.741752e+000
    endloop 
  endfacet
  facet normal -9.969486E-001 0.000000E+000 7.806090E-002
    outer loop 
      vertex -4.874004e-001 -5.111563e-001 1.609146e-001
      vertex -5.000000e-001 -3.333333e-001 0.000000e+000
      vertex -5.000000e-001 -5.000000e-001 0.000000e+000
    endloop 
  endfacet
  facet normal 9.168007E-001 3.935009E-001 -6.806935E-002
    outer loop 
      vertex 6.009800e-001 -1.355542e-001 1.926812e+000
      vertex 5.372292e-001 1.403429e-002 1.932930e+000
      vertex 5.910321e-001 -8.526655e-002 2.083535e+000
    endloop 
  endfacet
  facet normal 9.178535E-001 3.933406E-001 -5.317887E-002
    outer loop 
      vertex 6.009800e-001 -1.355542e-001 1.926812e+000
      vertex 5.577218e-001 -5.256404e-002 1.794029e+000
      vertex 5.372292e-001 1.403429e-002 1.932930e+000
    endloop 
  endfacet
  facet normal 9.036918E-001 4.261313E-001 -4.187162E-002
    outer loop 
      vertex 5.372292e-001 1.403429e-002 1.932930e+000
      vertex 5.103703e-001 8.747500e-002 2.100662e+000
      vertex 5.910321e-001 -8.526655e-002 2.083535e+000
    endloop 
  endfacet
  facet normal 9.167910E-001 3.984099E-001 -2.763630E-002
    outer loop 
      vertex 4.683353e-001 1.739815e-001 1.953311e+000
      vertex 5.103703e-001 8.747500e-002 2.100662e+000
      vertex 5.372292e-001 1.403429e-002 1.932930e+000
    endloop 
  endfacet
  facet normal -8.339762E-001 -5.418779E-001 1.041729E-001
    outer loop 
      vertex -2.462128e-001 -5.430937e-001 2.719861e+000
      vertex -1.493279e-001 -6.922001e-001 2.719883e+000
      vertex -1.262848e-001 -6.968476e-001 2.880184e+000
    endloop 
  endfacet
  facet normal 0.000000E+000 0.000000E+000 -1.000000E+000
    outer loop 
      vertex 5.137601e-003 2.877174e-001 0.000000e+000
      vertex 2.232202e-002 1.391538e-001 0.000000e+000
      vertex -1.085704e-001 1.559337e-001 0.000000e+000
    endloop 
  endfacet
  facet normal 0.000000E+000 0.000000E+000 -1.000000E+000
    outer loop 
      vertex 2.232202e-002 1.391538e-001 0.000000e+000
      vertex 1.016581e-003 2.434756e-002 0.000000e+000
      vertex -1.085704e-001 1.559337e-001 0.000000e+000
    endloop 
  endfacet
  facet normal 0.000000E+000 0.000000E+000 -1.000000E+000
    outer loop 
      vertex 1.266406e-001 8.004968e-002 0.000000e+000
      vertex 1.016581e-003 2.434756e-002 0.000000e+000
      vertex 2.232202e-002 1.391538e-001 0.000000e+000
    endloop 
  endfacet
  facet normal 0.000000E+000 0.000000E+000 -1.000000E+000
    outer loop 
      vertex 2.232202e-002 1.391538e-001 0.000000e+000
      vertex 1.315549e-001 2.099927e-001 0.000000e+000
      vertex 1.266406e-001 8.004968e-002 0.000000e+000
    endloop 
  endfacet
  facet normal 0.000000E+000 0.000000E+000 -1.000000E+000
    outer loop 
      vertex 5.137601e-003 2.877174e-001 0.000000e+000
      vertex 1.315549e-001 2.099927e-001 0.000000e+000
      vertex 2.232202e-002 1.391538e-001 0.000000e+000
    endloop 
  endfacet
  facet normal 4.910881E-001 -8.649464E-001 -1.034414E-001
    outer loop 
      vertex -1.730374e-001 -6.864722e-001 2.559611e+000
      vertex -1.957128e-001 -6.802467e-001 2.399904e+000
      vertex -2.250579e-002 -5.891623e-001 2.460583e+000
    endloop 
  endfacet
  facet normal 0.000000E+000 0.000000E+000 -1.000000E+000
    outer loop 
      vertex 1.263364e-001 -4.950204e-002 0.000000e+000
      vertex 2.463146e-001 -1.167427e-001 0.000000e+000
      vertex 1.197696e-001 -1.840909e-001 0.000000e+000
    endloop 
  endfacet
  facet normal 0.000000E+000 0.000000E+000 -1.000000E+000
    outer loop 
      vertex 2.514290e-001 2.113478e-002 0.000000e+000
      vertex 2.463146e-001 -1.167427e-001 0.000000e+000
      vertex 1.263364e-001 -4.950204e-002 0.000000e+000
    endloop 
  endfacet
  facet normal 0.000000E+000 0.000000E+000 -1.000000E+000
    outer loop 
      vertex 2.514290e-001 2.113478e-002 0.000000e+000
      vertex 1.263364e-001 -4.950204e-002 0.000000e+000
      vertex 1.266406e-001 8.004968e-002 0.000000e+000
    endloop 
  endfacet
  facet normal 0.000000E+000 0.000000E+000 -1.000000E+000
    outer loop 
      vertex 1.266406e-001 8.004968e-002 0.000000e+000
      vertex 1.263364e-001 -4.950204e-002 0.000000e+000
      vertex 1.016581e-003 2.434756e-002 0.000000e+000
    endloop 
  endfacet
  facet normal 0.000000E+000 0.000000E+000 -1.000000E+000
    outer loop 
      vertex -1.117158e-003 -1.113729e-001 0.000000e+000
      vertex 1.263364e-001 -4.950204e-002 0.000000e+000
      vertex 1.197696e-001 -1.840909e-001 0.000000e+000
    endloop 
  endfacet
  facet normal 0.000000E+000 0.000000E+000 -1.000000E+000
    outer loop 
      vertex 1.016581e-003 2.434756e-002 0.000000e+000
      vertex 1.263364e-001 -4.950204e-002 0.000000e+000
      vertex -1.117158e-003 -1.113729e-001 0.000000e+000
    endloop 
  endfacet
  facet normal -9.682268E-001 -2.281617E-001 1.023674E-001
    outer loop 
      vertex -3.709858e-001 -6.016960e-001 1.119690e+000
      vertex -4.108077e-001 -4.421320e-001 1.098685e+000
      vertex -3.909225e-001 -5.888171e-001 9.598268e-001
    endloop 
  endfacet
  facet normal 0.000000E+000 0.000000E+000 -1.000000E+000
    outer loop 
      vertex 1.274870e-001 3.588903e-001 0.000000e+000
      vertex 1.315549e-001 2.099927e-001 0.000000e+000
      vertex 5.137601e-003 2.877174e-001 0.000000e+000
    endloop 
  endfacet
  facet normal 0.000000E+000 0.000000E+000 -1.000000E+000
    outer loop 
      vertex 2.514211e-001 2.763562e-001 0.000000e+000
      vertex 1.315549e-001 2.099927e-001 0.000000e+000
      vertex 1.274870e-001 3.588903e-001 0.000000e+000
    endloop 
  endfacet
  facet normal 0.000000E+000 0.000000E+000 -1.000000E+000
    outer loop 
      vertex 1.315549e-001 2.099927e-001 0.000000e+000
      vertex 2.504312e-001 1.480949e-001 0.000000e+000
      vertex 1.266406e-001 8.004968e-002 0.000000e+000
    endloop 
  endfacet
  facet normal 0.000000E+000 0.000000E+000 -1.000000E+000
    outer loop 
      vertex 2.514211e-001 2.763562e-001 0.000000e+000
      vertex 2.504312e-001 1.480949e-001 0.000000e+000
      vertex 1.315549e-001 2.099927e-001 0.000000e+000
    endloop 
  endfacet
  facet normal 0.000000E+000 0.000000E+000 1.000000E+000
    outer loop 
      vertex 5.811327e-001 1.507170e-001 4.000000e+000
      vertex 4.587594e-001 2.588869e-001 4.000000e+000
      vertex 4.002312e-001 8.258642e-002 4.000000e+000
    endloop 
  endfacet
  facet normal 0.000000E+000 0.000000E+000 1.000000E+000
    outer loop 
      vertex -4.967250e-002 -1.461948e-001 4.000000e+000
      vertex 8.707485e-002 -9.350780e-002 4.000000e+000
      vertex -3.265924e-003 -3.639275e-003 4.000000e+000
    endloop 
  endfacet
  facet normal 0.000000E+000 0.000000E+000 1.000000E+000
    outer loop 
      vertex 1.910882e-001 -4.311508e-002 4.000000e+000
      vertex 8.707485e-002 -9.350780e-002 4.000000e+000
      vertex 2.069836e-001 -1.998208e-001 4.000000e+000
    endloop 
  endfacet
  facet normal 0.000000E+000 0.000000E+000 1.000000E+000
    outer loop 
      vertex -4.967250e-002 -1.461948e-001 4.000000e+000
      vertex 5.199870e-002 -2.474658e-001 4.000000e+000
      vertex 8.707485e-002 -9.350780e-002 4.000000e+000
    endloop 
  endfacet
  facet normal 0.000000E+000 0.000000E+000 1.000000E+000
    outer loop 
      vertex 5.199870e-002 -2.474658e-001 4.000000e+000
      vertex 2.069836e-001 -1.998208e-001 4.000000e+000
      vertex 8.707485e-002 -9.350780e-002 4.000000e+000
    endloop 
  endfacet
  facet normal 0.000000E+000 0.000000E+000 1.000000E+000
    outer loop 
      vertex 1.910882e-001 -4.311508e-002 4.000000e+000
      vertex 9.967659e-002 6.083629e-002 4.000000e+000
      vertex 8.707485e-002 -9.350780e-002 4.000000e+000
    endloop 
  endfacet
  facet normal 0.000000E+000 0.000000E+000 1.000000E+000
    outer loop 
      vertex 9.967659e-002 6.083629e-002 4.000000e+000
      vertex -3.265924e-003 -3.639275e-003 4.000000e+000
      vertex 8.707485e-002 -9.350780e-002 4.000000e+000
    endloop 
  endfacet
  facet normal 9.638975E-001 2.445537E-001 1.053340E-001
    outer loop 
      vertex 3.495276e-001 6.131914e-001 1.280834e+000
      vertex 4.027689e-001 4.480093e-001 1.177134e+000
      vertex 3.701112e-001 6.011857e-001 1.120351e+000
    endloop 
  endfacet
  facet normal 9.048561E-001 4.123788E-001 1.057309E-001
    outer loop 
      vertex 2.627173e-001 6.545607e-001 1.920673e+000
      vertex 2.401034e-001 6.631213e-001 2.080817e+000
      vertex 3.240194e-001 4.947643e-001 2.019292e+000
    endloop 
  endfacet
  facet normal 0.000000E+000 0.000000E+000 1.000000E+000
    outer loop 
      vertex 3.383662e-001 -1.064250e-001 4.000000e+000
      vertex 2.411994e-001 8.204564e-002 4.000000e+000
      vertex 1.910882e-001 -4.311508e-002 4.000000e+000
    endloop 
  endfacet
  facet normal 0.000000E+000 0.000000E+000 1.000000E+000
    outer loop 
      vertex 2.411994e-001 8.204564e-002 4.000000e+000
      vertex 3.383662e-001 -1.064250e-001 4.000000e+000
      vertex 4.002312e-001 8.258642e-002 4.000000e+000
    endloop 
  endfacet
  facet normal 0.000000E+000 0.000000E+000 1.000000E+000
    outer loop 
      vertex 3.023858e-001 2.187656e-001 4.000000e+000
      vertex 1.243331e-001 2.052802e-001 4.000000e+000
      vertex 2.411994e-001 8.204564e-002 4.000000e+000
    endloop 
  endfacet
  facet normal 0.000000E+000 0.000000E+000 1.000000E+000
    outer loop 
      vertex 3.023858e-001 2.187656e-001 4.000000e+000
      vertex 2.411994e-001 8.204564e-002 4.000000e+000
      vertex 4.002312e-001 8.258642e-002 4.000000e+000
    endloop 
  endfacet
  facet normal 0.000000E+000 0.000000E+000 1.000000E+000
    outer loop 
      vertex 9.967659e-002 6.083629e-002 4.000000e+000
      vertex 1.910882e-001 -4.311508e-002 4.000000e+000
      vertex 2.411994e-001 8.204564e-002 4.000000e+000
    endloop 
  endfacet
  facet normal 0.000000E+000 0.000000E+000 1.000000E+000
    outer loop 
      vertex 9.967659e-002 6.083629e-002 4.000000e+000
      vertex 2.411994e-001 8.204564e-002 4.000000e+000
      vertex 1.243331e-001 2.052802e-001 4.000000e+000
    endloop 
  endfacet
  facet normal 0.000000E+000 0.000000E+000 1.000000E+000
    outer loop 
      vertex 5.199870e-002 -2.474658e-001 4.000000e+000
      vertex -4.967250e-002 -1.461948e-001 4.000000e+000
      vertex -1.293030e-001 -3.095114e-001 4.000000e+000
    endloop 
  endfacet
  facet normal 0.000000E+000 0.000000E+000 1.000000E+000
    outer loop 
      vertex -2.244785e-002 -4.126758e-001 4.000000e+000
      vertex 5.199870e-002 -2.474658e-001 4.000000e+000
      vertex -1.293030e-001 -3.095114e-001 4.000000e+000
    endloop 
  endfacet
  facet normal 0.000000E+000 0.000000E+000 1.000000E+000
    outer loop 
      vertex 5.199870e-002 -2.474658e-001 4.000000e+000
      vertex 1.683206e-001 -3.444521e-001 4.000000e+000
      vertex 2.069836e-001 -1.998208e-001 4.000000e+000
    endloop 
  endfacet
  facet normal 0.000000E+000 0.000000E+000 1.000000E+000
    outer loop 
      vertex 1.683206e-001 -3.444521e-001 4.000000e+000
      vertex 5.199870e-002 -2.474658e-001 4.000000e+000
      vertex -2.244785e-002 -4.126758e-001 4.000000e+000
    endloop 
  endfacet
  facet normal 9.698339E-001 2.194672E-001 -1.060964E-001
    outer loop 
      vertex 5.584490e-001 -1.987619e-001 1.084581e+000
      vertex 6.012664e-001 -3.707849e-001 1.120136e+000
      vertex 5.883258e-001 -3.910667e-001 9.598917e-001
    endloop 
  endfacet
  facet normal 0.000000E+000 0.000000E+000 1.000000E+000
    outer loop 
      vertex 1.243331e-001 2.052802e-001 4.000000e+000
      vertex -4.305924e-002 1.481797e-001 4.000000e+000
      vertex 9.967659e-002 6.083629e-002 4.000000e+000
    endloop 
  endfacet
  facet normal 0.000000E+000 0.000000E+000 1.000000E+000
    outer loop 
      vertex -4.305924e-002 1.481797e-001 4.000000e+000
      vertex -3.265924e-003 -3.639275e-003 4.000000e+000
      vertex 9.967659e-002 6.083629e-002 4.000000e+000
    endloop 
  endfacet
  facet normal 4.119544E-001 -9.052790E-001 1.037465E-001
    outer loop 
      vertex 6.551468e-001 -2.639166e-001 1.920528e+000
      vertex 6.634544e-001 -2.418148e-001 2.080398e+000
      vertex 4.975978e-001 -3.245692e-001 2.016873e+000
    endloop 
  endfacet
  facet normal 4.774395E-001 -8.726445E-001 1.026799E-001
    outer loop 
      vertex 5.186177e-001 -2.882143e-001 2.362957e+000
      vertex 6.712984e-001 -2.191448e-001 2.240025e+000
      vertex 6.780510e-001 -1.965542e-001 2.400617e+000
    endloop 
  endfacet
  facet normal 8.728914E-001 4.767522E-001 -1.037680E-001
    outer loop 
      vertex 6.093535e-001 -7.221133e-002 2.394019e+000
      vertex 6.780510e-001 -1.965542e-001 2.400617e+000
      vertex 6.712984e-001 -2.191448e-001 2.240025e+000
    endloop 
  endfacet
  facet normal 8.887188E-001 4.524121E-001 -7.417718E-002
    outer loop 
      vertex 6.093535e-001 -7.221133e-002 2.394019e+000
      vertex 6.712984e-001 -2.191448e-001 2.240025e+000
      vertex 5.649623e-001 -1.031634e-002 2.239669e+000
    endloop 
  endfacet
  facet normal 8.729206E-001 4.767908E-001 -1.033445E-001
    outer loop 
      vertex 6.780510e-001 -1.965542e-001 2.400617e+000
      vertex 6.093535e-001 -7.221133e-002 2.394019e+000
      vertex 6.842579e-001 -1.732841e-001 2.560405e+000
    endloop 
  endfacet
  facet normal 5.629497E-001 -8.197915E-001 1.050220E-001
    outer loop 
      vertex 6.942947e-001 -1.266360e-001 2.880511e+000
      vertex 5.592780e-001 -2.241930e-001 2.842721e+000
      vertex 6.896728e-001 -1.502926e-001 2.720625e+000
    endloop 
  endfacet
  facet normal 0.000000E+000 0.000000E+000 -1.000000E+000
    outer loop 
      vertex -2.533354e-001 -3.212956e-002 0.000000e+000
      vertex -1.252241e-001 8.427107e-004 0.000000e+000
      vertex -1.298412e-001 -1.264382e-001 0.000000e+000
    endloop 
  endfacet
  facet normal 0.000000E+000 0.000000E+000 -1.000000E+000
    outer loop 
      vertex -1.085704e-001 1.559337e-001 0.000000e+000
      vertex 1.016581e-003 2.434756e-002 0.000000e+000
      vertex -1.252241e-001 8.427107e-004 0.000000e+000
    endloop 
  endfacet
  facet normal 0.000000E+000 0.000000E+000 -1.000000E+000
    outer loop 
      vertex -1.298412e-001 -1.264382e-001 0.000000e+000
      vertex -1.252241e-001 8.427107e-004 0.000000e+000
      vertex -1.117158e-003 -1.113729e-001 0.000000e+000
    endloop 
  endfacet
  facet normal 0.000000E+000 0.000000E+000 -1.000000E+000
    outer loop 
      vertex -1.252241e-001 8.427107e-004 0.000000e+000
      vertex 1.016581e-003 2.434756e-002 0.000000e+000
      vertex -1.117158e-003 -1.113729e-001 0.000000e+000
    endloop 
  endfacet
  facet normal 0.000000E+000 0.000000E+000 -1.000000E+000
    outer loop 
      vertex -1.252241e-001 8.427107e-004 0.000000e+000
      vertex -2.481997e-001 1.045120e-001 0.000000e+000
      vertex -1.085704e-001 1.559337e-001 0.000000e+000
    endloop 
  endfacet
  facet normal 0.000000E+000 0.000000E+000 -1.000000E+000
    outer loop 
      vertex -2.481997e-001 1.045120e-001 0.000000e+000
      vertex -1.252241e-001 8.427107e-004 0.000000e+000
      vertex -2.533354e-001 -3.212956e-002 0.000000e+000
    endloop 
  endfacet
  facet normal -4.333124E-001 9.012117E-001 -7.603989E-003
    outer loop 
      vertex -1.651096e-001 4.752551e-001 2.192215e+000
      vertex -1.921117e-001 4.608639e-001 2.025303e+000
      vertex -3.388743e-001 3.911240e-001 2.123104e+000
    endloop 
  endfacet
  facet normal -4.259620E-001 9.046953E-001 -9.093452E-003
    outer loop 
      vertex -1.921117e-001 4.608639e-001 2.025303e+000
      vertex -1.651096e-001 4.752551e-001 2.192215e+000
      vertex -1.513338e-002 5.449052e-001 2.096315e+000
    endloop 
  endfacet
  facet normal -4.102769E-001 9.113206E-001 3.417226E-002
    outer loop 
      vertex -3.388743e-001 3.911240e-001 2.123104e+000
      vertex -1.921117e-001 4.608639e-001 2.025303e+000
      vertex -3.675818e-001 3.845121e-001 1.954767e+000
    endloop 
  endfacet
  facet normal -4.012561E-001 9.159412E-001 6.729700E-003
    outer loop 
      vertex -1.921117e-001 4.608639e-001 2.025303e+000
      vertex -2.415272e-001 4.404884e-001 1.852117e+000
      vertex -3.675818e-001 3.845121e-001 1.954767e+000
    endloop 
  endfacet
  facet normal -3.882168E-001 9.215651E-001 2.347544E-003
    outer loop 
      vertex -1.921117e-001 4.608639e-001 2.025303e+000
      vertex -7.848270e-002 5.090237e-001 1.910394e+000
      vertex -2.415272e-001 4.404884e-001 1.852117e+000
    endloop 
  endfacet
  facet normal -4.179587E-001 9.078737E-001 -3.280114E-002
    outer loop 
      vertex -1.921117e-001 4.608639e-001 2.025303e+000
      vertex -1.513338e-002 5.449052e-001 2.096315e+000
      vertex -7.848270e-002 5.090237e-001 1.910394e+000
    endloop 
  endfacet
  facet normal 0.000000E+000 0.000000E+000 -1.000000E+000
    outer loop 
      vertex -1.298412e-001 -1.264382e-001 0.000000e+000
      vertex -1.117158e-003 -1.113729e-001 0.000000e+000
      vertex -1.770479e-002 -2.319069e-001 0.000000e+000
    endloop 
  endfacet
  facet normal 0.000000E+000 0.000000E+000 -1.000000E+000
    outer loop 
      vertex -1.117158e-003 -1.113729e-001 0.000000e+000
      vertex 1.197696e-001 -1.840909e-001 0.000000e+000
      vertex -1.770479e-002 -2.319069e-001 0.000000e+000
    endloop 
  endfacet
  facet normal 0.000000E+000 0.000000E+000 1.000000E+000
    outer loop 
      vertex -4.967250e-002 -1.461948e-001 4.000000e+000
      vertex -1.163351e-001 -1.290093e-002 4.000000e+000
      vertex -2.005809e-001 -1.825204e-001 4.000000e+000
    endloop 
  endfacet
  facet normal 0.000000E+000 0.000000E+000 1.000000E+000
    outer loop 
      vertex -4.967250e-002 -1.461948e-001 4.000000e+000
      vertex -3.265924e-003 -3.639275e-003 4.000000e+000
      vertex -1.163351e-001 -1.290093e-002 4.000000e+000
    endloop 
  endfacet
  facet normal 0.000000E+000 0.000000E+000 1.000000E+000
    outer loop 
      vertex -2.005809e-001 -1.825204e-001 4.000000e+000
      vertex -1.163351e-001 -1.290093e-002 4.000000e+000
      vertex -2.451078e-001 -3.501390e-002 4.000000e+000
    endloop 
  endfacet
  facet normal 0.000000E+000 0.000000E+000 1.000000E+000
    outer loop 
      vertex -1.163351e-001 -1.290093e-002 4.000000e+000
      vertex -1.965821e-001 1.163266e-001 4.000000e+000
      vertex -2.451078e-001 -3.501390e-002 4.000000e+000
    endloop 
  endfacet
  facet normal 0.000000E+000 0.000000E+000 1.000000E+000
    outer loop 
      vertex -4.305924e-002 1.481797e-001 4.000000e+000
      vertex -1.965821e-001 1.163266e-001 4.000000e+000
      vertex -1.163351e-001 -1.290093e-002 4.000000e+000
    endloop 
  endfacet
  facet normal 0.000000E+000 0.000000E+000 1.000000E+000
    outer loop 
      vertex -4.305924e-002 1.481797e-001 4.000000e+000
      vertex -1.163351e-001 -1.290093e-002 4.000000e+000
      vertex -3.265924e-003 -3.639275e-003 4.000000e+000
    endloop 
  endfacet
  facet normal 0.000000E+000 0.000000E+000 1.000000E+000
    outer loop 
      vertex -4.327069e-001 8.974987e-002 4.000000e+000
      vertex -3.109618e-001 7.086466e-002 4.000000e+000
      vertex -3.244267e-001 1.988409e-001 4.000000e+000
    endloop 
  endfacet
  facet normal 0.000000E+000 0.000000E+000 1.000000E+000
    outer loop 
      vertex -3.823768e-001 -3.226316e-002 4.000000e+000
      vertex -3.109618e-001 7.086466e-002 4.000000e+000
      vertex -4.327069e-001 8.974987e-002 4.000000e+000
    endloop 
  endfacet
  facet normal 0.000000E+000 0.000000E+000 1.000000E+000
    outer loop 
      vertex -3.109618e-001 7.086466e-002 4.000000e+000
      vertex -1.965821e-001 1.163266e-001 4.000000e+000
      vertex -3.244267e-001 1.988409e-001 4.000000e+000
    endloop 
  endfacet
  facet normal 0.000000E+000 0.000000E+000 1.000000E+000
    outer loop 
      vertex -1.965821e-001 1.163266e-001 4.000000e+000
      vertex -3.109618e-001 7.086466e-002 4.000000e+000
      vertex -2.451078e-001 -3.501390e-002 4.000000e+000
    endloop 
  endfacet
  facet normal 0.000000E+000 0.000000E+000 1.000000E+000
    outer loop 
      vertex -3.109618e-001 7.086466e-002 4.000000e+000
      vertex -3.823768e-001 -3.226316e-002 4.000000e+000
      vertex -2.451078e-001 -3.501390e-002 4.000000e+000
    endloop 
  endfacet
  facet normal 0.000000E+000 0.000000E+000 -1.000000E+000
    outer loop 
      vertex -2.201840e-001 -3.768720e-001 0.000000e+000
      vertex -1.530924e-001 -2.499652e-001 0.000000e+000
      vertex -6.641074e-002 -3.674450e-001 0.000000e+000
    endloop 
  endfacet
  facet normal 0.000000E+000 0.000000E+000 -1.000000E+000
    outer loop 
      vertex -2.751296e-001 -2.709708e-001 0.000000e+000
      vertex -1.530924e-001 -2.499652e-001 0.000000e+000
      vertex -2.201840e-001 -3.768720e-001 0.000000e+000
    endloop 
  endfacet
  facet normal 0.000000E+000 0.000000E+000 -1.000000E+000
    outer loop 
      vertex -6.641074e-002 -3.674450e-001 0.000000e+000
      vertex -1.530924e-001 -2.499652e-001 0.000000e+000
      vertex -1.770479e-002 -2.319069e-001 0.000000e+000
    endloop 
  endfacet
  facet normal 0.000000E+000 0.000000E+000 -1.000000E+000
    outer loop 
      vertex -1.770479e-002 -2.319069e-001 0.000000e+000
      vertex -1.530924e-001 -2.499652e-001 0.000000e+000
      vertex -1.298412e-001 -1.264382e-001 0.000000e+000
    endloop 
  endfacet
  facet normal 0.000000E+000 0.000000E+000 -1.000000E+000
    outer loop 
      vertex -1.530924e-001 -2.499652e-001 0.000000e+000
      vertex -2.574150e-001 -1.560270e-001 0.000000e+000
      vertex -1.298412e-001 -1.264382e-001 0.000000e+000
    endloop 
  endfacet
  facet normal 0.000000E+000 0.000000E+000 -1.000000E+000
    outer loop 
      vertex -2.751296e-001 -2.709708e-001 0.000000e+000
      vertex -2.574150e-001 -1.560270e-001 0.000000e+000
      vertex -1.530924e-001 -2.499652e-001 0.000000e+000
    endloop 
  endfacet
  facet normal -9.123954E-001 -4.066361E-001 4.670861E-002
    outer loop 
      vertex -3.566324e-001 -4.121859e-001 2.152235e+000
      vertex -4.237936e-001 -2.792453e-001 1.997678e+000
      vertex -3.663808e-001 -4.119694e-001 1.963697e+000
    endloop 
  endfacet
  facet normal 0.000000E+000 0.000000E+000 -1.000000E+000
    outer loop 
      vertex -3.818465e-001 -2.199804e-001 0.000000e+000
      vertex -3.789835e-001 -8.326499e-002 0.000000e+000
      vertex -2.574150e-001 -1.560270e-001 0.000000e+000
    endloop 
  endfacet
  facet normal 0.000000E+000 0.000000E+000 -1.000000E+000
    outer loop 
      vertex -3.818465e-001 -2.199804e-001 0.000000e+000
      vertex -2.574150e-001 -1.560270e-001 0.000000e+000
      vertex -2.751296e-001 -2.709708e-001 0.000000e+000
    endloop 
  endfacet
  facet normal 0.000000E+000 0.000000E+000 -1.000000E+000
    outer loop 
      vertex -2.574150e-001 -1.560270e-001 0.000000e+000
      vertex -3.789835e-001 -8.326499e-002 0.000000e+000
      vertex -2.533354e-001 -3.212956e-002 0.000000e+000
    endloop 
  endfacet
  facet normal 0.000000E+000 0.000000E+000 -1.000000E+000
    outer loop 
      vertex -2.574150e-001 -1.560270e-001 0.000000e+000
      vertex -2.533354e-001 -3.212956e-002 0.000000e+000
      vertex -1.298412e-001 -1.264382e-001 0.000000e+000
    endloop 
  endfacet
  facet normal 0.000000E+000 0.000000E+000 -1.000000E+000
    outer loop 
      vertex -1.666667e-001 5.000000e-001 0.000000e+000
      vertex -1.229551e-001 3.372158e-001 0.000000e+000
      vertex -2.453599e-001 3.902999e-001 0.000000e+000
    endloop 
  endfacet
  facet normal 0.000000E+000 0.000000E+000 -1.000000E+000
    outer loop 
      vertex -2.457781e-001 2.525930e-001 0.000000e+000
      vertex -2.453599e-001 3.902999e-001 0.000000e+000
      vertex -1.229551e-001 3.372158e-001 0.000000e+000
    endloop 
  endfacet
  facet normal 0.000000E+000 0.000000E+000 -1.000000E+000
    outer loop 
      vertex -1.229551e-001 3.372158e-001 0.000000e+000
      vertex 5.137601e-003 2.877174e-001 0.000000e+000
      vertex -1.085704e-001 1.559337e-001 0.000000e+000
    endloop 
  endfacet
  facet normal 0.000000E+000 0.000000E+000 -1.000000E+000
    outer loop 
      vertex -1.085704e-001 1.559337e-001 0.000000e+000
      vertex -2.457781e-001 2.525930e-001 0.000000e+000
      vertex -1.229551e-001 3.372158e-001 0.000000e+000
    endloop 
  endfacet
  facet normal 0.000000E+000 0.000000E+000 -1.000000E+000
    outer loop 
      vertex -1.666667e-001 5.000000e-001 0.000000e+000
      vertex 0.000000e+000 5.000000e-001 0.000000e+000
      vertex -1.229551e-001 3.372158e-001 0.000000e+000
    endloop 
  endfacet
  facet normal 0.000000E+000 0.000000E+000 -1.000000E+000
    outer loop 
      vertex -1.229551e-001 3.372158e-001 0.000000e+000
      vertex 0.000000e+000 5.000000e-001 0.000000e+000
      vertex 5.137601e-003 2.877174e-001 0.000000e+000
    endloop 
  endfacet
  facet normal 0.000000E+000 0.000000E+000 -1.000000E+000
    outer loop 
      vertex -3.766828e-001 6.072977e-002 0.000000e+000
      vertex -3.758429e-001 2.112186e-001 0.000000e+000
      vertex -2.481997e-001 1.045120e-001 0.000000e+000
    endloop 
  endfacet
  facet normal 0.000000E+000 0.000000E+000 -1.000000E+000
    outer loop 
      vertex -3.758429e-001 2.112186e-001 0.000000e+000
      vertex -2.457781e-001 2.525930e-001 0.000000e+000
      vertex -2.481997e-001 1.045120e-001 0.000000e+000
    endloop 
  endfacet
  facet normal 0.000000E+000 0.000000E+000 -1.000000E+000
    outer loop 
      vertex -2.533354e-001 -3.212956e-002 0.000000e+000
      vertex -3.766828e-001 6.072977e-002 0.000000e+000
      vertex -2.481997e-001 1.045120e-001 0.000000e+000
    endloop 
  endfacet
  facet normal 0.000000E+000 0.000000E+000 -1.000000E+000
    outer loop 
      vertex -2.481997e-001 1.045120e-001 0.000000e+000
      vertex -2.457781e-001 2.525930e-001 0.000000e+000
      vertex -1.085704e-001 1.559337e-001 0.000000e+000
    endloop 
  endfacet
  facet normal 0.000000E+000 0.000000E+000 1.000000E+000
    outer loop 
      vertex -1.089731e-001 4.355339e-001 4.000000e+000
      vertex -2.622163e-001 4.579471e-001 4.000000e+000
      vertex -1.828064e-001 2.897010e-001 4.000000e+000
    endloop 
  endfacet
  facet normal 0.000000E+000 0.000000E+000 1.000000E+000
    outer loop 
      vertex -1.089731e-001 4.355339e-001 4.000000e+000
      vertex -1.828064e-001 2.897010e-001 4.000000e+000
      vertex -2.618730e-003 3.131523e-001 4.000000e+000
    endloop 
  endfacet
  facet normal 0.000000E+000 0.000000E+000 1.000000E+000
    outer loop 
      vertex -1.965821e-001 1.163266e-001 4.000000e+000
      vertex -1.828064e-001 2.897010e-001 4.000000e+000
      vertex -3.244267e-001 1.988409e-001 4.000000e+000
    endloop 
  endfacet
  facet normal 0.000000E+000 0.000000E+000 1.000000E+000
    outer loop 
      vertex -3.726669e-001 3.336301e-001 4.000000e+000
      vertex -3.244267e-001 1.988409e-001 4.000000e+000
      vertex -1.828064e-001 2.897010e-001 4.000000e+000
    endloop 
  endfacet
  facet normal 0.000000E+000 0.000000E+000 1.000000E+000
    outer loop 
      vertex -4.305924e-002 1.481797e-001 4.000000e+000
      vertex -1.828064e-001 2.897010e-001 4.000000e+000
      vertex -1.965821e-001 1.163266e-001 4.000000e+000
    endloop 
  endfacet
  facet normal 0.000000E+000 0.000000E+000 1.000000E+000
    outer loop 
      vertex -2.618730e-003 3.131523e-001 4.000000e+000
      vertex -1.828064e-001 2.897010e-001 4.000000e+000
      vertex -4.305924e-002 1.481797e-001 4.000000e+000
    endloop 
  endfacet
  facet normal 0.000000E+000 0.000000E+000 1.000000E+000
    outer loop 
      vertex -1.828064e-001 2.897010e-001 4.000000e+000
      vertex -2.622163e-001 4.579471e-001 4.000000e+000
      vertex -3.726669e-001 3.336301e-001 4.000000e+000
    endloop 
  endfacet
  facet normal 0.000000E+000 0.000000E+000 -1.000000E+000
    outer loop 
      vertex 3.775123e-001 2.188884e-001 0.000000e+000
      vertex 3.779213e-001 8.281100e-002 0.000000e+000
      vertex 2.504312e-001 1.480949e-001 0.000000e+000
    endloop 
  endfacet
  facet normal 0.000000E+000 0.000000E+000 -1.000000E+000
    outer loop 
      vertex 2.514211e-001 2.763562e-001 0.000000e+000
      vertex 3.775123e-001 2.188884e-001 0.000000e+000
      vertex 2.504312e-001 1.480949e-001 0.000000e+000
    endloop 
  endfacet
  facet normal 0.000000E+000 0.000000E+000 -1.000000E+000
    outer loop 
      vertex 2.504312e-001 1.480949e-001 0.000000e+000
      vertex 3.779213e-001 8.281100e-002 0.000000e+000
      vertex 2.514290e-001 2.113478e-002 0.000000e+000
    endloop 
  endfacet
  facet normal 0.000000E+000 0.000000E+000 -1.000000E+000
    outer loop 
      vertex 1.266406e-001 8.004968e-002 0.000000e+000
      vertex 2.504312e-001 1.480949e-001 0.000000e+000
      vertex 2.514290e-001 2.113478e-002 0.000000e+000
    endloop 
  endfacet
  facet normal 0.000000E+000 0.000000E+000 1.000000E+000
    outer loop 
      vertex -4.607731e-001 -2.624099e-001 4.000000e+000
      vertex -3.369967e-001 -1.722869e-001 4.000000e+000
      vertex -4.546188e-001 -1.274267e-001 4.000000e+000
    endloop 
  endfacet
  facet normal 0.000000E+000 0.000000E+000 1.000000E+000
    outer loop 
      vertex -3.369967e-001 -1.722869e-001 4.000000e+000
      vertex -3.823768e-001 -3.226316e-002 4.000000e+000
      vertex -4.546188e-001 -1.274267e-001 4.000000e+000
    endloop 
  endfacet
  facet normal 0.000000E+000 0.000000E+000 1.000000E+000
    outer loop 
      vertex -2.451078e-001 -3.501390e-002 4.000000e+000
      vertex -3.369967e-001 -1.722869e-001 4.000000e+000
      vertex -2.005809e-001 -1.825204e-001 4.000000e+000
    endloop 
  endfacet
  facet normal 0.000000E+000 0.000000E+000 1.000000E+000
    outer loop 
      vertex -3.369967e-001 -1.722869e-001 4.000000e+000
      vertex -2.451078e-001 -3.501390e-002 4.000000e+000
      vertex -3.823768e-001 -3.226316e-002 4.000000e+000
    endloop 
  endfacet
  facet normal 0.000000E+000 0.000000E+000 1.000000E+000
    outer loop 
      vertex -4.607731e-001 -2.624099e-001 4.000000e+000
      vertex -3.370266e-001 -3.733959e-001 4.000000e+000
      vertex -3.369967e-001 -1.722869e-001 4.000000e+000
    endloop 
  endfacet
  facet normal 0.000000E+000 0.000000E+000 1.000000E+000
    outer loop 
      vertex -3.370266e-001 -3.733959e-001 4.000000e+000
      vertex -2.005809e-001 -1.825204e-001 4.000000e+000
      vertex -3.369967e-001 -1.722869e-001 4.000000e+000
    endloop 
  endfacet
  facet normal -7.286018E-001 -6.843407E-001 2.858951E-002
    outer loop 
      vertex -3.327825e-001 -3.786825e-001 3.580284e+000
      vertex -2.169147e-001 -5.025756e-001 3.567565e+000
      vertex -2.677687e-001 -4.424053e-001 3.711838e+000
    endloop 
  endfacet
  facet normal -7.080539E-001 -7.061144E-001 7.887970E-003
    outer loop 
      vertex -3.327825e-001 -3.786825e-001 3.580284e+000
      vertex -2.677687e-001 -4.424053e-001 3.711838e+000
      vertex -3.752223e-001 -3.346310e-001 3.714125e+000
    endloop 
  endfacet
  facet normal -6.845222E-001 -7.286370E-001 2.274783E-002
    outer loop 
      vertex -2.997663e-001 -4.078310e-001 3.856425e+000
      vertex -2.677687e-001 -4.424053e-001 3.711838e+000
      vertex -1.882229e-001 -5.124098e-001 3.863191e+000
    endloop 
  endfacet
  facet normal -7.072008E-001 -7.055573E-001 4.534187E-002
    outer loop 
      vertex -2.677687e-001 -4.424053e-001 3.711838e+000
      vertex -1.605404e-001 -5.488226e-001 3.728343e+000
      vertex -1.882229e-001 -5.124098e-001 3.863191e+000
    endloop 
  endfacet
  facet normal -7.079780E-001 -7.061296E-001 1.217497E-002
    outer loop 
      vertex -2.677687e-001 -4.424053e-001 3.711838e+000
      vertex -2.997663e-001 -4.078310e-001 3.856425e+000
      vertex -3.752223e-001 -3.346310e-001 3.714125e+000
    endloop 
  endfacet
  facet normal -7.071855E-001 -7.055944E-001 4.500249E-002
    outer loop 
      vertex -2.677687e-001 -4.424053e-001 3.711838e+000
      vertex -2.169147e-001 -5.025756e-001 3.567565e+000
      vertex -1.605404e-001 -5.488226e-001 3.728343e+000
    endloop 
  endfacet
  facet normal 0.000000E+000 0.000000E+000 -1.000000E+000
    outer loop 
      vertex -1.770479e-002 -2.319069e-001 0.000000e+000
      vertex 9.831080e-002 -3.407064e-001 0.000000e+000
      vertex -6.641074e-002 -3.674450e-001 0.000000e+000
    endloop 
  endfacet
  facet normal 0.000000E+000 0.000000E+000 -1.000000E+000
    outer loop 
      vertex 9.831080e-002 -3.407064e-001 0.000000e+000
      vertex 0.000000e+000 -5.000000e-001 0.000000e+000
      vertex -6.641074e-002 -3.674450e-001 0.000000e+000
    endloop 
  endfacet
  facet normal 0.000000E+000 0.000000E+000 -1.000000E+000
    outer loop 
      vertex 9.831080e-002 -3.407064e-001 0.000000e+000
      vertex 2.567876e-001 -3.806878e-001 0.000000e+000
      vertex 1.666667e-001 -5.000000e-001 0.000000e+000
    endloop 
  endfacet
  facet normal 0.000000E+000 0.000000E+000 -1.000000E+000
    outer loop 
      vertex 2.407040e-001 -2.523085e-001 0.000000e+000
      vertex 2.567876e-001 -3.806878e-001 0.000000e+000
      vertex 9.831080e-002 -3.407064e-001 0.000000e+000
    endloop 
  endfacet
  facet normal 0.000000E+000 0.000000E+000 -1.000000E+000
    outer loop 
      vertex 1.197696e-001 -1.840909e-001 0.000000e+000
      vertex 9.831080e-002 -3.407064e-001 0.000000e+000
      vertex -1.770479e-002 -2.319069e-001 0.000000e+000
    endloop 
  endfacet
  facet normal 0.000000E+000 0.000000E+000 -1.000000E+000
    outer loop 
      vertex 1.197696e-001 -1.840909e-001 0.000000e+000
      vertex 2.407040e-001 -2.523085e-001 0.000000e+000
      vertex 9.831080e-002 -3.407064e-001 0.000000e+000
    endloop 
  endfacet
  facet normal 0.000000E+000 0.000000E+000 -1.000000E+000
    outer loop 
      vertex 1.666667e-001 -5.000000e-001 0.000000e+000
      vertex 0.000000e+000 -5.000000e-001 0.000000e+000
      vertex 9.831080e-002 -3.407064e-001 0.000000e+000
    endloop 
  endfacet
  facet normal 9.026818E-001 4.268818E-001 -5.419796E-002
    outer loop 
      vertex 5.910321e-001 -8.526655e-002 2.083535e+000
      vertex 5.103703e-001 8.747500e-002 2.100662e+000
      vertex 5.649623e-001 -1.031634e-002 2.239669e+000
    endloop 
  endfacet
  facet normal 9.018129E-001 4.319096E-001 -1.369820E-002
    outer loop 
      vertex 4.289636e-001 2.584969e-001 2.133687e+000
      vertex 4.740284e-001 1.688367e-001 2.273481e+000
      vertex 5.103703e-001 8.747500e-002 2.100662e+000
    endloop 
  endfacet
  facet normal 9.025627E-001 4.305326E-001 -4.718821E-003
    outer loop 
      vertex 4.683353e-001 1.739815e-001 1.953311e+000
      vertex 4.289636e-001 2.584969e-001 2.133687e+000
      vertex 5.103703e-001 8.747500e-002 2.100662e+000
    endloop 
  endfacet
  facet normal 8.892175E-001 4.566279E-001 -2.798392E-002
    outer loop 
      vertex 5.103703e-001 8.747500e-002 2.100662e+000
      vertex 4.740284e-001 1.688367e-001 2.273481e+000
      vertex 5.649623e-001 -1.031634e-002 2.239669e+000
    endloop 
  endfacet
  facet normal -9.001654E-001 -4.351337E-001 -1.900067E-002
    outer loop 
      vertex -4.290357e-001 -2.633982e-001 2.135668e+000
      vertex -4.937441e-001 -1.319622e-001 2.191248e+000
      vertex -4.886049e-001 -1.346978e-001 2.010425e+000
    endloop 
  endfacet
  facet normal -9.125828E-001 -4.084143E-001 -1.975781E-002
    outer loop 
      vertex -4.886049e-001 -1.346978e-001 2.010425e+000
      vertex -4.937441e-001 -1.319622e-001 2.191248e+000
      vertex -5.714251e-001 5.084261e-002 2.000453e+000
    endloop 
  endfacet
  facet normal -9.250361E-001 -3.794808E-001 -1.738876E-002
    outer loop 
      vertex -4.886049e-001 -1.346978e-001 2.010425e+000
      vertex -5.277255e-001 -3.179069e-002 1.845761e+000
      vertex -4.740317e-001 -1.642950e-001 1.881075e+000
    endloop 
  endfacet
  facet normal -9.127445E-001 -4.084231E-001 -9.381506E-003
    outer loop 
      vertex -4.886049e-001 -1.346978e-001 2.010425e+000
      vertex -4.740317e-001 -1.642950e-001 1.881075e+000
      vertex -4.237936e-001 -2.792453e-001 1.997678e+000
    endloop 
  endfacet
  facet normal -9.119954E-001 -4.100117E-001 1.244166E-002
    outer loop 
      vertex -4.290357e-001 -2.633982e-001 2.135668e+000
      vertex -4.886049e-001 -1.346978e-001 2.010425e+000
      vertex -4.237936e-001 -2.792453e-001 1.997678e+000
    endloop 
  endfacet
  facet normal -9.116779E-001 -4.090467E-001 -3.903968E-002
    outer loop 
      vertex -5.277255e-001 -3.179069e-002 1.845761e+000
      vertex -4.886049e-001 -1.346978e-001 2.010425e+000
      vertex -5.714251e-001 5.084261e-002 2.000453e+000
    endloop 
  endfacet
  facet normal 4.377368E-001 -8.987268E-001 -2.601064E-002
    outer loop 
      vertex 1.565911e-001 -4.807675e-001 2.163378e+000
      vertex 1.939483e-002 -5.472050e-001 2.150046e+000
      vertex 9.932929e-002 -5.041661e-001 2.008182e+000
    endloop 
  endfacet
  facet normal 4.101755E-001 -9.119014E-001 -1.385518E-002
    outer loop 
      vertex 2.252226e-001 -4.474738e-001 2.003895e+000
      vertex 1.565911e-001 -4.807675e-001 2.163378e+000
      vertex 9.932929e-002 -5.041661e-001 2.008182e+000
    endloop 
  endfacet
  facet normal 4.384052E-001 -8.980444E-001 -3.629026E-002
    outer loop 
      vertex 1.939483e-002 -5.472050e-001 2.150046e+000
      vertex 1.565911e-001 -4.807675e-001 2.163378e+000
      vertex 7.686093e-002 -5.258921e-001 2.316856e+000
    endloop 
  endfacet
  facet normal 4.698890E-001 -8.825913E-001 -1.539129E-002
    outer loop 
      vertex 2.233138e-001 -4.481018e-001 2.327218e+000
      vertex 7.686093e-002 -5.258921e-001 2.316856e+000
      vertex 1.565911e-001 -4.807675e-001 2.163378e+000
    endloop 
  endfacet
  facet normal 4.418488E-001 -8.970889E-001 -1.081656E-003
    outer loop 
      vertex 2.930816e-001 -4.135549e-001 2.174886e+000
      vertex 2.233138e-001 -4.481018e-001 2.327218e+000
      vertex 1.565911e-001 -4.807675e-001 2.163378e+000
    endloop 
  endfacet
  facet normal 4.415888E-001 -8.972135E-001 2.729433E-003
    outer loop 
      vertex 2.252226e-001 -4.474738e-001 2.003895e+000
      vertex 2.930816e-001 -4.135549e-001 2.174886e+000
      vertex 1.565911e-001 -4.807675e-001 2.163378e+000
    endloop 
  endfacet
  facet normal 6.596664E-001 -7.513773E-001 1.650782E-002
    outer loop 
      vertex 3.890615e-001 -3.271980e-001 3.290755e+000
      vertex 4.906006e-001 -2.354421e-001 3.409566e+000
      vertex 3.633891e-001 -3.463397e-001 3.445384e+000
    endloop 
  endfacet
  facet normal 6.459041E-001 -7.633122E-001 1.274548E-002
    outer loop 
      vertex 3.890615e-001 -3.271980e-001 3.290755e+000
      vertex 3.633891e-001 -3.463397e-001 3.445384e+000
      vertex 2.955102e-001 -4.055095e-001 3.341674e+000
    endloop 
  endfacet
  facet normal 6.847064E-001 -7.287855E-001 6.982457E-003
    outer loop 
      vertex 3.633891e-001 -3.463397e-001 3.445384e+000
      vertex 4.204508e-001 -2.915055e-001 3.573104e+000
      vertex 3.060287e-001 -3.989617e-001 3.577841e+000
    endloop 
  endfacet
  facet normal 6.611235E-001 -7.498074E-001 2.654390E-002
    outer loop 
      vertex 3.633891e-001 -3.463397e-001 3.445384e+000
      vertex 4.906006e-001 -2.354421e-001 3.409566e+000
      vertex 4.204508e-001 -2.915055e-001 3.573104e+000
    endloop 
  endfacet
  facet normal -7.557302E-001 -6.545842E-001 1.978450E-002
    outer loop 
      vertex -3.217994e-001 -3.975738e-001 3.289241e+000
      vertex -2.290478e-001 -5.017112e-001 3.386714e+000
      vertex -3.144145e-001 -4.014760e-001 3.442223e+000
    endloop 
  endfacet
  facet normal -7.618956E-001 -6.473827E-001 2.026582E-002
    outer loop 
      vertex -3.217994e-001 -3.975738e-001 3.289241e+000
      vertex -3.144145e-001 -4.014760e-001 3.442223e+000
      vertex -3.919445e-001 -3.134925e-001 3.338067e+000
    endloop 
  endfacet
  facet normal -7.474811E-001 -6.626196E-001 4.698059E-002
    outer loop 
      vertex -2.290478e-001 -5.017112e-001 3.386714e+000
      vertex -2.169147e-001 -5.025756e-001 3.567565e+000
      vertex -3.144145e-001 -4.014760e-001 3.442223e+000
    endloop 
  endfacet
  facet normal -9.269783E-001 -3.748748E-001 -1.342168E-002
    outer loop 
      vertex -4.740317e-001 -1.642950e-001 1.881075e+000
      vertex -4.900262e-001 -1.193430e-001 1.730221e+000
      vertex -4.305733e-001 -2.702607e-001 1.839271e+000
    endloop 
  endfacet
  facet normal -9.226090E-001 -3.853334E-001 1.763105E-002
    outer loop 
      vertex -4.305733e-001 -2.702607e-001 1.839271e+000
      vertex -4.237936e-001 -2.792453e-001 1.997678e+000
      vertex -4.740317e-001 -1.642950e-001 1.881075e+000
    endloop 
  endfacet
  facet normal -9.345887E-001 -3.552825E-001 1.784189E-002
    outer loop 
      vertex -4.305733e-001 -2.702607e-001 1.839271e+000
      vertex -4.900262e-001 -1.193430e-001 1.730221e+000
      vertex -4.430914e-001 -2.448887e-001 1.688781e+000
    endloop 
  endfacet
  facet normal -9.302742E-001 -3.665337E-001 1.558610E-002
    outer loop 
      vertex -4.430914e-001 -2.448887e-001 1.688781e+000
      vertex -3.814873e-001 -3.967735e-001 1.793862e+000
      vertex -4.305733e-001 -2.702607e-001 1.839271e+000
    endloop 
  endfacet
  facet normal -9.251767E-001 -3.764103E-001 4.861328E-002
    outer loop 
      vertex -3.814873e-001 -3.967735e-001 1.793862e+000
      vertex -3.663808e-001 -4.119694e-001 1.963697e+000
      vertex -4.305733e-001 -2.702607e-001 1.839271e+000
    endloop 
  endfacet
  facet normal -9.161397E-001 -4.005197E-001 1.649283E-002
    outer loop 
      vertex -4.305733e-001 -2.702607e-001 1.839271e+000
      vertex -3.663808e-001 -4.119694e-001 1.963697e+000
      vertex -4.237936e-001 -2.792453e-001 1.997678e+000
    endloop 
  endfacet
  facet normal 9.901378E-001 1.376272E-001 -2.618735E-002
    outer loop 
      vertex 5.366898e-001 -2.338383e-001 6.673562e-001
      vertex 5.109109e-001 -6.616615e-002 5.738604e-001
      vertex 5.132616e-001 -4.579384e-002 7.698035e-001
    endloop 
  endfacet
  facet normal 9.912667E-001 1.294136E-001 -2.534692E-002
    outer loop 
      vertex 5.109109e-001 -6.616615e-002 5.738604e-001
      vertex 4.929417e-001 8.338262e-002 6.346708e-001
      vertex 5.132616e-001 -4.579384e-002 7.698035e-001
    endloop 
  endfacet
  facet normal 9.910697E-001 1.203088E-001 -5.750245E-002
    outer loop 
      vertex 5.366898e-001 -2.338383e-001 6.673562e-001
      vertex 5.212376e-001 -1.902124e-001 4.923083e-001
      vertex 5.109109e-001 -6.616615e-002 5.738604e-001
    endloop 
  endfacet
  facet normal 9.943309E-001 1.021595E-001 -2.948327E-002
    outer loop 
      vertex 5.109109e-001 -6.616615e-002 5.738604e-001
      vertex 5.212376e-001 -1.902124e-001 4.923083e-001
      vertex 5.091790e-001 -1.051866e-001 3.802445e-001
    endloop 
  endfacet
  facet normal -4.816603E-001 8.728248E-001 -7.861497E-002
    outer loop 
      vertex 7.708180e-002 6.164331e-001 2.437704e+000
      vertex 1.941762e-001 6.777342e-001 2.400884e+000
      vertex 9.885654e-002 6.120877e-001 2.256049e+000
    endloop 
  endfacet
  facet normal -4.633353E-001 8.828612E-001 -7.665846E-002
    outer loop 
      vertex 9.885654e-002 6.120877e-001 2.256049e+000
      vertex -2.756433e-002 5.493495e-001 2.297612e+000
      vertex 7.708180e-002 6.164331e-001 2.437704e+000
    endloop 
  endfacet
  facet normal -4.499604E-001 8.891471E-001 -8.338509E-002
    outer loop 
      vertex 2.175481e-001 6.707250e-001 2.240827e+000
      vertex 1.459188e-001 6.197432e-001 2.083724e+000
      vertex 9.885654e-002 6.120877e-001 2.256049e+000
    endloop 
  endfacet
  facet normal -4.250687E-001 9.019633E-001 -7.601775E-002
    outer loop 
      vertex -1.513338e-002 5.449052e-001 2.096315e+000
      vertex 9.885654e-002 6.120877e-001 2.256049e+000
      vertex 1.459188e-001 6.197432e-001 2.083724e+000
    endloop 
  endfacet
  facet normal -4.512541E-001 8.862320E-001 -1.047028E-001
    outer loop 
      vertex 9.885654e-002 6.120877e-001 2.256049e+000
      vertex 1.941762e-001 6.777342e-001 2.400884e+000
      vertex 2.175481e-001 6.707250e-001 2.240827e+000
    endloop 
  endfacet
  facet normal -4.565945E-001 8.883893E-001 -4.781106E-002
    outer loop 
      vertex 9.885654e-002 6.120877e-001 2.256049e+000
      vertex -1.513338e-002 5.449052e-001 2.096315e+000
      vertex -2.756433e-002 5.493495e-001 2.297612e+000
    endloop 
  endfacet
  facet normal 9.702697E-001 2.347418E-001 5.893286E-002
    outer loop 
      vertex 4.331939e-001 3.645031e-001 1.008839e+000
      vertex 4.027689e-001 4.480093e-001 1.177134e+000
      vertex 4.482906e-001 2.734295e-001 1.123052e+000
    endloop 
  endfacet
  facet normal 9.732974E-001 2.294699E-001 5.964999E-003
    outer loop 
      vertex 4.861068e-001 1.145997e-001 1.062741e+000
      vertex 4.482906e-001 2.734295e-001 1.123052e+000
      vertex 4.749207e-001 1.571967e-001 1.249276e+000
    endloop 
  endfacet
  facet normal 9.699003E-001 2.398031E-001 4.228383E-002
    outer loop 
      vertex 4.027689e-001 4.480093e-001 1.177134e+000
      vertex 4.271995e-001 3.278391e-001 1.298265e+000
      vertex 4.482906e-001 2.734295e-001 1.123052e+000
    endloop 
  endfacet
  facet normal 9.650409E-001 2.596807E-001 3.552623E-002
    outer loop 
      vertex 4.749207e-001 1.571967e-001 1.249276e+000
      vertex 4.482906e-001 2.734295e-001 1.123052e+000
      vertex 4.271995e-001 3.278391e-001 1.298265e+000
    endloop 
  endfacet
  facet normal 9.782301E-001 2.047278E-001 3.394750E-002
    outer loop 
      vertex 4.655445e-001 2.195204e-001 9.509755e-001
      vertex 4.331939e-001 3.645031e-001 1.008839e+000
      vertex 4.482906e-001 2.734295e-001 1.123052e+000
    endloop 
  endfacet
  facet normal 9.747912E-001 2.213028E-001 2.840997E-002
    outer loop 
      vertex 4.861068e-001 1.145997e-001 1.062741e+000
      vertex 4.655445e-001 2.195204e-001 9.509755e-001
      vertex 4.482906e-001 2.734295e-001 1.123052e+000
    endloop 
  endfacet
  facet normal 6.853164E-001 -7.275013E-001 3.291250E-002
    outer loop 
      vertex 5.249442e-001 -1.924145e-001 3.587621e+000
      vertex 4.606622e-001 -2.470869e-001 3.717642e+000
      vertex 4.204508e-001 -2.915055e-001 3.573104e+000
    endloop 
  endfacet
  facet normal 7.066377E-001 -7.056135E-001 5.265731E-002
    outer loop 
      vertex 4.606622e-001 -2.470869e-001 3.717642e+000
      vertex 5.249442e-001 -1.924145e-001 3.587621e+000
      vertex 5.464224e-001 -1.603161e-001 3.729516e+000
    endloop 
  endfacet
  facet normal 7.275899E-001 -6.854047E-001 2.886806E-002
    outer loop 
      vertex 5.141664e-001 -1.841055e-001 3.864467e+000
      vertex 4.149072e-001 -2.898563e-001 3.855392e+000
      vertex 4.606622e-001 -2.470869e-001 3.717642e+000
    endloop 
  endfacet
  facet normal 7.064249E-001 -7.076303E-001 1.493710E-002
    outer loop 
      vertex 4.149072e-001 -2.898563e-001 3.855392e+000
      vertex 3.599057e-001 -3.477982e-001 3.711648e+000
      vertex 4.606622e-001 -2.470869e-001 3.717642e+000
    endloop 
  endfacet
  facet normal 7.074549E-001 -7.053399E-001 4.475673E-002
    outer loop 
      vertex 5.464224e-001 -1.603161e-001 3.729516e+000
      vertex 5.141664e-001 -1.841055e-001 3.864467e+000
      vertex 4.606622e-001 -2.470869e-001 3.717642e+000
    endloop 
  endfacet
  facet normal 7.061657E-001 -7.077341E-001 2.103735E-002
    outer loop 
      vertex 4.606622e-001 -2.470869e-001 3.717642e+000
      vertex 3.599057e-001 -3.477982e-001 3.711648e+000
      vertex 4.204508e-001 -2.915055e-001 3.573104e+000
    endloop 
  endfacet
  facet normal 2.673643E-001 -9.607017E-001 7.462340E-002
    outer loop 
      vertex 6.134201e-001 -3.502070e-001 1.280285e+000
      vertex 4.701374e-001 -3.802026e-001 1.407482e+000
      vertex 4.825371e-001 -3.909677e-001 1.224466e+000
    endloop 
  endfacet
  facet normal 2.649344E-001 -9.613842E-001 7.449891E-002
    outer loop 
      vertex 4.825371e-001 -3.909677e-001 1.224466e+000
      vertex 4.701374e-001 -3.802026e-001 1.407482e+000
      vertex 3.505213e-001 -4.218398e-001 1.295548e+000
    endloop 
  endfacet
  facet normal 2.549553E-001 -9.613248E-001 1.041749E-001
    outer loop 
      vertex 6.012664e-001 -3.707849e-001 1.120136e+000
      vertex 6.134201e-001 -3.502070e-001 1.280285e+000
      vertex 4.825371e-001 -3.909677e-001 1.224466e+000
    endloop 
  endfacet
  facet normal 2.539218E-001 -9.658194E-001 5.211969E-002
    outer loop 
      vertex 3.505213e-001 -4.218398e-001 1.295548e+000
      vertex 3.709757e-001 -4.255852e-001 1.126492e+000
      vertex 4.825371e-001 -3.909677e-001 1.224466e+000
    endloop 
  endfacet
  facet normal 2.353286E-001 -9.685817E-001 8.043545E-002
    outer loop 
      vertex 4.937650e-001 -4.022377e-001 1.055906e+000
      vertex 6.012664e-001 -3.707849e-001 1.120136e+000
      vertex 4.825371e-001 -3.909677e-001 1.224466e+000
    endloop 
  endfacet
  facet normal 2.304922E-001 -9.697642E-001 8.019236E-002
    outer loop 
      vertex 3.709757e-001 -4.255852e-001 1.126492e+000
      vertex 4.937650e-001 -4.022377e-001 1.055906e+000
      vertex 4.825371e-001 -3.909677e-001 1.224466e+000
    endloop 
  endfacet
  facet normal 5.152154E-001 -8.543335E-001 -6.831763E-002
    outer loop 
      vertex 8.526301e-002 -5.333426e-001 2.575275e+000
      vertex -3.109825e-002 -6.078926e-001 2.630011e+000
      vertex -2.250579e-002 -5.891623e-001 2.460583e+000
    endloop 
  endfacet
  facet normal 5.250027E-001 -8.500776E-001 -4.171469E-002
    outer loop 
      vertex 8.526301e-002 -5.333426e-001 2.575275e+000
      vertex 1.034327e-001 -5.285258e-001 2.705792e+000
      vertex -3.109825e-002 -6.078926e-001 2.630011e+000
    endloop 
  endfacet
  facet normal 4.953322E-001 -8.676307E-001 -4.316311E-002
    outer loop 
      vertex 8.526301e-002 -5.333426e-001 2.575275e+000
      vertex -2.250579e-002 -5.891623e-001 2.460583e+000
      vertex 1.492740e-001 -4.912449e-001 2.463639e+000
    endloop 
  endfacet
  facet normal -4.981853E-001 8.636323E-001 -7.714088E-002
    outer loop 
      vertex 7.708180e-002 6.164331e-001 2.437704e+000
      vertex -4.052134e-002 5.528121e-001 2.484930e+000
      vertex 5.403191e-002 6.180412e-001 2.604566e+000
    endloop 
  endfacet
  facet normal -4.906856E-001 8.698997E-001 -5.002154E-002
    outer loop 
      vertex 7.708180e-002 6.164331e-001 2.437704e+000
      vertex -2.756433e-002 5.493495e-001 2.297612e+000
      vertex -4.052134e-002 5.528121e-001 2.484930e+000
    endloop 
  endfacet
  facet normal -5.215218E-001 8.516422E-001 -5.215988E-002
    outer loop 
      vertex -5.916893e-002 5.526742e-001 2.669127e+000
      vertex 5.403191e-002 6.180412e-001 2.604566e+000
      vertex -4.052134e-002 5.528121e-001 2.484930e+000
    endloop 
  endfacet
  facet normal -4.996413E-001 8.659393E-001 -2.253467E-002
    outer loop 
      vertex -4.052134e-002 5.528121e-001 2.484930e+000
      vertex -1.535807e-001 4.843990e-001 2.362784e+000
      vertex -1.556097e-001 4.881134e-001 2.550506e+000
    endloop 
  endfacet
  facet normal -4.775921E-001 8.772001E-001 -4.925079E-002
    outer loop 
      vertex -1.535807e-001 4.843990e-001 2.362784e+000
      vertex -4.052134e-002 5.528121e-001 2.484930e+000
      vertex -2.756433e-002 5.493495e-001 2.297612e+000
    endloop 
  endfacet
  facet normal -5.113772E-001 8.578341E-001 -5.112823E-002
    outer loop 
      vertex -1.556097e-001 4.881134e-001 2.550506e+000
      vertex -5.916893e-002 5.526742e-001 2.669127e+000
      vertex -4.052134e-002 5.528121e-001 2.484930e+000
    endloop 
  endfacet
  facet normal -3.931543E-001 9.184526E-001 -4.329444E-002
    outer loop 
      vertex -1.513338e-002 5.449052e-001 2.096315e+000
      vertex 8.725715e-002 5.809072e-001 1.930263e+000
      vertex -7.848270e-002 5.090237e-001 1.910394e+000
    endloop 
  endfacet
  facet normal -3.926426E-001 9.184592E-001 -4.758682E-002
    outer loop 
      vertex 8.725715e-002 5.809072e-001 1.930263e+000
      vertex 1.361279e-002 5.419303e-001 1.785627e+000
      vertex -7.848270e-002 5.090237e-001 1.910394e+000
    endloop 
  endfacet
  facet normal -3.821838E-001 9.239242E-001 -1.730543E-002
    outer loop 
      vertex -1.217579e-001 4.877192e-001 1.728679e+000
      vertex -2.415272e-001 4.404884e-001 1.852117e+000
      vertex -7.848270e-002 5.090237e-001 1.910394e+000
    endloop 
  endfacet
  facet normal -3.634451E-001 9.313406E-001 -2.263754E-002
    outer loop 
      vertex -1.217579e-001 4.877192e-001 1.728679e+000
      vertex -7.848270e-002 5.090237e-001 1.910394e+000
      vertex 1.361279e-002 5.419303e-001 1.785627e+000
    endloop 
  endfacet
  facet normal 4.102459E-001 -9.118991E-001 -1.175676E-002
    outer loop 
      vertex 2.252226e-001 -4.474738e-001 2.003895e+000
      vertex 9.932929e-002 -5.041661e-001 2.008182e+000
      vertex 1.513920e-001 -4.787154e-001 1.850835e+000
    endloop 
  endfacet
  facet normal 3.560840E-001 -9.344299E-001 -6.706677E-003
    outer loop 
      vertex 1.592506e-001 -4.745268e-001 1.684487e+000
      vertex 1.513920e-001 -4.787154e-001 1.850835e+000
      vertex 4.381311e-002 -5.189277e-001 1.741752e+000
    endloop 
  endfacet
  facet normal 3.733448E-001 -9.276749E-001 -5.721159E-003
    outer loop 
      vertex 1.592506e-001 -4.745268e-001 1.684487e+000
      vertex 2.723442e-001 -4.298640e-001 1.822624e+000
      vertex 1.513920e-001 -4.787154e-001 1.850835e+000
    endloop 
  endfacet
  facet normal 3.760386E-001 -9.265717E-001 7.738465E-003
    outer loop 
      vertex 2.723442e-001 -4.298640e-001 1.822624e+000
      vertex 2.252226e-001 -4.474738e-001 2.003895e+000
      vertex 1.513920e-001 -4.787154e-001 1.850835e+000
    endloop 
  endfacet
  facet normal -8.585221E-001 -5.120623E-001 2.705436E-002
    outer loop 
      vertex -4.061182e-001 -2.978823e-001 2.546669e+000
      vertex -3.726681e-001 -3.597853e-001 2.436499e+000
      vertex -3.202581e-001 -4.411323e-001 2.559968e+000
    endloop 
  endfacet
  facet normal -8.738812E-001 -4.860770E-001 7.790111E-003
    outer loop 
      vertex -4.474813e-001 -2.261327e-001 2.383564e+000
      vertex -3.726681e-001 -3.597853e-001 2.436499e+000
      vertex -4.061182e-001 -2.978823e-001 2.546669e+000
    endloop 
  endfacet
  facet normal -8.783521E-001 -4.775254E-001 2.161257E-002
    outer loop 
      vertex -3.057905e-001 -4.855600e-001 2.375493e+000
      vertex -3.726681e-001 -3.597853e-001 2.436499e+000
      vertex -3.984580e-001 -3.192613e-001 2.283745e+000
    endloop 
  endfacet
  facet normal -8.757616E-001 -4.823335E-001 1.989967E-002
    outer loop 
      vertex -3.726681e-001 -3.597853e-001 2.436499e+000
      vertex -4.474813e-001 -2.261327e-001 2.383564e+000
      vertex -3.984580e-001 -3.192613e-001 2.283745e+000
    endloop 
  endfacet
  facet normal -8.718360E-001 -4.873413E-001 4.899306E-002
    outer loop 
      vertex -3.726681e-001 -3.597853e-001 2.436499e+000
      vertex -3.057905e-001 -4.855600e-001 2.375493e+000
      vertex -3.202581e-001 -4.411323e-001 2.559968e+000
    endloop 
  endfacet
  facet normal 9.749021E-001 2.080606E-001 7.922559E-002
    outer loop 
      vertex 4.331939e-001 3.645031e-001 1.008839e+000
      vertex 4.217966e-001 4.589838e-001 9.009634e-001
      vertex 4.030912e-001 4.949571e-001 1.036669e+000
    endloop 
  endfacet
  facet normal 9.767265E-001 1.981522E-001 8.210361E-002
    outer loop 
      vertex 3.906110e-001 5.880631e-001 9.604309e-001
      vertex 4.030912e-001 4.949571e-001 1.036669e+000
      vertex 4.217966e-001 4.589838e-001 9.009634e-001
    endloop 
  endfacet
  facet normal 9.751136E-001 2.095893E-001 7.228898E-002
    outer loop 
      vertex 4.030912e-001 4.949571e-001 1.036669e+000
      vertex 4.027689e-001 4.480093e-001 1.177134e+000
      vertex 4.331939e-001 3.645031e-001 1.008839e+000
    endloop 
  endfacet
  facet normal 9.702721E-001 2.173014E-001 1.065461E-001
    outer loop 
      vertex 4.030912e-001 4.949571e-001 1.036669e+000
      vertex 3.906110e-001 5.880631e-001 9.604309e-001
      vertex 3.701112e-001 6.011857e-001 1.120351e+000
    endloop 
  endfacet
  facet normal 9.682108E-001 2.365590E-001 8.128731E-002
    outer loop 
      vertex 3.701112e-001 6.011857e-001 1.120351e+000
      vertex 4.027689e-001 4.480093e-001 1.177134e+000
      vertex 4.030912e-001 4.949571e-001 1.036669e+000
    endloop 
  endfacet
  facet normal 2.044703E-001 -9.755178E-001 8.097444E-002
    outer loop 
      vertex 3.884970e-001 -4.304197e-001 9.822047e-001
      vertex 4.659933e-001 -4.217343e-001 8.911524e-001
      vertex 4.937650e-001 -4.022377e-001 1.055906e+000
    endloop 
  endfacet
  facet normal 1.987097E-001 -9.766156E-001 8.207540E-002
    outer loop 
      vertex 4.659933e-001 -4.217343e-001 8.911524e-001
      vertex 5.883258e-001 -3.910667e-001 9.598917e-001
      vertex 4.937650e-001 -4.022377e-001 1.055906e+000
    endloop 
  endfacet
  facet normal 2.192365E-001 -9.738708E-001 5.925389E-002
    outer loop 
      vertex 3.884970e-001 -4.304197e-001 9.822047e-001
      vertex 4.937650e-001 -4.022377e-001 1.055906e+000
      vertex 3.709757e-001 -4.255852e-001 1.126492e+000
    endloop 
  endfacet
  facet normal 2.210294E-001 -9.696122E-001 1.048722E-001
    outer loop 
      vertex 4.937650e-001 -4.022377e-001 1.055906e+000
      vertex 5.883258e-001 -3.910667e-001 9.598917e-001
      vertex 6.012664e-001 -3.707849e-001 1.120136e+000
    endloop 
  endfacet
  facet normal 9.819009E-001 1.888411E-001 1.447911E-002
    outer loop 
      vertex 4.938057e-001 7.669993e-002 8.971524e-001
      vertex 4.829262e-001 1.414683e-001 7.902108e-001
      vertex 4.655445e-001 2.195204e-001 9.509755e-001
    endloop 
  endfacet
  facet normal 9.810705E-001 1.936465E-001 1.292066E-003
    outer loop 
      vertex 4.861068e-001 1.145997e-001 1.062741e+000
      vertex 4.938057e-001 7.669993e-002 8.971524e-001
      vertex 4.655445e-001 2.195204e-001 9.509755e-001
    endloop 
  endfacet
  facet normal 9.852000E-001 1.697022E-001 2.412786E-002
    outer loop 
      vertex 4.829262e-001 1.414683e-001 7.902108e-001
      vertex 4.526034e-001 3.094443e-001 8.469173e-001
      vertex 4.655445e-001 2.195204e-001 9.509755e-001
    endloop 
  endfacet
  facet normal 9.788287E-001 1.985238E-001 4.982703E-002
    outer loop 
      vertex 4.655445e-001 2.195204e-001 9.509755e-001
      vertex 4.526034e-001 3.094443e-001 8.469173e-001
      vertex 4.331939e-001 3.645031e-001 1.008839e+000
    endloop 
  endfacet
  facet normal 3.434905E-001 -9.387179E-001 -2.868911E-002
    outer loop 
      vertex 4.381311e-002 -5.189277e-001 1.741752e+000
      vertex -7.131110e-002 -5.587844e-001 1.667513e+000
      vertex 3.938630e-002 -5.158658e-001 1.588564e+000
    endloop 
  endfacet
  facet normal 3.267947E-001 -9.435108E-001 -5.470463E-002
    outer loop 
      vertex -7.776475e-002 -5.534343e-001 1.536684e+000
      vertex 3.938630e-002 -5.158658e-001 1.588564e+000
      vertex -7.131110e-002 -5.587844e-001 1.667513e+000
    endloop 
  endfacet
  facet normal 3.056442E-001 -9.516682E-001 -3.015309E-002
    outer loop 
      vertex 1.547185e-001 -4.756433e-001 1.488147e+000
      vertex 3.938630e-002 -5.158658e-001 1.588564e+000
      vertex -5.312100e-003 -5.254299e-001 1.437337e+000
    endloop 
  endfacet
  facet normal 3.276009E-001 -9.448137E-001 -2.189413E-003
    outer loop 
      vertex 3.938630e-002 -5.158658e-001 1.588564e+000
      vertex 1.547185e-001 -4.756433e-001 1.488147e+000
      vertex 1.592506e-001 -4.745268e-001 1.684487e+000
    endloop 
  endfacet
  facet normal 3.463873E-001 -9.376510E-001 -2.875150E-002
    outer loop 
      vertex 1.592506e-001 -4.745268e-001 1.684487e+000
      vertex 4.381311e-002 -5.189277e-001 1.741752e+000
      vertex 3.938630e-002 -5.158658e-001 1.588564e+000
    endloop 
  endfacet
  facet normal 3.189569E-001 -9.471456E-001 -3.437394E-002
    outer loop 
      vertex -5.312100e-003 -5.254299e-001 1.437337e+000
      vertex 3.938630e-002 -5.158658e-001 1.588564e+000
      vertex -7.776475e-002 -5.534343e-001 1.536684e+000
    endloop 
  endfacet
  facet normal 0.000000E+000 0.000000E+000 -1.000000E+000
    outer loop 
      vertex 5.000000e-001 -1.666667e-001 0.000000e+000
      vertex 3.782346e-001 -2.876811e-001 0.000000e+000
      vertex 3.506944e-001 -1.791088e-001 0.000000e+000
    endloop 
  endfacet
  facet normal 0.000000E+000 0.000000E+000 -1.000000E+000
    outer loop 
      vertex 3.506944e-001 -1.791088e-001 0.000000e+000
      vertex 3.782346e-001 -2.876811e-001 0.000000e+000
      vertex 2.407040e-001 -2.523085e-001 0.000000e+000
    endloop 
  endfacet
  facet normal 0.000000E+000 0.000000E+000 -1.000000E+000
    outer loop 
      vertex 3.752419e-001 -5.933267e-002 0.000000e+000
      vertex 3.506944e-001 -1.791088e-001 0.000000e+000
      vertex 2.463146e-001 -1.167427e-001 0.000000e+000
    endloop 
  endfacet
  facet normal 0.000000E+000 0.000000E+000 -1.000000E+000
    outer loop 
      vertex 3.752419e-001 -5.933267e-002 0.000000e+000
      vertex 5.000000e-001 -1.666667e-001 0.000000e+000
      vertex 3.506944e-001 -1.791088e-001 0.000000e+000
    endloop 
  endfacet
  facet normal 0.000000E+000 0.000000E+000 -1.000000E+000
    outer loop 
      vertex 2.407040e-001 -2.523085e-001 0.000000e+000
      vertex 2.463146e-001 -1.167427e-001 0.000000e+000
      vertex 3.506944e-001 -1.791088e-001 0.000000e+000
    endloop 
  endfacet
  facet normal -5.718095E-001 8.164032E-001 8.074557E-002
    outer loop 
      vertex -5.998695e-001 1.992463e-001 2.796646e+000
      vertex -6.961722e-001 1.235452e-001 2.880066e+000
      vertex -5.985665e-001 1.846457e-001 2.953497e+000
    endloop 
  endfacet
  facet normal -5.656434E-001 8.206533E-001 8.108998E-002
    outer loop 
      vertex -5.131578e-001 2.525467e-001 2.862088e+000
      vertex -5.998695e-001 1.992463e-001 2.796646e+000
      vertex -5.985665e-001 1.846457e-001 2.953497e+000
    endloop 
  endfacet
  facet normal -5.905297E-001 8.030886E-001 7.952037E-002
    outer loop 
      vertex -5.985665e-001 1.846457e-001 2.953497e+000
      vertex -5.993263e-001 1.689626e-001 3.106241e+000
      vertex -4.731534e-001 2.716787e-001 3.005872e+000
    endloop 
  endfacet
  facet normal -5.985054E-001 7.972261E-001 7.887877E-002
    outer loop 
      vertex -7.000700e-001 9.987155e-002 3.040134e+000
      vertex -5.993263e-001 1.689626e-001 3.106241e+000
      vertex -5.985665e-001 1.846457e-001 2.953497e+000
    endloop 
  endfacet
  facet normal -5.846637E-001 8.094115E-001 5.496732E-002
    outer loop 
      vertex -5.131578e-001 2.525467e-001 2.862088e+000
      vertex -5.985665e-001 1.846457e-001 2.953497e+000
      vertex -4.731534e-001 2.716787e-001 3.005872e+000
    endloop 
  endfacet
  facet normal -5.831970E-001 8.055247E-001 1.049340E-001
    outer loop 
      vertex -5.985665e-001 1.846457e-001 2.953497e+000
      vertex -6.961722e-001 1.235452e-001 2.880066e+000
      vertex -7.000700e-001 9.987155e-002 3.040134e+000
    endloop 
  endfacet
  facet normal 6.240841E-001 -7.775600E-001 7.693807E-002
    outer loop 
      vertex 5.942109e-001 -1.800442e-001 3.052036e+000
      vertex 7.010885e-001 -7.958299e-002 3.200389e+000
      vertex 6.000108e-001 -1.526423e-001 3.281923e+000
    endloop 
  endfacet
  facet normal 6.235116E-001 -7.780125E-001 7.700644E-002
    outer loop 
      vertex 5.942109e-001 -1.800442e-001 3.052036e+000
      vertex 6.000108e-001 -1.526423e-001 3.281923e+000
      vertex 4.907737e-001 -2.486126e-001 3.196793e+000
    endloop 
  endfacet
  facet normal 5.911004E-001 -8.034828E-001 7.082127E-002
    outer loop 
      vertex 5.942109e-001 -1.800442e-001 3.052036e+000
      vertex 4.624476e-001 -2.820002e-001 2.995067e+000
      vertex 5.592780e-001 -2.241930e-001 2.842721e+000
    endloop 
  endfacet
  facet normal 5.980722E-001 -7.999780E-001 4.842378E-002
    outer loop 
      vertex 5.942109e-001 -1.800442e-001 3.052036e+000
      vertex 4.907737e-001 -2.486126e-001 3.196793e+000
      vertex 4.624476e-001 -2.820002e-001 2.995067e+000
    endloop 
  endfacet
  facet normal 5.985452E-001 -7.945902E-001 1.018339E-001
    outer loop 
      vertex 5.942109e-001 -1.800442e-001 3.052036e+000
      vertex 6.942947e-001 -1.266360e-001 2.880511e+000
      vertex 6.980345e-001 -1.033399e-001 3.040305e+000
    endloop 
  endfacet
  facet normal 5.695551E-001 -8.182876E-001 7.753961E-002
    outer loop 
      vertex 5.942109e-001 -1.800442e-001 3.052036e+000
      vertex 5.592780e-001 -2.241930e-001 2.842721e+000
      vertex 6.942947e-001 -1.266360e-001 2.880511e+000
    endloop 
  endfacet
  facet normal 5.985926E-001 -7.939552E-001 1.064053E-001
    outer loop 
      vertex 5.942109e-001 -1.800442e-001 3.052036e+000
      vertex 6.980345e-001 -1.033399e-001 3.040305e+000
      vertex 7.010885e-001 -7.958299e-002 3.200389e+000
    endloop 
  endfacet
  facet normal 8.166270E-001 5.718910E-001 7.785255E-002
    outer loop 
      vertex 1.241337e-001 6.936955e-001 2.880512e+000
      vertex 1.928747e-001 5.865204e-001 2.946749e+000
      vertex 2.070687e-001 5.883775e-001 2.784220e+000
    endloop 
  endfacet
  facet normal 8.232501E-001 5.622501E-001 7.832081E-002
    outer loop 
      vertex 2.624256e-001 4.992668e-001 2.842058e+000
      vertex 2.070687e-001 5.883775e-001 2.784220e+000
      vertex 1.928747e-001 5.865204e-001 2.946749e+000
    endloop 
  endfacet
  facet normal 8.095979E-001 5.823181E-001 7.387061E-002
    outer loop 
      vertex 1.928747e-001 5.865204e-001 2.946749e+000
      vertex 1.904556e-001 5.694077e-001 3.108160e+000
      vertex 2.813644e-001 4.613593e-001 2.963569e+000
    endloop 
  endfacet
  facet normal 7.970076E-001 5.992348E-001 7.547542E-002
    outer loop 
      vertex 1.928747e-001 5.865204e-001 2.946749e+000
      vertex 1.005303e-001 6.974992e-001 3.040778e+000
      vertex 1.904556e-001 5.694077e-001 3.108160e+000
    endloop 
  endfacet
  facet normal 8.118193E-001 5.813292E-001 5.482544E-002
    outer loop 
      vertex 1.928747e-001 5.865204e-001 2.946749e+000
      vertex 2.813644e-001 4.613593e-001 2.963569e+000
      vertex 2.624256e-001 4.992668e-001 2.842058e+000
    endloop 
  endfacet
  facet normal 8.063557E-001 5.820459E-001 1.049434E-001
    outer loop 
      vertex 1.005303e-001 6.974992e-001 3.040778e+000
      vertex 1.928747e-001 5.865204e-001 2.946749e+000
      vertex 1.241337e-001 6.936955e-001 2.880512e+000
    endloop 
  endfacet
  facet normal 7.102551E-001 7.004728E-001 6.982556E-002
    outer loop 
      vertex 9.856206e-002 6.001278e-001 3.763467e+000
      vertex 1.541339e-001 5.621890e-001 3.578791e+000
      vertex 3.605038e-003 7.047399e-001 3.679912e+000
    endloop 
  endfacet
  facet normal 7.026648E-001 7.084627E-001 6.590016E-002
    outer loop 
      vertex 1.541339e-001 5.621890e-001 3.578791e+000
      vertex 9.856206e-002 6.001278e-001 3.763467e+000
      vertex 2.340065e-001 4.698535e-001 3.719801e+000
    endloop 
  endfacet
  facet normal 7.003295E-001 7.122462E-001 4.736837E-002
    outer loop 
      vertex 9.856206e-002 6.001278e-001 3.763467e+000
      vertex 1.652932e-001 5.270228e-001 3.876093e+000
      vertex 2.340065e-001 4.698535e-001 3.719801e+000
    endloop 
  endfacet
  facet normal 6.887316E-001 7.160344E-001 1.137695E-001
    outer loop 
      vertex -2.280134e-002 7.048054e-001 3.839358e+000
      vertex 9.856206e-002 6.001278e-001 3.763467e+000
      vertex 3.605038e-003 7.047399e-001 3.679912e+000
    endloop 
  endfacet
  facet normal -7.009633E-001 7.096885E-001 7.065818E-002
    outer loop 
      vertex -7.078388e-001 2.927303e-003 3.679825e+000
      vertex -6.035916e-001 9.739140e-002 3.765213e+000
      vertex -5.757548e-001 1.420862e-001 3.592455e+000
    endloop 
  endfacet
  facet normal -7.080257E-001 7.029272E-001 6.777097E-002
    outer loop 
      vertex -4.781777e-001 2.277326e-001 3.723541e+000
      vertex -5.757548e-001 1.420862e-001 3.592455e+000
      vertex -6.035916e-001 9.739140e-002 3.765213e+000
    endloop 
  endfacet
  facet normal -7.125769E-001 7.001287E-001 4.532048E-002
    outer loop 
      vertex -6.035916e-001 9.739140e-002 3.765213e+000
      vertex -5.304398e-001 1.646474e-001 3.876387e+000
      vertex -4.781777e-001 2.277326e-001 3.723541e+000
    endloop 
  endfacet
  facet normal -7.166177E-001 6.881538E-001 1.135935E-001
    outer loop 
      vertex -7.078388e-001 2.927303e-003 3.679825e+000
      vertex -7.080930e-001 -2.361184e-002 3.838996e+000
      vertex -6.035916e-001 9.739140e-002 3.765213e+000
    endloop 
  endfacet
  facet normal 9.528623E-001 2.925043E-001 -8.058921E-002
    outer loop 
      vertex 5.681208e-001 -1.474552e-001 1.427801e+000
      vertex 6.001970e-001 -2.082839e-001 1.586277e+000
      vertex 6.249687e-001 -3.292648e-001 1.440062e+000
    endloop 
  endfacet
  facet normal 9.424153E-001 3.281052E-001 -6.480986E-002
    outer loop 
      vertex 6.001970e-001 -2.082839e-001 1.586277e+000
      vertex 5.681208e-001 -1.474552e-001 1.427801e+000
      vertex 5.437248e-001 -4.176362e-002 1.608125e+000
    endloop 
  endfacet
  facet normal 9.303252E-001 3.568769E-001 -8.446204E-002
    outer loop 
      vertex 6.001970e-001 -2.082839e-001 1.586277e+000
      vertex 6.004078e-001 -1.693447e-001 1.753129e+000
      vertex 6.458092e-001 -2.860041e-001 1.760293e+000
    endloop 
  endfacet
  facet normal 9.409749E-001 3.293541E-001 -7.805237E-002
    outer loop 
      vertex 6.004078e-001 -1.693447e-001 1.753129e+000
      vertex 6.001970e-001 -2.082839e-001 1.586277e+000
      vertex 5.437248e-001 -4.176362e-002 1.608125e+000
    endloop 
  endfacet
  facet normal 9.415274E-001 3.200571E-001 -1.053072E-001
    outer loop 
      vertex 6.249687e-001 -3.292648e-001 1.440062e+000
      vertex 6.001970e-001 -2.082839e-001 1.586277e+000
      vertex 6.356507e-001 -3.079767e-001 1.600267e+000
    endloop 
  endfacet
  facet normal 9.416151E-001 3.203061E-001 -1.037548E-001
    outer loop 
      vertex 6.458092e-001 -2.860041e-001 1.760293e+000
      vertex 6.356507e-001 -3.079767e-001 1.600267e+000
      vertex 6.001970e-001 -2.082839e-001 1.586277e+000
    endloop 
  endfacet
  facet normal 3.423027E-001 -9.359725E-001 -8.236678E-002
    outer loop 
      vertex -1.934042e-001 -5.945962e-001 1.567060e+000
      vertex -7.131110e-002 -5.587844e-001 1.667513e+000
      vertex -1.861910e-001 -6.084829e-001 1.754838e+000
    endloop 
  endfacet
  facet normal 3.220950E-001 -9.451351E-001 -5.453922E-002
    outer loop 
      vertex -1.934042e-001 -5.945962e-001 1.567060e+000
      vertex -7.776475e-002 -5.534343e-001 1.536684e+000
      vertex -7.131110e-002 -5.587844e-001 1.667513e+000
    endloop 
  endfacet
  facet normal 2.918881E-001 -9.533264E-001 -7.726619E-002
    outer loop 
      vertex -1.584715e-001 -5.716549e-001 1.415971e+000
      vertex -1.934042e-001 -5.945962e-001 1.567060e+000
      vertex -3.290979e-001 -6.258023e-001 1.439478e+000
    endloop 
  endfacet
  facet normal 3.181472E-001 -9.454535E-001 -6.999954E-002
    outer loop 
      vertex -1.584715e-001 -5.716549e-001 1.415971e+000
      vertex -7.776475e-002 -5.534343e-001 1.536684e+000
      vertex -1.934042e-001 -5.945962e-001 1.567060e+000
    endloop 
  endfacet
  facet normal 3.245143E-001 -9.423065E-001 -8.215189E-002
    outer loop 
      vertex -1.861910e-001 -6.084829e-001 1.754838e+000
      vertex -3.077225e-001 -6.368058e-001 1.599639e+000
      vertex -1.934042e-001 -5.945962e-001 1.567060e+000
    endloop 
  endfacet
  facet normal 3.173794E-001 -9.422323E-001 -1.070918E-001
    outer loop 
      vertex -3.077225e-001 -6.368058e-001 1.599639e+000
      vertex -3.290979e-001 -6.258023e-001 1.439478e+000
      vertex -1.934042e-001 -5.945962e-001 1.567060e+000
    endloop 
  endfacet
  facet normal 8.336426E-002 -9.960678E-001 2.998807E-002
    outer loop 
      vertex 6.696025e-002 -4.960192e-001 4.164501e-001
      vertex 2.338668e-001 -4.822716e-001 4.090984e-001
      vertex 1.882910e-001 -4.823740e-001 5.323927e-001
    endloop 
  endfacet
  facet normal 1.079513E-001 -9.933878E-001 3.907888E-002
    outer loop 
      vertex 3.300061e-001 -4.665585e-001 5.429525e-001
      vertex 1.882910e-001 -4.823740e-001 5.323927e-001
      vertex 2.338668e-001 -4.822716e-001 4.090984e-001
    endloop 
  endfacet
  facet normal 1.092801E-001 -9.940075E-001 2.625342E-003
    outer loop 
      vertex 6.696025e-002 -4.960192e-001 4.164501e-001
      vertex 1.882910e-001 -4.823740e-001 5.323927e-001
      vertex 5.788949e-002 -4.965343e-001 5.990264e-001
    endloop 
  endfacet
  facet normal 6.872116E-001 -7.222067E-001 7.847138E-002
    outer loop 
      vertex 6.182779e-001 -9.769303e-002 3.642016e+000
      vertex 5.249442e-001 -1.924145e-001 3.587621e+000
      vertex 6.049799e-001 -1.292566e-001 3.467980e+000
    endloop 
  endfacet
  facet normal 6.651446E-001 -7.449213E-001 5.171843E-002
    outer loop 
      vertex 4.906006e-001 -2.354421e-001 3.409566e+000
      vertex 6.049799e-001 -1.292566e-001 3.467980e+000
      vertex 5.249442e-001 -1.924145e-001 3.587621e+000
    endloop 
  endfacet
  facet normal 6.752644E-001 -7.330752E-001 8.135538E-002
    outer loop 
      vertex 6.182779e-001 -9.769303e-002 3.642016e+000
      vertex 6.049799e-001 -1.292566e-001 3.467980e+000
      vertex 7.046834e-001 -3.160107e-002 3.520375e+000
    endloop 
  endfacet
  facet normal 6.501253E-001 -7.558499E-001 7.764021E-002
    outer loop 
      vertex 6.000108e-001 -1.526423e-001 3.281923e+000
      vertex 7.032825e-001 -5.575317e-002 3.360414e+000
      vertex 6.049799e-001 -1.292566e-001 3.467980e+000
    endloop 
  endfacet
  facet normal 6.570407E-001 -7.499418E-001 7.671293E-002
    outer loop 
      vertex 6.000108e-001 -1.526423e-001 3.281923e+000
      vertex 6.049799e-001 -1.292566e-001 3.467980e+000
      vertex 4.906006e-001 -2.354421e-001 3.409566e+000
    endloop 
  endfacet
  facet normal 6.669704E-001 -7.375739E-001 1.055232E-001
    outer loop 
      vertex 6.049799e-001 -1.292566e-001 3.467980e+000
      vertex 7.032825e-001 -5.575317e-002 3.360414e+000
      vertex 7.046834e-001 -3.160107e-002 3.520375e+000
    endloop 
  endfacet
  facet normal 4.206612E-001 -9.035957E-001 -8.098749E-002
    outer loop 
      vertex -2.412724e-001 -6.651470e-001 2.079659e+000
      vertex -1.476524e-001 -6.096640e-001 1.946898e+000
      vertex -1.168158e-001 -6.111029e-001 2.123123e+000
    endloop 
  endfacet
  facet normal 4.044393E-001 -9.112145E-001 -7.821113E-002
    outer loop 
      vertex -1.168158e-001 -6.111029e-001 2.123123e+000
      vertex -1.476524e-001 -6.096640e-001 1.946898e+000
      vertex -2.829078e-002 -5.603689e-001 1.989810e+000
    endloop 
  endfacet
  facet normal 3.903176E-001 -9.168441E-001 -8.395870E-002
    outer loop 
      vertex -1.861910e-001 -6.084829e-001 1.754838e+000
      vertex -1.476524e-001 -6.096640e-001 1.946898e+000
      vertex -2.635355e-001 -6.565087e-001 1.919719e+000
    endloop 
  endfacet
  facet normal 3.714824E-001 -9.249671E-001 -8.022919E-002
    outer loop 
      vertex -6.169336e-002 -5.648327e-001 1.828050e+000
      vertex -1.476524e-001 -6.096640e-001 1.946898e+000
      vertex -1.861910e-001 -6.084829e-001 1.754838e+000
    endloop 
  endfacet
  facet normal 3.936348E-001 -9.133511E-001 -1.041227E-001
    outer loop 
      vertex -2.635355e-001 -6.565087e-001 1.919719e+000
      vertex -1.476524e-001 -6.096640e-001 1.946898e+000
      vertex -2.412724e-001 -6.651470e-001 2.079659e+000
    endloop 
  endfacet
  facet normal 3.985447E-001 -9.153736E-001 -5.703708E-002
    outer loop 
      vertex -1.476524e-001 -6.096640e-001 1.946898e+000
      vertex -6.169336e-002 -5.648327e-001 1.828050e+000
      vertex -2.829078e-002 -5.603689e-001 1.989810e+000
    endloop 
  endfacet
endsolid
