solid ASCII
; Created 4/29/2025 9:49:51 PM by Nastran FNO Reader 1.84
; NAS File: C:\Users\Sam\Documents\Inventor\1x1x4_block\InCAD\FEA\py5ys2o95.nas
;
; Property ID = 1  Element Type = Solid
  facet normal -1.000000E+000 0.000000E+000 0.000000E+000
    outer loop 
      vertex -5.000000e-001 -5.000000e-001 8.000000e-001
      vertex -5.000000e-001 -3.876623e-001 8.570268e-001
      vertex -5.000000e-001 -3.781712e-001 7.346341e-001
    endloop 
  endfacet
  facet normal -1.000000E+000 0.000000E+000 0.000000E+000
    outer loop 
      vertex -5.000000e-001 -3.781712e-001 7.346341e-001
      vertex -5.000000e-001 -3.876623e-001 8.570268e-001
      vertex -5.000000e-001 -2.606069e-001 8.235769e-001
    endloop 
  endfacet
  facet normal -1.000000E+000 0.000000E+000 0.000000E+000
    outer loop 
      vertex -5.000000e-001 -2.466949e-001 6.941856e-001
      vertex -5.000000e-001 -3.693773e-001 5.949673e-001
      vertex -5.000000e-001 -3.781712e-001 7.346341e-001
    endloop 
  endfacet
  facet normal -1.000000E+000 0.000000E+000 0.000000E+000
    outer loop 
      vertex -5.000000e-001 -3.693773e-001 5.949673e-001
      vertex -5.000000e-001 -5.000000e-001 6.400000e-001
      vertex -5.000000e-001 -3.781712e-001 7.346341e-001
    endloop 
  endfacet
  facet normal -1.000000E+000 0.000000E+000 0.000000E+000
    outer loop 
      vertex -5.000000e-001 -2.466949e-001 6.941856e-001
      vertex -5.000000e-001 -3.781712e-001 7.346341e-001
      vertex -5.000000e-001 -2.606069e-001 8.235769e-001
    endloop 
  endfacet
  facet normal -1.000000E+000 0.000000E+000 0.000000E+000
    outer loop 
      vertex -5.000000e-001 -3.781712e-001 7.346341e-001
      vertex -5.000000e-001 -5.000000e-001 6.400000e-001
      vertex -5.000000e-001 -5.000000e-001 8.000000e-001
    endloop 
  endfacet
  facet normal 1.000000E+000 0.000000E+000 0.000000E+000
    outer loop 
      vertex 5.000000e-001 -3.104545e-001 3.554365e-001
      vertex 5.000000e-001 -3.728771e-001 2.283578e-001
      vertex 5.000000e-001 -2.112183e-001 2.128979e-001
    endloop 
  endfacet
  facet normal 1.000000E+000 0.000000E+000 0.000000E+000
    outer loop 
      vertex 5.000000e-001 -3.368102e-001 1.032894e-001
      vertex 5.000000e-001 -2.112183e-001 2.128979e-001
      vertex 5.000000e-001 -3.728771e-001 2.283578e-001
    endloop 
  endfacet
  facet normal 1.000000E+000 0.000000E+000 0.000000E+000
    outer loop 
      vertex 5.000000e-001 -3.104545e-001 3.554365e-001
      vertex 5.000000e-001 -2.112183e-001 2.128979e-001
      vertex 5.000000e-001 -1.441634e-001 3.846442e-001
    endloop 
  endfacet
  facet normal 1.000000E+000 0.000000E+000 0.000000E+000
    outer loop 
      vertex 5.000000e-001 -4.498129e-002 2.236180e-001
      vertex 5.000000e-001 -2.112183e-001 2.128979e-001
      vertex 5.000000e-001 -1.666667e-001 0.000000e+000
    endloop 
  endfacet
  facet normal 1.000000E+000 0.000000E+000 0.000000E+000
    outer loop 
      vertex 5.000000e-001 -1.441634e-001 3.846442e-001
      vertex 5.000000e-001 -2.112183e-001 2.128979e-001
      vertex 5.000000e-001 -4.498129e-002 2.236180e-001
    endloop 
  endfacet
  facet normal 1.000000E+000 0.000000E+000 0.000000E+000
    outer loop 
      vertex 5.000000e-001 -3.368102e-001 1.032894e-001
      vertex 5.000000e-001 -1.666667e-001 0.000000e+000
      vertex 5.000000e-001 -2.112183e-001 2.128979e-001
    endloop 
  endfacet
  facet normal 0.000000E+000 1.000000E+000 0.000000E+000
    outer loop 
      vertex 5.000000e-001 5.000000e-001 1.920000e+000
      vertex 3.107347e-001 5.000000e-001 1.937298e+000
      vertex 3.966593e-001 5.000000e-001 2.089440e+000
    endloop 
  endfacet
  facet normal 0.000000E+000 1.000000E+000 0.000000E+000
    outer loop 
      vertex 3.107347e-001 5.000000e-001 1.937298e+000
      vertex 2.203279e-001 5.000000e-001 2.102788e+000
      vertex 3.966593e-001 5.000000e-001 2.089440e+000
    endloop 
  endfacet
  facet normal 0.000000E+000 1.000000E+000 0.000000E+000
    outer loop 
      vertex 5.000000e-001 5.000000e-001 1.920000e+000
      vertex 3.690043e-001 5.000000e-001 1.765266e+000
      vertex 3.107347e-001 5.000000e-001 1.937298e+000
    endloop 
  endfacet
  facet normal 0.000000E+000 1.000000E+000 0.000000E+000
    outer loop 
      vertex 3.107347e-001 5.000000e-001 1.937298e+000
      vertex 3.690043e-001 5.000000e-001 1.765266e+000
      vertex 2.122666e-001 5.000000e-001 1.791917e+000
    endloop 
  endfacet
  facet normal 1.000000E+000 0.000000E+000 0.000000E+000
    outer loop 
      vertex 5.000000e-001 -5.000000e-001 2.080000e+000
      vertex 5.000000e-001 -3.611889e-001 1.933947e+000
      vertex 5.000000e-001 -3.277600e-001 2.091107e+000
    endloop 
  endfacet
  facet normal 1.000000E+000 0.000000E+000 0.000000E+000
    outer loop 
      vertex 5.000000e-001 -3.740152e-001 1.759888e+000
      vertex 5.000000e-001 -3.611889e-001 1.933947e+000
      vertex 5.000000e-001 -5.000000e-001 1.920000e+000
    endloop 
  endfacet
  facet normal 1.000000E+000 0.000000E+000 0.000000E+000
    outer loop 
      vertex 5.000000e-001 -3.740152e-001 1.759888e+000
      vertex 5.000000e-001 -2.539296e-001 1.800956e+000
      vertex 5.000000e-001 -3.611889e-001 1.933947e+000
    endloop 
  endfacet
  facet normal 1.000000E+000 0.000000E+000 0.000000E+000
    outer loop 
      vertex 5.000000e-001 -5.000000e-001 1.920000e+000
      vertex 5.000000e-001 -3.611889e-001 1.933947e+000
      vertex 5.000000e-001 -5.000000e-001 2.080000e+000
    endloop 
  endfacet
  facet normal 0.000000E+000 1.000000E+000 0.000000E+000
    outer loop 
      vertex 3.718291e-001 5.000000e-001 2.443947e+000
      vertex 3.705577e-001 5.000000e-001 2.611038e+000
      vertex 5.000000e-001 5.000000e-001 2.560000e+000
    endloop 
  endfacet
  facet normal 0.000000E+000 1.000000E+000 0.000000E+000
    outer loop 
      vertex 5.000000e-001 5.000000e-001 2.560000e+000
      vertex 5.000000e-001 5.000000e-001 2.400000e+000
      vertex 3.718291e-001 5.000000e-001 2.443947e+000
    endloop 
  endfacet
  facet normal -1.000000E+000 0.000000E+000 0.000000E+000
    outer loop 
      vertex -5.000000e-001 5.000000e-001 2.400000e+000
      vertex -5.000000e-001 3.973463e-001 2.325298e+000
      vertex -5.000000e-001 3.916771e-001 2.479516e+000
    endloop 
  endfacet
  facet normal -1.000000E+000 0.000000E+000 0.000000E+000
    outer loop 
      vertex -5.000000e-001 3.916771e-001 2.479516e+000
      vertex -5.000000e-001 3.973463e-001 2.325298e+000
      vertex -5.000000e-001 2.956917e-001 2.378852e+000
    endloop 
  endfacet
  facet normal -1.000000E+000 0.000000E+000 0.000000E+000
    outer loop 
      vertex -5.000000e-001 3.916771e-001 2.479516e+000
      vertex -5.000000e-001 2.556719e-001 2.523407e+000
      vertex -5.000000e-001 3.716047e-001 2.620952e+000
    endloop 
  endfacet
  facet normal -1.000000E+000 0.000000E+000 0.000000E+000
    outer loop 
      vertex -5.000000e-001 2.556719e-001 2.523407e+000
      vertex -5.000000e-001 3.916771e-001 2.479516e+000
      vertex -5.000000e-001 2.956917e-001 2.378852e+000
    endloop 
  endfacet
  facet normal -1.000000E+000 0.000000E+000 0.000000E+000
    outer loop 
      vertex -5.000000e-001 5.000000e-001 2.560000e+000
      vertex -5.000000e-001 3.916771e-001 2.479516e+000
      vertex -5.000000e-001 3.716047e-001 2.620952e+000
    endloop 
  endfacet
  facet normal -1.000000E+000 0.000000E+000 0.000000E+000
    outer loop 
      vertex -5.000000e-001 5.000000e-001 2.400000e+000
      vertex -5.000000e-001 3.916771e-001 2.479516e+000
      vertex -5.000000e-001 5.000000e-001 2.560000e+000
    endloop 
  endfacet
  facet normal 0.000000E+000 1.000000E+000 0.000000E+000
    outer loop 
      vertex -3.306428e-001 5.000000e-001 2.030737e+000
      vertex -3.106033e-001 5.000000e-001 2.197635e+000
      vertex -1.358961e-001 5.000000e-001 2.117902e+000
    endloop 
  endfacet
  facet normal 0.000000E+000 1.000000E+000 0.000000E+000
    outer loop 
      vertex -3.106033e-001 5.000000e-001 2.197635e+000
      vertex -3.306428e-001 5.000000e-001 2.030737e+000
      vertex -5.000000e-001 5.000000e-001 2.080000e+000
    endloop 
  endfacet
  facet normal 0.000000E+000 1.000000E+000 0.000000E+000
    outer loop 
      vertex -5.000000e-001 5.000000e-001 1.920000e+000
      vertex -3.306428e-001 5.000000e-001 2.030737e+000
      vertex -3.593893e-001 5.000000e-001 1.865124e+000
    endloop 
  endfacet
  facet normal 0.000000E+000 1.000000E+000 0.000000E+000
    outer loop 
      vertex -3.306428e-001 5.000000e-001 2.030737e+000
      vertex -1.828837e-001 5.000000e-001 1.948253e+000
      vertex -3.593893e-001 5.000000e-001 1.865124e+000
    endloop 
  endfacet
  facet normal 0.000000E+000 1.000000E+000 0.000000E+000
    outer loop 
      vertex -3.306428e-001 5.000000e-001 2.030737e+000
      vertex -1.358961e-001 5.000000e-001 2.117902e+000
      vertex -1.828837e-001 5.000000e-001 1.948253e+000
    endloop 
  endfacet
  facet normal 0.000000E+000 1.000000E+000 0.000000E+000
    outer loop 
      vertex -3.306428e-001 5.000000e-001 2.030737e+000
      vertex -5.000000e-001 5.000000e-001 1.920000e+000
      vertex -5.000000e-001 5.000000e-001 2.080000e+000
    endloop 
  endfacet
  facet normal 0.000000E+000 1.000000E+000 0.000000E+000
    outer loop 
      vertex 5.000000e-001 5.000000e-001 1.120000e+000
      vertex 3.729821e-001 5.000000e-001 1.059648e+000
      vertex 3.693300e-001 5.000000e-001 1.265868e+000
    endloop 
  endfacet
  facet normal 0.000000E+000 1.000000E+000 0.000000E+000
    outer loop 
      vertex 3.693300e-001 5.000000e-001 1.265868e+000
      vertex 3.729821e-001 5.000000e-001 1.059648e+000
      vertex 2.392504e-001 5.000000e-001 1.118216e+000
    endloop 
  endfacet
  facet normal 0.000000E+000 1.000000E+000 0.000000E+000
    outer loop 
      vertex 2.445211e-001 5.000000e-001 9.610302e-001
      vertex 3.729821e-001 5.000000e-001 1.059648e+000
      vertex 3.762292e-001 5.000000e-001 8.924630e-001
    endloop 
  endfacet
  facet normal 0.000000E+000 1.000000E+000 0.000000E+000
    outer loop 
      vertex 5.000000e-001 5.000000e-001 9.600000e-001
      vertex 3.762292e-001 5.000000e-001 8.924630e-001
      vertex 3.729821e-001 5.000000e-001 1.059648e+000
    endloop 
  endfacet
  facet normal 0.000000E+000 1.000000E+000 0.000000E+000
    outer loop 
      vertex 3.729821e-001 5.000000e-001 1.059648e+000
      vertex 2.445211e-001 5.000000e-001 9.610302e-001
      vertex 2.392504e-001 5.000000e-001 1.118216e+000
    endloop 
  endfacet
  facet normal 0.000000E+000 1.000000E+000 0.000000E+000
    outer loop 
      vertex 3.729821e-001 5.000000e-001 1.059648e+000
      vertex 5.000000e-001 5.000000e-001 1.120000e+000
      vertex 5.000000e-001 5.000000e-001 9.600000e-001
    endloop 
  endfacet
  facet normal 0.000000E+000 -1.000000E+000 0.000000E+000
    outer loop 
      vertex -3.926881e-001 -5.000000e-001 1.761656e+000
      vertex -2.584020e-001 -5.000000e-001 1.675206e+000
      vertex -2.685854e-001 -5.000000e-001 1.835907e+000
    endloop 
  endfacet
  facet normal 0.000000E+000 -1.000000E+000 0.000000E+000
    outer loop 
      vertex -1.442873e-001 -5.000000e-001 1.746889e+000
      vertex -2.685854e-001 -5.000000e-001 1.835907e+000
      vertex -2.584020e-001 -5.000000e-001 1.675206e+000
    endloop 
  endfacet
  facet normal 0.000000E+000 0.000000E+000 1.000000E+000
    outer loop 
      vertex -3.716794e-001 3.790300e-001 4.000000e+000
      vertex -2.191584e-001 3.827226e-001 4.000000e+000
      vertex -3.333333e-001 5.000000e-001 4.000000e+000
    endloop 
  endfacet
  facet normal 0.000000E+000 0.000000E+000 1.000000E+000
    outer loop 
      vertex -2.191584e-001 3.827226e-001 4.000000e+000
      vertex -3.716794e-001 3.790300e-001 4.000000e+000
      vertex -2.755542e-001 2.633083e-001 4.000000e+000
    endloop 
  endfacet
  facet normal 0.000000E+000 0.000000E+000 1.000000E+000
    outer loop 
      vertex -2.191584e-001 3.827226e-001 4.000000e+000
      vertex -6.729539e-002 3.741031e-001 4.000000e+000
      vertex -1.666667e-001 5.000000e-001 4.000000e+000
    endloop 
  endfacet
  facet normal 0.000000E+000 0.000000E+000 1.000000E+000
    outer loop 
      vertex -2.191584e-001 3.827226e-001 4.000000e+000
      vertex -1.666667e-001 5.000000e-001 4.000000e+000
      vertex -3.333333e-001 5.000000e-001 4.000000e+000
    endloop 
  endfacet
  facet normal 0.000000E+000 0.000000E+000 1.000000E+000
    outer loop 
      vertex -1.666667e-001 -5.000000e-001 4.000000e+000
      vertex -1.404391e-001 -3.533866e-001 4.000000e+000
      vertex -2.869216e-001 -3.868078e-001 4.000000e+000
    endloop 
  endfacet
  facet normal 0.000000E+000 0.000000E+000 1.000000E+000
    outer loop 
      vertex -1.404391e-001 -3.533866e-001 4.000000e+000
      vertex -3.200606e-001 -2.570230e-001 4.000000e+000
      vertex -2.869216e-001 -3.868078e-001 4.000000e+000
    endloop 
  endfacet
  facet normal 0.000000E+000 0.000000E+000 1.000000E+000
    outer loop 
      vertex -2.869216e-001 -3.868078e-001 4.000000e+000
      vertex -5.000000e-001 -3.333333e-001 4.000000e+000
      vertex -3.333333e-001 -5.000000e-001 4.000000e+000
    endloop 
  endfacet
  facet normal 0.000000E+000 0.000000E+000 1.000000E+000
    outer loop 
      vertex -2.869216e-001 -3.868078e-001 4.000000e+000
      vertex -3.200606e-001 -2.570230e-001 4.000000e+000
      vertex -5.000000e-001 -3.333333e-001 4.000000e+000
    endloop 
  endfacet
  facet normal 0.000000E+000 0.000000E+000 1.000000E+000
    outer loop 
      vertex -1.666667e-001 -5.000000e-001 4.000000e+000
      vertex -2.869216e-001 -3.868078e-001 4.000000e+000
      vertex -3.333333e-001 -5.000000e-001 4.000000e+000
    endloop 
  endfacet
  facet normal 0.000000E+000 0.000000E+000 -1.000000E+000
    outer loop 
      vertex -6.641074e-002 -3.674450e-001 0.000000e+000
      vertex -1.666667e-001 -5.000000e-001 0.000000e+000
      vertex -2.201840e-001 -3.768720e-001 0.000000e+000
    endloop 
  endfacet
  facet normal 0.000000E+000 0.000000E+000 -1.000000E+000
    outer loop 
      vertex -2.201840e-001 -3.768720e-001 0.000000e+000
      vertex -1.666667e-001 -5.000000e-001 0.000000e+000
      vertex -3.333333e-001 -5.000000e-001 0.000000e+000
    endloop 
  endfacet
  facet normal -1.000000E+000 0.000000E+000 0.000000E+000
    outer loop 
      vertex -5.000000e-001 1.440536e-002 2.774667e-001
      vertex -5.000000e-001 6.875802e-002 1.374267e-001
      vertex -5.000000e-001 -1.441215e-001 1.402476e-001
    endloop 
  endfacet
  facet normal -1.000000E+000 0.000000E+000 0.000000E+000
    outer loop 
      vertex -5.000000e-001 -1.441215e-001 1.402476e-001
      vertex -5.000000e-001 -1.461673e-001 2.946768e-001
      vertex -5.000000e-001 1.440536e-002 2.774667e-001
    endloop 
  endfacet
  facet normal -1.000000E+000 0.000000E+000 0.000000E+000
    outer loop 
      vertex -5.000000e-001 1.647397e-001 4.114171e-001
      vertex -5.000000e-001 1.992739e-001 2.479624e-001
      vertex -5.000000e-001 1.440536e-002 2.774667e-001
    endloop 
  endfacet
  facet normal -1.000000E+000 0.000000E+000 0.000000E+000
    outer loop 
      vertex -5.000000e-001 1.992739e-001 2.479624e-001
      vertex -5.000000e-001 6.875802e-002 1.374267e-001
      vertex -5.000000e-001 1.440536e-002 2.774667e-001
    endloop 
  endfacet
  facet normal -1.000000E+000 0.000000E+000 0.000000E+000
    outer loop 
      vertex -5.000000e-001 1.647397e-001 4.114171e-001
      vertex -5.000000e-001 1.440536e-002 2.774667e-001
      vertex -5.000000e-001 -4.172626e-002 4.075129e-001
    endloop 
  endfacet
  facet normal -1.000000E+000 0.000000E+000 0.000000E+000
    outer loop 
      vertex -5.000000e-001 1.440536e-002 2.774667e-001
      vertex -5.000000e-001 -1.461673e-001 2.946768e-001
      vertex -5.000000e-001 -4.172626e-002 4.075129e-001
    endloop 
  endfacet
  facet normal 0.000000E+000 0.000000E+000 -1.000000E+000
    outer loop 
      vertex 2.542583e-001 3.949247e-001 0.000000e+000
      vertex 1.274870e-001 3.588903e-001 0.000000e+000
      vertex 1.666667e-001 5.000000e-001 0.000000e+000
    endloop 
  endfacet
  facet normal 0.000000E+000 0.000000E+000 -1.000000E+000
    outer loop 
      vertex 2.514211e-001 2.763562e-001 0.000000e+000
      vertex 1.274870e-001 3.588903e-001 0.000000e+000
      vertex 2.542583e-001 3.949247e-001 0.000000e+000
    endloop 
  endfacet
  facet normal 0.000000E+000 0.000000E+000 -1.000000E+000
    outer loop 
      vertex 1.666667e-001 5.000000e-001 0.000000e+000
      vertex 3.333333e-001 5.000000e-001 0.000000e+000
      vertex 2.542583e-001 3.949247e-001 0.000000e+000
    endloop 
  endfacet
  facet normal 0.000000E+000 0.000000E+000 -1.000000E+000
    outer loop 
      vertex -3.758429e-001 2.112186e-001 0.000000e+000
      vertex -5.000000e-001 3.333333e-001 0.000000e+000
      vertex -3.725906e-001 3.661245e-001 0.000000e+000
    endloop 
  endfacet
  facet normal 0.000000E+000 0.000000E+000 -1.000000E+000
    outer loop 
      vertex -3.725906e-001 3.661245e-001 0.000000e+000
      vertex -2.457781e-001 2.525930e-001 0.000000e+000
      vertex -3.758429e-001 2.112186e-001 0.000000e+000
    endloop 
  endfacet
  facet normal 0.000000E+000 0.000000E+000 -1.000000E+000
    outer loop 
      vertex -3.333333e-001 5.000000e-001 0.000000e+000
      vertex -2.453599e-001 3.902999e-001 0.000000e+000
      vertex -3.725906e-001 3.661245e-001 0.000000e+000
    endloop 
  endfacet
  facet normal 0.000000E+000 0.000000E+000 -1.000000E+000
    outer loop 
      vertex -3.725906e-001 3.661245e-001 0.000000e+000
      vertex -2.453599e-001 3.902999e-001 0.000000e+000
      vertex -2.457781e-001 2.525930e-001 0.000000e+000
    endloop 
  endfacet
  facet normal 0.000000E+000 0.000000E+000 -1.000000E+000
    outer loop 
      vertex -3.725906e-001 3.661245e-001 0.000000e+000
      vertex -5.000000e-001 5.000000e-001 0.000000e+000
      vertex -3.333333e-001 5.000000e-001 0.000000e+000
    endloop 
  endfacet
  facet normal 0.000000E+000 0.000000E+000 -1.000000E+000
    outer loop 
      vertex -3.725906e-001 3.661245e-001 0.000000e+000
      vertex -5.000000e-001 3.333333e-001 0.000000e+000
      vertex -5.000000e-001 5.000000e-001 0.000000e+000
    endloop 
  endfacet
  facet normal 0.000000E+000 0.000000E+000 -1.000000E+000
    outer loop 
      vertex -3.758429e-001 2.112186e-001 0.000000e+000
      vertex -3.766828e-001 6.072977e-002 0.000000e+000
      vertex -5.000000e-001 1.666667e-001 0.000000e+000
    endloop 
  endfacet
  facet normal 0.000000E+000 0.000000E+000 -1.000000E+000
    outer loop 
      vertex -5.000000e-001 1.666667e-001 0.000000e+000
      vertex -5.000000e-001 3.333333e-001 0.000000e+000
      vertex -3.758429e-001 2.112186e-001 0.000000e+000
    endloop 
  endfacet
  facet normal 0.000000E+000 0.000000E+000 -1.000000E+000
    outer loop 
      vertex 3.782346e-001 -2.876811e-001 0.000000e+000
      vertex 3.952537e-001 -4.042868e-001 0.000000e+000
      vertex 2.567876e-001 -3.806878e-001 0.000000e+000
    endloop 
  endfacet
  facet normal 0.000000E+000 0.000000E+000 -1.000000E+000
    outer loop 
      vertex 5.000000e-001 -3.333333e-001 0.000000e+000
      vertex 3.952537e-001 -4.042868e-001 0.000000e+000
      vertex 3.782346e-001 -2.876811e-001 0.000000e+000
    endloop 
  endfacet
  facet normal 0.000000E+000 0.000000E+000 -1.000000E+000
    outer loop 
      vertex 2.407040e-001 -2.523085e-001 0.000000e+000
      vertex 3.782346e-001 -2.876811e-001 0.000000e+000
      vertex 2.567876e-001 -3.806878e-001 0.000000e+000
    endloop 
  endfacet
  facet normal 0.000000E+000 0.000000E+000 -1.000000E+000
    outer loop 
      vertex 5.000000e-001 -3.333333e-001 0.000000e+000
      vertex 3.782346e-001 -2.876811e-001 0.000000e+000
      vertex 5.000000e-001 -1.666667e-001 0.000000e+000
    endloop 
  endfacet
  facet normal 0.000000E+000 0.000000E+000 -1.000000E+000
    outer loop 
      vertex -5.000000e-001 -1.666667e-001 0.000000e+000
      vertex -3.789835e-001 -8.326499e-002 0.000000e+000
      vertex -3.818465e-001 -2.199804e-001 0.000000e+000
    endloop 
  endfacet
  facet normal 0.000000E+000 0.000000E+000 -1.000000E+000
    outer loop 
      vertex -5.000000e-001 -3.333333e-001 0.000000e+000
      vertex -5.000000e-001 -1.666667e-001 0.000000e+000
      vertex -3.818465e-001 -2.199804e-001 0.000000e+000
    endloop 
  endfacet
  facet normal 0.000000E+000 0.000000E+000 1.000000E+000
    outer loop 
      vertex 3.719350e-001 2.669563e-001 4.000000e+000
      vertex 3.719009e-001 1.028321e-001 4.000000e+000
      vertex 5.000000e-001 1.666667e-001 4.000000e+000
    endloop 
  endfacet
  facet normal 0.000000E+000 0.000000E+000 1.000000E+000
    outer loop 
      vertex 3.719350e-001 2.669563e-001 4.000000e+000
      vertex 2.330940e-001 2.108920e-001 4.000000e+000
      vertex 3.719009e-001 1.028321e-001 4.000000e+000
    endloop 
  endfacet
  facet normal 0.000000E+000 0.000000E+000 1.000000E+000
    outer loop 
      vertex 3.719350e-001 2.669563e-001 4.000000e+000
      vertex 2.534643e-001 3.702911e-001 4.000000e+000
      vertex 2.330940e-001 2.108920e-001 4.000000e+000
    endloop 
  endfacet
  facet normal 0.000000E+000 0.000000E+000 1.000000E+000
    outer loop 
      vertex 5.000000e-001 3.333333e-001 4.000000e+000
      vertex 3.719350e-001 2.669563e-001 4.000000e+000
      vertex 5.000000e-001 1.666667e-001 4.000000e+000
    endloop 
  endfacet
  facet normal 0.000000E+000 0.000000E+000 -1.000000E+000
    outer loop 
      vertex 2.567876e-001 -3.806878e-001 0.000000e+000
      vertex 3.952537e-001 -4.042868e-001 0.000000e+000
      vertex 3.333333e-001 -5.000000e-001 0.000000e+000
    endloop 
  endfacet
  facet normal 0.000000E+000 0.000000E+000 -1.000000E+000
    outer loop 
      vertex 3.333333e-001 -5.000000e-001 0.000000e+000
      vertex 3.952537e-001 -4.042868e-001 0.000000e+000
      vertex 5.000000e-001 -5.000000e-001 0.000000e+000
    endloop 
  endfacet
  facet normal 0.000000E+000 0.000000E+000 -1.000000E+000
    outer loop 
      vertex 5.000000e-001 -5.000000e-001 0.000000e+000
      vertex 3.952537e-001 -4.042868e-001 0.000000e+000
      vertex 5.000000e-001 -3.333333e-001 0.000000e+000
    endloop 
  endfacet
  facet normal 0.000000E+000 0.000000E+000 1.000000E+000
    outer loop 
      vertex 1.666667e-001 -5.000000e-001 4.000000e+000
      vertex 3.293675e-001 -3.886607e-001 4.000000e+000
      vertex 1.491523e-001 -3.221360e-001 4.000000e+000
    endloop 
  endfacet
  facet normal 0.000000E+000 0.000000E+000 1.000000E+000
    outer loop 
      vertex 3.293675e-001 -3.886607e-001 4.000000e+000
      vertex 3.292641e-001 -2.419652e-001 4.000000e+000
      vertex 1.491523e-001 -3.221360e-001 4.000000e+000
    endloop 
  endfacet
  facet normal 0.000000E+000 0.000000E+000 1.000000E+000
    outer loop 
      vertex 1.666667e-001 -5.000000e-001 4.000000e+000
      vertex 3.333333e-001 -5.000000e-001 4.000000e+000
      vertex 3.293675e-001 -3.886607e-001 4.000000e+000
    endloop 
  endfacet
  facet normal 0.000000E+000 0.000000E+000 1.000000E+000
    outer loop 
      vertex 3.333333e-001 -5.000000e-001 4.000000e+000
      vertex 5.000000e-001 -5.000000e-001 4.000000e+000
      vertex 3.293675e-001 -3.886607e-001 4.000000e+000
    endloop 
  endfacet
  facet normal 0.000000E+000 0.000000E+000 1.000000E+000
    outer loop 
      vertex 5.000000e-001 -3.333333e-001 4.000000e+000
      vertex 3.292641e-001 -2.419652e-001 4.000000e+000
      vertex 3.293675e-001 -3.886607e-001 4.000000e+000
    endloop 
  endfacet
  facet normal 0.000000E+000 0.000000E+000 1.000000E+000
    outer loop 
      vertex 5.000000e-001 -5.000000e-001 4.000000e+000
      vertex 5.000000e-001 -3.333333e-001 4.000000e+000
      vertex 3.293675e-001 -3.886607e-001 4.000000e+000
    endloop 
  endfacet
  facet normal 0.000000E+000 0.000000E+000 -1.000000E+000
    outer loop 
      vertex 5.000000e-001 1.666667e-001 0.000000e+000
      vertex 3.779213e-001 8.281100e-002 0.000000e+000
      vertex 3.775123e-001 2.188884e-001 0.000000e+000
    endloop 
  endfacet
  facet normal 0.000000E+000 0.000000E+000 -1.000000E+000
    outer loop 
      vertex 5.000000e-001 3.333333e-001 0.000000e+000
      vertex 5.000000e-001 1.666667e-001 0.000000e+000
      vertex 3.775123e-001 2.188884e-001 0.000000e+000
    endloop 
  endfacet
  facet normal -1.000000E+000 0.000000E+000 0.000000E+000
    outer loop 
      vertex -5.000000e-001 -1.125959e-001 1.551567e+000
      vertex -5.000000e-001 -4.905241e-002 1.435744e+000
      vertex -5.000000e-001 -1.967076e-001 1.410322e+000
    endloop 
  endfacet
  facet normal -1.000000E+000 0.000000E+000 0.000000E+000
    outer loop 
      vertex -5.000000e-001 -1.125959e-001 1.551567e+000
      vertex -5.000000e-001 -1.967076e-001 1.410322e+000
      vertex -5.000000e-001 -2.509122e-001 1.521549e+000
    endloop 
  endfacet
  facet normal 0.000000E+000 -1.000000E+000 0.000000E+000
    outer loop 
      vertex 2.424354e-001 -5.000000e-001 8.291541e-001
      vertex 8.259173e-002 -5.000000e-001 7.912526e-001
      vertex 1.833293e-001 -5.000000e-001 6.639426e-001
    endloop 
  endfacet
  facet normal 0.000000E+000 -1.000000E+000 0.000000E+000
    outer loop 
      vertex -3.196946e-003 -5.000000e-001 5.991769e-001
      vertex 1.833293e-001 -5.000000e-001 6.639426e-001
      vertex 8.259173e-002 -5.000000e-001 7.912526e-001
    endloop 
  endfacet
  facet normal 0.000000E+000 -1.000000E+000 0.000000E+000
    outer loop 
      vertex 3.533836e-001 -5.000000e-001 7.009118e-001
      vertex 1.833293e-001 -5.000000e-001 6.639426e-001
      vertex 2.771990e-001 -5.000000e-001 5.354977e-001
    endloop 
  endfacet
  facet normal 0.000000E+000 -1.000000E+000 0.000000E+000
    outer loop 
      vertex 3.533836e-001 -5.000000e-001 7.009118e-001
      vertex 2.424354e-001 -5.000000e-001 8.291541e-001
      vertex 1.833293e-001 -5.000000e-001 6.639426e-001
    endloop 
  endfacet
  facet normal 0.000000E+000 -1.000000E+000 0.000000E+000
    outer loop 
      vertex 1.833293e-001 -5.000000e-001 6.639426e-001
      vertex 1.353912e-001 -5.000000e-001 5.278890e-001
      vertex 2.771990e-001 -5.000000e-001 5.354977e-001
    endloop 
  endfacet
  facet normal 0.000000E+000 -1.000000E+000 0.000000E+000
    outer loop 
      vertex 1.353912e-001 -5.000000e-001 5.278890e-001
      vertex 1.833293e-001 -5.000000e-001 6.639426e-001
      vertex -3.196946e-003 -5.000000e-001 5.991769e-001
    endloop 
  endfacet
  facet normal -1.000000E+000 0.000000E+000 0.000000E+000
    outer loop 
      vertex -5.000000e-001 -1.683913e-001 1.156402e+000
      vertex -5.000000e-001 -3.089022e-001 1.256216e+000
      vertex -5.000000e-001 -1.103231e-001 1.294982e+000
    endloop 
  endfacet
  facet normal -1.000000E+000 0.000000E+000 0.000000E+000
    outer loop 
      vertex -5.000000e-001 -1.683913e-001 1.156402e+000
      vertex -5.000000e-001 -3.377389e-001 1.090923e+000
      vertex -5.000000e-001 -3.089022e-001 1.256216e+000
    endloop 
  endfacet
  facet normal -1.000000E+000 0.000000E+000 0.000000E+000
    outer loop 
      vertex -5.000000e-001 -7.937787e-002 1.039945e+000
      vertex -5.000000e-001 -2.036930e-001 1.036600e+000
      vertex -5.000000e-001 -1.683913e-001 1.156402e+000
    endloop 
  endfacet
  facet normal -1.000000E+000 0.000000E+000 0.000000E+000
    outer loop 
      vertex -5.000000e-001 -2.036930e-001 1.036600e+000
      vertex -5.000000e-001 -3.377389e-001 1.090923e+000
      vertex -5.000000e-001 -1.683913e-001 1.156402e+000
    endloop 
  endfacet
  facet normal -1.000000E+000 0.000000E+000 0.000000E+000
    outer loop 
      vertex -5.000000e-001 7.753019e-004 1.178571e+000
      vertex -5.000000e-001 -7.937787e-002 1.039945e+000
      vertex -5.000000e-001 -1.683913e-001 1.156402e+000
    endloop 
  endfacet
  facet normal -1.000000E+000 0.000000E+000 0.000000E+000
    outer loop 
      vertex -5.000000e-001 7.753019e-004 1.178571e+000
      vertex -5.000000e-001 -1.683913e-001 1.156402e+000
      vertex -5.000000e-001 -1.103231e-001 1.294982e+000
    endloop 
  endfacet
  facet normal 0.000000E+000 1.000000E+000 0.000000E+000
    outer loop 
      vertex -1.221970e-001 5.000000e-001 1.355058e+000
      vertex -1.621776e-001 5.000000e-001 1.157852e+000
      vertex -3.149162e-001 5.000000e-001 1.232973e+000
    endloop 
  endfacet
  facet normal 0.000000E+000 1.000000E+000 0.000000E+000
    outer loop 
      vertex -1.621776e-001 5.000000e-001 1.157852e+000
      vertex -3.361894e-001 5.000000e-001 1.065045e+000
      vertex -3.149162e-001 5.000000e-001 1.232973e+000
    endloop 
  endfacet
  facet normal 0.000000E+000 1.000000E+000 0.000000E+000
    outer loop 
      vertex -1.904198e-001 5.000000e-001 9.951340e-001
      vertex -1.621776e-001 5.000000e-001 1.157852e+000
      vertex -3.095176e-002 5.000000e-001 1.071679e+000
    endloop 
  endfacet
  facet normal 0.000000E+000 1.000000E+000 0.000000E+000
    outer loop 
      vertex -3.361894e-001 5.000000e-001 1.065045e+000
      vertex -1.621776e-001 5.000000e-001 1.157852e+000
      vertex -1.904198e-001 5.000000e-001 9.951340e-001
    endloop 
  endfacet
  facet normal 0.000000E+000 1.000000E+000 0.000000E+000
    outer loop 
      vertex 1.315645e-002 5.000000e-001 1.237126e+000
      vertex -3.095176e-002 5.000000e-001 1.071679e+000
      vertex -1.621776e-001 5.000000e-001 1.157852e+000
    endloop 
  endfacet
  facet normal 0.000000E+000 1.000000E+000 0.000000E+000
    outer loop 
      vertex -1.221970e-001 5.000000e-001 1.355058e+000
      vertex 1.315645e-002 5.000000e-001 1.237126e+000
      vertex -1.621776e-001 5.000000e-001 1.157852e+000
    endloop 
  endfacet
  facet normal 0.000000E+000 -1.000000E+000 0.000000E+000
    outer loop 
      vertex 2.257615e-001 -5.000000e-001 1.288539e+000
      vertex 7.587167e-002 -5.000000e-001 1.321702e+000
      vertex 1.304069e-001 -5.000000e-001 1.164647e+000
    endloop 
  endfacet
  facet normal 0.000000E+000 -1.000000E+000 0.000000E+000
    outer loop 
      vertex 7.783676e-004 -5.000000e-001 1.204099e+000
      vertex 1.304069e-001 -5.000000e-001 1.164647e+000
      vertex 7.587167e-002 -5.000000e-001 1.321702e+000
    endloop 
  endfacet
  facet normal 0.000000E+000 -1.000000E+000 0.000000E+000
    outer loop 
      vertex 7.344476e-003 -5.000000e-001 1.066282e+000
      vertex 1.520672e-001 -5.000000e-001 9.770924e-001
      vertex 1.304069e-001 -5.000000e-001 1.164647e+000
    endloop 
  endfacet
  facet normal 0.000000E+000 -1.000000E+000 0.000000E+000
    outer loop 
      vertex 2.625480e-001 -5.000000e-001 1.118946e+000
      vertex 1.304069e-001 -5.000000e-001 1.164647e+000
      vertex 1.520672e-001 -5.000000e-001 9.770924e-001
    endloop 
  endfacet
  facet normal 0.000000E+000 -1.000000E+000 0.000000E+000
    outer loop 
      vertex 7.344476e-003 -5.000000e-001 1.066282e+000
      vertex 1.304069e-001 -5.000000e-001 1.164647e+000
      vertex 7.783676e-004 -5.000000e-001 1.204099e+000
    endloop 
  endfacet
  facet normal 0.000000E+000 -1.000000E+000 0.000000E+000
    outer loop 
      vertex 2.625480e-001 -5.000000e-001 1.118946e+000
      vertex 2.257615e-001 -5.000000e-001 1.288539e+000
      vertex 1.304069e-001 -5.000000e-001 1.164647e+000
    endloop 
  endfacet
  facet normal -1.000000E+000 0.000000E+000 0.000000E+000
    outer loop 
      vertex -5.000000e-001 1.051779e-001 8.707223e-001
      vertex -5.000000e-001 1.688719e-001 7.207138e-001
      vertex -5.000000e-001 3.400240e-002 7.561549e-001
    endloop 
  endfacet
  facet normal -1.000000E+000 0.000000E+000 0.000000E+000
    outer loop 
      vertex -5.000000e-001 9.308688e-002 6.357518e-001
      vertex -5.000000e-001 3.400240e-002 7.561549e-001
      vertex -5.000000e-001 1.688719e-001 7.207138e-001
    endloop 
  endfacet
  facet normal -1.000000E+000 0.000000E+000 0.000000E+000
    outer loop 
      vertex -5.000000e-001 1.051779e-001 8.707223e-001
      vertex -5.000000e-001 2.332007e-001 8.300578e-001
      vertex -5.000000e-001 1.688719e-001 7.207138e-001
    endloop 
  endfacet
  facet normal -1.000000E+000 0.000000E+000 0.000000E+000
    outer loop 
      vertex -5.000000e-001 9.308688e-002 6.357518e-001
      vertex -5.000000e-001 1.688719e-001 7.207138e-001
      vertex -5.000000e-001 2.034441e-001 5.794227e-001
    endloop 
  endfacet
  facet normal -1.000000E+000 0.000000E+000 0.000000E+000
    outer loop 
      vertex -5.000000e-001 3.328909e-001 7.042398e-001
      vertex -5.000000e-001 2.034441e-001 5.794227e-001
      vertex -5.000000e-001 1.688719e-001 7.207138e-001
    endloop 
  endfacet
  facet normal -1.000000E+000 0.000000E+000 0.000000E+000
    outer loop 
      vertex -5.000000e-001 1.688719e-001 7.207138e-001
      vertex -5.000000e-001 2.332007e-001 8.300578e-001
      vertex -5.000000e-001 3.328909e-001 7.042398e-001
    endloop 
  endfacet
  facet normal -1.000000E+000 0.000000E+000 0.000000E+000
    outer loop 
      vertex -5.000000e-001 -5.000000e-001 2.080000e+000
      vertex -5.000000e-001 -3.747995e-001 2.219270e+000
      vertex -5.000000e-001 -3.674253e-001 2.037391e+000
    endloop 
  endfacet
  facet normal -1.000000E+000 0.000000E+000 0.000000E+000
    outer loop 
      vertex -5.000000e-001 -3.747995e-001 2.219270e+000
      vertex -5.000000e-001 -2.143354e-001 2.145489e+000
      vertex -5.000000e-001 -3.674253e-001 2.037391e+000
    endloop 
  endfacet
  facet normal -1.000000E+000 0.000000E+000 0.000000E+000
    outer loop 
      vertex -5.000000e-001 -5.000000e-001 1.920000e+000
      vertex -5.000000e-001 -3.674253e-001 2.037391e+000
      vertex -5.000000e-001 -3.693163e-001 1.863287e+000
    endloop 
  endfacet
  facet normal -1.000000E+000 0.000000E+000 0.000000E+000
    outer loop 
      vertex -5.000000e-001 -3.674253e-001 2.037391e+000
      vertex -5.000000e-001 -2.302133e-001 1.956750e+000
      vertex -5.000000e-001 -3.693163e-001 1.863287e+000
    endloop 
  endfacet
  facet normal -1.000000E+000 0.000000E+000 0.000000E+000
    outer loop 
      vertex -5.000000e-001 -5.000000e-001 1.920000e+000
      vertex -5.000000e-001 -5.000000e-001 2.080000e+000
      vertex -5.000000e-001 -3.674253e-001 2.037391e+000
    endloop 
  endfacet
  facet normal -1.000000E+000 0.000000E+000 0.000000E+000
    outer loop 
      vertex -5.000000e-001 -2.143354e-001 2.145489e+000
      vertex -5.000000e-001 -2.302133e-001 1.956750e+000
      vertex -5.000000e-001 -3.674253e-001 2.037391e+000
    endloop 
  endfacet
  facet normal 0.000000E+000 1.000000E+000 0.000000E+000
    outer loop 
      vertex -3.313745e-001 5.000000e-001 1.029326e-001
      vertex -3.362662e-001 5.000000e-001 2.502624e-001
      vertex -1.421424e-001 5.000000e-001 1.641926e-001
    endloop 
  endfacet
  facet normal 0.000000E+000 1.000000E+000 0.000000E+000
    outer loop 
      vertex -3.313745e-001 5.000000e-001 1.029326e-001
      vertex -5.000000e-001 5.000000e-001 1.600000e-001
      vertex -3.362662e-001 5.000000e-001 2.502624e-001
    endloop 
  endfacet
  facet normal 0.000000E+000 1.000000E+000 0.000000E+000
    outer loop 
      vertex -3.525191e-001 5.000000e-001 4.131458e-001
      vertex -3.362662e-001 5.000000e-001 2.502624e-001
      vertex -5.000000e-001 5.000000e-001 3.200000e-001
    endloop 
  endfacet
  facet normal 0.000000E+000 1.000000E+000 0.000000E+000
    outer loop 
      vertex -3.362662e-001 5.000000e-001 2.502624e-001
      vertex -3.525191e-001 5.000000e-001 4.131458e-001
      vertex -1.878244e-001 5.000000e-001 3.492534e-001
    endloop 
  endfacet
  facet normal 0.000000E+000 1.000000E+000 0.000000E+000
    outer loop 
      vertex -3.362662e-001 5.000000e-001 2.502624e-001
      vertex -1.878244e-001 5.000000e-001 3.492534e-001
      vertex -1.421424e-001 5.000000e-001 1.641926e-001
    endloop 
  endfacet
  facet normal 0.000000E+000 1.000000E+000 0.000000E+000
    outer loop 
      vertex -3.362662e-001 5.000000e-001 2.502624e-001
      vertex -5.000000e-001 5.000000e-001 1.600000e-001
      vertex -5.000000e-001 5.000000e-001 3.200000e-001
    endloop 
  endfacet
  facet normal 0.000000E+000 -1.000000E+000 0.000000E+000
    outer loop 
      vertex 3.276099e-001 -5.000000e-001 1.073086e-001
      vertex 3.019783e-001 -5.000000e-001 2.614320e-001
      vertex 1.356677e-001 -5.000000e-001 1.484106e-001
    endloop 
  endfacet
  facet normal 0.000000E+000 -1.000000E+000 0.000000E+000
    outer loop 
      vertex 3.276099e-001 -5.000000e-001 1.073086e-001
      vertex 5.000000e-001 -5.000000e-001 1.600000e-001
      vertex 3.019783e-001 -5.000000e-001 2.614320e-001
    endloop 
  endfacet
  facet normal 0.000000E+000 -1.000000E+000 0.000000E+000
    outer loop 
      vertex 3.617059e-001 -5.000000e-001 4.094665e-001
      vertex 1.939099e-001 -5.000000e-001 4.031291e-001
      vertex 3.019783e-001 -5.000000e-001 2.614320e-001
    endloop 
  endfacet
  facet normal 0.000000E+000 -1.000000E+000 0.000000E+000
    outer loop 
      vertex 3.019783e-001 -5.000000e-001 2.614320e-001
      vertex 1.939099e-001 -5.000000e-001 4.031291e-001
      vertex 1.170084e-001 -5.000000e-001 2.930182e-001
    endloop 
  endfacet
  facet normal 0.000000E+000 -1.000000E+000 0.000000E+000
    outer loop 
      vertex 5.000000e-001 -5.000000e-001 3.200000e-001
      vertex 3.617059e-001 -5.000000e-001 4.094665e-001
      vertex 3.019783e-001 -5.000000e-001 2.614320e-001
    endloop 
  endfacet
  facet normal 0.000000E+000 -1.000000E+000 0.000000E+000
    outer loop 
      vertex 1.170084e-001 -5.000000e-001 2.930182e-001
      vertex 1.356677e-001 -5.000000e-001 1.484106e-001
      vertex 3.019783e-001 -5.000000e-001 2.614320e-001
    endloop 
  endfacet
  facet normal 0.000000E+000 -1.000000E+000 0.000000E+000
    outer loop 
      vertex 5.000000e-001 -5.000000e-001 3.200000e-001
      vertex 3.019783e-001 -5.000000e-001 2.614320e-001
      vertex 5.000000e-001 -5.000000e-001 1.600000e-001
    endloop 
  endfacet
  facet normal 0.000000E+000 1.000000E+000 0.000000E+000
    outer loop 
      vertex 5.000000e-001 5.000000e-001 3.840000e+000
      vertex 3.868415e-001 5.000000e-001 3.740429e+000
      vertex 3.221346e-001 5.000000e-001 3.877407e+000
    endloop 
  endfacet
  facet normal 0.000000E+000 1.000000E+000 0.000000E+000
    outer loop 
      vertex 3.868415e-001 5.000000e-001 3.740429e+000
      vertex 2.222128e-001 5.000000e-001 3.714385e+000
      vertex 3.221346e-001 5.000000e-001 3.877407e+000
    endloop 
  endfacet
  facet normal 0.000000E+000 1.000000E+000 0.000000E+000
    outer loop 
      vertex 3.868415e-001 5.000000e-001 3.740429e+000
      vertex 5.000000e-001 5.000000e-001 3.680000e+000
      vertex 3.415227e-001 5.000000e-001 3.577714e+000
    endloop 
  endfacet
  facet normal 0.000000E+000 1.000000E+000 0.000000E+000
    outer loop 
      vertex 2.222128e-001 5.000000e-001 3.714385e+000
      vertex 3.868415e-001 5.000000e-001 3.740429e+000
      vertex 3.415227e-001 5.000000e-001 3.577714e+000
    endloop 
  endfacet
  facet normal 0.000000E+000 1.000000E+000 0.000000E+000
    outer loop 
      vertex 5.000000e-001 5.000000e-001 3.840000e+000
      vertex 5.000000e-001 5.000000e-001 3.680000e+000
      vertex 3.868415e-001 5.000000e-001 3.740429e+000
    endloop 
  endfacet
  facet normal 0.000000E+000 -1.000000E+000 0.000000E+000
    outer loop 
      vertex 2.517506e-001 -5.000000e-001 3.580123e+000
      vertex 3.786160e-001 -5.000000e-001 3.634787e+000
      vertex 2.742150e-001 -5.000000e-001 3.722374e+000
    endloop 
  endfacet
  facet normal 0.000000E+000 -1.000000E+000 0.000000E+000
    outer loop 
      vertex 2.517506e-001 -5.000000e-001 3.580123e+000
      vertex 1.093443e-001 -5.000000e-001 3.569057e+000
      vertex 2.162966e-001 -5.000000e-001 3.402343e+000
    endloop 
  endfacet
  facet normal -1.000000E+000 0.000000E+000 0.000000E+000
    outer loop 
      vertex -5.000000e-001 -3.628401e-001 3.456008e+000
      vertex -5.000000e-001 -3.600339e-001 3.294482e+000
      vertex -5.000000e-001 -5.000000e-001 3.360000e+000
    endloop 
  endfacet
  facet normal -1.000000E+000 0.000000E+000 0.000000E+000
    outer loop 
      vertex -5.000000e-001 -3.600339e-001 3.294482e+000
      vertex -5.000000e-001 -3.628401e-001 3.456008e+000
      vertex -5.000000e-001 -2.286863e-001 3.379697e+000
    endloop 
  endfacet
  facet normal -1.000000E+000 0.000000E+000 0.000000E+000
    outer loop 
      vertex -5.000000e-001 -2.286863e-001 3.379697e+000
      vertex -5.000000e-001 -3.628401e-001 3.456008e+000
      vertex -5.000000e-001 -2.181893e-001 3.560645e+000
    endloop 
  endfacet
  facet normal -1.000000E+000 0.000000E+000 0.000000E+000
    outer loop 
      vertex -5.000000e-001 -5.000000e-001 3.520000e+000
      vertex -5.000000e-001 -3.628401e-001 3.456008e+000
      vertex -5.000000e-001 -5.000000e-001 3.360000e+000
    endloop 
  endfacet
  facet normal 0.000000E+000 -1.000000E+000 0.000000E+000
    outer loop 
      vertex -2.010969e-001 -5.000000e-001 2.853386e+000
      vertex -2.126273e-001 -5.000000e-001 3.011442e+000
      vertex -3.508876e-001 -5.000000e-001 2.941716e+000
    endloop 
  endfacet
  facet normal 0.000000E+000 -1.000000E+000 0.000000E+000
    outer loop 
      vertex -3.508876e-001 -5.000000e-001 2.941716e+000
      vertex -2.126273e-001 -5.000000e-001 3.011442e+000
      vertex -3.541856e-001 -5.000000e-001 3.109941e+000
    endloop 
  endfacet
  facet normal 0.000000E+000 -1.000000E+000 0.000000E+000
    outer loop 
      vertex -3.510512e-001 -5.000000e-001 2.785436e+000
      vertex -2.010969e-001 -5.000000e-001 2.853386e+000
      vertex -3.508876e-001 -5.000000e-001 2.941716e+000
    endloop 
  endfacet
  facet normal 0.000000E+000 -1.000000E+000 0.000000E+000
    outer loop 
      vertex -3.510512e-001 -5.000000e-001 2.785436e+000
      vertex -3.508876e-001 -5.000000e-001 2.941716e+000
      vertex -5.000000e-001 -5.000000e-001 2.880000e+000
    endloop 
  endfacet
  facet normal 0.000000E+000 -1.000000E+000 0.000000E+000
    outer loop 
      vertex -3.508876e-001 -5.000000e-001 2.941716e+000
      vertex -3.541856e-001 -5.000000e-001 3.109941e+000
      vertex -5.000000e-001 -5.000000e-001 3.040000e+000
    endloop 
  endfacet
  facet normal 0.000000E+000 -1.000000E+000 0.000000E+000
    outer loop 
      vertex -3.508876e-001 -5.000000e-001 2.941716e+000
      vertex -5.000000e-001 -5.000000e-001 3.040000e+000
      vertex -5.000000e-001 -5.000000e-001 2.880000e+000
    endloop 
  endfacet
  facet normal 0.000000E+000 1.000000E+000 0.000000E+000
    outer loop 
      vertex -5.000000e-001 5.000000e-001 4.800000e-001
      vertex -3.650673e-001 5.000000e-001 5.802622e-001
      vertex -3.525191e-001 5.000000e-001 4.131458e-001
    endloop 
  endfacet
  facet normal 0.000000E+000 1.000000E+000 0.000000E+000
    outer loop 
      vertex -3.589839e-001 5.000000e-001 7.418470e-001
      vertex -2.311290e-001 5.000000e-001 6.770320e-001
      vertex -3.650673e-001 5.000000e-001 5.802622e-001
    endloop 
  endfacet
  facet normal 0.000000E+000 1.000000E+000 0.000000E+000
    outer loop 
      vertex -5.000000e-001 5.000000e-001 6.400000e-001
      vertex -3.589839e-001 5.000000e-001 7.418470e-001
      vertex -3.650673e-001 5.000000e-001 5.802622e-001
    endloop 
  endfacet
  facet normal 0.000000E+000 1.000000E+000 0.000000E+000
    outer loop 
      vertex -5.000000e-001 5.000000e-001 6.400000e-001
      vertex -3.650673e-001 5.000000e-001 5.802622e-001
      vertex -5.000000e-001 5.000000e-001 4.800000e-001
    endloop 
  endfacet
  facet normal 0.000000E+000 -1.000000E+000 0.000000E+000
    outer loop 
      vertex 3.617059e-001 -5.000000e-001 4.094665e-001
      vertex 5.000000e-001 -5.000000e-001 4.800000e-001
      vertex 4.065115e-001 -5.000000e-001 5.466619e-001
    endloop 
  endfacet
  facet normal 0.000000E+000 -1.000000E+000 0.000000E+000
    outer loop 
      vertex 3.617059e-001 -5.000000e-001 4.094665e-001
      vertex 4.065115e-001 -5.000000e-001 5.466619e-001
      vertex 2.771990e-001 -5.000000e-001 5.354977e-001
    endloop 
  endfacet
  facet normal 0.000000E+000 -1.000000E+000 0.000000E+000
    outer loop 
      vertex 3.533836e-001 -5.000000e-001 7.009118e-001
      vertex 4.065115e-001 -5.000000e-001 5.466619e-001
      vertex 5.000000e-001 -5.000000e-001 6.400000e-001
    endloop 
  endfacet
  facet normal 0.000000E+000 -1.000000E+000 0.000000E+000
    outer loop 
      vertex 4.065115e-001 -5.000000e-001 5.466619e-001
      vertex 3.533836e-001 -5.000000e-001 7.009118e-001
      vertex 2.771990e-001 -5.000000e-001 5.354977e-001
    endloop 
  endfacet
  facet normal 0.000000E+000 -1.000000E+000 0.000000E+000
    outer loop 
      vertex 4.065115e-001 -5.000000e-001 5.466619e-001
      vertex 5.000000e-001 -5.000000e-001 4.800000e-001
      vertex 5.000000e-001 -5.000000e-001 6.400000e-001
    endloop 
  endfacet
  facet normal 1.000000E+000 0.000000E+000 0.000000E+000
    outer loop 
      vertex 5.000000e-001 -1.568695e-002 8.973839e-001
      vertex 5.000000e-001 -1.266054e-001 7.739544e-001
      vertex 5.000000e-001 6.146379e-002 7.876777e-001
    endloop 
  endfacet
  facet normal 1.000000E+000 0.000000E+000 0.000000E+000
    outer loop 
      vertex 5.000000e-001 -1.568695e-002 8.973839e-001
      vertex 5.000000e-001 -1.526328e-001 9.853333e-001
      vertex 5.000000e-001 -1.266054e-001 7.739544e-001
    endloop 
  endfacet
  facet normal 1.000000E+000 0.000000E+000 0.000000E+000
    outer loop 
      vertex 5.000000e-001 1.876079e-002 6.337321e-001
      vertex 5.000000e-001 6.146379e-002 7.876777e-001
      vertex 5.000000e-001 -1.266054e-001 7.739544e-001
    endloop 
  endfacet
  facet normal 1.000000E+000 0.000000E+000 0.000000E+000
    outer loop 
      vertex 5.000000e-001 -3.097524e-001 8.802739e-001
      vertex 5.000000e-001 -3.053431e-001 6.750324e-001
      vertex 5.000000e-001 -1.266054e-001 7.739544e-001
    endloop 
  endfacet
  facet normal 1.000000E+000 0.000000E+000 0.000000E+000
    outer loop 
      vertex 5.000000e-001 -3.097524e-001 8.802739e-001
      vertex 5.000000e-001 -1.266054e-001 7.739544e-001
      vertex 5.000000e-001 -1.526328e-001 9.853333e-001
    endloop 
  endfacet
  facet normal 0.000000E+000 1.000000E+000 0.000000E+000
    outer loop 
      vertex 5.194948e-002 5.000000e-001 3.144978e+000
      vertex -3.355489e-002 5.000000e-001 3.278095e+000
      vertex 1.180456e-001 5.000000e-001 3.288546e+000
    endloop 
  endfacet
  facet normal 0.000000E+000 1.000000E+000 0.000000E+000
    outer loop 
      vertex 2.168732e-001 5.000000e-001 3.170385e+000
      vertex 5.194948e-002 5.000000e-001 3.144978e+000
      vertex 1.180456e-001 5.000000e-001 3.288546e+000
    endloop 
  endfacet
  facet normal 0.000000E+000 1.000000E+000 0.000000E+000
    outer loop 
      vertex -3.355489e-002 5.000000e-001 3.278095e+000
      vertex 6.072675e-002 5.000000e-001 3.408872e+000
      vertex 1.180456e-001 5.000000e-001 3.288546e+000
    endloop 
  endfacet
  facet normal 0.000000E+000 1.000000E+000 0.000000E+000
    outer loop 
      vertex 2.485400e-001 5.000000e-001 3.308602e+000
      vertex 1.180456e-001 5.000000e-001 3.288546e+000
      vertex 2.140749e-001 5.000000e-001 3.429618e+000
    endloop 
  endfacet
  facet normal 0.000000E+000 1.000000E+000 0.000000E+000
    outer loop 
      vertex 1.180456e-001 5.000000e-001 3.288546e+000
      vertex 2.485400e-001 5.000000e-001 3.308602e+000
      vertex 2.168732e-001 5.000000e-001 3.170385e+000
    endloop 
  endfacet
  facet normal 0.000000E+000 1.000000E+000 0.000000E+000
    outer loop 
      vertex 6.072675e-002 5.000000e-001 3.408872e+000
      vertex 2.140749e-001 5.000000e-001 3.429618e+000
      vertex 1.180456e-001 5.000000e-001 3.288546e+000
    endloop 
  endfacet
  facet normal -1.000000E+000 0.000000E+000 0.000000E+000
    outer loop 
      vertex -5.000000e-001 6.640434e-002 1.029705e+000
      vertex -5.000000e-001 2.156486e-001 9.812663e-001
      vertex -5.000000e-001 1.051779e-001 8.707223e-001
    endloop 
  endfacet
  facet normal -1.000000E+000 0.000000E+000 0.000000E+000
    outer loop 
      vertex -5.000000e-001 2.332007e-001 8.300578e-001
      vertex -5.000000e-001 1.051779e-001 8.707223e-001
      vertex -5.000000e-001 2.156486e-001 9.812663e-001
    endloop 
  endfacet
  facet normal -1.000000E+000 0.000000E+000 0.000000E+000
    outer loop 
      vertex -5.000000e-001 6.640434e-002 1.029705e+000
      vertex -5.000000e-001 1.854988e-001 1.184172e+000
      vertex -5.000000e-001 2.156486e-001 9.812663e-001
    endloop 
  endfacet
  facet normal -1.000000E+000 0.000000E+000 0.000000E+000
    outer loop 
      vertex -5.000000e-001 1.854988e-001 1.184172e+000
      vertex -5.000000e-001 3.510814e-001 1.064844e+000
      vertex -5.000000e-001 2.156486e-001 9.812663e-001
    endloop 
  endfacet
  facet normal -1.000000E+000 0.000000E+000 0.000000E+000
    outer loop 
      vertex -5.000000e-001 3.510814e-001 1.064844e+000
      vertex -5.000000e-001 3.552687e-001 8.852488e-001
      vertex -5.000000e-001 2.156486e-001 9.812663e-001
    endloop 
  endfacet
  facet normal -1.000000E+000 0.000000E+000 0.000000E+000
    outer loop 
      vertex -5.000000e-001 3.552687e-001 8.852488e-001
      vertex -5.000000e-001 2.332007e-001 8.300578e-001
      vertex -5.000000e-001 2.156486e-001 9.812663e-001
    endloop 
  endfacet
  facet normal -1.000000E+000 0.000000E+000 0.000000E+000
    outer loop 
      vertex -5.000000e-001 3.400240e-002 7.561549e-001
      vertex -5.000000e-001 -1.112091e-001 7.767376e-001
      vertex -5.000000e-001 -2.475298e-002 8.995698e-001
    endloop 
  endfacet
  facet normal -1.000000E+000 0.000000E+000 0.000000E+000
    outer loop 
      vertex -5.000000e-001 -2.615223e-002 6.393214e-001
      vertex -5.000000e-001 -1.112091e-001 7.767376e-001
      vertex -5.000000e-001 3.400240e-002 7.561549e-001
    endloop 
  endfacet
  facet normal -1.000000E+000 0.000000E+000 0.000000E+000
    outer loop 
      vertex -5.000000e-001 1.051779e-001 8.707223e-001
      vertex -5.000000e-001 3.400240e-002 7.561549e-001
      vertex -5.000000e-001 -2.475298e-002 8.995698e-001
    endloop 
  endfacet
  facet normal -1.000000E+000 0.000000E+000 0.000000E+000
    outer loop 
      vertex -5.000000e-001 3.400240e-002 7.561549e-001
      vertex -5.000000e-001 9.308688e-002 6.357518e-001
      vertex -5.000000e-001 -2.615223e-002 6.393214e-001
    endloop 
  endfacet
  facet normal -1.000000E+000 0.000000E+000 0.000000E+000
    outer loop 
      vertex -5.000000e-001 -3.631050e-001 3.149632e+000
      vertex -5.000000e-001 -3.600339e-001 3.294482e+000
      vertex -5.000000e-001 -2.227269e-001 3.204663e+000
    endloop 
  endfacet
  facet normal -1.000000E+000 0.000000E+000 0.000000E+000
    outer loop 
      vertex -5.000000e-001 -3.600339e-001 3.294482e+000
      vertex -5.000000e-001 -3.631050e-001 3.149632e+000
      vertex -5.000000e-001 -5.000000e-001 3.200000e+000
    endloop 
  endfacet
  facet normal -1.000000E+000 0.000000E+000 0.000000E+000
    outer loop 
      vertex -5.000000e-001 -2.227269e-001 3.204663e+000
      vertex -5.000000e-001 -3.600339e-001 3.294482e+000
      vertex -5.000000e-001 -2.286863e-001 3.379697e+000
    endloop 
  endfacet
  facet normal -1.000000E+000 0.000000E+000 0.000000E+000
    outer loop 
      vertex -5.000000e-001 -5.000000e-001 3.360000e+000
      vertex -5.000000e-001 -3.600339e-001 3.294482e+000
      vertex -5.000000e-001 -5.000000e-001 3.200000e+000
    endloop 
  endfacet
  facet normal 0.000000E+000 -1.000000E+000 0.000000E+000
    outer loop 
      vertex -8.786944e-002 -5.000000e-001 7.399208e-001
      vertex 8.259173e-002 -5.000000e-001 7.912526e-001
      vertex -2.942386e-002 -5.000000e-001 9.076690e-001
    endloop 
  endfacet
  facet normal 0.000000E+000 -1.000000E+000 0.000000E+000
    outer loop 
      vertex -8.786944e-002 -5.000000e-001 7.399208e-001
      vertex -3.196946e-003 -5.000000e-001 5.991769e-001
      vertex 8.259173e-002 -5.000000e-001 7.912526e-001
    endloop 
  endfacet
  facet normal 0.000000E+000 -1.000000E+000 0.000000E+000
    outer loop 
      vertex -2.942386e-002 -5.000000e-001 9.076690e-001
      vertex 8.259173e-002 -5.000000e-001 7.912526e-001
      vertex 1.520672e-001 -5.000000e-001 9.770924e-001
    endloop 
  endfacet
  facet normal 0.000000E+000 -1.000000E+000 0.000000E+000
    outer loop 
      vertex 2.424354e-001 -5.000000e-001 8.291541e-001
      vertex 1.520672e-001 -5.000000e-001 9.770924e-001
      vertex 8.259173e-002 -5.000000e-001 7.912526e-001
    endloop 
  endfacet
  facet normal 0.000000E+000 1.000000E+000 0.000000E+000
    outer loop 
      vertex -3.149162e-001 5.000000e-001 1.232973e+000
      vertex -3.332609e-001 5.000000e-001 1.391560e+000
      vertex -1.221970e-001 5.000000e-001 1.355058e+000
    endloop 
  endfacet
  facet normal 0.000000E+000 1.000000E+000 0.000000E+000
    outer loop 
      vertex -3.332609e-001 5.000000e-001 1.391560e+000
      vertex -3.149162e-001 5.000000e-001 1.232973e+000
      vertex -5.000000e-001 5.000000e-001 1.280000e+000
    endloop 
  endfacet
  facet normal 0.000000E+000 1.000000E+000 0.000000E+000
    outer loop 
      vertex -3.149162e-001 5.000000e-001 1.232973e+000
      vertex -5.000000e-001 5.000000e-001 1.120000e+000
      vertex -5.000000e-001 5.000000e-001 1.280000e+000
    endloop 
  endfacet
  facet normal 0.000000E+000 1.000000E+000 0.000000E+000
    outer loop 
      vertex -3.361894e-001 5.000000e-001 1.065045e+000
      vertex -5.000000e-001 5.000000e-001 1.120000e+000
      vertex -3.149162e-001 5.000000e-001 1.232973e+000
    endloop 
  endfacet
  facet normal -1.000000E+000 0.000000E+000 0.000000E+000
    outer loop 
      vertex -5.000000e-001 -3.565893e-001 1.407761e+000
      vertex -5.000000e-001 -1.967076e-001 1.410322e+000
      vertex -5.000000e-001 -3.089022e-001 1.256216e+000
    endloop 
  endfacet
  facet normal -1.000000E+000 0.000000E+000 0.000000E+000
    outer loop 
      vertex -5.000000e-001 -5.000000e-001 1.280000e+000
      vertex -5.000000e-001 -3.565893e-001 1.407761e+000
      vertex -5.000000e-001 -3.089022e-001 1.256216e+000
    endloop 
  endfacet
  facet normal -1.000000E+000 0.000000E+000 0.000000E+000
    outer loop 
      vertex -5.000000e-001 -1.103231e-001 1.294982e+000
      vertex -5.000000e-001 -3.089022e-001 1.256216e+000
      vertex -5.000000e-001 -1.967076e-001 1.410322e+000
    endloop 
  endfacet
  facet normal -1.000000E+000 0.000000E+000 0.000000E+000
    outer loop 
      vertex -5.000000e-001 -3.089022e-001 1.256216e+000
      vertex -5.000000e-001 -5.000000e-001 1.120000e+000
      vertex -5.000000e-001 -5.000000e-001 1.280000e+000
    endloop 
  endfacet
  facet normal -1.000000E+000 0.000000E+000 0.000000E+000
    outer loop 
      vertex -5.000000e-001 -3.377389e-001 1.090923e+000
      vertex -5.000000e-001 -5.000000e-001 1.120000e+000
      vertex -5.000000e-001 -3.089022e-001 1.256216e+000
    endloop 
  endfacet
  facet normal 1.000000E+000 0.000000E+000 0.000000E+000
    outer loop 
      vertex 5.000000e-001 -3.739341e-001 2.781543e+000
      vertex 5.000000e-001 -3.748235e-001 2.950761e+000
      vertex 5.000000e-001 -5.000000e-001 2.880000e+000
    endloop 
  endfacet
  facet normal 1.000000E+000 0.000000E+000 0.000000E+000
    outer loop 
      vertex 5.000000e-001 -3.748235e-001 2.950761e+000
      vertex 5.000000e-001 -3.739341e-001 2.781543e+000
      vertex 5.000000e-001 -2.465670e-001 2.850898e+000
    endloop 
  endfacet
  facet normal 1.000000E+000 0.000000E+000 0.000000E+000
    outer loop 
      vertex 5.000000e-001 -3.748235e-001 2.950761e+000
      vertex 5.000000e-001 -2.380156e-001 3.022142e+000
      vertex 5.000000e-001 -3.694027e-001 3.122480e+000
    endloop 
  endfacet
  facet normal 1.000000E+000 0.000000E+000 0.000000E+000
    outer loop 
      vertex 5.000000e-001 -2.465670e-001 2.850898e+000
      vertex 5.000000e-001 -2.380156e-001 3.022142e+000
      vertex 5.000000e-001 -3.748235e-001 2.950761e+000
    endloop 
  endfacet
  facet normal 1.000000E+000 0.000000E+000 0.000000E+000
    outer loop 
      vertex 5.000000e-001 -3.694027e-001 3.122480e+000
      vertex 5.000000e-001 -5.000000e-001 3.040000e+000
      vertex 5.000000e-001 -3.748235e-001 2.950761e+000
    endloop 
  endfacet
  facet normal 1.000000E+000 0.000000E+000 0.000000E+000
    outer loop 
      vertex 5.000000e-001 -3.748235e-001 2.950761e+000
      vertex 5.000000e-001 -5.000000e-001 3.040000e+000
      vertex 5.000000e-001 -5.000000e-001 2.880000e+000
    endloop 
  endfacet
  facet normal 0.000000E+000 -1.000000E+000 0.000000E+000
    outer loop 
      vertex -2.010969e-001 -5.000000e-001 2.853386e+000
      vertex -8.205247e-002 -5.000000e-001 2.927531e+000
      vertex -2.126273e-001 -5.000000e-001 3.011442e+000
    endloop 
  endfacet
  facet normal 0.000000E+000 -1.000000E+000 0.000000E+000
    outer loop 
      vertex -6.981275e-002 -5.000000e-001 3.065153e+000
      vertex -2.126273e-001 -5.000000e-001 3.011442e+000
      vertex -8.205247e-002 -5.000000e-001 2.927531e+000
    endloop 
  endfacet
  facet normal 0.000000E+000 -1.000000E+000 0.000000E+000
    outer loop 
      vertex -2.061958e-001 -5.000000e-001 3.170683e+000
      vertex -3.541856e-001 -5.000000e-001 3.109941e+000
      vertex -2.126273e-001 -5.000000e-001 3.011442e+000
    endloop 
  endfacet
  facet normal 0.000000E+000 -1.000000E+000 0.000000E+000
    outer loop 
      vertex -6.981275e-002 -5.000000e-001 3.065153e+000
      vertex -2.061958e-001 -5.000000e-001 3.170683e+000
      vertex -2.126273e-001 -5.000000e-001 3.011442e+000
    endloop 
  endfacet
  facet normal 0.000000E+000 -1.000000E+000 0.000000E+000
    outer loop 
      vertex -2.010969e-001 -5.000000e-001 2.853386e+000
      vertex -2.369206e-002 -5.000000e-001 2.788579e+000
      vertex -8.205247e-002 -5.000000e-001 2.927531e+000
    endloop 
  endfacet
  facet normal 0.000000E+000 -1.000000E+000 0.000000E+000
    outer loop 
      vertex -6.981275e-002 -5.000000e-001 3.065153e+000
      vertex -8.205247e-002 -5.000000e-001 2.927531e+000
      vertex 5.219978e-002 -5.000000e-001 2.949971e+000
    endloop 
  endfacet
  facet normal 0.000000E+000 -1.000000E+000 0.000000E+000
    outer loop 
      vertex 5.219978e-002 -5.000000e-001 2.949971e+000
      vertex -8.205247e-002 -5.000000e-001 2.927531e+000
      vertex -2.369206e-002 -5.000000e-001 2.788579e+000
    endloop 
  endfacet
  facet normal 1.000000E+000 0.000000E+000 0.000000E+000
    outer loop 
      vertex 5.000000e-001 -2.192632e-001 1.614563e+000
      vertex 5.000000e-001 -3.083698e-001 1.435264e+000
      vertex 5.000000e-001 -1.172518e-001 1.399913e+000
    endloop 
  endfacet
  facet normal 1.000000E+000 0.000000E+000 0.000000E+000
    outer loop 
      vertex 5.000000e-001 -1.172518e-001 1.399913e+000
      vertex 5.000000e-001 -3.083698e-001 1.435264e+000
      vertex 5.000000e-001 -2.524661e-001 1.275470e+000
    endloop 
  endfacet
  facet normal 1.000000E+000 0.000000E+000 0.000000E+000
    outer loop 
      vertex 5.000000e-001 -1.321776e-001 1.176896e+000
      vertex 5.000000e-001 -1.172518e-001 1.399913e+000
      vertex 5.000000e-001 -2.524661e-001 1.275470e+000
    endloop 
  endfacet
  facet normal 1.000000E+000 0.000000E+000 0.000000E+000
    outer loop 
      vertex 5.000000e-001 -1.321776e-001 1.176896e+000
      vertex 5.000000e-001 2.974502e-002 1.247875e+000
      vertex 5.000000e-001 -1.172518e-001 1.399913e+000
    endloop 
  endfacet
  facet normal 1.000000E+000 0.000000E+000 0.000000E+000
    outer loop 
      vertex 5.000000e-001 -1.172518e-001 1.399913e+000
      vertex 5.000000e-001 7.679173e-002 1.428503e+000
      vertex 5.000000e-001 -2.970028e-002 1.594841e+000
    endloop 
  endfacet
  facet normal 1.000000E+000 0.000000E+000 0.000000E+000
    outer loop 
      vertex 5.000000e-001 7.679173e-002 1.428503e+000
      vertex 5.000000e-001 -1.172518e-001 1.399913e+000
      vertex 5.000000e-001 2.974502e-002 1.247875e+000
    endloop 
  endfacet
  facet normal 1.000000E+000 0.000000E+000 0.000000E+000
    outer loop 
      vertex 5.000000e-001 -2.192632e-001 1.614563e+000
      vertex 5.000000e-001 -1.172518e-001 1.399913e+000
      vertex 5.000000e-001 -2.970028e-002 1.594841e+000
    endloop 
  endfacet
  facet normal 0.000000E+000 -1.000000E+000 0.000000E+000
    outer loop 
      vertex 1.916549e-003 -5.000000e-001 1.488233e+000
      vertex 1.693343e-001 -5.000000e-001 1.451906e+000
      vertex 1.265482e-001 -5.000000e-001 1.629932e+000
    endloop 
  endfacet
  facet normal 0.000000E+000 -1.000000E+000 0.000000E+000
    outer loop 
      vertex 1.916549e-003 -5.000000e-001 1.488233e+000
      vertex 1.265482e-001 -5.000000e-001 1.629932e+000
      vertex -1.419878e-002 -5.000000e-001 1.685190e+000
    endloop 
  endfacet
  facet normal 0.000000E+000 -1.000000E+000 0.000000E+000
    outer loop 
      vertex 2.703206e-001 -5.000000e-001 1.582810e+000
      vertex 1.265482e-001 -5.000000e-001 1.629932e+000
      vertex 1.693343e-001 -5.000000e-001 1.451906e+000
    endloop 
  endfacet
  facet normal 0.000000E+000 -1.000000E+000 0.000000E+000
    outer loop 
      vertex 1.265482e-001 -5.000000e-001 1.629932e+000
      vertex 2.464259e-001 -5.000000e-001 1.791224e+000
      vertex 9.296426e-002 -5.000000e-001 1.819261e+000
    endloop 
  endfacet
  facet normal 0.000000E+000 -1.000000E+000 0.000000E+000
    outer loop 
      vertex -1.419878e-002 -5.000000e-001 1.685190e+000
      vertex 1.265482e-001 -5.000000e-001 1.629932e+000
      vertex 9.296426e-002 -5.000000e-001 1.819261e+000
    endloop 
  endfacet
  facet normal 0.000000E+000 -1.000000E+000 0.000000E+000
    outer loop 
      vertex 1.265482e-001 -5.000000e-001 1.629932e+000
      vertex 2.703206e-001 -5.000000e-001 1.582810e+000
      vertex 2.464259e-001 -5.000000e-001 1.791224e+000
    endloop 
  endfacet
  facet normal 0.000000E+000 1.000000E+000 0.000000E+000
    outer loop 
      vertex 6.016774e-002 5.000000e-001 1.730471e+000
      vertex -1.229924e-001 5.000000e-001 1.678872e+000
      vertex -5.581227e-002 5.000000e-001 1.849678e+000
    endloop 
  endfacet
  facet normal 0.000000E+000 1.000000E+000 0.000000E+000
    outer loop 
      vertex -1.229924e-001 5.000000e-001 1.678872e+000
      vertex -2.351317e-001 5.000000e-001 1.785252e+000
      vertex -5.581227e-002 5.000000e-001 1.849678e+000
    endloop 
  endfacet
  facet normal 0.000000E+000 -1.000000E+000 0.000000E+000
    outer loop 
      vertex -5.000000e-001 -5.000000e-001 2.240000e+000
      vertex -3.688868e-001 -5.000000e-001 2.130457e+000
      vertex -3.458568e-001 -5.000000e-001 2.302344e+000
    endloop 
  endfacet
  facet normal 0.000000E+000 -1.000000E+000 0.000000E+000
    outer loop 
      vertex -3.688868e-001 -5.000000e-001 2.130457e+000
      vertex -2.210990e-001 -5.000000e-001 2.157204e+000
      vertex -3.458568e-001 -5.000000e-001 2.302344e+000
    endloop 
  endfacet
  facet normal 0.000000E+000 -1.000000E+000 0.000000E+000
    outer loop 
      vertex -1.778249e-001 -5.000000e-001 2.322874e+000
      vertex -3.106387e-001 -5.000000e-001 2.468580e+000
      vertex -3.458568e-001 -5.000000e-001 2.302344e+000
    endloop 
  endfacet
  facet normal 0.000000E+000 -1.000000E+000 0.000000E+000
    outer loop 
      vertex -2.210990e-001 -5.000000e-001 2.157204e+000
      vertex -1.778249e-001 -5.000000e-001 2.322874e+000
      vertex -3.458568e-001 -5.000000e-001 2.302344e+000
    endloop 
  endfacet
  facet normal 0.000000E+000 -1.000000E+000 0.000000E+000
    outer loop 
      vertex -3.458568e-001 -5.000000e-001 2.302344e+000
      vertex -5.000000e-001 -5.000000e-001 2.400000e+000
      vertex -5.000000e-001 -5.000000e-001 2.240000e+000
    endloop 
  endfacet
  facet normal 0.000000E+000 -1.000000E+000 0.000000E+000
    outer loop 
      vertex -3.458568e-001 -5.000000e-001 2.302344e+000
      vertex -3.106387e-001 -5.000000e-001 2.468580e+000
      vertex -5.000000e-001 -5.000000e-001 2.400000e+000
    endloop 
  endfacet
  facet normal -1.000000E+000 0.000000E+000 0.000000E+000
    outer loop 
      vertex -5.000000e-001 3.123325e-001 2.192882e+000
      vertex -5.000000e-001 3.973463e-001 2.325298e+000
      vertex -5.000000e-001 5.000000e-001 2.240000e+000
    endloop 
  endfacet
  facet normal -1.000000E+000 0.000000E+000 0.000000E+000
    outer loop 
      vertex -5.000000e-001 3.123325e-001 2.192882e+000
      vertex -5.000000e-001 2.956917e-001 2.378852e+000
      vertex -5.000000e-001 3.973463e-001 2.325298e+000
    endloop 
  endfacet
  facet normal -1.000000E+000 0.000000E+000 0.000000E+000
    outer loop 
      vertex -5.000000e-001 5.000000e-001 2.240000e+000
      vertex -5.000000e-001 3.973463e-001 2.325298e+000
      vertex -5.000000e-001 5.000000e-001 2.400000e+000
    endloop 
  endfacet
  facet normal 0.000000E+000 1.000000E+000 0.000000E+000
    outer loop 
      vertex 5.194948e-002 5.000000e-001 3.144978e+000
      vertex 1.703803e-001 5.000000e-001 3.029744e+000
      vertex -2.492457e-002 5.000000e-001 2.978027e+000
    endloop 
  endfacet
  facet normal 0.000000E+000 1.000000E+000 0.000000E+000
    outer loop 
      vertex 2.168732e-001 5.000000e-001 3.170385e+000
      vertex 1.703803e-001 5.000000e-001 3.029744e+000
      vertex 5.194948e-002 5.000000e-001 3.144978e+000
    endloop 
  endfacet
  facet normal 0.000000E+000 1.000000E+000 0.000000E+000
    outer loop 
      vertex -3.355489e-002 5.000000e-001 3.278095e+000
      vertex 5.194948e-002 5.000000e-001 3.144978e+000
      vertex -1.083594e-001 5.000000e-001 3.136126e+000
    endloop 
  endfacet
  facet normal 0.000000E+000 1.000000E+000 0.000000E+000
    outer loop 
      vertex 5.194948e-002 5.000000e-001 3.144978e+000
      vertex -2.492457e-002 5.000000e-001 2.978027e+000
      vertex -1.083594e-001 5.000000e-001 3.136126e+000
    endloop 
  endfacet
  facet normal 1.000000E+000 0.000000E+000 0.000000E+000
    outer loop 
      vertex 5.000000e-001 3.681935e-001 2.621481e+000
      vertex 5.000000e-001 5.000000e-001 2.720000e+000
      vertex 5.000000e-001 3.766400e-001 2.776399e+000
    endloop 
  endfacet
  facet normal 1.000000E+000 0.000000E+000 0.000000E+000
    outer loop 
      vertex 5.000000e-001 2.300016e-001 2.688255e+000
      vertex 5.000000e-001 3.681935e-001 2.621481e+000
      vertex 5.000000e-001 3.766400e-001 2.776399e+000
    endloop 
  endfacet
  facet normal 1.000000E+000 0.000000E+000 0.000000E+000
    outer loop 
      vertex 5.000000e-001 3.766400e-001 2.776399e+000
      vertex 5.000000e-001 5.000000e-001 2.720000e+000
      vertex 5.000000e-001 5.000000e-001 2.880000e+000
    endloop 
  endfacet
  facet normal 1.000000E+000 0.000000E+000 0.000000E+000
    outer loop 
      vertex 5.000000e-001 2.300016e-001 2.688255e+000
      vertex 5.000000e-001 3.766400e-001 2.776399e+000
      vertex 5.000000e-001 2.655496e-001 2.833864e+000
    endloop 
  endfacet
  facet normal 0.000000E+000 1.000000E+000 0.000000E+000
    outer loop 
      vertex -3.734418e-001 5.000000e-001 2.638717e+000
      vertex -5.000000e-001 5.000000e-001 2.720000e+000
      vertex -3.866831e-001 5.000000e-001 2.789479e+000
    endloop 
  endfacet
  facet normal 0.000000E+000 1.000000E+000 0.000000E+000
    outer loop 
      vertex -2.582551e-001 5.000000e-001 2.725445e+000
      vertex -3.734418e-001 5.000000e-001 2.638717e+000
      vertex -3.866831e-001 5.000000e-001 2.789479e+000
    endloop 
  endfacet
  facet normal 0.000000E+000 1.000000E+000 0.000000E+000
    outer loop 
      vertex -3.866831e-001 5.000000e-001 2.789479e+000
      vertex -5.000000e-001 5.000000e-001 2.720000e+000
      vertex -5.000000e-001 5.000000e-001 2.880000e+000
    endloop 
  endfacet
  facet normal 0.000000E+000 1.000000E+000 0.000000E+000
    outer loop 
      vertex -2.779744e-001 5.000000e-001 2.854284e+000
      vertex -2.582551e-001 5.000000e-001 2.725445e+000
      vertex -3.866831e-001 5.000000e-001 2.789479e+000
    endloop 
  endfacet
  facet normal 1.000000E+000 0.000000E+000 0.000000E+000
    outer loop 
      vertex 5.000000e-001 1.895583e-001 6.895740e-001
      vertex 5.000000e-001 3.393703e-001 5.880551e-001
      vertex 5.000000e-001 3.560610e-001 7.421057e-001
    endloop 
  endfacet
  facet normal 1.000000E+000 0.000000E+000 0.000000E+000
    outer loop 
      vertex 5.000000e-001 1.895583e-001 6.895740e-001
      vertex 5.000000e-001 1.572989e-001 5.276573e-001
      vertex 5.000000e-001 3.393703e-001 5.880551e-001
    endloop 
  endfacet
  facet normal 1.000000E+000 0.000000E+000 0.000000E+000
    outer loop 
      vertex 5.000000e-001 1.895583e-001 6.895740e-001
      vertex 5.000000e-001 2.265668e-001 8.394111e-001
      vertex 5.000000e-001 6.146379e-002 7.876777e-001
    endloop 
  endfacet
  facet normal 1.000000E+000 0.000000E+000 0.000000E+000
    outer loop 
      vertex 5.000000e-001 1.895583e-001 6.895740e-001
      vertex 5.000000e-001 6.146379e-002 7.876777e-001
      vertex 5.000000e-001 1.876079e-002 6.337321e-001
    endloop 
  endfacet
  facet normal 1.000000E+000 0.000000E+000 0.000000E+000
    outer loop 
      vertex 5.000000e-001 3.560610e-001 7.421057e-001
      vertex 5.000000e-001 2.265668e-001 8.394111e-001
      vertex 5.000000e-001 1.895583e-001 6.895740e-001
    endloop 
  endfacet
  facet normal 1.000000E+000 0.000000E+000 0.000000E+000
    outer loop 
      vertex 5.000000e-001 1.572989e-001 5.276573e-001
      vertex 5.000000e-001 1.895583e-001 6.895740e-001
      vertex 5.000000e-001 1.876079e-002 6.337321e-001
    endloop 
  endfacet
  facet normal -1.000000E+000 0.000000E+000 0.000000E+000
    outer loop 
      vertex -5.000000e-001 -3.183151e-001 2.432258e-001
      vertex -5.000000e-001 -3.633654e-001 4.303842e-001
      vertex -5.000000e-001 -2.193596e-001 4.075798e-001
    endloop 
  endfacet
  facet normal -1.000000E+000 0.000000E+000 0.000000E+000
    outer loop 
      vertex -5.000000e-001 -1.461673e-001 2.946768e-001
      vertex -5.000000e-001 -3.183151e-001 2.432258e-001
      vertex -5.000000e-001 -2.193596e-001 4.075798e-001
    endloop 
  endfacet
  facet normal -1.000000E+000 0.000000E+000 0.000000E+000
    outer loop 
      vertex -5.000000e-001 -3.633654e-001 4.303842e-001
      vertex -5.000000e-001 -2.469187e-001 5.469421e-001
      vertex -5.000000e-001 -2.193596e-001 4.075798e-001
    endloop 
  endfacet
  facet normal -1.000000E+000 0.000000E+000 0.000000E+000
    outer loop 
      vertex -5.000000e-001 -2.193596e-001 4.075798e-001
      vertex -5.000000e-001 -4.172626e-002 4.075129e-001
      vertex -5.000000e-001 -1.461673e-001 2.946768e-001
    endloop 
  endfacet
  facet normal -1.000000E+000 0.000000E+000 0.000000E+000
    outer loop 
      vertex -5.000000e-001 -2.466949e-001 6.941856e-001
      vertex -5.000000e-001 -1.112091e-001 7.767376e-001
      vertex -5.000000e-001 -1.405981e-001 6.420044e-001
    endloop 
  endfacet
  facet normal -1.000000E+000 0.000000E+000 0.000000E+000
    outer loop 
      vertex -5.000000e-001 -2.615223e-002 6.393214e-001
      vertex -5.000000e-001 -1.405981e-001 6.420044e-001
      vertex -5.000000e-001 -1.112091e-001 7.767376e-001
    endloop 
  endfacet
  facet normal -1.000000E+000 0.000000E+000 0.000000E+000
    outer loop 
      vertex -5.000000e-001 -1.112091e-001 7.767376e-001
      vertex -5.000000e-001 -2.466949e-001 6.941856e-001
      vertex -5.000000e-001 -2.606069e-001 8.235769e-001
    endloop 
  endfacet
  facet normal 0.000000E+000 1.000000E+000 0.000000E+000
    outer loop 
      vertex 3.083631e-002 5.000000e-001 7.374318e-001
      vertex 1.159979e-001 5.000000e-001 8.616812e-001
      vertex 1.969680e-001 5.000000e-001 7.111002e-001
    endloop 
  endfacet
  facet normal 0.000000E+000 1.000000E+000 0.000000E+000
    outer loop 
      vertex 1.159979e-001 5.000000e-001 8.616812e-001
      vertex 3.083631e-002 5.000000e-001 7.374318e-001
      vertex -4.942955e-002 5.000000e-001 9.031673e-001
    endloop 
  endfacet
  facet normal -1.000000E+000 0.000000E+000 0.000000E+000
    outer loop 
      vertex -5.000000e-001 2.556719e-001 2.523407e+000
      vertex -5.000000e-001 2.213270e-001 2.656504e+000
      vertex -5.000000e-001 3.716047e-001 2.620952e+000
    endloop 
  endfacet
  facet normal -1.000000E+000 0.000000E+000 0.000000E+000
    outer loop 
      vertex -5.000000e-001 2.556719e-001 2.523407e+000
      vertex -5.000000e-001 1.701965e-001 2.360822e+000
      vertex -5.000000e-001 1.075139e-001 2.527977e+000
    endloop 
  endfacet
  facet normal -1.000000E+000 0.000000E+000 0.000000E+000
    outer loop 
      vertex -5.000000e-001 2.956917e-001 2.378852e+000
      vertex -5.000000e-001 1.701965e-001 2.360822e+000
      vertex -5.000000e-001 2.556719e-001 2.523407e+000
    endloop 
  endfacet
  facet normal -1.000000E+000 0.000000E+000 0.000000E+000
    outer loop 
      vertex -5.000000e-001 2.213270e-001 2.656504e+000
      vertex -5.000000e-001 2.556719e-001 2.523407e+000
      vertex -5.000000e-001 1.075139e-001 2.527977e+000
    endloop 
  endfacet
  facet normal -1.000000E+000 0.000000E+000 0.000000E+000
    outer loop 
      vertex -5.000000e-001 -5.000000e-001 2.400000e+000
      vertex -5.000000e-001 -3.747995e-001 2.219270e+000
      vertex -5.000000e-001 -5.000000e-001 2.240000e+000
    endloop 
  endfacet
  facet normal -1.000000E+000 0.000000E+000 0.000000E+000
    outer loop 
      vertex -5.000000e-001 -2.791504e-001 2.368074e+000
      vertex -5.000000e-001 -3.747995e-001 2.219270e+000
      vertex -5.000000e-001 -5.000000e-001 2.400000e+000
    endloop 
  endfacet
  facet normal -1.000000E+000 0.000000E+000 0.000000E+000
    outer loop 
      vertex -5.000000e-001 -3.747995e-001 2.219270e+000
      vertex -5.000000e-001 -5.000000e-001 2.080000e+000
      vertex -5.000000e-001 -5.000000e-001 2.240000e+000
    endloop 
  endfacet
  facet normal -1.000000E+000 0.000000E+000 0.000000E+000
    outer loop 
      vertex -5.000000e-001 -2.143354e-001 2.145489e+000
      vertex -5.000000e-001 -3.747995e-001 2.219270e+000
      vertex -5.000000e-001 -2.791504e-001 2.368074e+000
    endloop 
  endfacet
  facet normal 0.000000E+000 -1.000000E+000 0.000000E+000
    outer loop 
      vertex -5.000000e-001 -5.000000e-001 2.080000e+000
      vertex -3.688868e-001 -5.000000e-001 2.130457e+000
      vertex -5.000000e-001 -5.000000e-001 2.240000e+000
    endloop 
  endfacet
  facet normal 0.000000E+000 -1.000000E+000 0.000000E+000
    outer loop 
      vertex -3.688868e-001 -5.000000e-001 2.130457e+000
      vertex -2.529215e-001 -5.000000e-001 1.997542e+000
      vertex -2.210990e-001 -5.000000e-001 2.157204e+000
    endloop 
  endfacet
  facet normal 1.000000E+000 0.000000E+000 0.000000E+000
    outer loop 
      vertex 5.000000e-001 5.000000e-001 2.080000e+000
      vertex 5.000000e-001 5.000000e-001 2.240000e+000
      vertex 5.000000e-001 3.770456e-001 2.211011e+000
    endloop 
  endfacet
  facet normal 1.000000E+000 0.000000E+000 0.000000E+000
    outer loop 
      vertex 5.000000e-001 3.770456e-001 2.211011e+000
      vertex 5.000000e-001 3.185231e-001 2.010860e+000
      vertex 5.000000e-001 5.000000e-001 2.080000e+000
    endloop 
  endfacet
  facet normal 1.000000E+000 0.000000E+000 0.000000E+000
    outer loop 
      vertex 5.000000e-001 3.770456e-001 2.211011e+000
      vertex 5.000000e-001 5.000000e-001 2.240000e+000
      vertex 5.000000e-001 5.000000e-001 2.400000e+000
    endloop 
  endfacet
  facet normal 1.000000E+000 0.000000E+000 0.000000E+000
    outer loop 
      vertex 5.000000e-001 3.770456e-001 2.211011e+000
      vertex 5.000000e-001 5.000000e-001 2.400000e+000
      vertex 5.000000e-001 2.986932e-001 2.355437e+000
    endloop 
  endfacet
  facet normal 1.000000E+000 0.000000E+000 0.000000E+000
    outer loop 
      vertex 5.000000e-001 2.986932e-001 2.355437e+000
      vertex 5.000000e-001 2.174395e-001 2.169014e+000
      vertex 5.000000e-001 3.770456e-001 2.211011e+000
    endloop 
  endfacet
  facet normal 1.000000E+000 0.000000E+000 0.000000E+000
    outer loop 
      vertex 5.000000e-001 2.174395e-001 2.169014e+000
      vertex 5.000000e-001 3.185231e-001 2.010860e+000
      vertex 5.000000e-001 3.770456e-001 2.211011e+000
    endloop 
  endfacet
  facet normal 0.000000E+000 1.000000E+000 0.000000E+000
    outer loop 
      vertex 5.000000e-001 5.000000e-001 2.080000e+000
      vertex 5.000000e-001 5.000000e-001 1.920000e+000
      vertex 3.966593e-001 5.000000e-001 2.089440e+000
    endloop 
  endfacet
  facet normal 0.000000E+000 1.000000E+000 0.000000E+000
    outer loop 
      vertex 3.966593e-001 5.000000e-001 2.089440e+000
      vertex 5.000000e-001 5.000000e-001 2.240000e+000
      vertex 5.000000e-001 5.000000e-001 2.080000e+000
    endloop 
  endfacet
  facet normal 0.000000E+000 -1.000000E+000 0.000000E+000
    outer loop 
      vertex 5.000000e-001 -5.000000e-001 2.240000e+000
      vertex 3.710785e-001 -5.000000e-001 2.182258e+000
      vertex 5.000000e-001 -5.000000e-001 2.080000e+000
    endloop 
  endfacet
  facet normal 0.000000E+000 -1.000000E+000 0.000000E+000
    outer loop 
      vertex 5.000000e-001 -5.000000e-001 2.080000e+000
      vertex 3.710785e-001 -5.000000e-001 2.182258e+000
      vertex 3.213000e-001 -5.000000e-001 2.009030e+000
    endloop 
  endfacet
  facet normal 0.000000E+000 -1.000000E+000 0.000000E+000
    outer loop 
      vertex 5.000000e-001 -5.000000e-001 2.240000e+000
      vertex 3.200118e-001 -5.000000e-001 2.354732e+000
      vertex 3.710785e-001 -5.000000e-001 2.182258e+000
    endloop 
  endfacet
  facet normal 0.000000E+000 -1.000000E+000 0.000000E+000
    outer loop 
      vertex 3.710785e-001 -5.000000e-001 2.182258e+000
      vertex 3.200118e-001 -5.000000e-001 2.354732e+000
      vertex 2.295850e-001 -5.000000e-001 2.179554e+000
    endloop 
  endfacet
  facet normal 0.000000E+000 -1.000000E+000 0.000000E+000
    outer loop 
      vertex 2.295850e-001 -5.000000e-001 2.179554e+000
      vertex 3.213000e-001 -5.000000e-001 2.009030e+000
      vertex 3.710785e-001 -5.000000e-001 2.182258e+000
    endloop 
  endfacet
  facet normal -1.000000E+000 0.000000E+000 0.000000E+000
    outer loop 
      vertex -5.000000e-001 3.123325e-001 2.192882e+000
      vertex -5.000000e-001 1.025569e-001 2.194905e+000
      vertex -5.000000e-001 1.701965e-001 2.360822e+000
    endloop 
  endfacet
  facet normal -1.000000E+000 0.000000E+000 0.000000E+000
    outer loop 
      vertex -5.000000e-001 3.123325e-001 2.192882e+000
      vertex -5.000000e-001 1.701965e-001 2.360822e+000
      vertex -5.000000e-001 2.956917e-001 2.378852e+000
    endloop 
  endfacet
  facet normal -1.000000E+000 0.000000E+000 0.000000E+000
    outer loop 
      vertex -5.000000e-001 3.123325e-001 2.192882e+000
      vertex -5.000000e-001 2.808025e-001 2.008139e+000
      vertex -5.000000e-001 1.025569e-001 2.194905e+000
    endloop 
  endfacet
  facet normal -1.000000E+000 0.000000E+000 0.000000E+000
    outer loop 
      vertex -5.000000e-001 5.000000e-001 2.080000e+000
      vertex -5.000000e-001 3.123325e-001 2.192882e+000
      vertex -5.000000e-001 5.000000e-001 2.240000e+000
    endloop 
  endfacet
  facet normal -1.000000E+000 0.000000E+000 0.000000E+000
    outer loop 
      vertex -5.000000e-001 3.123325e-001 2.192882e+000
      vertex -5.000000e-001 5.000000e-001 2.080000e+000
      vertex -5.000000e-001 2.808025e-001 2.008139e+000
    endloop 
  endfacet
  facet normal -1.000000E+000 0.000000E+000 0.000000E+000
    outer loop 
      vertex -5.000000e-001 2.098186e-001 1.661293e+000
      vertex -5.000000e-001 3.309888e-001 1.805887e+000
      vertex -5.000000e-001 3.646838e-001 1.619424e+000
    endloop 
  endfacet
  facet normal -1.000000E+000 0.000000E+000 0.000000E+000
    outer loop 
      vertex -5.000000e-001 2.377117e-001 1.430966e+000
      vertex -5.000000e-001 2.098186e-001 1.661293e+000
      vertex -5.000000e-001 3.646838e-001 1.619424e+000
    endloop 
  endfacet
  facet normal -1.000000E+000 0.000000E+000 0.000000E+000
    outer loop 
      vertex -5.000000e-001 2.098186e-001 1.661293e+000
      vertex -5.000000e-001 1.709861e-001 1.851495e+000
      vertex -5.000000e-001 3.309888e-001 1.805887e+000
    endloop 
  endfacet
  facet normal -1.000000E+000 0.000000E+000 0.000000E+000
    outer loop 
      vertex -5.000000e-001 6.629118e-002 1.549657e+000
      vertex -5.000000e-001 2.098186e-001 1.661293e+000
      vertex -5.000000e-001 2.377117e-001 1.430966e+000
    endloop 
  endfacet
  facet normal -1.000000E+000 0.000000E+000 0.000000E+000
    outer loop 
      vertex -5.000000e-001 2.098186e-001 1.661293e+000
      vertex -5.000000e-001 6.629118e-002 1.549657e+000
      vertex -5.000000e-001 6.312735e-002 1.732703e+000
    endloop 
  endfacet
  facet normal -1.000000E+000 0.000000E+000 0.000000E+000
    outer loop 
      vertex -5.000000e-001 2.098186e-001 1.661293e+000
      vertex -5.000000e-001 6.312735e-002 1.732703e+000
      vertex -5.000000e-001 1.709861e-001 1.851495e+000
    endloop 
  endfacet
  facet normal 1.000000E+000 0.000000E+000 0.000000E+000
    outer loop 
      vertex 5.000000e-001 -5.000000e-001 2.240000e+000
      vertex 5.000000e-001 -5.000000e-001 2.080000e+000
      vertex 5.000000e-001 -3.277600e-001 2.091107e+000
    endloop 
  endfacet
  facet normal 1.000000E+000 0.000000E+000 0.000000E+000
    outer loop 
      vertex 5.000000e-001 -5.000000e-001 2.240000e+000
      vertex 5.000000e-001 -3.277600e-001 2.091107e+000
      vertex 5.000000e-001 -2.654925e-001 2.246791e+000
    endloop 
  endfacet
  facet normal 0.000000E+000 1.000000E+000 0.000000E+000
    outer loop 
      vertex -1.358961e-001 5.000000e-001 2.117902e+000
      vertex -3.106033e-001 5.000000e-001 2.197635e+000
      vertex -1.102313e-001 5.000000e-001 2.295839e+000
    endloop 
  endfacet
  facet normal 0.000000E+000 1.000000E+000 0.000000E+000
    outer loop 
      vertex -3.225510e-001 5.000000e-001 2.348127e+000
      vertex -1.102313e-001 5.000000e-001 2.295839e+000
      vertex -3.106033e-001 5.000000e-001 2.197635e+000
    endloop 
  endfacet
  facet normal 0.000000E+000 1.000000E+000 0.000000E+000
    outer loop 
      vertex -5.000000e-001 5.000000e-001 2.080000e+000
      vertex -5.000000e-001 5.000000e-001 2.240000e+000
      vertex -3.106033e-001 5.000000e-001 2.197635e+000
    endloop 
  endfacet
  facet normal 0.000000E+000 1.000000E+000 0.000000E+000
    outer loop 
      vertex -5.000000e-001 5.000000e-001 2.240000e+000
      vertex -3.225510e-001 5.000000e-001 2.348127e+000
      vertex -3.106033e-001 5.000000e-001 2.197635e+000
    endloop 
  endfacet
  facet normal -1.000000E+000 0.000000E+000 0.000000E+000
    outer loop 
      vertex -5.000000e-001 1.547245e-001 2.963448e+000
      vertex -5.000000e-001 3.337393e-001 2.924503e+000
      vertex -5.000000e-001 1.813328e-001 2.799074e+000
    endloop 
  endfacet
  facet normal -1.000000E+000 0.000000E+000 0.000000E+000
    outer loop 
      vertex -5.000000e-001 -1.884099e-003 2.812602e+000
      vertex -5.000000e-001 1.547245e-001 2.963448e+000
      vertex -5.000000e-001 1.813328e-001 2.799074e+000
    endloop 
  endfacet
  facet normal -1.000000E+000 0.000000E+000 0.000000E+000
    outer loop 
      vertex -5.000000e-001 3.327155e-001 3.093398e+000
      vertex -5.000000e-001 3.337393e-001 2.924503e+000
      vertex -5.000000e-001 1.547245e-001 2.963448e+000
    endloop 
  endfacet
  facet normal -1.000000E+000 0.000000E+000 0.000000E+000
    outer loop 
      vertex -5.000000e-001 1.918411e-001 3.159360e+000
      vertex -5.000000e-001 3.327155e-001 3.093398e+000
      vertex -5.000000e-001 1.547245e-001 2.963448e+000
    endloop 
  endfacet
  facet normal -1.000000E+000 0.000000E+000 0.000000E+000
    outer loop 
      vertex -5.000000e-001 -6.041462e-002 2.960061e+000
      vertex -5.000000e-001 5.655967e-002 3.078902e+000
      vertex -5.000000e-001 1.547245e-001 2.963448e+000
    endloop 
  endfacet
  facet normal -1.000000E+000 0.000000E+000 0.000000E+000
    outer loop 
      vertex -5.000000e-001 1.918411e-001 3.159360e+000
      vertex -5.000000e-001 1.547245e-001 2.963448e+000
      vertex -5.000000e-001 5.655967e-002 3.078902e+000
    endloop 
  endfacet
  facet normal -1.000000E+000 0.000000E+000 0.000000E+000
    outer loop 
      vertex -5.000000e-001 -6.041462e-002 2.960061e+000
      vertex -5.000000e-001 1.547245e-001 2.963448e+000
      vertex -5.000000e-001 -1.884099e-003 2.812602e+000
    endloop 
  endfacet
  facet normal -1.000000E+000 0.000000E+000 0.000000E+000
    outer loop 
      vertex -5.000000e-001 2.377117e-001 1.430966e+000
      vertex -5.000000e-001 4.002325e-001 1.435004e+000
      vertex -5.000000e-001 3.560539e-001 1.251470e+000
    endloop 
  endfacet
  facet normal -1.000000E+000 0.000000E+000 0.000000E+000
    outer loop 
      vertex -5.000000e-001 4.002325e-001 1.435004e+000
      vertex -5.000000e-001 5.000000e-001 1.280000e+000
      vertex -5.000000e-001 3.560539e-001 1.251470e+000
    endloop 
  endfacet
  facet normal -1.000000E+000 0.000000E+000 0.000000E+000
    outer loop 
      vertex -5.000000e-001 1.854988e-001 1.184172e+000
      vertex -5.000000e-001 2.377117e-001 1.430966e+000
      vertex -5.000000e-001 3.560539e-001 1.251470e+000
    endloop 
  endfacet
  facet normal -1.000000E+000 0.000000E+000 0.000000E+000
    outer loop 
      vertex -5.000000e-001 1.854988e-001 1.184172e+000
      vertex -5.000000e-001 3.560539e-001 1.251470e+000
      vertex -5.000000e-001 3.510814e-001 1.064844e+000
    endloop 
  endfacet
  facet normal -1.000000E+000 0.000000E+000 0.000000E+000
    outer loop 
      vertex -5.000000e-001 5.000000e-001 1.120000e+000
      vertex -5.000000e-001 3.560539e-001 1.251470e+000
      vertex -5.000000e-001 5.000000e-001 1.280000e+000
    endloop 
  endfacet
  facet normal -1.000000E+000 0.000000E+000 0.000000E+000
    outer loop 
      vertex -5.000000e-001 5.000000e-001 1.120000e+000
      vertex -5.000000e-001 3.510814e-001 1.064844e+000
      vertex -5.000000e-001 3.560539e-001 1.251470e+000
    endloop 
  endfacet
  facet normal 0.000000E+000 1.000000E+000 0.000000E+000
    outer loop 
      vertex 2.899383e-001 5.000000e-001 2.758581e-001
      vertex 2.275287e-001 5.000000e-001 4.245816e-001
      vertex 3.745324e-001 5.000000e-001 4.000787e-001
    endloop 
  endfacet
  facet normal 0.000000E+000 1.000000E+000 0.000000E+000
    outer loop 
      vertex 2.899383e-001 5.000000e-001 2.758581e-001
      vertex 1.469054e-001 5.000000e-001 2.818794e-001
      vertex 2.275287e-001 5.000000e-001 4.245816e-001
    endloop 
  endfacet
  facet normal 0.000000E+000 1.000000E+000 0.000000E+000
    outer loop 
      vertex 8.276694e-002 5.000000e-001 4.121143e-001
      vertex 2.275287e-001 5.000000e-001 4.245816e-001
      vertex 1.469054e-001 5.000000e-001 2.818794e-001
    endloop 
  endfacet
  facet normal 0.000000E+000 -1.000000E+000 0.000000E+000
    outer loop 
      vertex -2.084057e-001 -5.000000e-001 3.577989e+000
      vertex -3.082301e-001 -5.000000e-001 3.708547e+000
      vertex -3.611074e-001 -5.000000e-001 3.564930e+000
    endloop 
  endfacet
  facet normal 0.000000E+000 -1.000000E+000 0.000000E+000
    outer loop 
      vertex -1.434738e-001 -5.000000e-001 3.715097e+000
      vertex -3.082301e-001 -5.000000e-001 3.708547e+000
      vertex -2.084057e-001 -5.000000e-001 3.577989e+000
    endloop 
  endfacet
  facet normal 0.000000E+000 -1.000000E+000 0.000000E+000
    outer loop 
      vertex -2.579312e-001 -5.000000e-001 3.436047e+000
      vertex -2.084057e-001 -5.000000e-001 3.577989e+000
      vertex -3.611074e-001 -5.000000e-001 3.564930e+000
    endloop 
  endfacet
  facet normal 0.000000E+000 -1.000000E+000 0.000000E+000
    outer loop 
      vertex -2.084057e-001 -5.000000e-001 3.577989e+000
      vertex -4.843269e-002 -5.000000e-001 3.579347e+000
      vertex -1.434738e-001 -5.000000e-001 3.715097e+000
    endloop 
  endfacet
  facet normal 1.000000E+000 0.000000E+000 0.000000E+000
    outer loop 
      vertex 5.000000e-001 -1.216744e-001 2.919787e+000
      vertex 5.000000e-001 -2.465670e-001 2.850898e+000
      vertex 5.000000e-001 -1.182768e-001 2.742382e+000
    endloop 
  endfacet
  facet normal 1.000000E+000 0.000000E+000 0.000000E+000
    outer loop 
      vertex 5.000000e-001 -1.216744e-001 2.919787e+000
      vertex 5.000000e-001 -1.182768e-001 2.742382e+000
      vertex 5.000000e-001 -9.332971e-003 2.814281e+000
    endloop 
  endfacet
  facet normal 1.000000E+000 0.000000E+000 0.000000E+000
    outer loop 
      vertex 5.000000e-001 -1.365903e-001 2.584072e+000
      vertex 5.000000e-001 4.549205e-002 2.652532e+000
      vertex 5.000000e-001 -1.182768e-001 2.742382e+000
    endloop 
  endfacet
  facet normal 1.000000E+000 0.000000E+000 0.000000E+000
    outer loop 
      vertex 5.000000e-001 -1.365903e-001 2.584072e+000
      vertex 5.000000e-001 -1.182768e-001 2.742382e+000
      vertex 5.000000e-001 -2.431865e-001 2.705557e+000
    endloop 
  endfacet
  facet normal 1.000000E+000 0.000000E+000 0.000000E+000
    outer loop 
      vertex 5.000000e-001 4.549205e-002 2.652532e+000
      vertex 5.000000e-001 -9.332971e-003 2.814281e+000
      vertex 5.000000e-001 -1.182768e-001 2.742382e+000
    endloop 
  endfacet
  facet normal 1.000000E+000 0.000000E+000 0.000000E+000
    outer loop 
      vertex 5.000000e-001 -1.182768e-001 2.742382e+000
      vertex 5.000000e-001 -2.465670e-001 2.850898e+000
      vertex 5.000000e-001 -2.431865e-001 2.705557e+000
    endloop 
  endfacet
  facet normal 0.000000E+000 1.000000E+000 0.000000E+000
    outer loop 
      vertex 1.276673e-001 5.000000e-001 2.737975e+000
      vertex 1.147591e-001 5.000000e-001 2.887733e+000
      vertex 2.854173e-001 5.000000e-001 2.876615e+000
    endloop 
  endfacet
  facet normal 0.000000E+000 1.000000E+000 0.000000E+000
    outer loop 
      vertex -7.992368e-003 5.000000e-001 2.791245e+000
      vertex 1.147591e-001 5.000000e-001 2.887733e+000
      vertex 1.276673e-001 5.000000e-001 2.737975e+000
    endloop 
  endfacet
  facet normal 0.000000E+000 1.000000E+000 0.000000E+000
    outer loop 
      vertex 1.176974e-001 5.000000e-001 2.554224e+000
      vertex 5.997486e-004 5.000000e-001 2.623147e+000
      vertex 1.276673e-001 5.000000e-001 2.737975e+000
    endloop 
  endfacet
  facet normal 0.000000E+000 1.000000E+000 0.000000E+000
    outer loop 
      vertex 2.466717e-001 5.000000e-001 2.676006e+000
      vertex 1.176974e-001 5.000000e-001 2.554224e+000
      vertex 1.276673e-001 5.000000e-001 2.737975e+000
    endloop 
  endfacet
  facet normal 0.000000E+000 1.000000E+000 0.000000E+000
    outer loop 
      vertex 5.997486e-004 5.000000e-001 2.623147e+000
      vertex -7.992368e-003 5.000000e-001 2.791245e+000
      vertex 1.276673e-001 5.000000e-001 2.737975e+000
    endloop 
  endfacet
  facet normal 0.000000E+000 1.000000E+000 0.000000E+000
    outer loop 
      vertex 2.466717e-001 5.000000e-001 2.676006e+000
      vertex 1.276673e-001 5.000000e-001 2.737975e+000
      vertex 2.854173e-001 5.000000e-001 2.876615e+000
    endloop 
  endfacet
  facet normal 0.000000E+000 1.000000E+000 0.000000E+000
    outer loop 
      vertex 2.485400e-001 5.000000e-001 3.308602e+000
      vertex 3.648042e-001 5.000000e-001 3.410872e+000
      vertex 3.645570e-001 5.000000e-001 3.244925e+000
    endloop 
  endfacet
  facet normal 0.000000E+000 1.000000E+000 0.000000E+000
    outer loop 
      vertex 3.648042e-001 5.000000e-001 3.410872e+000
      vertex 2.485400e-001 5.000000e-001 3.308602e+000
      vertex 2.140749e-001 5.000000e-001 3.429618e+000
    endloop 
  endfacet
  facet normal 0.000000E+000 1.000000E+000 0.000000E+000
    outer loop 
      vertex 5.000000e-001 5.000000e-001 3.520000e+000
      vertex 3.648042e-001 5.000000e-001 3.410872e+000
      vertex 3.415227e-001 5.000000e-001 3.577714e+000
    endloop 
  endfacet
  facet normal 0.000000E+000 1.000000E+000 0.000000E+000
    outer loop 
      vertex 3.648042e-001 5.000000e-001 3.410872e+000
      vertex 2.140749e-001 5.000000e-001 3.429618e+000
      vertex 3.415227e-001 5.000000e-001 3.577714e+000
    endloop 
  endfacet
  facet normal 0.000000E+000 1.000000E+000 0.000000E+000
    outer loop 
      vertex 3.648042e-001 5.000000e-001 3.410872e+000
      vertex 5.000000e-001 5.000000e-001 3.360000e+000
      vertex 3.645570e-001 5.000000e-001 3.244925e+000
    endloop 
  endfacet
  facet normal 0.000000E+000 1.000000E+000 0.000000E+000
    outer loop 
      vertex 5.000000e-001 5.000000e-001 3.360000e+000
      vertex 3.648042e-001 5.000000e-001 3.410872e+000
      vertex 5.000000e-001 5.000000e-001 3.520000e+000
    endloop 
  endfacet
  facet normal -1.000000E+000 0.000000E+000 0.000000E+000
    outer loop 
      vertex -5.000000e-001 3.462047e-001 5.257041e-001
      vertex -5.000000e-001 3.474160e-001 3.542386e-001
      vertex -5.000000e-001 1.647397e-001 4.114171e-001
    endloop 
  endfacet
  facet normal -1.000000E+000 0.000000E+000 0.000000E+000
    outer loop 
      vertex -5.000000e-001 3.474160e-001 3.542386e-001
      vertex -5.000000e-001 3.462047e-001 5.257041e-001
      vertex -5.000000e-001 5.000000e-001 4.800000e-001
    endloop 
  endfacet
  facet normal -1.000000E+000 0.000000E+000 0.000000E+000
    outer loop 
      vertex -5.000000e-001 3.462047e-001 5.257041e-001
      vertex -5.000000e-001 1.647397e-001 4.114171e-001
      vertex -5.000000e-001 2.034441e-001 5.794227e-001
    endloop 
  endfacet
  facet normal -1.000000E+000 0.000000E+000 0.000000E+000
    outer loop 
      vertex -5.000000e-001 5.000000e-001 6.400000e-001
      vertex -5.000000e-001 3.462047e-001 5.257041e-001
      vertex -5.000000e-001 3.328909e-001 7.042398e-001
    endloop 
  endfacet
  facet normal -1.000000E+000 0.000000E+000 0.000000E+000
    outer loop 
      vertex -5.000000e-001 3.328909e-001 7.042398e-001
      vertex -5.000000e-001 3.462047e-001 5.257041e-001
      vertex -5.000000e-001 2.034441e-001 5.794227e-001
    endloop 
  endfacet
  facet normal -1.000000E+000 0.000000E+000 0.000000E+000
    outer loop 
      vertex -5.000000e-001 5.000000e-001 6.400000e-001
      vertex -5.000000e-001 5.000000e-001 4.800000e-001
      vertex -5.000000e-001 3.462047e-001 5.257041e-001
    endloop 
  endfacet
  facet normal 0.000000E+000 1.000000E+000 0.000000E+000
    outer loop 
      vertex -3.333333e-001 5.000000e-001 4.000000e+000
      vertex -2.404891e-001 5.000000e-001 3.871428e+000
      vertex -3.869466e-001 5.000000e-001 3.896625e+000
    endloop 
  endfacet
  facet normal 0.000000E+000 1.000000E+000 0.000000E+000
    outer loop 
      vertex -3.869466e-001 5.000000e-001 3.896625e+000
      vertex -5.000000e-001 5.000000e-001 4.000000e+000
      vertex -3.333333e-001 5.000000e-001 4.000000e+000
    endloop 
  endfacet
  facet normal 0.000000E+000 1.000000E+000 0.000000E+000
    outer loop 
      vertex -5.000000e-001 5.000000e-001 3.840000e+000
      vertex -5.000000e-001 5.000000e-001 4.000000e+000
      vertex -3.869466e-001 5.000000e-001 3.896625e+000
    endloop 
  endfacet
  facet normal 0.000000E+000 1.000000E+000 0.000000E+000
    outer loop 
      vertex -3.869466e-001 5.000000e-001 3.896625e+000
      vertex -2.404891e-001 5.000000e-001 3.871428e+000
      vertex -3.502815e-001 5.000000e-001 3.757927e+000
    endloop 
  endfacet
  facet normal 0.000000E+000 1.000000E+000 0.000000E+000
    outer loop 
      vertex -3.869466e-001 5.000000e-001 3.896625e+000
      vertex -3.502815e-001 5.000000e-001 3.757927e+000
      vertex -5.000000e-001 5.000000e-001 3.840000e+000
    endloop 
  endfacet
  facet normal 1.000000E+000 0.000000E+000 0.000000E+000
    outer loop 
      vertex 5.000000e-001 -3.104545e-001 3.554365e-001
      vertex 5.000000e-001 -3.824438e-001 4.948162e-001
      vertex 5.000000e-001 -5.000000e-001 3.200000e-001
    endloop 
  endfacet
  facet normal 1.000000E+000 0.000000E+000 0.000000E+000
    outer loop 
      vertex 5.000000e-001 -3.824438e-001 4.948162e-001
      vertex 5.000000e-001 -3.104545e-001 3.554365e-001
      vertex 5.000000e-001 -2.416263e-001 4.993764e-001
    endloop 
  endfacet
  facet normal 1.000000E+000 0.000000E+000 0.000000E+000
    outer loop 
      vertex 5.000000e-001 -3.824438e-001 4.948162e-001
      vertex 5.000000e-001 -3.053431e-001 6.750324e-001
      vertex 5.000000e-001 -5.000000e-001 6.400000e-001
    endloop 
  endfacet
  facet normal 1.000000E+000 0.000000E+000 0.000000E+000
    outer loop 
      vertex 5.000000e-001 -3.053431e-001 6.750324e-001
      vertex 5.000000e-001 -3.824438e-001 4.948162e-001
      vertex 5.000000e-001 -2.416263e-001 4.993764e-001
    endloop 
  endfacet
  facet normal 1.000000E+000 0.000000E+000 0.000000E+000
    outer loop 
      vertex 5.000000e-001 -3.824438e-001 4.948162e-001
      vertex 5.000000e-001 -5.000000e-001 4.800000e-001
      vertex 5.000000e-001 -5.000000e-001 3.200000e-001
    endloop 
  endfacet
  facet normal 1.000000E+000 0.000000E+000 0.000000E+000
    outer loop 
      vertex 5.000000e-001 -3.824438e-001 4.948162e-001
      vertex 5.000000e-001 -5.000000e-001 6.400000e-001
      vertex 5.000000e-001 -5.000000e-001 4.800000e-001
    endloop 
  endfacet
  facet normal -1.000000E+000 0.000000E+000 0.000000E+000
    outer loop 
      vertex -5.000000e-001 -3.743571e-001 1.561524e+000
      vertex -5.000000e-001 -3.565893e-001 1.407761e+000
      vertex -5.000000e-001 -5.000000e-001 1.440000e+000
    endloop 
  endfacet
  facet normal -1.000000E+000 0.000000E+000 0.000000E+000
    outer loop 
      vertex -5.000000e-001 -3.743571e-001 1.561524e+000
      vertex -5.000000e-001 -2.509122e-001 1.521549e+000
      vertex -5.000000e-001 -3.565893e-001 1.407761e+000
    endloop 
  endfacet
  facet normal -1.000000E+000 0.000000E+000 0.000000E+000
    outer loop 
      vertex -5.000000e-001 -5.000000e-001 1.600000e+000
      vertex -5.000000e-001 -3.712039e-001 1.699879e+000
      vertex -5.000000e-001 -3.743571e-001 1.561524e+000
    endloop 
  endfacet
  facet normal -1.000000E+000 0.000000E+000 0.000000E+000
    outer loop 
      vertex -5.000000e-001 -5.000000e-001 1.600000e+000
      vertex -5.000000e-001 -3.743571e-001 1.561524e+000
      vertex -5.000000e-001 -5.000000e-001 1.440000e+000
    endloop 
  endfacet
  facet normal 0.000000E+000 1.000000E+000 0.000000E+000
    outer loop 
      vertex -5.000000e-001 5.000000e-001 1.440000e+000
      vertex -3.743395e-001 5.000000e-001 1.546461e+000
      vertex -3.332609e-001 5.000000e-001 1.391560e+000
    endloop 
  endfacet
  facet normal 0.000000E+000 1.000000E+000 0.000000E+000
    outer loop 
      vertex -2.039412e-001 5.000000e-001 1.515366e+000
      vertex -3.332609e-001 5.000000e-001 1.391560e+000
      vertex -3.743395e-001 5.000000e-001 1.546461e+000
    endloop 
  endfacet
  facet normal 0.000000E+000 1.000000E+000 0.000000E+000
    outer loop 
      vertex -3.780933e-001 5.000000e-001 1.697378e+000
      vertex -3.743395e-001 5.000000e-001 1.546461e+000
      vertex -5.000000e-001 5.000000e-001 1.600000e+000
    endloop 
  endfacet
  facet normal 0.000000E+000 1.000000E+000 0.000000E+000
    outer loop 
      vertex -5.000000e-001 5.000000e-001 1.600000e+000
      vertex -3.743395e-001 5.000000e-001 1.546461e+000
      vertex -5.000000e-001 5.000000e-001 1.440000e+000
    endloop 
  endfacet
  facet normal 1.000000E+000 0.000000E+000 0.000000E+000
    outer loop 
      vertex 5.000000e-001 2.376485e-001 1.468647e+000
      vertex 5.000000e-001 3.565216e-001 1.356795e+000
      vertex 5.000000e-001 3.761726e-001 1.527643e+000
    endloop 
  endfacet
  facet normal 1.000000E+000 0.000000E+000 0.000000E+000
    outer loop 
      vertex 5.000000e-001 3.565216e-001 1.356795e+000
      vertex 5.000000e-001 5.000000e-001 1.440000e+000
      vertex 5.000000e-001 3.761726e-001 1.527643e+000
    endloop 
  endfacet
  facet normal 1.000000E+000 0.000000E+000 0.000000E+000
    outer loop 
      vertex 5.000000e-001 2.376485e-001 1.468647e+000
      vertex 5.000000e-001 3.761726e-001 1.527643e+000
      vertex 5.000000e-001 2.760271e-001 1.617692e+000
    endloop 
  endfacet
  facet normal 1.000000E+000 0.000000E+000 0.000000E+000
    outer loop 
      vertex 5.000000e-001 3.761726e-001 1.527643e+000
      vertex 5.000000e-001 5.000000e-001 1.600000e+000
      vertex 5.000000e-001 3.792134e-001 1.692714e+000
    endloop 
  endfacet
  facet normal 1.000000E+000 0.000000E+000 0.000000E+000
    outer loop 
      vertex 5.000000e-001 3.761726e-001 1.527643e+000
      vertex 5.000000e-001 3.792134e-001 1.692714e+000
      vertex 5.000000e-001 2.760271e-001 1.617692e+000
    endloop 
  endfacet
  facet normal 1.000000E+000 0.000000E+000 0.000000E+000
    outer loop 
      vertex 5.000000e-001 3.761726e-001 1.527643e+000
      vertex 5.000000e-001 5.000000e-001 1.440000e+000
      vertex 5.000000e-001 5.000000e-001 1.600000e+000
    endloop 
  endfacet
  facet normal 1.000000E+000 0.000000E+000 0.000000E+000
    outer loop 
      vertex 5.000000e-001 1.666667e-001 0.000000e+000
      vertex 5.000000e-001 2.614014e-001 1.496595e-001
      vertex 5.000000e-001 1.066813e-001 1.675270e-001
    endloop 
  endfacet
  facet normal 1.000000E+000 0.000000E+000 0.000000E+000
    outer loop 
      vertex 5.000000e-001 2.201689e-001 2.828454e-001
      vertex 5.000000e-001 1.066813e-001 1.675270e-001
      vertex 5.000000e-001 2.614014e-001 1.496595e-001
    endloop 
  endfacet
  facet normal 1.000000E+000 0.000000E+000 0.000000E+000
    outer loop 
      vertex 5.000000e-001 1.066813e-001 1.675270e-001
      vertex 5.000000e-001 1.145386e-001 3.522106e-001
      vertex 5.000000e-001 -4.498129e-002 2.236180e-001
    endloop 
  endfacet
  facet normal 1.000000E+000 0.000000E+000 0.000000E+000
    outer loop 
      vertex 5.000000e-001 -4.498129e-002 2.236180e-001
      vertex 5.000000e-001 0.000000e+000 0.000000e+000
      vertex 5.000000e-001 1.066813e-001 1.675270e-001
    endloop 
  endfacet
  facet normal 1.000000E+000 0.000000E+000 0.000000E+000
    outer loop 
      vertex 5.000000e-001 1.145386e-001 3.522106e-001
      vertex 5.000000e-001 1.066813e-001 1.675270e-001
      vertex 5.000000e-001 2.201689e-001 2.828454e-001
    endloop 
  endfacet
  facet normal 1.000000E+000 0.000000E+000 0.000000E+000
    outer loop 
      vertex 5.000000e-001 0.000000e+000 0.000000e+000
      vertex 5.000000e-001 1.666667e-001 0.000000e+000
      vertex 5.000000e-001 1.066813e-001 1.675270e-001
    endloop 
  endfacet
  facet normal -1.000000E+000 0.000000E+000 0.000000E+000
    outer loop 
      vertex -5.000000e-001 5.000000e-001 2.720000e+000
      vertex -5.000000e-001 3.716047e-001 2.620952e+000
      vertex -5.000000e-001 3.484930e-001 2.766072e+000
    endloop 
  endfacet
  facet normal -1.000000E+000 0.000000E+000 0.000000E+000
    outer loop 
      vertex -5.000000e-001 3.484930e-001 2.766072e+000
      vertex -5.000000e-001 3.716047e-001 2.620952e+000
      vertex -5.000000e-001 2.213270e-001 2.656504e+000
    endloop 
  endfacet
  facet normal -1.000000E+000 0.000000E+000 0.000000E+000
    outer loop 
      vertex -5.000000e-001 3.337393e-001 2.924503e+000
      vertex -5.000000e-001 3.484930e-001 2.766072e+000
      vertex -5.000000e-001 1.813328e-001 2.799074e+000
    endloop 
  endfacet
  facet normal -1.000000E+000 0.000000E+000 0.000000E+000
    outer loop 
      vertex -5.000000e-001 2.213270e-001 2.656504e+000
      vertex -5.000000e-001 1.813328e-001 2.799074e+000
      vertex -5.000000e-001 3.484930e-001 2.766072e+000
    endloop 
  endfacet
  facet normal -1.000000E+000 0.000000E+000 0.000000E+000
    outer loop 
      vertex -5.000000e-001 3.484930e-001 2.766072e+000
      vertex -5.000000e-001 5.000000e-001 2.880000e+000
      vertex -5.000000e-001 5.000000e-001 2.720000e+000
    endloop 
  endfacet
  facet normal -1.000000E+000 0.000000E+000 0.000000E+000
    outer loop 
      vertex -5.000000e-001 5.000000e-001 2.880000e+000
      vertex -5.000000e-001 3.484930e-001 2.766072e+000
      vertex -5.000000e-001 3.337393e-001 2.924503e+000
    endloop 
  endfacet
  facet normal 0.000000E+000 1.000000E+000 0.000000E+000
    outer loop 
      vertex 5.000000e-001 5.000000e-001 2.720000e+000
      vertex 3.705577e-001 5.000000e-001 2.611038e+000
      vertex 3.804007e-001 5.000000e-001 2.760209e+000
    endloop 
  endfacet
  facet normal 0.000000E+000 1.000000E+000 0.000000E+000
    outer loop 
      vertex 2.466717e-001 5.000000e-001 2.676006e+000
      vertex 3.804007e-001 5.000000e-001 2.760209e+000
      vertex 3.705577e-001 5.000000e-001 2.611038e+000
    endloop 
  endfacet
  facet normal 0.000000E+000 1.000000E+000 0.000000E+000
    outer loop 
      vertex 3.804007e-001 5.000000e-001 2.760209e+000
      vertex 5.000000e-001 5.000000e-001 2.880000e+000
      vertex 5.000000e-001 5.000000e-001 2.720000e+000
    endloop 
  endfacet
  facet normal 0.000000E+000 1.000000E+000 0.000000E+000
    outer loop 
      vertex 5.000000e-001 5.000000e-001 2.880000e+000
      vertex 3.804007e-001 5.000000e-001 2.760209e+000
      vertex 2.854173e-001 5.000000e-001 2.876615e+000
    endloop 
  endfacet
  facet normal 0.000000E+000 1.000000E+000 0.000000E+000
    outer loop 
      vertex 2.466717e-001 5.000000e-001 2.676006e+000
      vertex 2.854173e-001 5.000000e-001 2.876615e+000
      vertex 3.804007e-001 5.000000e-001 2.760209e+000
    endloop 
  endfacet
  facet normal 0.000000E+000 -1.000000E+000 0.000000E+000
    outer loop 
      vertex -5.000000e-001 -5.000000e-001 2.720000e+000
      vertex -3.453835e-001 -5.000000e-001 2.637712e+000
      vertex -3.510512e-001 -5.000000e-001 2.785436e+000
    endloop 
  endfacet
  facet normal 0.000000E+000 -1.000000E+000 0.000000E+000
    outer loop 
      vertex -1.971156e-001 -5.000000e-001 2.712257e+000
      vertex -3.510512e-001 -5.000000e-001 2.785436e+000
      vertex -3.453835e-001 -5.000000e-001 2.637712e+000
    endloop 
  endfacet
  facet normal 0.000000E+000 -1.000000E+000 0.000000E+000
    outer loop 
      vertex -1.971156e-001 -5.000000e-001 2.712257e+000
      vertex -2.010969e-001 -5.000000e-001 2.853386e+000
      vertex -3.510512e-001 -5.000000e-001 2.785436e+000
    endloop 
  endfacet
  facet normal 0.000000E+000 -1.000000E+000 0.000000E+000
    outer loop 
      vertex -5.000000e-001 -5.000000e-001 2.880000e+000
      vertex -5.000000e-001 -5.000000e-001 2.720000e+000
      vertex -3.510512e-001 -5.000000e-001 2.785436e+000
    endloop 
  endfacet
  facet normal 1.000000E+000 0.000000E+000 0.000000E+000
    outer loop 
      vertex 5.000000e-001 -3.281785e-001 2.587738e+000
      vertex 5.000000e-001 -3.739341e-001 2.781543e+000
      vertex 5.000000e-001 -5.000000e-001 2.720000e+000
    endloop 
  endfacet
  facet normal 1.000000E+000 0.000000E+000 0.000000E+000
    outer loop 
      vertex 5.000000e-001 -3.739341e-001 2.781543e+000
      vertex 5.000000e-001 -3.281785e-001 2.587738e+000
      vertex 5.000000e-001 -2.431865e-001 2.705557e+000
    endloop 
  endfacet
  facet normal 1.000000E+000 0.000000E+000 0.000000E+000
    outer loop 
      vertex 5.000000e-001 -5.000000e-001 2.720000e+000
      vertex 5.000000e-001 -3.739341e-001 2.781543e+000
      vertex 5.000000e-001 -5.000000e-001 2.880000e+000
    endloop 
  endfacet
  facet normal 1.000000E+000 0.000000E+000 0.000000E+000
    outer loop 
      vertex 5.000000e-001 -3.739341e-001 2.781543e+000
      vertex 5.000000e-001 -2.431865e-001 2.705557e+000
      vertex 5.000000e-001 -2.465670e-001 2.850898e+000
    endloop 
  endfacet
  facet normal 0.000000E+000 -1.000000E+000 0.000000E+000
    outer loop 
      vertex 1.642341e-001 -5.000000e-001 1.990272e+000
      vertex 2.295850e-001 -5.000000e-001 2.179554e+000
      vertex 8.139662e-002 -5.000000e-001 2.171723e+000
    endloop 
  endfacet
  facet normal 0.000000E+000 -1.000000E+000 0.000000E+000
    outer loop 
      vertex 2.340833e-002 -5.000000e-001 2.003065e+000
      vertex 1.642341e-001 -5.000000e-001 1.990272e+000
      vertex 8.139662e-002 -5.000000e-001 2.171723e+000
    endloop 
  endfacet
  facet normal 0.000000E+000 -1.000000E+000 0.000000E+000
    outer loop 
      vertex 2.464259e-001 -5.000000e-001 1.791224e+000
      vertex 1.642341e-001 -5.000000e-001 1.990272e+000
      vertex 9.296426e-002 -5.000000e-001 1.819261e+000
    endloop 
  endfacet
  facet normal 0.000000E+000 -1.000000E+000 0.000000E+000
    outer loop 
      vertex 9.296426e-002 -5.000000e-001 1.819261e+000
      vertex 1.642341e-001 -5.000000e-001 1.990272e+000
      vertex 2.340833e-002 -5.000000e-001 2.003065e+000
    endloop 
  endfacet
  facet normal 0.000000E+000 -1.000000E+000 0.000000E+000
    outer loop 
      vertex 1.642341e-001 -5.000000e-001 1.990272e+000
      vertex 3.213000e-001 -5.000000e-001 2.009030e+000
      vertex 2.295850e-001 -5.000000e-001 2.179554e+000
    endloop 
  endfacet
  facet normal 0.000000E+000 -1.000000E+000 0.000000E+000
    outer loop 
      vertex 3.213000e-001 -5.000000e-001 2.009030e+000
      vertex 1.642341e-001 -5.000000e-001 1.990272e+000
      vertex 2.464259e-001 -5.000000e-001 1.791224e+000
    endloop 
  endfacet
  facet normal 1.000000E+000 0.000000E+000 0.000000E+000
    outer loop 
      vertex 5.000000e-001 -3.836498e-001 3.756203e+000
      vertex 5.000000e-001 -2.349237e-001 3.741758e+000
      vertex 5.000000e-001 -3.206184e-001 3.884288e+000
    endloop 
  endfacet
  facet normal 1.000000E+000 0.000000E+000 0.000000E+000
    outer loop 
      vertex 5.000000e-001 -1.165036e-001 3.860319e+000
      vertex 5.000000e-001 -3.206184e-001 3.884288e+000
      vertex 5.000000e-001 -2.349237e-001 3.741758e+000
    endloop 
  endfacet
  facet normal 1.000000E+000 0.000000E+000 0.000000E+000
    outer loop 
      vertex 5.000000e-001 -3.836498e-001 3.756203e+000
      vertex 5.000000e-001 -3.206184e-001 3.884288e+000
      vertex 5.000000e-001 -5.000000e-001 3.840000e+000
    endloop 
  endfacet
  facet normal 1.000000E+000 0.000000E+000 0.000000E+000
    outer loop 
      vertex 5.000000e-001 -1.165036e-001 3.860319e+000
      vertex 5.000000e-001 -1.666667e-001 4.000000e+000
      vertex 5.000000e-001 -3.206184e-001 3.884288e+000
    endloop 
  endfacet
  facet normal 1.000000E+000 0.000000E+000 0.000000E+000
    outer loop 
      vertex 5.000000e-001 -3.333333e-001 4.000000e+000
      vertex 5.000000e-001 -3.206184e-001 3.884288e+000
      vertex 5.000000e-001 -1.666667e-001 4.000000e+000
    endloop 
  endfacet
  facet normal 1.000000E+000 0.000000E+000 0.000000E+000
    outer loop 
      vertex 5.000000e-001 -5.000000e-001 4.000000e+000
      vertex 5.000000e-001 -3.206184e-001 3.884288e+000
      vertex 5.000000e-001 -3.333333e-001 4.000000e+000
    endloop 
  endfacet
  facet normal 1.000000E+000 0.000000E+000 0.000000E+000
    outer loop 
      vertex 5.000000e-001 -5.000000e-001 3.840000e+000
      vertex 5.000000e-001 -3.206184e-001 3.884288e+000
      vertex 5.000000e-001 -5.000000e-001 4.000000e+000
    endloop 
  endfacet
  facet normal -1.000000E+000 0.000000E+000 0.000000E+000
    outer loop 
      vertex -5.000000e-001 -6.347647e-002 3.854786e+000
      vertex -5.000000e-001 1.020757e-001 3.850436e+000
      vertex -5.000000e-001 2.800579e-002 3.714700e+000
    endloop 
  endfacet
  facet normal -1.000000E+000 0.000000E+000 0.000000E+000
    outer loop 
      vertex -5.000000e-001 1.020757e-001 3.850436e+000
      vertex -5.000000e-001 -6.347647e-002 3.854786e+000
      vertex -5.000000e-001 0.000000e+000 4.000000e+000
    endloop 
  endfacet
  facet normal -1.000000E+000 0.000000E+000 0.000000E+000
    outer loop 
      vertex -5.000000e-001 3.032207e-001 3.812457e+000
      vertex -5.000000e-001 1.020757e-001 3.850436e+000
      vertex -5.000000e-001 1.666667e-001 4.000000e+000
    endloop 
  endfacet
  facet normal -1.000000E+000 0.000000E+000 0.000000E+000
    outer loop 
      vertex -5.000000e-001 3.032207e-001 3.812457e+000
      vertex -5.000000e-001 1.793645e-001 3.706921e+000
      vertex -5.000000e-001 1.020757e-001 3.850436e+000
    endloop 
  endfacet
  facet normal -1.000000E+000 0.000000E+000 0.000000E+000
    outer loop 
      vertex -5.000000e-001 1.020757e-001 3.850436e+000
      vertex -5.000000e-001 0.000000e+000 4.000000e+000
      vertex -5.000000e-001 1.666667e-001 4.000000e+000
    endloop 
  endfacet
  facet normal -1.000000E+000 0.000000E+000 0.000000E+000
    outer loop 
      vertex -5.000000e-001 2.800579e-002 3.714700e+000
      vertex -5.000000e-001 1.020757e-001 3.850436e+000
      vertex -5.000000e-001 1.793645e-001 3.706921e+000
    endloop 
  endfacet
  facet normal 0.000000E+000 -1.000000E+000 0.000000E+000
    outer loop 
      vertex -2.326187e-001 -5.000000e-001 3.855651e+000
      vertex -7.415180e-002 -5.000000e-001 3.856073e+000
      vertex -1.666667e-001 -5.000000e-001 4.000000e+000
    endloop 
  endfacet
  facet normal 0.000000E+000 -1.000000E+000 0.000000E+000
    outer loop 
      vertex -2.326187e-001 -5.000000e-001 3.855651e+000
      vertex -1.434738e-001 -5.000000e-001 3.715097e+000
      vertex -7.415180e-002 -5.000000e-001 3.856073e+000
    endloop 
  endfacet
  facet normal 0.000000E+000 -1.000000E+000 0.000000E+000
    outer loop 
      vertex 1.250983e-002 -5.000000e-001 3.710860e+000
      vertex 7.824622e-002 -5.000000e-001 3.853566e+000
      vertex -7.415180e-002 -5.000000e-001 3.856073e+000
    endloop 
  endfacet
  facet normal 0.000000E+000 -1.000000E+000 0.000000E+000
    outer loop 
      vertex 7.824622e-002 -5.000000e-001 3.853566e+000
      vertex 0.000000e+000 -5.000000e-001 4.000000e+000
      vertex -7.415180e-002 -5.000000e-001 3.856073e+000
    endloop 
  endfacet
  facet normal 0.000000E+000 -1.000000E+000 0.000000E+000
    outer loop 
      vertex -7.415180e-002 -5.000000e-001 3.856073e+000
      vertex 0.000000e+000 -5.000000e-001 4.000000e+000
      vertex -1.666667e-001 -5.000000e-001 4.000000e+000
    endloop 
  endfacet
  facet normal 0.000000E+000 -1.000000E+000 0.000000E+000
    outer loop 
      vertex 1.250983e-002 -5.000000e-001 3.710860e+000
      vertex -7.415180e-002 -5.000000e-001 3.856073e+000
      vertex -1.434738e-001 -5.000000e-001 3.715097e+000
    endloop 
  endfacet
  facet normal -1.000000E+000 0.000000E+000 0.000000E+000
    outer loop 
      vertex -5.000000e-001 5.000000e-001 1.760000e+000
      vertex -5.000000e-001 3.646838e-001 1.619424e+000
      vertex -5.000000e-001 3.309888e-001 1.805887e+000
    endloop 
  endfacet
  facet normal -1.000000E+000 0.000000E+000 0.000000E+000
    outer loop 
      vertex -5.000000e-001 4.002325e-001 1.435004e+000
      vertex -5.000000e-001 2.377117e-001 1.430966e+000
      vertex -5.000000e-001 3.646838e-001 1.619424e+000
    endloop 
  endfacet
  facet normal -1.000000E+000 0.000000E+000 0.000000E+000
    outer loop 
      vertex -5.000000e-001 4.002325e-001 1.435004e+000
      vertex -5.000000e-001 3.646838e-001 1.619424e+000
      vertex -5.000000e-001 5.000000e-001 1.600000e+000
    endloop 
  endfacet
  facet normal -1.000000E+000 0.000000E+000 0.000000E+000
    outer loop 
      vertex -5.000000e-001 3.646838e-001 1.619424e+000
      vertex -5.000000e-001 5.000000e-001 1.760000e+000
      vertex -5.000000e-001 5.000000e-001 1.600000e+000
    endloop 
  endfacet
  facet normal -1.000000E+000 0.000000E+000 0.000000E+000
    outer loop 
      vertex -5.000000e-001 -2.466949e-001 6.941856e-001
      vertex -5.000000e-001 -1.405981e-001 6.420044e-001
      vertex -5.000000e-001 -2.469187e-001 5.469421e-001
    endloop 
  endfacet
  facet normal 1.000000E+000 0.000000E+000 0.000000E+000
    outer loop 
      vertex 5.000000e-001 -6.968545e-002 3.109153e+000
      vertex 5.000000e-001 6.972200e-002 3.243266e+000
      vertex 5.000000e-001 -9.448769e-002 3.302737e+000
    endloop 
  endfacet
  facet normal 1.000000E+000 0.000000E+000 0.000000E+000
    outer loop 
      vertex 5.000000e-001 1.438296e-001 3.094571e+000
      vertex 5.000000e-001 6.972200e-002 3.243266e+000
      vertex 5.000000e-001 -6.968545e-002 3.109153e+000
    endloop 
  endfacet
  facet normal 1.000000E+000 0.000000E+000 0.000000E+000
    outer loop 
      vertex 5.000000e-001 6.972200e-002 3.243266e+000
      vertex 5.000000e-001 3.046269e-002 3.392289e+000
      vertex 5.000000e-001 -9.448769e-002 3.302737e+000
    endloop 
  endfacet
  facet normal 1.000000E+000 0.000000E+000 0.000000E+000
    outer loop 
      vertex 5.000000e-001 2.428609e-001 3.242147e+000
      vertex 5.000000e-001 6.972200e-002 3.243266e+000
      vertex 5.000000e-001 1.438296e-001 3.094571e+000
    endloop 
  endfacet
  facet normal 1.000000E+000 0.000000E+000 0.000000E+000
    outer loop 
      vertex 5.000000e-001 1.851981e-001 3.397635e+000
      vertex 5.000000e-001 6.972200e-002 3.243266e+000
      vertex 5.000000e-001 2.428609e-001 3.242147e+000
    endloop 
  endfacet
  facet normal 1.000000E+000 0.000000E+000 0.000000E+000
    outer loop 
      vertex 5.000000e-001 1.851981e-001 3.397635e+000
      vertex 5.000000e-001 3.046269e-002 3.392289e+000
      vertex 5.000000e-001 6.972200e-002 3.243266e+000
    endloop 
  endfacet
  facet normal 0.000000E+000 -1.000000E+000 0.000000E+000
    outer loop 
      vertex 3.848544e-001 -5.000000e-001 1.850649e+000
      vertex 3.797545e-001 -5.000000e-001 1.694421e+000
      vertex 5.000000e-001 -5.000000e-001 1.760000e+000
    endloop 
  endfacet
  facet normal 0.000000E+000 -1.000000E+000 0.000000E+000
    outer loop 
      vertex 3.848544e-001 -5.000000e-001 1.850649e+000
      vertex 2.464259e-001 -5.000000e-001 1.791224e+000
      vertex 3.797545e-001 -5.000000e-001 1.694421e+000
    endloop 
  endfacet
  facet normal 0.000000E+000 -1.000000E+000 0.000000E+000
    outer loop 
      vertex 3.925527e-001 -5.000000e-001 1.540683e+000
      vertex 5.000000e-001 -5.000000e-001 1.600000e+000
      vertex 3.797545e-001 -5.000000e-001 1.694421e+000
    endloop 
  endfacet
  facet normal 0.000000E+000 -1.000000E+000 0.000000E+000
    outer loop 
      vertex 2.703206e-001 -5.000000e-001 1.582810e+000
      vertex 3.925527e-001 -5.000000e-001 1.540683e+000
      vertex 3.797545e-001 -5.000000e-001 1.694421e+000
    endloop 
  endfacet
  facet normal 0.000000E+000 -1.000000E+000 0.000000E+000
    outer loop 
      vertex 5.000000e-001 -5.000000e-001 1.760000e+000
      vertex 3.797545e-001 -5.000000e-001 1.694421e+000
      vertex 5.000000e-001 -5.000000e-001 1.600000e+000
    endloop 
  endfacet
  facet normal 0.000000E+000 -1.000000E+000 0.000000E+000
    outer loop 
      vertex 2.464259e-001 -5.000000e-001 1.791224e+000
      vertex 2.703206e-001 -5.000000e-001 1.582810e+000
      vertex 3.797545e-001 -5.000000e-001 1.694421e+000
    endloop 
  endfacet
  facet normal 0.000000E+000 1.000000E+000 0.000000E+000
    outer loop 
      vertex -3.734418e-001 5.000000e-001 2.638717e+000
      vertex -2.383740e-001 5.000000e-001 2.586326e+000
      vertex -3.527588e-001 5.000000e-001 2.493323e+000
    endloop 
  endfacet
  facet normal 0.000000E+000 1.000000E+000 0.000000E+000
    outer loop 
      vertex -5.000000e-001 5.000000e-001 2.560000e+000
      vertex -3.734418e-001 5.000000e-001 2.638717e+000
      vertex -3.527588e-001 5.000000e-001 2.493323e+000
    endloop 
  endfacet
  facet normal 0.000000E+000 1.000000E+000 0.000000E+000
    outer loop 
      vertex -3.734418e-001 5.000000e-001 2.638717e+000
      vertex -2.582551e-001 5.000000e-001 2.725445e+000
      vertex -2.383740e-001 5.000000e-001 2.586326e+000
    endloop 
  endfacet
  facet normal 0.000000E+000 1.000000E+000 0.000000E+000
    outer loop 
      vertex -5.000000e-001 5.000000e-001 2.560000e+000
      vertex -5.000000e-001 5.000000e-001 2.720000e+000
      vertex -3.734418e-001 5.000000e-001 2.638717e+000
    endloop 
  endfacet
  facet normal 1.000000E+000 0.000000E+000 0.000000E+000
    outer loop 
      vertex 5.000000e-001 3.744363e-001 2.487945e+000
      vertex 5.000000e-001 3.681935e-001 2.621481e+000
      vertex 5.000000e-001 1.966153e-001 2.516776e+000
    endloop 
  endfacet
  facet normal 1.000000E+000 0.000000E+000 0.000000E+000
    outer loop 
      vertex 5.000000e-001 3.681935e-001 2.621481e+000
      vertex 5.000000e-001 3.744363e-001 2.487945e+000
      vertex 5.000000e-001 5.000000e-001 2.560000e+000
    endloop 
  endfacet
  facet normal 1.000000E+000 0.000000E+000 0.000000E+000
    outer loop 
      vertex 5.000000e-001 2.300016e-001 2.688255e+000
      vertex 5.000000e-001 1.966153e-001 2.516776e+000
      vertex 5.000000e-001 3.681935e-001 2.621481e+000
    endloop 
  endfacet
  facet normal 1.000000E+000 0.000000E+000 0.000000E+000
    outer loop 
      vertex 5.000000e-001 5.000000e-001 2.720000e+000
      vertex 5.000000e-001 3.681935e-001 2.621481e+000
      vertex 5.000000e-001 5.000000e-001 2.560000e+000
    endloop 
  endfacet
  facet normal 0.000000E+000 -1.000000E+000 0.000000E+000
    outer loop 
      vertex 5.000000e-001 -5.000000e-001 2.720000e+000
      vertex 3.866279e-001 -5.000000e-001 2.662115e+000
      vertex 5.000000e-001 -5.000000e-001 2.560000e+000
    endloop 
  endfacet
  facet normal 0.000000E+000 -1.000000E+000 0.000000E+000
    outer loop 
      vertex 3.374728e-001 -5.000000e-001 2.834873e+000
      vertex 3.866279e-001 -5.000000e-001 2.662115e+000
      vertex 5.000000e-001 -5.000000e-001 2.720000e+000
    endloop 
  endfacet
  facet normal 0.000000E+000 -1.000000E+000 0.000000E+000
    outer loop 
      vertex 3.374728e-001 -5.000000e-001 2.834873e+000
      vertex 2.508482e-001 -5.000000e-001 2.673931e+000
      vertex 3.866279e-001 -5.000000e-001 2.662115e+000
    endloop 
  endfacet
  facet normal -1.000000E+000 0.000000E+000 0.000000E+000
    outer loop 
      vertex -5.000000e-001 3.632470e-001 1.639991e-001
      vertex -5.000000e-001 3.474160e-001 3.542386e-001
      vertex -5.000000e-001 5.000000e-001 3.200000e-001
    endloop 
  endfacet
  facet normal -1.000000E+000 0.000000E+000 0.000000E+000
    outer loop 
      vertex -5.000000e-001 5.000000e-001 3.200000e-001
      vertex -5.000000e-001 3.474160e-001 3.542386e-001
      vertex -5.000000e-001 5.000000e-001 4.800000e-001
    endloop 
  endfacet
  facet normal 1.000000E+000 0.000000E+000 0.000000E+000
    outer loop 
      vertex 5.000000e-001 3.333333e-001 4.000000e+000
      vertex 5.000000e-001 2.400522e-001 3.871382e+000
      vertex 5.000000e-001 3.869466e-001 3.896625e+000
    endloop 
  endfacet
  facet normal 1.000000E+000 0.000000E+000 0.000000E+000
    outer loop 
      vertex 5.000000e-001 5.000000e-001 4.000000e+000
      vertex 5.000000e-001 3.333333e-001 4.000000e+000
      vertex 5.000000e-001 3.869466e-001 3.896625e+000
    endloop 
  endfacet
  facet normal 1.000000E+000 0.000000E+000 0.000000E+000
    outer loop 
      vertex 5.000000e-001 5.000000e-001 3.840000e+000
      vertex 5.000000e-001 5.000000e-001 4.000000e+000
      vertex 5.000000e-001 3.869466e-001 3.896625e+000
    endloop 
  endfacet
  facet normal 1.000000E+000 0.000000E+000 0.000000E+000
    outer loop 
      vertex 5.000000e-001 3.498209e-001 3.756477e+000
      vertex 5.000000e-001 3.869466e-001 3.896625e+000
      vertex 5.000000e-001 2.400522e-001 3.871382e+000
    endloop 
  endfacet
  facet normal 1.000000E+000 0.000000E+000 0.000000E+000
    outer loop 
      vertex 5.000000e-001 3.498209e-001 3.756477e+000
      vertex 5.000000e-001 5.000000e-001 3.840000e+000
      vertex 5.000000e-001 3.869466e-001 3.896625e+000
    endloop 
  endfacet
  facet normal 0.000000E+000 -1.000000E+000 0.000000E+000
    outer loop 
      vertex -2.210990e-001 -5.000000e-001 2.157204e+000
      vertex -2.529215e-001 -5.000000e-001 1.997542e+000
      vertex -1.153758e-001 -5.000000e-001 2.012437e+000
    endloop 
  endfacet
  facet normal 0.000000E+000 1.000000E+000 0.000000E+000
    outer loop 
      vertex -2.039412e-001 5.000000e-001 1.515366e+000
      vertex -1.221970e-001 5.000000e-001 1.355058e+000
      vertex -3.332609e-001 5.000000e-001 1.391560e+000
    endloop 
  endfacet
  facet normal 0.000000E+000 1.000000E+000 0.000000E+000
    outer loop 
      vertex -3.332609e-001 5.000000e-001 1.391560e+000
      vertex -5.000000e-001 5.000000e-001 1.280000e+000
      vertex -5.000000e-001 5.000000e-001 1.440000e+000
    endloop 
  endfacet
  facet normal 1.000000E+000 0.000000E+000 0.000000E+000
    outer loop 
      vertex 5.000000e-001 3.565216e-001 1.356795e+000
      vertex 5.000000e-001 2.376485e-001 1.468647e+000
      vertex 5.000000e-001 2.021313e-001 1.291369e+000
    endloop 
  endfacet
  facet normal 1.000000E+000 0.000000E+000 0.000000E+000
    outer loop 
      vertex 5.000000e-001 5.000000e-001 1.280000e+000
      vertex 5.000000e-001 5.000000e-001 1.440000e+000
      vertex 5.000000e-001 3.565216e-001 1.356795e+000
    endloop 
  endfacet
  facet normal 1.000000E+000 0.000000E+000 0.000000E+000
    outer loop 
      vertex 5.000000e-001 5.000000e-001 1.280000e+000
      vertex 5.000000e-001 3.565216e-001 1.356795e+000
      vertex 5.000000e-001 3.376769e-001 1.168974e+000
    endloop 
  endfacet
  facet normal 1.000000E+000 0.000000E+000 0.000000E+000
    outer loop 
      vertex 5.000000e-001 3.376769e-001 1.168974e+000
      vertex 5.000000e-001 3.565216e-001 1.356795e+000
      vertex 5.000000e-001 2.021313e-001 1.291369e+000
    endloop 
  endfacet
  facet normal -1.000000E+000 0.000000E+000 0.000000E+000
    outer loop 
      vertex -5.000000e-001 -3.565893e-001 1.407761e+000
      vertex -5.000000e-001 -2.509122e-001 1.521549e+000
      vertex -5.000000e-001 -1.967076e-001 1.410322e+000
    endloop 
  endfacet
  facet normal -1.000000E+000 0.000000E+000 0.000000E+000
    outer loop 
      vertex -5.000000e-001 -5.000000e-001 1.280000e+000
      vertex -5.000000e-001 -5.000000e-001 1.440000e+000
      vertex -5.000000e-001 -3.565893e-001 1.407761e+000
    endloop 
  endfacet
  facet normal 0.000000E+000 -1.000000E+000 0.000000E+000
    outer loop 
      vertex -1.130004e-001 -5.000000e-001 2.467691e+000
      vertex -3.106387e-001 -5.000000e-001 2.468580e+000
      vertex -1.778249e-001 -5.000000e-001 2.322874e+000
    endloop 
  endfacet
  facet normal 0.000000E+000 -1.000000E+000 0.000000E+000
    outer loop 
      vertex -1.130004e-001 -5.000000e-001 2.467691e+000
      vertex -1.778249e-001 -5.000000e-001 2.322874e+000
      vertex -1.268139e-002 -5.000000e-001 2.327652e+000
    endloop 
  endfacet
  facet normal 1.000000E+000 0.000000E+000 0.000000E+000
    outer loop 
      vertex 5.000000e-001 -3.693989e-001 3.621819e+000
      vertex 5.000000e-001 -2.182105e-001 3.574880e+000
      vertex 5.000000e-001 -2.349237e-001 3.741758e+000
    endloop 
  endfacet
  facet normal 1.000000E+000 0.000000E+000 0.000000E+000
    outer loop 
      vertex 5.000000e-001 -2.182105e-001 3.574880e+000
      vertex 5.000000e-001 -4.298551e-002 3.689905e+000
      vertex 5.000000e-001 -2.349237e-001 3.741758e+000
    endloop 
  endfacet
  facet normal 1.000000E+000 0.000000E+000 0.000000E+000
    outer loop 
      vertex 5.000000e-001 -3.693989e-001 3.621819e+000
      vertex 5.000000e-001 -3.661161e-001 3.471200e+000
      vertex 5.000000e-001 -2.182105e-001 3.574880e+000
    endloop 
  endfacet
  facet normal 1.000000E+000 0.000000E+000 0.000000E+000
    outer loop 
      vertex 5.000000e-001 -3.661161e-001 3.471200e+000
      vertex 5.000000e-001 -2.295877e-001 3.391695e+000
      vertex 5.000000e-001 -2.182105e-001 3.574880e+000
    endloop 
  endfacet
  facet normal 1.000000E+000 0.000000E+000 0.000000E+000
    outer loop 
      vertex 5.000000e-001 -8.063591e-002 3.492407e+000
      vertex 5.000000e-001 -4.298551e-002 3.689905e+000
      vertex 5.000000e-001 -2.182105e-001 3.574880e+000
    endloop 
  endfacet
  facet normal 1.000000E+000 0.000000E+000 0.000000E+000
    outer loop 
      vertex 5.000000e-001 -8.063591e-002 3.492407e+000
      vertex 5.000000e-001 -2.182105e-001 3.574880e+000
      vertex 5.000000e-001 -2.295877e-001 3.391695e+000
    endloop 
  endfacet
  facet normal 0.000000E+000 1.000000E+000 0.000000E+000
    outer loop 
      vertex 3.415227e-001 5.000000e-001 3.577714e+000
      vertex 2.140749e-001 5.000000e-001 3.429618e+000
      vertex 1.482332e-001 5.000000e-001 3.558656e+000
    endloop 
  endfacet
  facet normal 0.000000E+000 1.000000E+000 0.000000E+000
    outer loop 
      vertex 2.222128e-001 5.000000e-001 3.714385e+000
      vertex 3.415227e-001 5.000000e-001 3.577714e+000
      vertex 1.482332e-001 5.000000e-001 3.558656e+000
    endloop 
  endfacet
  facet normal 0.000000E+000 1.000000E+000 0.000000E+000
    outer loop 
      vertex 1.895931e-002 5.000000e-001 3.681249e+000
      vertex 1.482332e-001 5.000000e-001 3.558656e+000
      vertex -2.798190e-003 5.000000e-001 3.519895e+000
    endloop 
  endfacet
  facet normal 0.000000E+000 1.000000E+000 0.000000E+000
    outer loop 
      vertex 1.482332e-001 5.000000e-001 3.558656e+000
      vertex 6.072675e-002 5.000000e-001 3.408872e+000
      vertex -2.798190e-003 5.000000e-001 3.519895e+000
    endloop 
  endfacet
  facet normal 0.000000E+000 1.000000E+000 0.000000E+000
    outer loop 
      vertex 1.895931e-002 5.000000e-001 3.681249e+000
      vertex 2.222128e-001 5.000000e-001 3.714385e+000
      vertex 1.482332e-001 5.000000e-001 3.558656e+000
    endloop 
  endfacet
  facet normal 0.000000E+000 1.000000E+000 0.000000E+000
    outer loop 
      vertex 6.072675e-002 5.000000e-001 3.408872e+000
      vertex 1.482332e-001 5.000000e-001 3.558656e+000
      vertex 2.140749e-001 5.000000e-001 3.429618e+000
    endloop 
  endfacet
  facet normal -1.000000E+000 0.000000E+000 0.000000E+000
    outer loop 
      vertex -5.000000e-001 6.875802e-002 1.374267e-001
      vertex -5.000000e-001 0.000000e+000 0.000000e+000
      vertex -5.000000e-001 -1.441215e-001 1.402476e-001
    endloop 
  endfacet
  facet normal -1.000000E+000 0.000000E+000 0.000000E+000
    outer loop 
      vertex -5.000000e-001 -3.183151e-001 2.432258e-001
      vertex -5.000000e-001 -1.441215e-001 1.402476e-001
      vertex -5.000000e-001 -3.333333e-001 0.000000e+000
    endloop 
  endfacet
  facet normal -1.000000E+000 0.000000E+000 0.000000E+000
    outer loop 
      vertex -5.000000e-001 -1.461673e-001 2.946768e-001
      vertex -5.000000e-001 -1.441215e-001 1.402476e-001
      vertex -5.000000e-001 -3.183151e-001 2.432258e-001
    endloop 
  endfacet
  facet normal -1.000000E+000 0.000000E+000 0.000000E+000
    outer loop 
      vertex -5.000000e-001 -1.441215e-001 1.402476e-001
      vertex -5.000000e-001 -1.666667e-001 0.000000e+000
      vertex -5.000000e-001 -3.333333e-001 0.000000e+000
    endloop 
  endfacet
  facet normal -1.000000E+000 0.000000E+000 0.000000E+000
    outer loop 
      vertex -5.000000e-001 -1.441215e-001 1.402476e-001
      vertex -5.000000e-001 0.000000e+000 0.000000e+000
      vertex -5.000000e-001 -1.666667e-001 0.000000e+000
    endloop 
  endfacet
  facet normal 1.000000E+000 0.000000E+000 0.000000E+000
    outer loop 
      vertex 5.000000e-001 -2.349237e-001 3.741758e+000
      vertex 5.000000e-001 -3.836498e-001 3.756203e+000
      vertex 5.000000e-001 -3.693989e-001 3.621819e+000
    endloop 
  endfacet
  facet normal 1.000000E+000 0.000000E+000 0.000000E+000
    outer loop 
      vertex 5.000000e-001 -4.298551e-002 3.689905e+000
      vertex 5.000000e-001 -1.165036e-001 3.860319e+000
      vertex 5.000000e-001 -2.349237e-001 3.741758e+000
    endloop 
  endfacet
  facet normal 0.000000E+000 -1.000000E+000 0.000000E+000
    outer loop 
      vertex -5.000000e-001 -5.000000e-001 1.440000e+000
      vertex -3.866623e-001 -5.000000e-001 1.279691e+000
      vertex -3.185311e-001 -5.000000e-001 1.423715e+000
    endloop 
  endfacet
  facet normal 0.000000E+000 -1.000000E+000 0.000000E+000
    outer loop 
      vertex -2.276172e-001 -5.000000e-001 1.292510e+000
      vertex -3.185311e-001 -5.000000e-001 1.423715e+000
      vertex -3.866623e-001 -5.000000e-001 1.279691e+000
    endloop 
  endfacet
  facet normal 0.000000E+000 -1.000000E+000 0.000000E+000
    outer loop 
      vertex -2.488167e-001 -5.000000e-001 1.544289e+000
      vertex -3.185311e-001 -5.000000e-001 1.423715e+000
      vertex -1.606897e-001 -5.000000e-001 1.442989e+000
    endloop 
  endfacet
  facet normal 0.000000E+000 -1.000000E+000 0.000000E+000
    outer loop 
      vertex -2.276172e-001 -5.000000e-001 1.292510e+000
      vertex -1.606897e-001 -5.000000e-001 1.442989e+000
      vertex -3.185311e-001 -5.000000e-001 1.423715e+000
    endloop 
  endfacet
  facet normal 1.000000E+000 0.000000E+000 0.000000E+000
    outer loop 
      vertex 5.000000e-001 -5.000000e-001 3.200000e+000
      vertex 5.000000e-001 -3.694027e-001 3.122480e+000
      vertex 5.000000e-001 -3.634521e-001 3.299611e+000
    endloop 
  endfacet
  facet normal 1.000000E+000 0.000000E+000 0.000000E+000
    outer loop 
      vertex 5.000000e-001 -3.634521e-001 3.299611e+000
      vertex 5.000000e-001 -3.694027e-001 3.122480e+000
      vertex 5.000000e-001 -2.266618e-001 3.205284e+000
    endloop 
  endfacet
  facet normal 1.000000E+000 0.000000E+000 0.000000E+000
    outer loop 
      vertex 5.000000e-001 -5.000000e-001 3.360000e+000
      vertex 5.000000e-001 -3.634521e-001 3.299611e+000
      vertex 5.000000e-001 -3.661161e-001 3.471200e+000
    endloop 
  endfacet
  facet normal 1.000000E+000 0.000000E+000 0.000000E+000
    outer loop 
      vertex 5.000000e-001 -2.295877e-001 3.391695e+000
      vertex 5.000000e-001 -3.661161e-001 3.471200e+000
      vertex 5.000000e-001 -3.634521e-001 3.299611e+000
    endloop 
  endfacet
  facet normal 1.000000E+000 0.000000E+000 0.000000E+000
    outer loop 
      vertex 5.000000e-001 -3.634521e-001 3.299611e+000
      vertex 5.000000e-001 -5.000000e-001 3.360000e+000
      vertex 5.000000e-001 -5.000000e-001 3.200000e+000
    endloop 
  endfacet
  facet normal 1.000000E+000 0.000000E+000 0.000000E+000
    outer loop 
      vertex 5.000000e-001 -2.266618e-001 3.205284e+000
      vertex 5.000000e-001 -2.295877e-001 3.391695e+000
      vertex 5.000000e-001 -3.634521e-001 3.299611e+000
    endloop 
  endfacet
  facet normal -1.000000E+000 0.000000E+000 0.000000E+000
    outer loop 
      vertex -5.000000e-001 -3.634262e-001 3.863566e+000
      vertex -5.000000e-001 -3.961944e-001 3.741765e+000
      vertex -5.000000e-001 -5.000000e-001 3.840000e+000
    endloop 
  endfacet
  facet normal -1.000000E+000 0.000000E+000 0.000000E+000
    outer loop 
      vertex -5.000000e-001 -3.961944e-001 3.741765e+000
      vertex -5.000000e-001 -3.634262e-001 3.863566e+000
      vertex -5.000000e-001 -2.731275e-001 3.721151e+000
    endloop 
  endfacet
  facet normal -1.000000E+000 0.000000E+000 0.000000E+000
    outer loop 
      vertex -5.000000e-001 -3.333333e-001 4.000000e+000
      vertex -5.000000e-001 -2.143424e-001 3.858492e+000
      vertex -5.000000e-001 -3.634262e-001 3.863566e+000
    endloop 
  endfacet
  facet normal -1.000000E+000 0.000000E+000 0.000000E+000
    outer loop 
      vertex -5.000000e-001 -2.731275e-001 3.721151e+000
      vertex -5.000000e-001 -3.634262e-001 3.863566e+000
      vertex -5.000000e-001 -2.143424e-001 3.858492e+000
    endloop 
  endfacet
  facet normal -1.000000E+000 0.000000E+000 0.000000E+000
    outer loop 
      vertex -5.000000e-001 -3.333333e-001 4.000000e+000
      vertex -5.000000e-001 -3.634262e-001 3.863566e+000
      vertex -5.000000e-001 -5.000000e-001 4.000000e+000
    endloop 
  endfacet
  facet normal -1.000000E+000 0.000000E+000 0.000000E+000
    outer loop 
      vertex -5.000000e-001 -5.000000e-001 3.840000e+000
      vertex -5.000000e-001 -5.000000e-001 4.000000e+000
      vertex -5.000000e-001 -3.634262e-001 3.863566e+000
    endloop 
  endfacet
  facet normal 1.000000E+000 0.000000E+000 0.000000E+000
    outer loop 
      vertex 5.000000e-001 -3.915673e-001 1.278115e+000
      vertex 5.000000e-001 -3.083698e-001 1.435264e+000
      vertex 5.000000e-001 -5.000000e-001 1.440000e+000
    endloop 
  endfacet
  facet normal 1.000000E+000 0.000000E+000 0.000000E+000
    outer loop 
      vertex 5.000000e-001 -3.083698e-001 1.435264e+000
      vertex 5.000000e-001 -3.915673e-001 1.278115e+000
      vertex 5.000000e-001 -2.524661e-001 1.275470e+000
    endloop 
  endfacet
  facet normal 0.000000E+000 1.000000E+000 0.000000E+000
    outer loop 
      vertex -3.509862e-001 5.000000e-001 9.017335e-001
      vertex -3.361894e-001 5.000000e-001 1.065045e+000
      vertex -1.904198e-001 5.000000e-001 9.951340e-001
    endloop 
  endfacet
  facet normal 0.000000E+000 1.000000E+000 0.000000E+000
    outer loop 
      vertex -2.141920e-001 5.000000e-001 8.365061e-001
      vertex -3.509862e-001 5.000000e-001 9.017335e-001
      vertex -1.904198e-001 5.000000e-001 9.951340e-001
    endloop 
  endfacet
  facet normal 0.000000E+000 1.000000E+000 0.000000E+000
    outer loop 
      vertex -3.509862e-001 5.000000e-001 9.017335e-001
      vertex -3.589839e-001 5.000000e-001 7.418470e-001
      vertex -5.000000e-001 5.000000e-001 8.000000e-001
    endloop 
  endfacet
  facet normal 0.000000E+000 1.000000E+000 0.000000E+000
    outer loop 
      vertex -2.141920e-001 5.000000e-001 8.365061e-001
      vertex -3.589839e-001 5.000000e-001 7.418470e-001
      vertex -3.509862e-001 5.000000e-001 9.017335e-001
    endloop 
  endfacet
  facet normal 0.000000E+000 1.000000E+000 0.000000E+000
    outer loop 
      vertex -5.000000e-001 5.000000e-001 8.000000e-001
      vertex -5.000000e-001 5.000000e-001 9.600000e-001
      vertex -3.509862e-001 5.000000e-001 9.017335e-001
    endloop 
  endfacet
  facet normal 0.000000E+000 1.000000E+000 0.000000E+000
    outer loop 
      vertex -5.000000e-001 5.000000e-001 9.600000e-001
      vertex -3.361894e-001 5.000000e-001 1.065045e+000
      vertex -3.509862e-001 5.000000e-001 9.017335e-001
    endloop 
  endfacet
  facet normal 1.000000E+000 0.000000E+000 0.000000E+000
    outer loop 
      vertex 5.000000e-001 3.735541e-001 8.933693e-001
      vertex 5.000000e-001 3.560610e-001 7.421057e-001
      vertex 5.000000e-001 5.000000e-001 8.000000e-001
    endloop 
  endfacet
  facet normal 1.000000E+000 0.000000E+000 0.000000E+000
    outer loop 
      vertex 5.000000e-001 3.735541e-001 8.933693e-001
      vertex 5.000000e-001 2.265668e-001 8.394111e-001
      vertex 5.000000e-001 3.560610e-001 7.421057e-001
    endloop 
  endfacet
  facet normal 1.000000E+000 0.000000E+000 0.000000E+000
    outer loop 
      vertex 5.000000e-001 2.265668e-001 8.394111e-001
      vertex 5.000000e-001 3.735541e-001 8.933693e-001
      vertex 5.000000e-001 2.671152e-001 1.000634e+000
    endloop 
  endfacet
  facet normal 1.000000E+000 0.000000E+000 0.000000E+000
    outer loop 
      vertex 5.000000e-001 5.000000e-001 8.000000e-001
      vertex 5.000000e-001 5.000000e-001 9.600000e-001
      vertex 5.000000e-001 3.735541e-001 8.933693e-001
    endloop 
  endfacet
  facet normal 0.000000E+000 -1.000000E+000 0.000000E+000
    outer loop 
      vertex 3.533836e-001 -5.000000e-001 7.009118e-001
      vertex 5.000000e-001 -5.000000e-001 8.000000e-001
      vertex 3.813638e-001 -5.000000e-001 8.838599e-001
    endloop 
  endfacet
  facet normal 0.000000E+000 -1.000000E+000 0.000000E+000
    outer loop 
      vertex 3.533836e-001 -5.000000e-001 7.009118e-001
      vertex 3.813638e-001 -5.000000e-001 8.838599e-001
      vertex 2.424354e-001 -5.000000e-001 8.291541e-001
    endloop 
  endfacet
  facet normal 0.000000E+000 -1.000000E+000 0.000000E+000
    outer loop 
      vertex 2.424354e-001 -5.000000e-001 8.291541e-001
      vertex 3.813638e-001 -5.000000e-001 8.838599e-001
      vertex 2.939426e-001 -5.000000e-001 9.743269e-001
    endloop 
  endfacet
  facet normal 0.000000E+000 -1.000000E+000 0.000000E+000
    outer loop 
      vertex 5.000000e-001 -5.000000e-001 9.600000e-001
      vertex 3.813638e-001 -5.000000e-001 8.838599e-001
      vertex 5.000000e-001 -5.000000e-001 8.000000e-001
    endloop 
  endfacet
  facet normal -1.000000E+000 0.000000E+000 0.000000E+000
    outer loop 
      vertex -5.000000e-001 -3.631050e-001 3.149632e+000
      vertex -5.000000e-001 -2.227269e-001 3.204663e+000
      vertex -5.000000e-001 -2.704918e-001 3.015447e+000
    endloop 
  endfacet
  facet normal -1.000000E+000 0.000000E+000 0.000000E+000
    outer loop 
      vertex -5.000000e-001 -2.704918e-001 3.015447e+000
      vertex -5.000000e-001 -5.000000e-001 3.040000e+000
      vertex -5.000000e-001 -3.631050e-001 3.149632e+000
    endloop 
  endfacet
  facet normal -1.000000E+000 0.000000E+000 0.000000E+000
    outer loop 
      vertex -5.000000e-001 -5.000000e-001 3.200000e+000
      vertex -5.000000e-001 -3.631050e-001 3.149632e+000
      vertex -5.000000e-001 -5.000000e-001 3.040000e+000
    endloop 
  endfacet
  facet normal 0.000000E+000 1.000000E+000 0.000000E+000
    outer loop 
      vertex -3.709902e-001 5.000000e-001 3.098611e+000
      vertex -5.000000e-001 5.000000e-001 3.200000e+000
      vertex -3.620808e-001 5.000000e-001 3.253692e+000
    endloop 
  endfacet
  facet normal 0.000000E+000 1.000000E+000 0.000000E+000
    outer loop 
      vertex -2.496006e-001 5.000000e-001 3.159374e+000
      vertex -3.709902e-001 5.000000e-001 3.098611e+000
      vertex -3.620808e-001 5.000000e-001 3.253692e+000
    endloop 
  endfacet
  facet normal 0.000000E+000 1.000000E+000 0.000000E+000
    outer loop 
      vertex -2.496006e-001 5.000000e-001 3.159374e+000
      vertex -2.189817e-001 5.000000e-001 2.998682e+000
      vertex -3.709902e-001 5.000000e-001 3.098611e+000
    endloop 
  endfacet
  facet normal 0.000000E+000 1.000000E+000 0.000000E+000
    outer loop 
      vertex -3.709902e-001 5.000000e-001 3.098611e+000
      vertex -5.000000e-001 5.000000e-001 3.040000e+000
      vertex -5.000000e-001 5.000000e-001 3.200000e+000
    endloop 
  endfacet
  facet normal 1.000000E+000 0.000000E+000 0.000000E+000
    outer loop 
      vertex 5.000000e-001 2.107007e-001 2.956204e+000
      vertex 5.000000e-001 3.364289e-001 3.099911e+000
      vertex 5.000000e-001 1.438296e-001 3.094571e+000
    endloop 
  endfacet
  facet normal 1.000000E+000 0.000000E+000 0.000000E+000
    outer loop 
      vertex 5.000000e-001 5.000000e-001 3.040000e+000
      vertex 5.000000e-001 5.000000e-001 3.200000e+000
      vertex 5.000000e-001 3.364289e-001 3.099911e+000
    endloop 
  endfacet
  facet normal 1.000000E+000 0.000000E+000 0.000000E+000
    outer loop 
      vertex 5.000000e-001 3.364289e-001 3.099911e+000
      vertex 5.000000e-001 2.428609e-001 3.242147e+000
      vertex 5.000000e-001 1.438296e-001 3.094571e+000
    endloop 
  endfacet
  facet normal 0.000000E+000 0.000000E+000 -1.000000E+000
    outer loop 
      vertex 3.779213e-001 8.281100e-002 0.000000e+000
      vertex 3.752419e-001 -5.933267e-002 0.000000e+000
      vertex 2.514290e-001 2.113478e-002 0.000000e+000
    endloop 
  endfacet
  facet normal 0.000000E+000 0.000000E+000 -1.000000E+000
    outer loop 
      vertex 5.000000e-001 0.000000e+000 0.000000e+000
      vertex 3.752419e-001 -5.933267e-002 0.000000e+000
      vertex 3.779213e-001 8.281100e-002 0.000000e+000
    endloop 
  endfacet
  facet normal 0.000000E+000 0.000000E+000 -1.000000E+000
    outer loop 
      vertex 3.752419e-001 -5.933267e-002 0.000000e+000
      vertex 2.463146e-001 -1.167427e-001 0.000000e+000
      vertex 2.514290e-001 2.113478e-002 0.000000e+000
    endloop 
  endfacet
  facet normal 0.000000E+000 0.000000E+000 -1.000000E+000
    outer loop 
      vertex 5.000000e-001 0.000000e+000 0.000000e+000
      vertex 5.000000e-001 -1.666667e-001 0.000000e+000
      vertex 3.752419e-001 -5.933267e-002 0.000000e+000
    endloop 
  endfacet
  facet normal -1.000000E+000 0.000000E+000 0.000000E+000
    outer loop 
      vertex -5.000000e-001 -5.000000e-001 9.600000e-001
      vertex -5.000000e-001 -3.097074e-001 9.565610e-001
      vertex -5.000000e-001 -3.876623e-001 8.570268e-001
    endloop 
  endfacet
  facet normal -1.000000E+000 0.000000E+000 0.000000E+000
    outer loop 
      vertex -5.000000e-001 -2.606069e-001 8.235769e-001
      vertex -5.000000e-001 -3.876623e-001 8.570268e-001
      vertex -5.000000e-001 -3.097074e-001 9.565610e-001
    endloop 
  endfacet
  facet normal -1.000000E+000 0.000000E+000 0.000000E+000
    outer loop 
      vertex -5.000000e-001 -5.000000e-001 9.600000e-001
      vertex -5.000000e-001 -3.876623e-001 8.570268e-001
      vertex -5.000000e-001 -5.000000e-001 8.000000e-001
    endloop 
  endfacet
  facet normal -1.000000E+000 0.000000E+000 0.000000E+000
    outer loop 
      vertex -5.000000e-001 5.000000e-001 1.760000e+000
      vertex -5.000000e-001 3.309888e-001 1.805887e+000
      vertex -5.000000e-001 5.000000e-001 1.920000e+000
    endloop 
  endfacet
  facet normal -1.000000E+000 0.000000E+000 0.000000E+000
    outer loop 
      vertex -5.000000e-001 5.000000e-001 1.920000e+000
      vertex -5.000000e-001 3.309888e-001 1.805887e+000
      vertex -5.000000e-001 2.808025e-001 2.008139e+000
    endloop 
  endfacet
  facet normal -1.000000E+000 0.000000E+000 0.000000E+000
    outer loop 
      vertex -5.000000e-001 3.309888e-001 1.805887e+000
      vertex -5.000000e-001 1.709861e-001 1.851495e+000
      vertex -5.000000e-001 2.808025e-001 2.008139e+000
    endloop 
  endfacet
  facet normal 0.000000E+000 1.000000E+000 0.000000E+000
    outer loop 
      vertex 1.145741e-001 5.000000e-001 5.680896e-001
      vertex 3.083631e-002 5.000000e-001 7.374318e-001
      vertex 1.969680e-001 5.000000e-001 7.111002e-001
    endloop 
  endfacet
  facet normal 0.000000E+000 1.000000E+000 0.000000E+000
    outer loop 
      vertex 3.083631e-002 5.000000e-001 7.374318e-001
      vertex 1.145741e-001 5.000000e-001 5.680896e-001
      vertex -7.581465e-002 5.000000e-001 6.160786e-001
    endloop 
  endfacet
  facet normal 0.000000E+000 1.000000E+000 0.000000E+000
    outer loop 
      vertex 2.275287e-001 5.000000e-001 4.245816e-001
      vertex 8.276694e-002 5.000000e-001 4.121143e-001
      vertex 1.145741e-001 5.000000e-001 5.680896e-001
    endloop 
  endfacet
  facet normal 0.000000E+000 1.000000E+000 0.000000E+000
    outer loop 
      vertex 1.145741e-001 5.000000e-001 5.680896e-001
      vertex 3.268905e-001 5.000000e-001 5.658901e-001
      vertex 2.275287e-001 5.000000e-001 4.245816e-001
    endloop 
  endfacet
  facet normal 0.000000E+000 1.000000E+000 0.000000E+000
    outer loop 
      vertex 1.145741e-001 5.000000e-001 5.680896e-001
      vertex 1.969680e-001 5.000000e-001 7.111002e-001
      vertex 3.268905e-001 5.000000e-001 5.658901e-001
    endloop 
  endfacet
  facet normal 0.000000E+000 1.000000E+000 0.000000E+000
    outer loop 
      vertex 1.145741e-001 5.000000e-001 5.680896e-001
      vertex 8.276694e-002 5.000000e-001 4.121143e-001
      vertex -5.644170e-002 5.000000e-001 4.637570e-001
    endloop 
  endfacet
  facet normal 0.000000E+000 1.000000E+000 0.000000E+000
    outer loop 
      vertex 1.145741e-001 5.000000e-001 5.680896e-001
      vertex -5.644170e-002 5.000000e-001 4.637570e-001
      vertex -7.581465e-002 5.000000e-001 6.160786e-001
    endloop 
  endfacet
  facet normal 1.000000E+000 0.000000E+000 0.000000E+000
    outer loop 
      vertex 5.000000e-001 -1.526328e-001 9.853333e-001
      vertex 5.000000e-001 -1.568695e-002 8.973839e-001
      vertex 5.000000e-001 5.311786e-003 1.062181e+000
    endloop 
  endfacet
  facet normal 1.000000E+000 0.000000E+000 0.000000E+000
    outer loop 
      vertex 5.000000e-001 -6.968545e-002 3.109153e+000
      vertex 5.000000e-001 -9.448769e-002 3.302737e+000
      vertex 5.000000e-001 -2.266618e-001 3.205284e+000
    endloop 
  endfacet
  facet normal 1.000000E+000 0.000000E+000 0.000000E+000
    outer loop 
      vertex 5.000000e-001 -6.968545e-002 3.109153e+000
      vertex 5.000000e-001 -2.380156e-001 3.022142e+000
      vertex 5.000000e-001 -1.216744e-001 2.919787e+000
    endloop 
  endfacet
  facet normal 1.000000E+000 0.000000E+000 0.000000E+000
    outer loop 
      vertex 5.000000e-001 -2.380156e-001 3.022142e+000
      vertex 5.000000e-001 -6.968545e-002 3.109153e+000
      vertex 5.000000e-001 -2.266618e-001 3.205284e+000
    endloop 
  endfacet
  facet normal 1.000000E+000 0.000000E+000 0.000000E+000
    outer loop 
      vertex 5.000000e-001 3.718181e-002 2.955493e+000
      vertex 5.000000e-001 -6.968545e-002 3.109153e+000
      vertex 5.000000e-001 -1.216744e-001 2.919787e+000
    endloop 
  endfacet
  facet normal 1.000000E+000 0.000000E+000 0.000000E+000
    outer loop 
      vertex 5.000000e-001 3.718181e-002 2.955493e+000
      vertex 5.000000e-001 1.438296e-001 3.094571e+000
      vertex 5.000000e-001 -6.968545e-002 3.109153e+000
    endloop 
  endfacet
  facet normal 0.000000E+000 1.000000E+000 0.000000E+000
    outer loop 
      vertex 2.854173e-001 5.000000e-001 2.876615e+000
      vertex 1.703803e-001 5.000000e-001 3.029744e+000
      vertex 3.573169e-001 5.000000e-001 3.050959e+000
    endloop 
  endfacet
  facet normal 0.000000E+000 1.000000E+000 0.000000E+000
    outer loop 
      vertex 3.573169e-001 5.000000e-001 3.050959e+000
      vertex 1.703803e-001 5.000000e-001 3.029744e+000
      vertex 2.168732e-001 5.000000e-001 3.170385e+000
    endloop 
  endfacet
  facet normal 0.000000E+000 1.000000E+000 0.000000E+000
    outer loop 
      vertex 1.703803e-001 5.000000e-001 3.029744e+000
      vertex 1.147591e-001 5.000000e-001 2.887733e+000
      vertex -2.492457e-002 5.000000e-001 2.978027e+000
    endloop 
  endfacet
  facet normal 0.000000E+000 1.000000E+000 0.000000E+000
    outer loop 
      vertex 1.147591e-001 5.000000e-001 2.887733e+000
      vertex 1.703803e-001 5.000000e-001 3.029744e+000
      vertex 2.854173e-001 5.000000e-001 2.876615e+000
    endloop 
  endfacet
  facet normal -1.000000E+000 0.000000E+000 0.000000E+000
    outer loop 
      vertex -5.000000e-001 1.051779e-001 8.707223e-001
      vertex -5.000000e-001 -2.475298e-002 8.995698e-001
      vertex -5.000000e-001 6.640434e-002 1.029705e+000
    endloop 
  endfacet
  facet normal -1.000000E+000 0.000000E+000 0.000000E+000
    outer loop 
      vertex -5.000000e-001 9.308688e-002 6.357518e-001
      vertex -5.000000e-001 2.034441e-001 5.794227e-001
      vertex -5.000000e-001 5.300092e-002 5.175133e-001
    endloop 
  endfacet
  facet normal -1.000000E+000 0.000000E+000 0.000000E+000
    outer loop 
      vertex -5.000000e-001 9.308688e-002 6.357518e-001
      vertex -5.000000e-001 5.300092e-002 5.175133e-001
      vertex -5.000000e-001 -2.615223e-002 6.393214e-001
    endloop 
  endfacet
  facet normal 0.000000E+000 -1.000000E+000 0.000000E+000
    outer loop 
      vertex -2.438828e-001 -5.000000e-001 7.167296e-001
      vertex -1.860428e-001 -5.000000e-001 5.874983e-001
      vertex -8.786944e-002 -5.000000e-001 7.399208e-001
    endloop 
  endfacet
  facet normal 0.000000E+000 -1.000000E+000 0.000000E+000
    outer loop 
      vertex -2.012929e-001 -5.000000e-001 8.614579e-001
      vertex -2.438828e-001 -5.000000e-001 7.167296e-001
      vertex -8.786944e-002 -5.000000e-001 7.399208e-001
    endloop 
  endfacet
  facet normal 0.000000E+000 -1.000000E+000 0.000000E+000
    outer loop 
      vertex -2.942386e-002 -5.000000e-001 9.076690e-001
      vertex -2.012929e-001 -5.000000e-001 8.614579e-001
      vertex -8.786944e-002 -5.000000e-001 7.399208e-001
    endloop 
  endfacet
  facet normal 0.000000E+000 -1.000000E+000 0.000000E+000
    outer loop 
      vertex -1.860428e-001 -5.000000e-001 5.874983e-001
      vertex -3.196946e-003 -5.000000e-001 5.991769e-001
      vertex -8.786944e-002 -5.000000e-001 7.399208e-001
    endloop 
  endfacet
  facet normal 0.000000E+000 1.000000E+000 0.000000E+000
    outer loop 
      vertex 1.159979e-001 5.000000e-001 8.616812e-001
      vertex 1.053194e-001 5.000000e-001 1.005742e+000
      vertex 2.445211e-001 5.000000e-001 9.610302e-001
    endloop 
  endfacet
  facet normal 0.000000E+000 1.000000E+000 0.000000E+000
    outer loop 
      vertex 1.159979e-001 5.000000e-001 8.616812e-001
      vertex 2.445211e-001 5.000000e-001 9.610302e-001
      vertex 2.560200e-001 5.000000e-001 8.326204e-001
    endloop 
  endfacet
  facet normal 0.000000E+000 1.000000E+000 0.000000E+000
    outer loop 
      vertex 1.159979e-001 5.000000e-001 8.616812e-001
      vertex 2.560200e-001 5.000000e-001 8.326204e-001
      vertex 1.969680e-001 5.000000e-001 7.111002e-001
    endloop 
  endfacet
  facet normal 0.000000E+000 1.000000E+000 0.000000E+000
    outer loop 
      vertex 1.159979e-001 5.000000e-001 8.616812e-001
      vertex -4.942955e-002 5.000000e-001 9.031673e-001
      vertex 1.053194e-001 5.000000e-001 1.005742e+000
    endloop 
  endfacet
  facet normal 0.000000E+000 1.000000E+000 0.000000E+000
    outer loop 
      vertex -9.179268e-002 5.000000e-001 3.411388e+000
      vertex -3.355489e-002 5.000000e-001 3.278095e+000
      vertex -2.034702e-001 5.000000e-001 3.296852e+000
    endloop 
  endfacet
  facet normal 0.000000E+000 1.000000E+000 0.000000E+000
    outer loop 
      vertex -2.034702e-001 5.000000e-001 3.296852e+000
      vertex -3.355489e-002 5.000000e-001 3.278095e+000
      vertex -1.083594e-001 5.000000e-001 3.136126e+000
    endloop 
  endfacet
  facet normal 0.000000E+000 1.000000E+000 0.000000E+000
    outer loop 
      vertex 6.072675e-002 5.000000e-001 3.408872e+000
      vertex -3.355489e-002 5.000000e-001 3.278095e+000
      vertex -9.179268e-002 5.000000e-001 3.411388e+000
    endloop 
  endfacet
  facet normal 0.000000E+000 1.000000E+000 0.000000E+000
    outer loop 
      vertex 2.485400e-001 5.000000e-001 3.308602e+000
      vertex 3.645570e-001 5.000000e-001 3.244925e+000
      vertex 2.168732e-001 5.000000e-001 3.170385e+000
    endloop 
  endfacet
  facet normal -1.000000E+000 0.000000E+000 0.000000E+000
    outer loop 
      vertex -5.000000e-001 -3.693773e-001 5.949673e-001
      vertex -5.000000e-001 -2.466949e-001 6.941856e-001
      vertex -5.000000e-001 -2.469187e-001 5.469421e-001
    endloop 
  endfacet
  facet normal -1.000000E+000 0.000000E+000 0.000000E+000
    outer loop 
      vertex -5.000000e-001 -5.000000e-001 4.800000e-001
      vertex -5.000000e-001 -3.693773e-001 5.949673e-001
      vertex -5.000000e-001 -3.633654e-001 4.303842e-001
    endloop 
  endfacet
  facet normal -1.000000E+000 0.000000E+000 0.000000E+000
    outer loop 
      vertex -5.000000e-001 -3.693773e-001 5.949673e-001
      vertex -5.000000e-001 -2.469187e-001 5.469421e-001
      vertex -5.000000e-001 -3.633654e-001 4.303842e-001
    endloop 
  endfacet
  facet normal -1.000000E+000 0.000000E+000 0.000000E+000
    outer loop 
      vertex -5.000000e-001 -5.000000e-001 4.800000e-001
      vertex -5.000000e-001 -5.000000e-001 6.400000e-001
      vertex -5.000000e-001 -3.693773e-001 5.949673e-001
    endloop 
  endfacet
  facet normal 0.000000E+000 1.000000E+000 0.000000E+000
    outer loop 
      vertex -1.229924e-001 5.000000e-001 1.678872e+000
      vertex 6.016774e-002 5.000000e-001 1.730471e+000
      vertex -7.461853e-003 5.000000e-001 1.550734e+000
    endloop 
  endfacet
  facet normal 0.000000E+000 1.000000E+000 0.000000E+000
    outer loop 
      vertex -2.039412e-001 5.000000e-001 1.515366e+000
      vertex -1.229924e-001 5.000000e-001 1.678872e+000
      vertex -7.461853e-003 5.000000e-001 1.550734e+000
    endloop 
  endfacet
  facet normal 0.000000E+000 1.000000E+000 0.000000E+000
    outer loop 
      vertex -7.461853e-003 5.000000e-001 1.550734e+000
      vertex 2.270016e-001 5.000000e-001 1.611285e+000
      vertex 1.083151e-001 5.000000e-001 1.414492e+000
    endloop 
  endfacet
  facet normal 0.000000E+000 1.000000E+000 0.000000E+000
    outer loop 
      vertex 2.270016e-001 5.000000e-001 1.611285e+000
      vertex -7.461853e-003 5.000000e-001 1.550734e+000
      vertex 6.016774e-002 5.000000e-001 1.730471e+000
    endloop 
  endfacet
  facet normal 0.000000E+000 1.000000E+000 0.000000E+000
    outer loop 
      vertex -7.461853e-003 5.000000e-001 1.550734e+000
      vertex 1.083151e-001 5.000000e-001 1.414492e+000
      vertex -1.221970e-001 5.000000e-001 1.355058e+000
    endloop 
  endfacet
  facet normal 0.000000E+000 1.000000E+000 0.000000E+000
    outer loop 
      vertex -2.039412e-001 5.000000e-001 1.515366e+000
      vertex -7.461853e-003 5.000000e-001 1.550734e+000
      vertex -1.221970e-001 5.000000e-001 1.355058e+000
    endloop 
  endfacet
  facet normal 0.000000E+000 1.000000E+000 0.000000E+000
    outer loop 
      vertex -2.034702e-001 5.000000e-001 3.296852e+000
      vertex -3.620808e-001 5.000000e-001 3.253692e+000
      vertex -3.587451e-001 5.000000e-001 3.405422e+000
    endloop 
  endfacet
  facet normal 0.000000E+000 1.000000E+000 0.000000E+000
    outer loop 
      vertex -2.034702e-001 5.000000e-001 3.296852e+000
      vertex -3.587451e-001 5.000000e-001 3.405422e+000
      vertex -2.242852e-001 5.000000e-001 3.451975e+000
    endloop 
  endfacet
  facet normal 0.000000E+000 1.000000E+000 0.000000E+000
    outer loop 
      vertex -3.620808e-001 5.000000e-001 3.253692e+000
      vertex -5.000000e-001 5.000000e-001 3.360000e+000
      vertex -3.587451e-001 5.000000e-001 3.405422e+000
    endloop 
  endfacet
  facet normal 0.000000E+000 1.000000E+000 0.000000E+000
    outer loop 
      vertex -3.184568e-001 5.000000e-001 3.584193e+000
      vertex -3.587451e-001 5.000000e-001 3.405422e+000
      vertex -5.000000e-001 5.000000e-001 3.520000e+000
    endloop 
  endfacet
  facet normal 0.000000E+000 1.000000E+000 0.000000E+000
    outer loop 
      vertex -2.242852e-001 5.000000e-001 3.451975e+000
      vertex -3.587451e-001 5.000000e-001 3.405422e+000
      vertex -3.184568e-001 5.000000e-001 3.584193e+000
    endloop 
  endfacet
  facet normal 0.000000E+000 1.000000E+000 0.000000E+000
    outer loop 
      vertex -5.000000e-001 5.000000e-001 3.360000e+000
      vertex -5.000000e-001 5.000000e-001 3.520000e+000
      vertex -3.587451e-001 5.000000e-001 3.405422e+000
    endloop 
  endfacet
  facet normal 1.000000E+000 0.000000E+000 0.000000E+000
    outer loop 
      vertex 5.000000e-001 3.043787e-001 3.570755e+000
      vertex 5.000000e-001 3.521039e-001 3.395686e+000
      vertex 5.000000e-001 5.000000e-001 3.520000e+000
    endloop 
  endfacet
  facet normal 1.000000E+000 0.000000E+000 0.000000E+000
    outer loop 
      vertex 5.000000e-001 3.043787e-001 3.570755e+000
      vertex 5.000000e-001 1.851981e-001 3.397635e+000
      vertex 5.000000e-001 3.521039e-001 3.395686e+000
    endloop 
  endfacet
  facet normal 1.000000E+000 0.000000E+000 0.000000E+000
    outer loop 
      vertex 5.000000e-001 5.000000e-001 3.360000e+000
      vertex 5.000000e-001 5.000000e-001 3.520000e+000
      vertex 5.000000e-001 3.521039e-001 3.395686e+000
    endloop 
  endfacet
  facet normal 1.000000E+000 0.000000E+000 0.000000E+000
    outer loop 
      vertex 5.000000e-001 1.851981e-001 3.397635e+000
      vertex 5.000000e-001 2.428609e-001 3.242147e+000
      vertex 5.000000e-001 3.521039e-001 3.395686e+000
    endloop 
  endfacet
  facet normal 1.000000E+000 0.000000E+000 0.000000E+000
    outer loop 
      vertex 5.000000e-001 -3.281785e-001 2.587738e+000
      vertex 5.000000e-001 -1.883223e-001 2.419304e+000
      vertex 5.000000e-001 -1.365903e-001 2.584072e+000
    endloop 
  endfacet
  facet normal 1.000000E+000 0.000000E+000 0.000000E+000
    outer loop 
      vertex 5.000000e-001 -3.281785e-001 2.587738e+000
      vertex 5.000000e-001 -3.573979e-001 2.401108e+000
      vertex 5.000000e-001 -1.883223e-001 2.419304e+000
    endloop 
  endfacet
  facet normal 1.000000E+000 0.000000E+000 0.000000E+000
    outer loop 
      vertex 5.000000e-001 -1.883223e-001 2.419304e+000
      vertex 5.000000e-001 -8.467060e-004 2.462420e+000
      vertex 5.000000e-001 -1.365903e-001 2.584072e+000
    endloop 
  endfacet
  facet normal 1.000000E+000 0.000000E+000 0.000000E+000
    outer loop 
      vertex 5.000000e-001 -1.883223e-001 2.419304e+000
      vertex 5.000000e-001 -2.654925e-001 2.246791e+000
      vertex 5.000000e-001 -6.780323e-002 2.275444e+000
    endloop 
  endfacet
  facet normal 1.000000E+000 0.000000E+000 0.000000E+000
    outer loop 
      vertex 5.000000e-001 -8.467060e-004 2.462420e+000
      vertex 5.000000e-001 -1.883223e-001 2.419304e+000
      vertex 5.000000e-001 -6.780323e-002 2.275444e+000
    endloop 
  endfacet
  facet normal 1.000000E+000 0.000000E+000 0.000000E+000
    outer loop 
      vertex 5.000000e-001 -1.883223e-001 2.419304e+000
      vertex 5.000000e-001 -3.573979e-001 2.401108e+000
      vertex 5.000000e-001 -2.654925e-001 2.246791e+000
    endloop 
  endfacet
  facet normal 0.000000E+000 -1.000000E+000 0.000000E+000
    outer loop 
      vertex -5.000000e-001 -5.000000e-001 2.720000e+000
      vertex -5.000000e-001 -5.000000e-001 2.560000e+000
      vertex -3.453835e-001 -5.000000e-001 2.637712e+000
    endloop 
  endfacet
  facet normal 0.000000E+000 -1.000000E+000 0.000000E+000
    outer loop 
      vertex -5.000000e-001 -5.000000e-001 2.560000e+000
      vertex -3.106387e-001 -5.000000e-001 2.468580e+000
      vertex -3.453835e-001 -5.000000e-001 2.637712e+000
    endloop 
  endfacet
  facet normal 0.000000E+000 1.000000E+000 0.000000E+000
    outer loop 
      vertex 3.705577e-001 5.000000e-001 2.611038e+000
      vertex 5.000000e-001 5.000000e-001 2.720000e+000
      vertex 5.000000e-001 5.000000e-001 2.560000e+000
    endloop 
  endfacet
  facet normal -1.000000E+000 0.000000E+000 0.000000E+000
    outer loop 
      vertex -5.000000e-001 5.000000e-001 2.560000e+000
      vertex -5.000000e-001 3.716047e-001 2.620952e+000
      vertex -5.000000e-001 5.000000e-001 2.720000e+000
    endloop 
  endfacet
  facet normal 1.000000E+000 0.000000E+000 0.000000E+000
    outer loop 
      vertex 5.000000e-001 -3.281785e-001 2.587738e+000
      vertex 5.000000e-001 -1.365903e-001 2.584072e+000
      vertex 5.000000e-001 -2.431865e-001 2.705557e+000
    endloop 
  endfacet
  facet normal 1.000000E+000 0.000000E+000 0.000000E+000
    outer loop 
      vertex 5.000000e-001 -5.000000e-001 2.720000e+000
      vertex 5.000000e-001 -5.000000e-001 2.560000e+000
      vertex 5.000000e-001 -3.281785e-001 2.587738e+000
    endloop 
  endfacet
  facet normal 1.000000E+000 0.000000E+000 0.000000E+000
    outer loop 
      vertex 5.000000e-001 -3.573979e-001 2.401108e+000
      vertex 5.000000e-001 -3.281785e-001 2.587738e+000
      vertex 5.000000e-001 -5.000000e-001 2.560000e+000
    endloop 
  endfacet
  facet normal 1.000000E+000 0.000000E+000 0.000000E+000
    outer loop 
      vertex 5.000000e-001 5.000000e-001 4.800000e-001
      vertex 5.000000e-001 3.393703e-001 5.880551e-001
      vertex 5.000000e-001 2.879550e-001 4.330304e-001
    endloop 
  endfacet
  facet normal 1.000000E+000 0.000000E+000 0.000000E+000
    outer loop 
      vertex 5.000000e-001 1.572989e-001 5.276573e-001
      vertex 5.000000e-001 2.879550e-001 4.330304e-001
      vertex 5.000000e-001 3.393703e-001 5.880551e-001
    endloop 
  endfacet
  facet normal 1.000000E+000 0.000000E+000 0.000000E+000
    outer loop 
      vertex 5.000000e-001 5.000000e-001 6.400000e-001
      vertex 5.000000e-001 3.560610e-001 7.421057e-001
      vertex 5.000000e-001 3.393703e-001 5.880551e-001
    endloop 
  endfacet
  facet normal 1.000000E+000 0.000000E+000 0.000000E+000
    outer loop 
      vertex 5.000000e-001 3.393703e-001 5.880551e-001
      vertex 5.000000e-001 5.000000e-001 4.800000e-001
      vertex 5.000000e-001 5.000000e-001 6.400000e-001
    endloop 
  endfacet
  facet normal 1.000000E+000 0.000000E+000 0.000000E+000
    outer loop 
      vertex 5.000000e-001 2.986932e-001 2.355437e+000
      vertex 5.000000e-001 3.744363e-001 2.487945e+000
      vertex 5.000000e-001 1.966153e-001 2.516776e+000
    endloop 
  endfacet
  facet normal 1.000000E+000 0.000000E+000 0.000000E+000
    outer loop 
      vertex 5.000000e-001 5.000000e-001 2.560000e+000
      vertex 5.000000e-001 3.744363e-001 2.487945e+000
      vertex 5.000000e-001 5.000000e-001 2.400000e+000
    endloop 
  endfacet
  facet normal 1.000000E+000 0.000000E+000 0.000000E+000
    outer loop 
      vertex 5.000000e-001 5.000000e-001 2.400000e+000
      vertex 5.000000e-001 3.744363e-001 2.487945e+000
      vertex 5.000000e-001 2.986932e-001 2.355437e+000
    endloop 
  endfacet
  facet normal 1.000000E+000 0.000000E+000 0.000000E+000
    outer loop 
      vertex 5.000000e-001 2.300016e-001 2.688255e+000
      vertex 5.000000e-001 4.549205e-002 2.652532e+000
      vertex 5.000000e-001 1.966153e-001 2.516776e+000
    endloop 
  endfacet
  facet normal 1.000000E+000 0.000000E+000 0.000000E+000
    outer loop 
      vertex 5.000000e-001 4.549205e-002 2.652532e+000
      vertex 5.000000e-001 -8.467060e-004 2.462420e+000
      vertex 5.000000e-001 1.966153e-001 2.516776e+000
    endloop 
  endfacet
  facet normal 1.000000E+000 0.000000E+000 0.000000E+000
    outer loop 
      vertex 5.000000e-001 1.198724e-001 2.320939e+000
      vertex 5.000000e-001 2.986932e-001 2.355437e+000
      vertex 5.000000e-001 1.966153e-001 2.516776e+000
    endloop 
  endfacet
  facet normal 1.000000E+000 0.000000E+000 0.000000E+000
    outer loop 
      vertex 5.000000e-001 1.198724e-001 2.320939e+000
      vertex 5.000000e-001 1.966153e-001 2.516776e+000
      vertex 5.000000e-001 -8.467060e-004 2.462420e+000
    endloop 
  endfacet
  facet normal 0.000000E+000 1.000000E+000 0.000000E+000
    outer loop 
      vertex 3.745324e-001 5.000000e-001 4.000787e-001
      vertex 2.275287e-001 5.000000e-001 4.245816e-001
      vertex 3.268905e-001 5.000000e-001 5.658901e-001
    endloop 
  endfacet
  facet normal 0.000000E+000 1.000000E+000 0.000000E+000
    outer loop 
      vertex 1.969680e-001 5.000000e-001 7.111002e-001
      vertex 3.589010e-001 5.000000e-001 7.373778e-001
      vertex 3.268905e-001 5.000000e-001 5.658901e-001
    endloop 
  endfacet
  facet normal 0.000000E+000 1.000000E+000 0.000000E+000
    outer loop 
      vertex 5.000000e-001 5.000000e-001 6.400000e-001
      vertex 3.268905e-001 5.000000e-001 5.658901e-001
      vertex 3.589010e-001 5.000000e-001 7.373778e-001
    endloop 
  endfacet
  facet normal 0.000000E+000 1.000000E+000 0.000000E+000
    outer loop 
      vertex 5.000000e-001 5.000000e-001 4.800000e-001
      vertex 3.745324e-001 5.000000e-001 4.000787e-001
      vertex 3.268905e-001 5.000000e-001 5.658901e-001
    endloop 
  endfacet
  facet normal 0.000000E+000 1.000000E+000 0.000000E+000
    outer loop 
      vertex 5.000000e-001 5.000000e-001 6.400000e-001
      vertex 5.000000e-001 5.000000e-001 4.800000e-001
      vertex 3.268905e-001 5.000000e-001 5.658901e-001
    endloop 
  endfacet
  facet normal -1.000000E+000 0.000000E+000 0.000000E+000
    outer loop 
      vertex -5.000000e-001 5.000000e-001 1.440000e+000
      vertex -5.000000e-001 5.000000e-001 1.280000e+000
      vertex -5.000000e-001 4.002325e-001 1.435004e+000
    endloop 
  endfacet
  facet normal -1.000000E+000 0.000000E+000 0.000000E+000
    outer loop 
      vertex -5.000000e-001 5.000000e-001 1.600000e+000
      vertex -5.000000e-001 5.000000e-001 1.440000e+000
      vertex -5.000000e-001 4.002325e-001 1.435004e+000
    endloop 
  endfacet
  facet normal 0.000000E+000 1.000000E+000 0.000000E+000
    outer loop 
      vertex 3.693300e-001 5.000000e-001 1.265868e+000
      vertex 3.189519e-001 5.000000e-001 1.446650e+000
      vertex 5.000000e-001 5.000000e-001 1.440000e+000
    endloop 
  endfacet
  facet normal 0.000000E+000 1.000000E+000 0.000000E+000
    outer loop 
      vertex 3.693300e-001 5.000000e-001 1.265868e+000
      vertex 1.964812e-001 5.000000e-001 1.274825e+000
      vertex 3.189519e-001 5.000000e-001 1.446650e+000
    endloop 
  endfacet
  facet normal 0.000000E+000 1.000000E+000 0.000000E+000
    outer loop 
      vertex 3.693300e-001 5.000000e-001 1.265868e+000
      vertex 5.000000e-001 5.000000e-001 1.280000e+000
      vertex 5.000000e-001 5.000000e-001 1.120000e+000
    endloop 
  endfacet
  facet normal 0.000000E+000 1.000000E+000 0.000000E+000
    outer loop 
      vertex 5.000000e-001 5.000000e-001 1.280000e+000
      vertex 3.693300e-001 5.000000e-001 1.265868e+000
      vertex 5.000000e-001 5.000000e-001 1.440000e+000
    endloop 
  endfacet
  facet normal 0.000000E+000 1.000000E+000 0.000000E+000
    outer loop 
      vertex 3.693300e-001 5.000000e-001 1.265868e+000
      vertex 2.392504e-001 5.000000e-001 1.118216e+000
      vertex 1.964812e-001 5.000000e-001 1.274825e+000
    endloop 
  endfacet
  facet normal -1.000000E+000 0.000000E+000 0.000000E+000
    outer loop 
      vertex -5.000000e-001 1.854988e-001 1.184172e+000
      vertex -5.000000e-001 7.133766e-002 1.346346e+000
      vertex -5.000000e-001 2.377117e-001 1.430966e+000
    endloop 
  endfacet
  facet normal 0.000000E+000 1.000000E+000 0.000000E+000
    outer loop 
      vertex 2.270016e-001 5.000000e-001 1.611285e+000
      vertex 3.189519e-001 5.000000e-001 1.446650e+000
      vertex 1.083151e-001 5.000000e-001 1.414492e+000
    endloop 
  endfacet
  facet normal 0.000000E+000 1.000000E+000 0.000000E+000
    outer loop 
      vertex 3.189519e-001 5.000000e-001 1.446650e+000
      vertex 2.270016e-001 5.000000e-001 1.611285e+000
      vertex 5.000000e-001 5.000000e-001 1.600000e+000
    endloop 
  endfacet
  facet normal 0.000000E+000 1.000000E+000 0.000000E+000
    outer loop 
      vertex 1.964812e-001 5.000000e-001 1.274825e+000
      vertex 1.083151e-001 5.000000e-001 1.414492e+000
      vertex 3.189519e-001 5.000000e-001 1.446650e+000
    endloop 
  endfacet
  facet normal 0.000000E+000 1.000000E+000 0.000000E+000
    outer loop 
      vertex 3.189519e-001 5.000000e-001 1.446650e+000
      vertex 5.000000e-001 5.000000e-001 1.600000e+000
      vertex 5.000000e-001 5.000000e-001 1.440000e+000
    endloop 
  endfacet
  facet normal 1.000000E+000 0.000000E+000 0.000000E+000
    outer loop 
      vertex 5.000000e-001 -5.000000e-001 1.120000e+000
      vertex 5.000000e-001 -3.915673e-001 1.278115e+000
      vertex 5.000000e-001 -5.000000e-001 1.280000e+000
    endloop 
  endfacet
  facet normal 1.000000E+000 0.000000E+000 0.000000E+000
    outer loop 
      vertex 5.000000e-001 -5.000000e-001 1.120000e+000
      vertex 5.000000e-001 -3.190760e-001 1.092217e+000
      vertex 5.000000e-001 -3.915673e-001 1.278115e+000
    endloop 
  endfacet
  facet normal 1.000000E+000 0.000000E+000 0.000000E+000
    outer loop 
      vertex 5.000000e-001 -5.000000e-001 1.440000e+000
      vertex 5.000000e-001 -5.000000e-001 1.280000e+000
      vertex 5.000000e-001 -3.915673e-001 1.278115e+000
    endloop 
  endfacet
  facet normal 1.000000E+000 0.000000E+000 0.000000E+000
    outer loop 
      vertex 5.000000e-001 -3.915673e-001 1.278115e+000
      vertex 5.000000e-001 -3.190760e-001 1.092217e+000
      vertex 5.000000e-001 -2.524661e-001 1.275470e+000
    endloop 
  endfacet
  facet normal 0.000000E+000 -1.000000E+000 0.000000E+000
    outer loop 
      vertex -5.000000e-001 -5.000000e-001 1.280000e+000
      vertex -3.866623e-001 -5.000000e-001 1.279691e+000
      vertex -5.000000e-001 -5.000000e-001 1.440000e+000
    endloop 
  endfacet
  facet normal 0.000000E+000 -1.000000E+000 0.000000E+000
    outer loop 
      vertex -5.000000e-001 -5.000000e-001 1.120000e+000
      vertex -3.866623e-001 -5.000000e-001 1.279691e+000
      vertex -5.000000e-001 -5.000000e-001 1.280000e+000
    endloop 
  endfacet
  facet normal 0.000000E+000 -1.000000E+000 0.000000E+000
    outer loop 
      vertex -2.927186e-001 -5.000000e-001 1.139848e+000
      vertex -3.866623e-001 -5.000000e-001 1.279691e+000
      vertex -5.000000e-001 -5.000000e-001 1.120000e+000
    endloop 
  endfacet
  facet normal 0.000000E+000 -1.000000E+000 0.000000E+000
    outer loop 
      vertex -2.927186e-001 -5.000000e-001 1.139848e+000
      vertex -2.276172e-001 -5.000000e-001 1.292510e+000
      vertex -3.866623e-001 -5.000000e-001 1.279691e+000
    endloop 
  endfacet
  facet normal 1.000000E+000 0.000000E+000 0.000000E+000
    outer loop 
      vertex 5.000000e-001 2.879550e-001 4.330304e-001
      vertex 5.000000e-001 3.593348e-001 3.078829e-001
      vertex 5.000000e-001 5.000000e-001 4.800000e-001
    endloop 
  endfacet
  facet normal 1.000000E+000 0.000000E+000 0.000000E+000
    outer loop 
      vertex 5.000000e-001 2.201689e-001 2.828454e-001
      vertex 5.000000e-001 3.593348e-001 3.078829e-001
      vertex 5.000000e-001 2.879550e-001 4.330304e-001
    endloop 
  endfacet
  facet normal 1.000000E+000 0.000000E+000 0.000000E+000
    outer loop 
      vertex 5.000000e-001 1.145386e-001 3.522106e-001
      vertex 5.000000e-001 2.879550e-001 4.330304e-001
      vertex 5.000000e-001 1.572989e-001 5.276573e-001
    endloop 
  endfacet
  facet normal 1.000000E+000 0.000000E+000 0.000000E+000
    outer loop 
      vertex 5.000000e-001 2.201689e-001 2.828454e-001
      vertex 5.000000e-001 2.879550e-001 4.330304e-001
      vertex 5.000000e-001 1.145386e-001 3.522106e-001
    endloop 
  endfacet
  facet normal 0.000000E+000 -1.000000E+000 0.000000E+000
    outer loop 
      vertex 3.925527e-001 -5.000000e-001 1.540683e+000
      vertex 3.404433e-001 -5.000000e-001 1.399921e+000
      vertex 5.000000e-001 -5.000000e-001 1.440000e+000
    endloop 
  endfacet
  facet normal 0.000000E+000 -1.000000E+000 0.000000E+000
    outer loop 
      vertex 3.925527e-001 -5.000000e-001 1.540683e+000
      vertex 2.703206e-001 -5.000000e-001 1.582810e+000
      vertex 3.404433e-001 -5.000000e-001 1.399921e+000
    endloop 
  endfacet
  facet normal 0.000000E+000 -1.000000E+000 0.000000E+000
    outer loop 
      vertex 2.703206e-001 -5.000000e-001 1.582810e+000
      vertex 1.693343e-001 -5.000000e-001 1.451906e+000
      vertex 3.404433e-001 -5.000000e-001 1.399921e+000
    endloop 
  endfacet
  facet normal 0.000000E+000 -1.000000E+000 0.000000E+000
    outer loop 
      vertex 2.257615e-001 -5.000000e-001 1.288539e+000
      vertex 3.404433e-001 -5.000000e-001 1.399921e+000
      vertex 1.693343e-001 -5.000000e-001 1.451906e+000
    endloop 
  endfacet
  facet normal 0.000000E+000 -1.000000E+000 0.000000E+000
    outer loop 
      vertex 5.000000e-001 -5.000000e-001 1.280000e+000
      vertex 5.000000e-001 -5.000000e-001 1.440000e+000
      vertex 3.404433e-001 -5.000000e-001 1.399921e+000
    endloop 
  endfacet
  facet normal 0.000000E+000 -1.000000E+000 0.000000E+000
    outer loop 
      vertex 1.916549e-003 -5.000000e-001 1.488233e+000
      vertex -7.729323e-002 -5.000000e-001 1.320704e+000
      vertex 7.587167e-002 -5.000000e-001 1.321702e+000
    endloop 
  endfacet
  facet normal 0.000000E+000 -1.000000E+000 0.000000E+000
    outer loop 
      vertex -7.729323e-002 -5.000000e-001 1.320704e+000
      vertex 7.783676e-004 -5.000000e-001 1.204099e+000
      vertex 7.587167e-002 -5.000000e-001 1.321702e+000
    endloop 
  endfacet
  facet normal 0.000000E+000 -1.000000E+000 0.000000E+000
    outer loop 
      vertex 1.916549e-003 -5.000000e-001 1.488233e+000
      vertex -1.606897e-001 -5.000000e-001 1.442989e+000
      vertex -7.729323e-002 -5.000000e-001 1.320704e+000
    endloop 
  endfacet
  facet normal 0.000000E+000 -1.000000E+000 0.000000E+000
    outer loop 
      vertex -7.729323e-002 -5.000000e-001 1.320704e+000
      vertex -2.276172e-001 -5.000000e-001 1.292510e+000
      vertex -1.283271e-001 -5.000000e-001 1.167408e+000
    endloop 
  endfacet
  facet normal 0.000000E+000 -1.000000E+000 0.000000E+000
    outer loop 
      vertex -1.283271e-001 -5.000000e-001 1.167408e+000
      vertex 7.783676e-004 -5.000000e-001 1.204099e+000
      vertex -7.729323e-002 -5.000000e-001 1.320704e+000
    endloop 
  endfacet
  facet normal 0.000000E+000 -1.000000E+000 0.000000E+000
    outer loop 
      vertex -7.729323e-002 -5.000000e-001 1.320704e+000
      vertex -1.606897e-001 -5.000000e-001 1.442989e+000
      vertex -2.276172e-001 -5.000000e-001 1.292510e+000
    endloop 
  endfacet
  facet normal 0.000000E+000 1.000000E+000 0.000000E+000
    outer loop 
      vertex 5.000000e-001 5.000000e-001 1.600000e+000
      vertex 2.270016e-001 5.000000e-001 1.611285e+000
      vertex 3.690043e-001 5.000000e-001 1.765266e+000
    endloop 
  endfacet
  facet normal 0.000000E+000 1.000000E+000 0.000000E+000
    outer loop 
      vertex 3.690043e-001 5.000000e-001 1.765266e+000
      vertex 2.270016e-001 5.000000e-001 1.611285e+000
      vertex 2.122666e-001 5.000000e-001 1.791917e+000
    endloop 
  endfacet
  facet normal 0.000000E+000 1.000000E+000 0.000000E+000
    outer loop 
      vertex 5.000000e-001 5.000000e-001 1.760000e+000
      vertex 5.000000e-001 5.000000e-001 1.600000e+000
      vertex 3.690043e-001 5.000000e-001 1.765266e+000
    endloop 
  endfacet
  facet normal 0.000000E+000 1.000000E+000 0.000000E+000
    outer loop 
      vertex 3.690043e-001 5.000000e-001 1.765266e+000
      vertex 5.000000e-001 5.000000e-001 1.920000e+000
      vertex 5.000000e-001 5.000000e-001 1.760000e+000
    endloop 
  endfacet
  facet normal -1.000000E+000 0.000000E+000 0.000000E+000
    outer loop 
      vertex -5.000000e-001 1.190617e-001 3.576149e+000
      vertex -5.000000e-001 -4.708325e-002 3.578254e+000
      vertex -5.000000e-001 2.800579e-002 3.714700e+000
    endloop 
  endfacet
  facet normal -1.000000E+000 0.000000E+000 0.000000E+000
    outer loop 
      vertex -5.000000e-001 -4.708325e-002 3.578254e+000
      vertex -5.000000e-001 1.190617e-001 3.576149e+000
      vertex -5.000000e-001 6.032880e-002 3.451625e+000
    endloop 
  endfacet
  facet normal -1.000000E+000 0.000000E+000 0.000000E+000
    outer loop 
      vertex -5.000000e-001 -9.093980e-002 3.438582e+000
      vertex -5.000000e-001 -4.708325e-002 3.578254e+000
      vertex -5.000000e-001 6.032880e-002 3.451625e+000
    endloop 
  endfacet
  facet normal -1.000000E+000 0.000000E+000 0.000000E+000
    outer loop 
      vertex -5.000000e-001 -2.181893e-001 3.560645e+000
      vertex -5.000000e-001 -4.708325e-002 3.578254e+000
      vertex -5.000000e-001 -9.093980e-002 3.438582e+000
    endloop 
  endfacet
  facet normal 1.000000E+000 0.000000E+000 0.000000E+000
    outer loop 
      vertex 5.000000e-001 3.792134e-001 1.692714e+000
      vertex 5.000000e-001 5.000000e-001 1.760000e+000
      vertex 5.000000e-001 3.836614e-001 1.850375e+000
    endloop 
  endfacet
  facet normal 1.000000E+000 0.000000E+000 0.000000E+000
    outer loop 
      vertex 5.000000e-001 2.423070e-001 1.793388e+000
      vertex 5.000000e-001 3.792134e-001 1.692714e+000
      vertex 5.000000e-001 3.836614e-001 1.850375e+000
    endloop 
  endfacet
  facet normal 1.000000E+000 0.000000E+000 0.000000E+000
    outer loop 
      vertex 5.000000e-001 3.836614e-001 1.850375e+000
      vertex 5.000000e-001 5.000000e-001 1.760000e+000
      vertex 5.000000e-001 5.000000e-001 1.920000e+000
    endloop 
  endfacet
  facet normal 1.000000E+000 0.000000E+000 0.000000E+000
    outer loop 
      vertex 5.000000e-001 5.000000e-001 1.920000e+000
      vertex 5.000000e-001 3.185231e-001 2.010860e+000
      vertex 5.000000e-001 3.836614e-001 1.850375e+000
    endloop 
  endfacet
  facet normal 1.000000E+000 0.000000E+000 0.000000E+000
    outer loop 
      vertex 5.000000e-001 2.423070e-001 1.793388e+000
      vertex 5.000000e-001 3.836614e-001 1.850375e+000
      vertex 5.000000e-001 3.185231e-001 2.010860e+000
    endloop 
  endfacet
  facet normal 0.000000E+000 -1.000000E+000 0.000000E+000
    outer loop 
      vertex 5.000000e-001 -5.000000e-001 1.760000e+000
      vertex 5.000000e-001 -5.000000e-001 1.920000e+000
      vertex 3.848544e-001 -5.000000e-001 1.850649e+000
    endloop 
  endfacet
  facet normal 0.000000E+000 -1.000000E+000 0.000000E+000
    outer loop 
      vertex 5.000000e-001 -5.000000e-001 1.920000e+000
      vertex 3.213000e-001 -5.000000e-001 2.009030e+000
      vertex 3.848544e-001 -5.000000e-001 1.850649e+000
    endloop 
  endfacet
  facet normal 0.000000E+000 -1.000000E+000 0.000000E+000
    outer loop 
      vertex 3.213000e-001 -5.000000e-001 2.009030e+000
      vertex 2.464259e-001 -5.000000e-001 1.791224e+000
      vertex 3.848544e-001 -5.000000e-001 1.850649e+000
    endloop 
  endfacet
  facet normal 0.000000E+000 1.000000E+000 0.000000E+000
    outer loop 
      vertex -5.000000e-001 5.000000e-001 1.760000e+000
      vertex -3.593893e-001 5.000000e-001 1.865124e+000
      vertex -3.780933e-001 5.000000e-001 1.697378e+000
    endloop 
  endfacet
  facet normal 0.000000E+000 1.000000E+000 0.000000E+000
    outer loop 
      vertex -3.593893e-001 5.000000e-001 1.865124e+000
      vertex -2.351317e-001 5.000000e-001 1.785252e+000
      vertex -3.780933e-001 5.000000e-001 1.697378e+000
    endloop 
  endfacet
  facet normal 0.000000E+000 1.000000E+000 0.000000E+000
    outer loop 
      vertex -5.000000e-001 5.000000e-001 1.760000e+000
      vertex -5.000000e-001 5.000000e-001 1.920000e+000
      vertex -3.593893e-001 5.000000e-001 1.865124e+000
    endloop 
  endfacet
  facet normal 0.000000E+000 1.000000E+000 0.000000E+000
    outer loop 
      vertex -1.828837e-001 5.000000e-001 1.948253e+000
      vertex -2.351317e-001 5.000000e-001 1.785252e+000
      vertex -3.593893e-001 5.000000e-001 1.865124e+000
    endloop 
  endfacet
  facet normal -1.000000E+000 0.000000E+000 0.000000E+000
    outer loop 
      vertex -5.000000e-001 -3.712039e-001 1.699879e+000
      vertex -5.000000e-001 -5.000000e-001 1.760000e+000
      vertex -5.000000e-001 -3.693163e-001 1.863287e+000
    endloop 
  endfacet
  facet normal -1.000000E+000 0.000000E+000 0.000000E+000
    outer loop 
      vertex -5.000000e-001 -2.282880e-001 1.786853e+000
      vertex -5.000000e-001 -3.712039e-001 1.699879e+000
      vertex -5.000000e-001 -3.693163e-001 1.863287e+000
    endloop 
  endfacet
  facet normal -1.000000E+000 0.000000E+000 0.000000E+000
    outer loop 
      vertex -5.000000e-001 -5.000000e-001 1.920000e+000
      vertex -5.000000e-001 -3.693163e-001 1.863287e+000
      vertex -5.000000e-001 -5.000000e-001 1.760000e+000
    endloop 
  endfacet
  facet normal -1.000000E+000 0.000000E+000 0.000000E+000
    outer loop 
      vertex -5.000000e-001 -2.302133e-001 1.956750e+000
      vertex -5.000000e-001 -2.282880e-001 1.786853e+000
      vertex -5.000000e-001 -3.693163e-001 1.863287e+000
    endloop 
  endfacet
  facet normal -1.000000E+000 0.000000E+000 0.000000E+000
    outer loop 
      vertex -5.000000e-001 1.918411e-001 3.159360e+000
      vertex -5.000000e-001 4.272123e-002 3.212283e+000
      vertex -5.000000e-001 1.554463e-001 3.313646e+000
    endloop 
  endfacet
  facet normal -1.000000E+000 0.000000E+000 0.000000E+000
    outer loop 
      vertex -5.000000e-001 1.554463e-001 3.313646e+000
      vertex -5.000000e-001 4.272123e-002 3.212283e+000
      vertex -5.000000e-001 1.558972e-002 3.338505e+000
    endloop 
  endfacet
  facet normal -1.000000E+000 0.000000E+000 0.000000E+000
    outer loop 
      vertex -5.000000e-001 1.554463e-001 3.313646e+000
      vertex -5.000000e-001 2.246458e-001 3.442229e+000
      vertex -5.000000e-001 3.301527e-001 3.282884e+000
    endloop 
  endfacet
  facet normal -1.000000E+000 0.000000E+000 0.000000E+000
    outer loop 
      vertex -5.000000e-001 1.918411e-001 3.159360e+000
      vertex -5.000000e-001 1.554463e-001 3.313646e+000
      vertex -5.000000e-001 3.301527e-001 3.282884e+000
    endloop 
  endfacet
  facet normal 0.000000E+000 -1.000000E+000 0.000000E+000
    outer loop 
      vertex -2.061958e-001 -5.000000e-001 3.170683e+000
      vertex -4.757826e-002 -5.000000e-001 3.208914e+000
      vertex -1.628557e-001 -5.000000e-001 3.316606e+000
    endloop 
  endfacet
  facet normal 0.000000E+000 -1.000000E+000 0.000000E+000
    outer loop 
      vertex -1.628557e-001 -5.000000e-001 3.316606e+000
      vertex -4.757826e-002 -5.000000e-001 3.208914e+000
      vertex -3.585188e-002 -5.000000e-001 3.342697e+000
    endloop 
  endfacet
  facet normal 0.000000E+000 -1.000000E+000 0.000000E+000
    outer loop 
      vertex -1.628557e-001 -5.000000e-001 3.316606e+000
      vertex -2.579312e-001 -5.000000e-001 3.436047e+000
      vertex -3.370588e-001 -5.000000e-001 3.284660e+000
    endloop 
  endfacet
  facet normal 0.000000E+000 -1.000000E+000 0.000000E+000
    outer loop 
      vertex -1.628557e-001 -5.000000e-001 3.316606e+000
      vertex -3.370588e-001 -5.000000e-001 3.284660e+000
      vertex -2.061958e-001 -5.000000e-001 3.170683e+000
    endloop 
  endfacet
  facet normal 0.000000E+000 -1.000000E+000 0.000000E+000
    outer loop 
      vertex 1.693343e-001 -5.000000e-001 1.451906e+000
      vertex 1.916549e-003 -5.000000e-001 1.488233e+000
      vertex 7.587167e-002 -5.000000e-001 1.321702e+000
    endloop 
  endfacet
  facet normal 0.000000E+000 -1.000000E+000 0.000000E+000
    outer loop 
      vertex 7.587167e-002 -5.000000e-001 1.321702e+000
      vertex 2.257615e-001 -5.000000e-001 1.288539e+000
      vertex 1.693343e-001 -5.000000e-001 1.451906e+000
    endloop 
  endfacet
  facet normal -1.000000E+000 0.000000E+000 0.000000E+000
    outer loop 
      vertex -5.000000e-001 -4.779493e-002 2.544826e+000
      vertex -5.000000e-001 -2.138302e-001 2.552905e+000
      vertex -5.000000e-001 -1.277131e-001 2.689176e+000
    endloop 
  endfacet
  facet normal -1.000000E+000 0.000000E+000 0.000000E+000
    outer loop 
      vertex -5.000000e-001 -1.277131e-001 2.689176e+000
      vertex -5.000000e-001 5.780046e-002 2.670638e+000
      vertex -5.000000e-001 -4.779493e-002 2.544826e+000
    endloop 
  endfacet
  facet normal -1.000000E+000 0.000000E+000 0.000000E+000
    outer loop 
      vertex -5.000000e-001 -4.779493e-002 2.544826e+000
      vertex -5.000000e-001 5.780046e-002 2.670638e+000
      vertex -5.000000e-001 1.075139e-001 2.527977e+000
    endloop 
  endfacet
  facet normal -1.000000E+000 0.000000E+000 0.000000E+000
    outer loop 
      vertex -5.000000e-001 -4.779493e-002 2.544826e+000
      vertex -5.000000e-001 1.075139e-001 2.527977e+000
      vertex -5.000000e-001 1.788290e-002 2.384342e+000
    endloop 
  endfacet
  facet normal -1.000000E+000 0.000000E+000 0.000000E+000
    outer loop 
      vertex -5.000000e-001 1.025569e-001 2.194905e+000
      vertex -5.000000e-001 1.788290e-002 2.384342e+000
      vertex -5.000000e-001 1.701965e-001 2.360822e+000
    endloop 
  endfacet
  facet normal -1.000000E+000 0.000000E+000 0.000000E+000
    outer loop 
      vertex -5.000000e-001 1.788290e-002 2.384342e+000
      vertex -5.000000e-001 1.075139e-001 2.527977e+000
      vertex -5.000000e-001 1.701965e-001 2.360822e+000
    endloop 
  endfacet
  facet normal 0.000000E+000 -1.000000E+000 0.000000E+000
    outer loop 
      vertex -1.130004e-001 -5.000000e-001 2.467691e+000
      vertex 4.787361e-002 -5.000000e-001 2.492851e+000
      vertex -6.309718e-002 -5.000000e-001 2.619105e+000
    endloop 
  endfacet
  facet normal 0.000000E+000 -1.000000E+000 0.000000E+000
    outer loop 
      vertex 4.787361e-002 -5.000000e-001 2.492851e+000
      vertex 9.770915e-002 -5.000000e-001 2.654585e+000
      vertex -6.309718e-002 -5.000000e-001 2.619105e+000
    endloop 
  endfacet
  facet normal 0.000000E+000 -1.000000E+000 0.000000E+000
    outer loop 
      vertex -6.309718e-002 -5.000000e-001 2.619105e+000
      vertex 9.770915e-002 -5.000000e-001 2.654585e+000
      vertex -2.369206e-002 -5.000000e-001 2.788579e+000
    endloop 
  endfacet
  facet normal 0.000000E+000 -1.000000E+000 0.000000E+000
    outer loop 
      vertex -2.369206e-002 -5.000000e-001 2.788579e+000
      vertex -1.971156e-001 -5.000000e-001 2.712257e+000
      vertex -6.309718e-002 -5.000000e-001 2.619105e+000
    endloop 
  endfacet
  facet normal 0.000000E+000 -1.000000E+000 0.000000E+000
    outer loop 
      vertex -6.309718e-002 -5.000000e-001 2.619105e+000
      vertex -2.013670e-001 -5.000000e-001 2.581950e+000
      vertex -1.130004e-001 -5.000000e-001 2.467691e+000
    endloop 
  endfacet
  facet normal 0.000000E+000 -1.000000E+000 0.000000E+000
    outer loop 
      vertex -1.971156e-001 -5.000000e-001 2.712257e+000
      vertex -2.013670e-001 -5.000000e-001 2.581950e+000
      vertex -6.309718e-002 -5.000000e-001 2.619105e+000
    endloop 
  endfacet
  facet normal 0.000000E+000 -1.000000E+000 0.000000E+000
    outer loop 
      vertex 3.200118e-001 -5.000000e-001 2.354732e+000
      vertex 2.055031e-001 -5.000000e-001 2.514080e+000
      vertex 1.492748e-001 -5.000000e-001 2.346208e+000
    endloop 
  endfacet
  facet normal 0.000000E+000 -1.000000E+000 0.000000E+000
    outer loop 
      vertex 2.295850e-001 -5.000000e-001 2.179554e+000
      vertex 1.492748e-001 -5.000000e-001 2.346208e+000
      vertex 8.139662e-002 -5.000000e-001 2.171723e+000
    endloop 
  endfacet
  facet normal 0.000000E+000 -1.000000E+000 0.000000E+000
    outer loop 
      vertex 8.139662e-002 -5.000000e-001 2.171723e+000
      vertex 1.492748e-001 -5.000000e-001 2.346208e+000
      vertex -1.268139e-002 -5.000000e-001 2.327652e+000
    endloop 
  endfacet
  facet normal 0.000000E+000 -1.000000E+000 0.000000E+000
    outer loop 
      vertex 3.200118e-001 -5.000000e-001 2.354732e+000
      vertex 1.492748e-001 -5.000000e-001 2.346208e+000
      vertex 2.295850e-001 -5.000000e-001 2.179554e+000
    endloop 
  endfacet
  facet normal 0.000000E+000 -1.000000E+000 0.000000E+000
    outer loop 
      vertex 2.508482e-001 -5.000000e-001 2.673931e+000
      vertex 9.770915e-002 -5.000000e-001 2.654585e+000
      vertex 2.055031e-001 -5.000000e-001 2.514080e+000
    endloop 
  endfacet
  facet normal 0.000000E+000 1.000000E+000 0.000000E+000
    outer loop 
      vertex -5.000000e-001 5.000000e-001 2.400000e+000
      vertex -5.000000e-001 5.000000e-001 2.560000e+000
      vertex -3.527588e-001 5.000000e-001 2.493323e+000
    endloop 
  endfacet
  facet normal 0.000000E+000 1.000000E+000 0.000000E+000
    outer loop 
      vertex -3.225510e-001 5.000000e-001 2.348127e+000
      vertex -5.000000e-001 5.000000e-001 2.400000e+000
      vertex -3.527588e-001 5.000000e-001 2.493323e+000
    endloop 
  endfacet
  facet normal 0.000000E+000 1.000000E+000 0.000000E+000
    outer loop 
      vertex -2.582551e-001 5.000000e-001 2.725445e+000
      vertex -1.271909e-001 5.000000e-001 2.687973e+000
      vertex -2.383740e-001 5.000000e-001 2.586326e+000
    endloop 
  endfacet
  facet normal -1.000000E+000 0.000000E+000 0.000000E+000
    outer loop 
      vertex -5.000000e-001 -4.905241e-002 1.435744e+000
      vertex -5.000000e-001 7.133766e-002 1.346346e+000
      vertex -5.000000e-001 -1.103231e-001 1.294982e+000
    endloop 
  endfacet
  facet normal -1.000000E+000 0.000000E+000 0.000000E+000
    outer loop 
      vertex -5.000000e-001 -4.905241e-002 1.435744e+000
      vertex -5.000000e-001 -1.103231e-001 1.294982e+000
      vertex -5.000000e-001 -1.967076e-001 1.410322e+000
    endloop 
  endfacet
  facet normal 0.000000E+000 -1.000000E+000 0.000000E+000
    outer loop 
      vertex -3.892465e-001 -5.000000e-001 3.429782e+000
      vertex -5.000000e-001 -5.000000e-001 3.360000e+000
      vertex -3.370588e-001 -5.000000e-001 3.284660e+000
    endloop 
  endfacet
  facet normal 0.000000E+000 -1.000000E+000 0.000000E+000
    outer loop 
      vertex -2.579312e-001 -5.000000e-001 3.436047e+000
      vertex -3.892465e-001 -5.000000e-001 3.429782e+000
      vertex -3.370588e-001 -5.000000e-001 3.284660e+000
    endloop 
  endfacet
  facet normal 0.000000E+000 -1.000000E+000 0.000000E+000
    outer loop 
      vertex -5.000000e-001 -5.000000e-001 3.520000e+000
      vertex -3.892465e-001 -5.000000e-001 3.429782e+000
      vertex -3.611074e-001 -5.000000e-001 3.564930e+000
    endloop 
  endfacet
  facet normal 0.000000E+000 -1.000000E+000 0.000000E+000
    outer loop 
      vertex -2.579312e-001 -5.000000e-001 3.436047e+000
      vertex -3.611074e-001 -5.000000e-001 3.564930e+000
      vertex -3.892465e-001 -5.000000e-001 3.429782e+000
    endloop 
  endfacet
  facet normal 0.000000E+000 -1.000000E+000 0.000000E+000
    outer loop 
      vertex -3.892465e-001 -5.000000e-001 3.429782e+000
      vertex -5.000000e-001 -5.000000e-001 3.520000e+000
      vertex -5.000000e-001 -5.000000e-001 3.360000e+000
    endloop 
  endfacet
  facet normal 0.000000E+000 -1.000000E+000 0.000000E+000
    outer loop 
      vertex -3.584405e-001 -5.000000e-001 6.189784e-001
      vertex -5.000000e-001 -5.000000e-001 4.800000e-001
      vertex -3.061087e-001 -5.000000e-001 4.875196e-001
    endloop 
  endfacet
  facet normal 0.000000E+000 -1.000000E+000 0.000000E+000
    outer loop 
      vertex -1.860428e-001 -5.000000e-001 5.874983e-001
      vertex -3.584405e-001 -5.000000e-001 6.189784e-001
      vertex -3.061087e-001 -5.000000e-001 4.875196e-001
    endloop 
  endfacet
  facet normal 0.000000E+000 -1.000000E+000 0.000000E+000
    outer loop 
      vertex -3.584405e-001 -5.000000e-001 6.189784e-001
      vertex -2.438828e-001 -5.000000e-001 7.167296e-001
      vertex -3.694400e-001 -5.000000e-001 8.019656e-001
    endloop 
  endfacet
  facet normal 0.000000E+000 -1.000000E+000 0.000000E+000
    outer loop 
      vertex -3.694400e-001 -5.000000e-001 8.019656e-001
      vertex -5.000000e-001 -5.000000e-001 6.400000e-001
      vertex -3.584405e-001 -5.000000e-001 6.189784e-001
    endloop 
  endfacet
  facet normal 0.000000E+000 -1.000000E+000 0.000000E+000
    outer loop 
      vertex -3.584405e-001 -5.000000e-001 6.189784e-001
      vertex -1.860428e-001 -5.000000e-001 5.874983e-001
      vertex -2.438828e-001 -5.000000e-001 7.167296e-001
    endloop 
  endfacet
  facet normal 0.000000E+000 -1.000000E+000 0.000000E+000
    outer loop 
      vertex -3.584405e-001 -5.000000e-001 6.189784e-001
      vertex -5.000000e-001 -5.000000e-001 6.400000e-001
      vertex -5.000000e-001 -5.000000e-001 4.800000e-001
    endloop 
  endfacet
  facet normal 1.000000E+000 0.000000E+000 0.000000E+000
    outer loop 
      vertex 5.000000e-001 1.423867e-001 1.615298e+000
      vertex 5.000000e-001 7.679173e-002 1.428503e+000
      vertex 5.000000e-001 2.376485e-001 1.468647e+000
    endloop 
  endfacet
  facet normal 1.000000E+000 0.000000E+000 0.000000E+000
    outer loop 
      vertex 5.000000e-001 2.376485e-001 1.468647e+000
      vertex 5.000000e-001 2.760271e-001 1.617692e+000
      vertex 5.000000e-001 1.423867e-001 1.615298e+000
    endloop 
  endfacet
  facet normal 1.000000E+000 0.000000E+000 0.000000E+000
    outer loop 
      vertex 5.000000e-001 7.679173e-002 1.428503e+000
      vertex 5.000000e-001 1.423867e-001 1.615298e+000
      vertex 5.000000e-001 -2.970028e-002 1.594841e+000
    endloop 
  endfacet
  facet normal 1.000000E+000 0.000000E+000 0.000000E+000
    outer loop 
      vertex 5.000000e-001 2.423070e-001 1.793388e+000
      vertex 5.000000e-001 6.598508e-002 1.782169e+000
      vertex 5.000000e-001 1.423867e-001 1.615298e+000
    endloop 
  endfacet
  facet normal 1.000000E+000 0.000000E+000 0.000000E+000
    outer loop 
      vertex 5.000000e-001 -2.970028e-002 1.594841e+000
      vertex 5.000000e-001 1.423867e-001 1.615298e+000
      vertex 5.000000e-001 6.598508e-002 1.782169e+000
    endloop 
  endfacet
  facet normal 1.000000E+000 0.000000E+000 0.000000E+000
    outer loop 
      vertex 5.000000e-001 2.423070e-001 1.793388e+000
      vertex 5.000000e-001 1.423867e-001 1.615298e+000
      vertex 5.000000e-001 2.760271e-001 1.617692e+000
    endloop 
  endfacet
  facet normal 1.000000E+000 0.000000E+000 0.000000E+000
    outer loop 
      vertex 5.000000e-001 7.679173e-002 1.428503e+000
      vertex 5.000000e-001 2.021313e-001 1.291369e+000
      vertex 5.000000e-001 2.376485e-001 1.468647e+000
    endloop 
  endfacet
  facet normal -1.000000E+000 0.000000E+000 0.000000E+000
    outer loop 
      vertex -5.000000e-001 3.183180e-001 3.601082e+000
      vertex -5.000000e-001 5.000000e-001 3.520000e+000
      vertex -5.000000e-001 3.754819e-001 3.440147e+000
    endloop 
  endfacet
  facet normal -1.000000E+000 0.000000E+000 0.000000E+000
    outer loop 
      vertex -5.000000e-001 3.183180e-001 3.601082e+000
      vertex -5.000000e-001 3.754819e-001 3.440147e+000
      vertex -5.000000e-001 2.246458e-001 3.442229e+000
    endloop 
  endfacet
  facet normal -1.000000E+000 0.000000E+000 0.000000E+000
    outer loop 
      vertex -5.000000e-001 5.000000e-001 3.680000e+000
      vertex -5.000000e-001 3.183180e-001 3.601082e+000
      vertex -5.000000e-001 3.032207e-001 3.812457e+000
    endloop 
  endfacet
  facet normal -1.000000E+000 0.000000E+000 0.000000E+000
    outer loop 
      vertex -5.000000e-001 1.793645e-001 3.706921e+000
      vertex -5.000000e-001 3.032207e-001 3.812457e+000
      vertex -5.000000e-001 3.183180e-001 3.601082e+000
    endloop 
  endfacet
  facet normal -1.000000E+000 0.000000E+000 0.000000E+000
    outer loop 
      vertex -5.000000e-001 1.190617e-001 3.576149e+000
      vertex -5.000000e-001 3.183180e-001 3.601082e+000
      vertex -5.000000e-001 2.246458e-001 3.442229e+000
    endloop 
  endfacet
  facet normal -1.000000E+000 0.000000E+000 0.000000E+000
    outer loop 
      vertex -5.000000e-001 1.190617e-001 3.576149e+000
      vertex -5.000000e-001 1.793645e-001 3.706921e+000
      vertex -5.000000e-001 3.183180e-001 3.601082e+000
    endloop 
  endfacet
  facet normal -1.000000E+000 0.000000E+000 0.000000E+000
    outer loop 
      vertex -5.000000e-001 5.000000e-001 3.520000e+000
      vertex -5.000000e-001 3.183180e-001 3.601082e+000
      vertex -5.000000e-001 5.000000e-001 3.680000e+000
    endloop 
  endfacet
  facet normal 0.000000E+000 1.000000E+000 0.000000E+000
    outer loop 
      vertex 3.775077e-001 5.000000e-001 1.344905e-001
      vertex 2.278994e-001 5.000000e-001 1.413472e-001
      vertex 2.899383e-001 5.000000e-001 2.758581e-001
    endloop 
  endfacet
  facet normal 0.000000E+000 1.000000E+000 0.000000E+000
    outer loop 
      vertex 3.775077e-001 5.000000e-001 1.344905e-001
      vertex 3.333333e-001 5.000000e-001 0.000000e+000
      vertex 2.278994e-001 5.000000e-001 1.413472e-001
    endloop 
  endfacet
  facet normal 0.000000E+000 1.000000E+000 0.000000E+000
    outer loop 
      vertex 5.000000e-001 5.000000e-001 0.000000e+000
      vertex 3.333333e-001 5.000000e-001 0.000000e+000
      vertex 3.775077e-001 5.000000e-001 1.344905e-001
    endloop 
  endfacet
  facet normal 0.000000E+000 1.000000E+000 0.000000E+000
    outer loop 
      vertex 3.775077e-001 5.000000e-001 1.344905e-001
      vertex 2.899383e-001 5.000000e-001 2.758581e-001
      vertex 4.075137e-001 5.000000e-001 2.628427e-001
    endloop 
  endfacet
  facet normal 0.000000E+000 1.000000E+000 0.000000E+000
    outer loop 
      vertex 3.775077e-001 5.000000e-001 1.344905e-001
      vertex 4.075137e-001 5.000000e-001 2.628427e-001
      vertex 5.000000e-001 5.000000e-001 1.600000e-001
    endloop 
  endfacet
  facet normal 0.000000E+000 1.000000E+000 0.000000E+000
    outer loop 
      vertex 5.000000e-001 5.000000e-001 1.600000e-001
      vertex 5.000000e-001 5.000000e-001 0.000000e+000
      vertex 3.775077e-001 5.000000e-001 1.344905e-001
    endloop 
  endfacet
  facet normal -1.000000E+000 0.000000E+000 0.000000E+000
    outer loop 
      vertex -5.000000e-001 5.000000e-001 3.360000e+000
      vertex -5.000000e-001 3.301527e-001 3.282884e+000
      vertex -5.000000e-001 3.754819e-001 3.440147e+000
    endloop 
  endfacet
  facet normal -1.000000E+000 0.000000E+000 0.000000E+000
    outer loop 
      vertex -5.000000e-001 3.301527e-001 3.282884e+000
      vertex -5.000000e-001 2.246458e-001 3.442229e+000
      vertex -5.000000e-001 3.754819e-001 3.440147e+000
    endloop 
  endfacet
  facet normal -1.000000E+000 0.000000E+000 0.000000E+000
    outer loop 
      vertex -5.000000e-001 5.000000e-001 3.360000e+000
      vertex -5.000000e-001 3.754819e-001 3.440147e+000
      vertex -5.000000e-001 5.000000e-001 3.520000e+000
    endloop 
  endfacet
  facet normal 0.000000E+000 -1.000000E+000 0.000000E+000
    outer loop 
      vertex -3.061087e-001 -5.000000e-001 4.875196e-001
      vertex -3.372363e-001 -5.000000e-001 3.414758e-001
      vertex -1.438490e-001 -5.000000e-001 4.085986e-001
    endloop 
  endfacet
  facet normal 0.000000E+000 -1.000000E+000 0.000000E+000
    outer loop 
      vertex -3.372363e-001 -5.000000e-001 3.414758e-001
      vertex -3.061087e-001 -5.000000e-001 4.875196e-001
      vertex -5.000000e-001 -5.000000e-001 4.800000e-001
    endloop 
  endfacet
  facet normal 0.000000E+000 -1.000000E+000 0.000000E+000
    outer loop 
      vertex -1.438490e-001 -5.000000e-001 4.085986e-001
      vertex -1.860428e-001 -5.000000e-001 5.874983e-001
      vertex -3.061087e-001 -5.000000e-001 4.875196e-001
    endloop 
  endfacet
  facet normal 1.000000E+000 0.000000E+000 0.000000E+000
    outer loop 
      vertex 5.000000e-001 -9.448769e-002 3.302737e+000
      vertex 5.000000e-001 -8.063591e-002 3.492407e+000
      vertex 5.000000e-001 -2.295877e-001 3.391695e+000
    endloop 
  endfacet
  facet normal 1.000000E+000 0.000000E+000 0.000000E+000
    outer loop 
      vertex 5.000000e-001 -9.448769e-002 3.302737e+000
      vertex 5.000000e-001 3.046269e-002 3.392289e+000
      vertex 5.000000e-001 -8.063591e-002 3.492407e+000
    endloop 
  endfacet
  facet normal 1.000000E+000 0.000000E+000 0.000000E+000
    outer loop 
      vertex 5.000000e-001 -2.266618e-001 3.205284e+000
      vertex 5.000000e-001 -9.448769e-002 3.302737e+000
      vertex 5.000000e-001 -2.295877e-001 3.391695e+000
    endloop 
  endfacet
  facet normal -1.000000E+000 0.000000E+000 0.000000E+000
    outer loop 
      vertex -5.000000e-001 2.281912e-001 1.076676e-001
      vertex -5.000000e-001 3.632470e-001 1.639991e-001
      vertex -5.000000e-001 3.333333e-001 0.000000e+000
    endloop 
  endfacet
  facet normal -1.000000E+000 0.000000E+000 0.000000E+000
    outer loop 
      vertex -5.000000e-001 3.632470e-001 1.639991e-001
      vertex -5.000000e-001 5.000000e-001 3.200000e-001
      vertex -5.000000e-001 5.000000e-001 1.600000e-001
    endloop 
  endfacet
  facet normal -1.000000E+000 0.000000E+000 0.000000E+000
    outer loop 
      vertex -5.000000e-001 3.632470e-001 1.639991e-001
      vertex -5.000000e-001 5.000000e-001 1.600000e-001
      vertex -5.000000e-001 5.000000e-001 0.000000e+000
    endloop 
  endfacet
  facet normal -1.000000E+000 0.000000E+000 0.000000E+000
    outer loop 
      vertex -5.000000e-001 3.632470e-001 1.639991e-001
      vertex -5.000000e-001 5.000000e-001 0.000000e+000
      vertex -5.000000e-001 3.333333e-001 0.000000e+000
    endloop 
  endfacet
  facet normal 1.000000E+000 0.000000E+000 0.000000E+000
    outer loop 
      vertex 5.000000e-001 -5.000000e-001 3.200000e-001
      vertex 5.000000e-001 -3.728771e-001 2.283578e-001
      vertex 5.000000e-001 -3.104545e-001 3.554365e-001
    endloop 
  endfacet
  facet normal 1.000000E+000 0.000000E+000 0.000000E+000
    outer loop 
      vertex 5.000000e-001 -3.728771e-001 2.283578e-001
      vertex 5.000000e-001 -5.000000e-001 1.600000e-001
      vertex 5.000000e-001 -3.368102e-001 1.032894e-001
    endloop 
  endfacet
  facet normal 1.000000E+000 0.000000E+000 0.000000E+000
    outer loop 
      vertex 5.000000e-001 -5.000000e-001 3.200000e-001
      vertex 5.000000e-001 -5.000000e-001 1.600000e-001
      vertex 5.000000e-001 -3.728771e-001 2.283578e-001
    endloop 
  endfacet
  facet normal 0.000000E+000 -1.000000E+000 0.000000E+000
    outer loop 
      vertex 5.000000e-001 -5.000000e-001 3.680000e+000
      vertex 3.732202e-001 -5.000000e-001 3.831704e+000
      vertex 3.786160e-001 -5.000000e-001 3.634787e+000
    endloop 
  endfacet
  facet normal 0.000000E+000 -1.000000E+000 0.000000E+000
    outer loop 
      vertex 3.786160e-001 -5.000000e-001 3.634787e+000
      vertex 3.732202e-001 -5.000000e-001 3.831704e+000
      vertex 2.742150e-001 -5.000000e-001 3.722374e+000
    endloop 
  endfacet
  facet normal 0.000000E+000 -1.000000E+000 0.000000E+000
    outer loop 
      vertex 2.207905e-001 -5.000000e-001 3.859770e+000
      vertex 3.732202e-001 -5.000000e-001 3.831704e+000
      vertex 3.333333e-001 -5.000000e-001 4.000000e+000
    endloop 
  endfacet
  facet normal 0.000000E+000 -1.000000E+000 0.000000E+000
    outer loop 
      vertex 2.742150e-001 -5.000000e-001 3.722374e+000
      vertex 3.732202e-001 -5.000000e-001 3.831704e+000
      vertex 2.207905e-001 -5.000000e-001 3.859770e+000
    endloop 
  endfacet
  facet normal 0.000000E+000 -1.000000E+000 0.000000E+000
    outer loop 
      vertex 3.333333e-001 -5.000000e-001 4.000000e+000
      vertex 3.732202e-001 -5.000000e-001 3.831704e+000
      vertex 5.000000e-001 -5.000000e-001 4.000000e+000
    endloop 
  endfacet
  facet normal 0.000000E+000 -1.000000E+000 0.000000E+000
    outer loop 
      vertex 5.000000e-001 -5.000000e-001 3.840000e+000
      vertex 3.732202e-001 -5.000000e-001 3.831704e+000
      vertex 5.000000e-001 -5.000000e-001 3.680000e+000
    endloop 
  endfacet
  facet normal 0.000000E+000 -1.000000E+000 0.000000E+000
    outer loop 
      vertex 3.732202e-001 -5.000000e-001 3.831704e+000
      vertex 5.000000e-001 -5.000000e-001 3.840000e+000
      vertex 5.000000e-001 -5.000000e-001 4.000000e+000
    endloop 
  endfacet
  facet normal -1.000000E+000 0.000000E+000 0.000000E+000
    outer loop 
      vertex -5.000000e-001 -5.000000e-001 3.840000e+000
      vertex -5.000000e-001 -3.961944e-001 3.741765e+000
      vertex -5.000000e-001 -5.000000e-001 3.680000e+000
    endloop 
  endfacet
  facet normal 0.000000E+000 -1.000000E+000 0.000000E+000
    outer loop 
      vertex 1.666667e-001 -5.000000e-001 0.000000e+000
      vertex 3.276099e-001 -5.000000e-001 1.073086e-001
      vertex 1.356677e-001 -5.000000e-001 1.484106e-001
    endloop 
  endfacet
  facet normal 0.000000E+000 -1.000000E+000 0.000000E+000
    outer loop 
      vertex 3.333333e-001 -5.000000e-001 0.000000e+000
      vertex 3.276099e-001 -5.000000e-001 1.073086e-001
      vertex 1.666667e-001 -5.000000e-001 0.000000e+000
    endloop 
  endfacet
  facet normal 0.000000E+000 -1.000000E+000 0.000000E+000
    outer loop 
      vertex 3.333333e-001 -5.000000e-001 0.000000e+000
      vertex 5.000000e-001 -5.000000e-001 0.000000e+000
      vertex 3.276099e-001 -5.000000e-001 1.073086e-001
    endloop 
  endfacet
  facet normal 0.000000E+000 -1.000000E+000 0.000000E+000
    outer loop 
      vertex 5.000000e-001 -5.000000e-001 0.000000e+000
      vertex 5.000000e-001 -5.000000e-001 1.600000e-001
      vertex 3.276099e-001 -5.000000e-001 1.073086e-001
    endloop 
  endfacet
  facet normal 0.000000E+000 1.000000E+000 0.000000E+000
    outer loop 
      vertex -3.313745e-001 5.000000e-001 1.029326e-001
      vertex -1.421424e-001 5.000000e-001 1.641926e-001
      vertex -1.666667e-001 5.000000e-001 0.000000e+000
    endloop 
  endfacet
  facet normal 0.000000E+000 1.000000E+000 0.000000E+000
    outer loop 
      vertex -3.333333e-001 5.000000e-001 0.000000e+000
      vertex -3.313745e-001 5.000000e-001 1.029326e-001
      vertex -1.666667e-001 5.000000e-001 0.000000e+000
    endloop 
  endfacet
  facet normal 0.000000E+000 1.000000E+000 0.000000E+000
    outer loop 
      vertex -5.000000e-001 5.000000e-001 0.000000e+000
      vertex -3.313745e-001 5.000000e-001 1.029326e-001
      vertex -3.333333e-001 5.000000e-001 0.000000e+000
    endloop 
  endfacet
  facet normal 0.000000E+000 1.000000E+000 0.000000E+000
    outer loop 
      vertex -3.313745e-001 5.000000e-001 1.029326e-001
      vertex -5.000000e-001 5.000000e-001 0.000000e+000
      vertex -5.000000e-001 5.000000e-001 1.600000e-001
    endloop 
  endfacet
  facet normal 0.000000E+000 1.000000E+000 0.000000E+000
    outer loop 
      vertex 1.666667e-001 5.000000e-001 4.000000e+000
      vertex 3.221346e-001 5.000000e-001 3.877407e+000
      vertex 1.110518e-001 5.000000e-001 3.844901e+000
    endloop 
  endfacet
  facet normal 0.000000E+000 1.000000E+000 0.000000E+000
    outer loop 
      vertex 2.222128e-001 5.000000e-001 3.714385e+000
      vertex 1.110518e-001 5.000000e-001 3.844901e+000
      vertex 3.221346e-001 5.000000e-001 3.877407e+000
    endloop 
  endfacet
  facet normal 0.000000E+000 1.000000E+000 0.000000E+000
    outer loop 
      vertex 3.333333e-001 5.000000e-001 4.000000e+000
      vertex 3.221346e-001 5.000000e-001 3.877407e+000
      vertex 1.666667e-001 5.000000e-001 4.000000e+000
    endloop 
  endfacet
  facet normal 0.000000E+000 1.000000E+000 0.000000E+000
    outer loop 
      vertex 5.000000e-001 5.000000e-001 4.000000e+000
      vertex 3.221346e-001 5.000000e-001 3.877407e+000
      vertex 3.333333e-001 5.000000e-001 4.000000e+000
    endloop 
  endfacet
  facet normal 0.000000E+000 1.000000E+000 0.000000E+000
    outer loop 
      vertex 5.000000e-001 5.000000e-001 3.840000e+000
      vertex 3.221346e-001 5.000000e-001 3.877407e+000
      vertex 5.000000e-001 5.000000e-001 4.000000e+000
    endloop 
  endfacet
  facet normal -1.000000E+000 0.000000E+000 0.000000E+000
    outer loop 
      vertex -5.000000e-001 1.992739e-001 2.479624e-001
      vertex -5.000000e-001 3.474160e-001 3.542386e-001
      vertex -5.000000e-001 3.632470e-001 1.639991e-001
    endloop 
  endfacet
  facet normal -1.000000E+000 0.000000E+000 0.000000E+000
    outer loop 
      vertex -5.000000e-001 3.474160e-001 3.542386e-001
      vertex -5.000000e-001 1.992739e-001 2.479624e-001
      vertex -5.000000e-001 1.647397e-001 4.114171e-001
    endloop 
  endfacet
  facet normal -1.000000E+000 0.000000E+000 0.000000E+000
    outer loop 
      vertex -5.000000e-001 3.632470e-001 1.639991e-001
      vertex -5.000000e-001 2.281912e-001 1.076676e-001
      vertex -5.000000e-001 1.992739e-001 2.479624e-001
    endloop 
  endfacet
  facet normal -1.000000E+000 0.000000E+000 0.000000E+000
    outer loop 
      vertex -5.000000e-001 2.281912e-001 1.076676e-001
      vertex -5.000000e-001 6.875802e-002 1.374267e-001
      vertex -5.000000e-001 1.992739e-001 2.479624e-001
    endloop 
  endfacet
  facet normal 0.000000E+000 -1.000000E+000 0.000000E+000
    outer loop 
      vertex 1.939099e-001 -5.000000e-001 4.031291e-001
      vertex 3.617059e-001 -5.000000e-001 4.094665e-001
      vertex 2.771990e-001 -5.000000e-001 5.354977e-001
    endloop 
  endfacet
  facet normal 0.000000E+000 -1.000000E+000 0.000000E+000
    outer loop 
      vertex 1.939099e-001 -5.000000e-001 4.031291e-001
      vertex 2.499418e-002 -5.000000e-001 4.154605e-001
      vertex 1.170084e-001 -5.000000e-001 2.930182e-001
    endloop 
  endfacet
  facet normal 0.000000E+000 0.000000E+000 1.000000E+000
    outer loop 
      vertex -3.716794e-001 3.790300e-001 4.000000e+000
      vertex -5.000000e-001 3.333333e-001 4.000000e+000
      vertex -3.939168e-001 2.532848e-001 4.000000e+000
    endloop 
  endfacet
  facet normal 0.000000E+000 0.000000E+000 1.000000E+000
    outer loop 
      vertex -2.755542e-001 2.633083e-001 4.000000e+000
      vertex -3.716794e-001 3.790300e-001 4.000000e+000
      vertex -3.939168e-001 2.532848e-001 4.000000e+000
    endloop 
  endfacet
  facet normal 0.000000E+000 0.000000E+000 1.000000E+000
    outer loop 
      vertex -5.000000e-001 5.000000e-001 4.000000e+000
      vertex -3.716794e-001 3.790300e-001 4.000000e+000
      vertex -3.333333e-001 5.000000e-001 4.000000e+000
    endloop 
  endfacet
  facet normal 0.000000E+000 0.000000E+000 1.000000E+000
    outer loop 
      vertex -5.000000e-001 3.333333e-001 4.000000e+000
      vertex -3.716794e-001 3.790300e-001 4.000000e+000
      vertex -5.000000e-001 5.000000e-001 4.000000e+000
    endloop 
  endfacet
  facet normal 1.000000E+000 0.000000E+000 0.000000E+000
    outer loop 
      vertex 5.000000e-001 -3.694027e-001 3.122480e+000
      vertex 5.000000e-001 -2.380156e-001 3.022142e+000
      vertex 5.000000e-001 -2.266618e-001 3.205284e+000
    endloop 
  endfacet
  facet normal 1.000000E+000 0.000000E+000 0.000000E+000
    outer loop 
      vertex 5.000000e-001 -2.380156e-001 3.022142e+000
      vertex 5.000000e-001 -2.465670e-001 2.850898e+000
      vertex 5.000000e-001 -1.216744e-001 2.919787e+000
    endloop 
  endfacet
  facet normal -1.000000E+000 0.000000E+000 0.000000E+000
    outer loop 
      vertex -5.000000e-001 -1.666667e-001 4.000000e+000
      vertex -5.000000e-001 -6.347647e-002 3.854786e+000
      vertex -5.000000e-001 -2.143424e-001 3.858492e+000
    endloop 
  endfacet
  facet normal -1.000000E+000 0.000000E+000 0.000000E+000
    outer loop 
      vertex -5.000000e-001 -1.666667e-001 4.000000e+000
      vertex -5.000000e-001 -2.143424e-001 3.858492e+000
      vertex -5.000000e-001 -3.333333e-001 4.000000e+000
    endloop 
  endfacet
  facet normal 1.000000E+000 0.000000E+000 0.000000E+000
    outer loop 
      vertex 5.000000e-001 -3.693989e-001 3.621819e+000
      vertex 5.000000e-001 -3.836498e-001 3.756203e+000
      vertex 5.000000e-001 -5.000000e-001 3.680000e+000
    endloop 
  endfacet
  facet normal 1.000000E+000 0.000000E+000 0.000000E+000
    outer loop 
      vertex 5.000000e-001 -3.836498e-001 3.756203e+000
      vertex 5.000000e-001 -5.000000e-001 3.840000e+000
      vertex 5.000000e-001 -5.000000e-001 3.680000e+000
    endloop 
  endfacet
  facet normal 0.000000E+000 0.000000E+000 1.000000E+000
    outer loop 
      vertex 3.657398e-001 -7.707355e-002 4.000000e+000
      vertex 3.719009e-001 1.028321e-001 4.000000e+000
      vertex 2.374126e-001 4.549384e-002 4.000000e+000
    endloop 
  endfacet
  facet normal 0.000000E+000 0.000000E+000 1.000000E+000
    outer loop 
      vertex 5.000000e-001 0.000000e+000 4.000000e+000
      vertex 3.719009e-001 1.028321e-001 4.000000e+000
      vertex 3.657398e-001 -7.707355e-002 4.000000e+000
    endloop 
  endfacet
  facet normal 0.000000E+000 0.000000E+000 1.000000E+000
    outer loop 
      vertex 5.000000e-001 0.000000e+000 4.000000e+000
      vertex 5.000000e-001 1.666667e-001 4.000000e+000
      vertex 3.719009e-001 1.028321e-001 4.000000e+000
    endloop 
  endfacet
  facet normal 0.000000E+000 0.000000E+000 1.000000E+000
    outer loop 
      vertex 2.330940e-001 2.108920e-001 4.000000e+000
      vertex 2.374126e-001 4.549384e-002 4.000000e+000
      vertex 3.719009e-001 1.028321e-001 4.000000e+000
    endloop 
  endfacet
  facet normal 0.000000E+000 0.000000E+000 1.000000E+000
    outer loop 
      vertex 3.333333e-001 5.000000e-001 4.000000e+000
      vertex 1.666667e-001 5.000000e-001 4.000000e+000
      vertex 2.534643e-001 3.702911e-001 4.000000e+000
    endloop 
  endfacet
  facet normal 0.000000E+000 0.000000E+000 -1.000000E+000
    outer loop 
      vertex -3.333333e-001 5.000000e-001 0.000000e+000
      vertex -1.666667e-001 5.000000e-001 0.000000e+000
      vertex -2.453599e-001 3.902999e-001 0.000000e+000
    endloop 
  endfacet
  facet normal 0.000000E+000 0.000000E+000 1.000000E+000
    outer loop 
      vertex -1.393436e-001 -6.038212e-002 4.000000e+000
      vertex -2.668054e-001 2.690167e-002 4.000000e+000
      vertex -3.141154e-001 -1.103915e-001 4.000000e+000
    endloop 
  endfacet
  facet normal 0.000000E+000 0.000000E+000 1.000000E+000
    outer loop 
      vertex -3.200606e-001 -2.570230e-001 4.000000e+000
      vertex -3.141154e-001 -1.103915e-001 4.000000e+000
      vertex -5.000000e-001 -1.666667e-001 4.000000e+000
    endloop 
  endfacet
  facet normal 0.000000E+000 0.000000E+000 1.000000E+000
    outer loop 
      vertex -5.000000e-001 0.000000e+000 4.000000e+000
      vertex -5.000000e-001 -1.666667e-001 4.000000e+000
      vertex -3.141154e-001 -1.103915e-001 4.000000e+000
    endloop 
  endfacet
  facet normal 0.000000E+000 0.000000E+000 1.000000E+000
    outer loop 
      vertex -5.000000e-001 0.000000e+000 4.000000e+000
      vertex -3.141154e-001 -1.103915e-001 4.000000e+000
      vertex -2.668054e-001 2.690167e-002 4.000000e+000
    endloop 
  endfacet
  facet normal 0.000000E+000 0.000000E+000 1.000000E+000
    outer loop 
      vertex -6.729539e-002 3.741031e-001 4.000000e+000
      vertex 0.000000e+000 5.000000e-001 4.000000e+000
      vertex -1.666667e-001 5.000000e-001 4.000000e+000
    endloop 
  endfacet
  facet normal 0.000000E+000 0.000000E+000 -1.000000E+000
    outer loop 
      vertex 3.739951e-001 3.607144e-001 0.000000e+000
      vertex 2.542583e-001 3.949247e-001 0.000000e+000
      vertex 3.333333e-001 5.000000e-001 0.000000e+000
    endloop 
  endfacet
  facet normal 0.000000E+000 0.000000E+000 -1.000000E+000
    outer loop 
      vertex 2.514211e-001 2.763562e-001 0.000000e+000
      vertex 2.542583e-001 3.949247e-001 0.000000e+000
      vertex 3.739951e-001 3.607144e-001 0.000000e+000
    endloop 
  endfacet
  facet normal 0.000000E+000 0.000000E+000 -1.000000E+000
    outer loop 
      vertex 5.000000e-001 3.333333e-001 0.000000e+000
      vertex 3.775123e-001 2.188884e-001 0.000000e+000
      vertex 3.739951e-001 3.607144e-001 0.000000e+000
    endloop 
  endfacet
  facet normal 0.000000E+000 0.000000E+000 -1.000000E+000
    outer loop 
      vertex 3.775123e-001 2.188884e-001 0.000000e+000
      vertex 2.514211e-001 2.763562e-001 0.000000e+000
      vertex 3.739951e-001 3.607144e-001 0.000000e+000
    endloop 
  endfacet
  facet normal 0.000000E+000 0.000000E+000 -1.000000E+000
    outer loop 
      vertex 3.739951e-001 3.607144e-001 0.000000e+000
      vertex 3.333333e-001 5.000000e-001 0.000000e+000
      vertex 5.000000e-001 5.000000e-001 0.000000e+000
    endloop 
  endfacet
  facet normal 0.000000E+000 0.000000E+000 -1.000000E+000
    outer loop 
      vertex 5.000000e-001 3.333333e-001 0.000000e+000
      vertex 3.739951e-001 3.607144e-001 0.000000e+000
      vertex 5.000000e-001 5.000000e-001 0.000000e+000
    endloop 
  endfacet
  facet normal 0.000000E+000 0.000000E+000 -1.000000E+000
    outer loop 
      vertex -3.766828e-001 6.072977e-002 0.000000e+000
      vertex -2.533354e-001 -3.212956e-002 0.000000e+000
      vertex -3.789835e-001 -8.326499e-002 0.000000e+000
    endloop 
  endfacet
  facet normal 0.000000E+000 0.000000E+000 -1.000000E+000
    outer loop 
      vertex -3.766828e-001 6.072977e-002 0.000000e+000
      vertex -3.789835e-001 -8.326499e-002 0.000000e+000
      vertex -5.000000e-001 0.000000e+000 0.000000e+000
    endloop 
  endfacet
  facet normal 0.000000E+000 0.000000E+000 -1.000000E+000
    outer loop 
      vertex -3.766828e-001 6.072977e-002 0.000000e+000
      vertex -5.000000e-001 0.000000e+000 0.000000e+000
      vertex -5.000000e-001 1.666667e-001 0.000000e+000
    endloop 
  endfacet
  facet normal 0.000000E+000 0.000000E+000 -1.000000E+000
    outer loop 
      vertex -1.666667e-001 -5.000000e-001 0.000000e+000
      vertex -6.641074e-002 -3.674450e-001 0.000000e+000
      vertex 0.000000e+000 -5.000000e-001 0.000000e+000
    endloop 
  endfacet
  facet normal 0.000000E+000 0.000000E+000 -1.000000E+000
    outer loop 
      vertex 1.666667e-001 5.000000e-001 0.000000e+000
      vertex 1.274870e-001 3.588903e-001 0.000000e+000
      vertex 0.000000e+000 5.000000e-001 0.000000e+000
    endloop 
  endfacet
  facet normal 0.000000E+000 0.000000E+000 -1.000000E+000
    outer loop 
      vertex 5.137601e-003 2.877174e-001 0.000000e+000
      vertex 0.000000e+000 5.000000e-001 0.000000e+000
      vertex 1.274870e-001 3.588903e-001 0.000000e+000
    endloop 
  endfacet
  facet normal 0.000000E+000 0.000000E+000 -1.000000E+000
    outer loop 
      vertex 5.000000e-001 0.000000e+000 0.000000e+000
      vertex 3.779213e-001 8.281100e-002 0.000000e+000
      vertex 5.000000e-001 1.666667e-001 0.000000e+000
    endloop 
  endfacet
  facet normal 0.000000E+000 0.000000E+000 -1.000000E+000
    outer loop 
      vertex -3.789835e-001 -8.326499e-002 0.000000e+000
      vertex -5.000000e-001 -1.666667e-001 0.000000e+000
      vertex -5.000000e-001 0.000000e+000 0.000000e+000
    endloop 
  endfacet
  facet normal 0.000000E+000 0.000000E+000 1.000000E+000
    outer loop 
      vertex -7.245245e-003 -2.862794e-001 4.000000e+000
      vertex 1.491523e-001 -3.221360e-001 4.000000e+000
      vertex 9.783310e-002 -1.700601e-001 4.000000e+000
    endloop 
  endfacet
  facet normal 0.000000E+000 0.000000E+000 1.000000E+000
    outer loop 
      vertex 1.491523e-001 -3.221360e-001 4.000000e+000
      vertex 0.000000e+000 -5.000000e-001 4.000000e+000
      vertex 1.666667e-001 -5.000000e-001 4.000000e+000
    endloop 
  endfacet
  facet normal 0.000000E+000 0.000000E+000 1.000000E+000
    outer loop 
      vertex 0.000000e+000 -5.000000e-001 4.000000e+000
      vertex 1.491523e-001 -3.221360e-001 4.000000e+000
      vertex -7.245245e-003 -2.862794e-001 4.000000e+000
    endloop 
  endfacet
  facet normal 0.000000E+000 0.000000E+000 -1.000000E+000
    outer loop 
      vertex 2.567876e-001 -3.806878e-001 0.000000e+000
      vertex 3.333333e-001 -5.000000e-001 0.000000e+000
      vertex 1.666667e-001 -5.000000e-001 0.000000e+000
    endloop 
  endfacet
  facet normal 0.000000E+000 0.000000E+000 1.000000E+000
    outer loop 
      vertex -5.000000e-001 3.333333e-001 4.000000e+000
      vertex -5.000000e-001 1.666667e-001 4.000000e+000
      vertex -3.939168e-001 2.532848e-001 4.000000e+000
    endloop 
  endfacet
  facet normal 0.000000E+000 0.000000E+000 1.000000E+000
    outer loop 
      vertex 5.000000e-001 -1.666667e-001 4.000000e+000
      vertex 3.657398e-001 -7.707355e-002 4.000000e+000
      vertex 3.292641e-001 -2.419652e-001 4.000000e+000
    endloop 
  endfacet
  facet normal 0.000000E+000 0.000000E+000 1.000000E+000
    outer loop 
      vertex 5.000000e-001 -1.666667e-001 4.000000e+000
      vertex 5.000000e-001 0.000000e+000 4.000000e+000
      vertex 3.657398e-001 -7.707355e-002 4.000000e+000
    endloop 
  endfacet
  facet normal 0.000000E+000 0.000000E+000 -1.000000E+000
    outer loop 
      vertex 2.463146e-001 -1.167427e-001 0.000000e+000
      vertex 2.407040e-001 -2.523085e-001 0.000000e+000
      vertex 1.197696e-001 -1.840909e-001 0.000000e+000
    endloop 
  endfacet
  facet normal 0.000000E+000 0.000000E+000 1.000000E+000
    outer loop 
      vertex 2.534643e-001 3.702911e-001 4.000000e+000
      vertex 3.719350e-001 2.669563e-001 4.000000e+000
      vertex 3.902856e-001 3.936181e-001 4.000000e+000
    endloop 
  endfacet
  facet normal 0.000000E+000 0.000000E+000 1.000000E+000
    outer loop 
      vertex 3.902856e-001 3.936181e-001 4.000000e+000
      vertex 3.719350e-001 2.669563e-001 4.000000e+000
      vertex 5.000000e-001 3.333333e-001 4.000000e+000
    endloop 
  endfacet
  facet normal 0.000000E+000 0.000000E+000 1.000000E+000
    outer loop 
      vertex 3.902856e-001 3.936181e-001 4.000000e+000
      vertex 3.333333e-001 5.000000e-001 4.000000e+000
      vertex 2.534643e-001 3.702911e-001 4.000000e+000
    endloop 
  endfacet
  facet normal 0.000000E+000 0.000000E+000 1.000000E+000
    outer loop 
      vertex 5.000000e-001 5.000000e-001 4.000000e+000
      vertex 3.333333e-001 5.000000e-001 4.000000e+000
      vertex 3.902856e-001 3.936181e-001 4.000000e+000
    endloop 
  endfacet
  facet normal 0.000000E+000 0.000000E+000 1.000000E+000
    outer loop 
      vertex 3.902856e-001 3.936181e-001 4.000000e+000
      vertex 5.000000e-001 3.333333e-001 4.000000e+000
      vertex 5.000000e-001 5.000000e-001 4.000000e+000
    endloop 
  endfacet
  facet normal 0.000000E+000 0.000000E+000 1.000000E+000
    outer loop 
      vertex -1.666667e-001 -5.000000e-001 4.000000e+000
      vertex 0.000000e+000 -5.000000e-001 4.000000e+000
      vertex -1.404391e-001 -3.533866e-001 4.000000e+000
    endloop 
  endfacet
  facet normal 0.000000E+000 0.000000E+000 1.000000E+000
    outer loop 
      vertex 0.000000e+000 -5.000000e-001 4.000000e+000
      vertex -7.245245e-003 -2.862794e-001 4.000000e+000
      vertex -1.404391e-001 -3.533866e-001 4.000000e+000
    endloop 
  endfacet
  facet normal 0.000000E+000 -1.000000E+000 0.000000E+000
    outer loop 
      vertex -2.369206e-002 -5.000000e-001 2.788579e+000
      vertex -2.010969e-001 -5.000000e-001 2.853386e+000
      vertex -1.971156e-001 -5.000000e-001 2.712257e+000
    endloop 
  endfacet
  facet normal -1.000000E+000 0.000000E+000 0.000000E+000
    outer loop 
      vertex -5.000000e-001 2.213270e-001 2.656504e+000
      vertex -5.000000e-001 5.780046e-002 2.670638e+000
      vertex -5.000000e-001 1.813328e-001 2.799074e+000
    endloop 
  endfacet
  facet normal -1.000000E+000 0.000000E+000 0.000000E+000
    outer loop 
      vertex -5.000000e-001 -1.884099e-003 2.812602e+000
      vertex -5.000000e-001 1.813328e-001 2.799074e+000
      vertex -5.000000e-001 5.780046e-002 2.670638e+000
    endloop 
  endfacet
  facet normal 0.000000E+000 1.000000E+000 0.000000E+000
    outer loop 
      vertex -3.095176e-002 5.000000e-001 1.071679e+000
      vertex 1.109696e-001 5.000000e-001 1.137637e+000
      vertex 1.053194e-001 5.000000e-001 1.005742e+000
    endloop 
  endfacet
  facet normal 0.000000E+000 1.000000E+000 0.000000E+000
    outer loop 
      vertex 1.109696e-001 5.000000e-001 1.137637e+000
      vertex -3.095176e-002 5.000000e-001 1.071679e+000
      vertex 1.315645e-002 5.000000e-001 1.237126e+000
    endloop 
  endfacet
  facet normal 0.000000E+000 1.000000E+000 0.000000E+000
    outer loop 
      vertex 1.109696e-001 5.000000e-001 1.137637e+000
      vertex 2.392504e-001 5.000000e-001 1.118216e+000
      vertex 1.053194e-001 5.000000e-001 1.005742e+000
    endloop 
  endfacet
  facet normal 0.000000E+000 1.000000E+000 0.000000E+000
    outer loop 
      vertex 2.392504e-001 5.000000e-001 1.118216e+000
      vertex 1.109696e-001 5.000000e-001 1.137637e+000
      vertex 1.964812e-001 5.000000e-001 1.274825e+000
    endloop 
  endfacet
  facet normal 0.000000E+000 1.000000E+000 0.000000E+000
    outer loop 
      vertex 1.109696e-001 5.000000e-001 1.137637e+000
      vertex 1.315645e-002 5.000000e-001 1.237126e+000
      vertex 1.964812e-001 5.000000e-001 1.274825e+000
    endloop 
  endfacet
  facet normal -1.000000E+000 0.000000E+000 0.000000E+000
    outer loop 
      vertex -5.000000e-001 7.133766e-002 1.346346e+000
      vertex -5.000000e-001 1.854988e-001 1.184172e+000
      vertex -5.000000e-001 7.753019e-004 1.178571e+000
    endloop 
  endfacet
  facet normal -1.000000E+000 0.000000E+000 0.000000E+000
    outer loop 
      vertex -5.000000e-001 7.753019e-004 1.178571e+000
      vertex -5.000000e-001 1.854988e-001 1.184172e+000
      vertex -5.000000e-001 6.640434e-002 1.029705e+000
    endloop 
  endfacet
  facet normal 1.000000E+000 0.000000E+000 0.000000E+000
    outer loop 
      vertex 5.000000e-001 -1.321776e-001 1.176896e+000
      vertex 5.000000e-001 -1.526328e-001 9.853333e-001
      vertex 5.000000e-001 5.311786e-003 1.062181e+000
    endloop 
  endfacet
  facet normal 1.000000E+000 0.000000E+000 0.000000E+000
    outer loop 
      vertex 5.000000e-001 2.974502e-002 1.247875e+000
      vertex 5.000000e-001 -1.321776e-001 1.176896e+000
      vertex 5.000000e-001 5.311786e-003 1.062181e+000
    endloop 
  endfacet
  facet normal 1.000000E+000 0.000000E+000 0.000000E+000
    outer loop 
      vertex 5.000000e-001 -3.190760e-001 1.092217e+000
      vertex 5.000000e-001 -1.526328e-001 9.853333e-001
      vertex 5.000000e-001 -1.321776e-001 1.176896e+000
    endloop 
  endfacet
  facet normal 1.000000E+000 0.000000E+000 0.000000E+000
    outer loop 
      vertex 5.000000e-001 -3.190760e-001 1.092217e+000
      vertex 5.000000e-001 -1.321776e-001 1.176896e+000
      vertex 5.000000e-001 -2.524661e-001 1.275470e+000
    endloop 
  endfacet
  facet normal 0.000000E+000 -1.000000E+000 0.000000E+000
    outer loop 
      vertex 7.344476e-003 -5.000000e-001 1.066282e+000
      vertex -1.283271e-001 -5.000000e-001 1.167408e+000
      vertex -1.594247e-001 -5.000000e-001 1.017425e+000
    endloop 
  endfacet
  facet normal 0.000000E+000 -1.000000E+000 0.000000E+000
    outer loop 
      vertex -1.283271e-001 -5.000000e-001 1.167408e+000
      vertex 7.344476e-003 -5.000000e-001 1.066282e+000
      vertex 7.783676e-004 -5.000000e-001 1.204099e+000
    endloop 
  endfacet
  facet normal 0.000000E+000 -1.000000E+000 0.000000E+000
    outer loop 
      vertex -1.594247e-001 -5.000000e-001 1.017425e+000
      vertex -1.283271e-001 -5.000000e-001 1.167408e+000
      vertex -2.927186e-001 -5.000000e-001 1.139848e+000
    endloop 
  endfacet
  facet normal 0.000000E+000 -1.000000E+000 0.000000E+000
    outer loop 
      vertex -1.283271e-001 -5.000000e-001 1.167408e+000
      vertex -2.276172e-001 -5.000000e-001 1.292510e+000
      vertex -2.927186e-001 -5.000000e-001 1.139848e+000
    endloop 
  endfacet
  facet normal 0.000000E+000 1.000000E+000 0.000000E+000
    outer loop 
      vertex 3.762292e-001 5.000000e-001 8.924630e-001
      vertex 5.000000e-001 5.000000e-001 8.000000e-001
      vertex 3.589010e-001 5.000000e-001 7.373778e-001
    endloop 
  endfacet
  facet normal 0.000000E+000 1.000000E+000 0.000000E+000
    outer loop 
      vertex 3.762292e-001 5.000000e-001 8.924630e-001
      vertex 3.589010e-001 5.000000e-001 7.373778e-001
      vertex 2.560200e-001 5.000000e-001 8.326204e-001
    endloop 
  endfacet
  facet normal 0.000000E+000 1.000000E+000 0.000000E+000
    outer loop 
      vertex 2.445211e-001 5.000000e-001 9.610302e-001
      vertex 3.762292e-001 5.000000e-001 8.924630e-001
      vertex 2.560200e-001 5.000000e-001 8.326204e-001
    endloop 
  endfacet
  facet normal 0.000000E+000 1.000000E+000 0.000000E+000
    outer loop 
      vertex 5.000000e-001 5.000000e-001 8.000000e-001
      vertex 3.762292e-001 5.000000e-001 8.924630e-001
      vertex 5.000000e-001 5.000000e-001 9.600000e-001
    endloop 
  endfacet
  facet normal 0.000000E+000 1.000000E+000 0.000000E+000
    outer loop 
      vertex 1.969680e-001 5.000000e-001 7.111002e-001
      vertex 2.560200e-001 5.000000e-001 8.326204e-001
      vertex 3.589010e-001 5.000000e-001 7.373778e-001
    endloop 
  endfacet
  facet normal 0.000000E+000 1.000000E+000 0.000000E+000
    outer loop 
      vertex 5.000000e-001 5.000000e-001 8.000000e-001
      vertex 5.000000e-001 5.000000e-001 6.400000e-001
      vertex 3.589010e-001 5.000000e-001 7.373778e-001
    endloop 
  endfacet
  facet normal 0.000000E+000 1.000000E+000 0.000000E+000
    outer loop 
      vertex 3.573169e-001 5.000000e-001 3.050959e+000
      vertex 3.645570e-001 5.000000e-001 3.244925e+000
      vertex 5.000000e-001 5.000000e-001 3.200000e+000
    endloop 
  endfacet
  facet normal 0.000000E+000 1.000000E+000 0.000000E+000
    outer loop 
      vertex 3.573169e-001 5.000000e-001 3.050959e+000
      vertex 2.168732e-001 5.000000e-001 3.170385e+000
      vertex 3.645570e-001 5.000000e-001 3.244925e+000
    endloop 
  endfacet
  facet normal 0.000000E+000 1.000000E+000 0.000000E+000
    outer loop 
      vertex 3.573169e-001 5.000000e-001 3.050959e+000
      vertex 5.000000e-001 5.000000e-001 3.040000e+000
      vertex 5.000000e-001 5.000000e-001 2.880000e+000
    endloop 
  endfacet
  facet normal 0.000000E+000 1.000000E+000 0.000000E+000
    outer loop 
      vertex 5.000000e-001 5.000000e-001 2.880000e+000
      vertex 2.854173e-001 5.000000e-001 2.876615e+000
      vertex 3.573169e-001 5.000000e-001 3.050959e+000
    endloop 
  endfacet
  facet normal 0.000000E+000 1.000000E+000 0.000000E+000
    outer loop 
      vertex 5.000000e-001 5.000000e-001 3.040000e+000
      vertex 3.573169e-001 5.000000e-001 3.050959e+000
      vertex 5.000000e-001 5.000000e-001 3.200000e+000
    endloop 
  endfacet
  facet normal 1.000000E+000 0.000000E+000 0.000000E+000
    outer loop 
      vertex 5.000000e-001 5.000000e-001 3.200000e+000
      vertex 5.000000e-001 3.847736e-001 3.255441e+000
      vertex 5.000000e-001 3.364289e-001 3.099911e+000
    endloop 
  endfacet
  facet normal 1.000000E+000 0.000000E+000 0.000000E+000
    outer loop 
      vertex 5.000000e-001 3.847736e-001 3.255441e+000
      vertex 5.000000e-001 2.428609e-001 3.242147e+000
      vertex 5.000000e-001 3.364289e-001 3.099911e+000
    endloop 
  endfacet
  facet normal 1.000000E+000 0.000000E+000 0.000000E+000
    outer loop 
      vertex 5.000000e-001 3.847736e-001 3.255441e+000
      vertex 5.000000e-001 5.000000e-001 3.360000e+000
      vertex 5.000000e-001 3.521039e-001 3.395686e+000
    endloop 
  endfacet
  facet normal 1.000000E+000 0.000000E+000 0.000000E+000
    outer loop 
      vertex 5.000000e-001 3.847736e-001 3.255441e+000
      vertex 5.000000e-001 3.521039e-001 3.395686e+000
      vertex 5.000000e-001 2.428609e-001 3.242147e+000
    endloop 
  endfacet
  facet normal 1.000000E+000 0.000000E+000 0.000000E+000
    outer loop 
      vertex 5.000000e-001 3.847736e-001 3.255441e+000
      vertex 5.000000e-001 5.000000e-001 3.200000e+000
      vertex 5.000000e-001 5.000000e-001 3.360000e+000
    endloop 
  endfacet
  facet normal 0.000000E+000 0.000000E+000 -1.000000E+000
    outer loop 
      vertex -3.700074e-001 -3.688355e-001 0.000000e+000
      vertex -2.201840e-001 -3.768720e-001 0.000000e+000
      vertex -3.333333e-001 -5.000000e-001 0.000000e+000
    endloop 
  endfacet
  facet normal 0.000000E+000 0.000000E+000 -1.000000E+000
    outer loop 
      vertex -2.751296e-001 -2.709708e-001 0.000000e+000
      vertex -2.201840e-001 -3.768720e-001 0.000000e+000
      vertex -3.700074e-001 -3.688355e-001 0.000000e+000
    endloop 
  endfacet
  facet normal 0.000000E+000 0.000000E+000 -1.000000E+000
    outer loop 
      vertex -3.700074e-001 -3.688355e-001 0.000000e+000
      vertex -5.000000e-001 -3.333333e-001 0.000000e+000
      vertex -3.818465e-001 -2.199804e-001 0.000000e+000
    endloop 
  endfacet
  facet normal 0.000000E+000 0.000000E+000 -1.000000E+000
    outer loop 
      vertex -2.751296e-001 -2.709708e-001 0.000000e+000
      vertex -3.700074e-001 -3.688355e-001 0.000000e+000
      vertex -3.818465e-001 -2.199804e-001 0.000000e+000
    endloop 
  endfacet
  facet normal 0.000000E+000 0.000000E+000 -1.000000E+000
    outer loop 
      vertex -5.000000e-001 -5.000000e-001 0.000000e+000
      vertex -5.000000e-001 -3.333333e-001 0.000000e+000
      vertex -3.700074e-001 -3.688355e-001 0.000000e+000
    endloop 
  endfacet
  facet normal 0.000000E+000 0.000000E+000 -1.000000E+000
    outer loop 
      vertex -5.000000e-001 -5.000000e-001 0.000000e+000
      vertex -3.700074e-001 -3.688355e-001 0.000000e+000
      vertex -3.333333e-001 -5.000000e-001 0.000000e+000
    endloop 
  endfacet
  facet normal -1.000000E+000 0.000000E+000 0.000000E+000
    outer loop 
      vertex -5.000000e-001 3.327155e-001 3.093398e+000
      vertex -5.000000e-001 3.301527e-001 3.282884e+000
      vertex -5.000000e-001 5.000000e-001 3.200000e+000
    endloop 
  endfacet
  facet normal -1.000000E+000 0.000000E+000 0.000000E+000
    outer loop 
      vertex -5.000000e-001 1.918411e-001 3.159360e+000
      vertex -5.000000e-001 3.301527e-001 3.282884e+000
      vertex -5.000000e-001 3.327155e-001 3.093398e+000
    endloop 
  endfacet
  facet normal -1.000000E+000 0.000000E+000 0.000000E+000
    outer loop 
      vertex -5.000000e-001 5.000000e-001 3.040000e+000
      vertex -5.000000e-001 3.327155e-001 3.093398e+000
      vertex -5.000000e-001 5.000000e-001 3.200000e+000
    endloop 
  endfacet
  facet normal -1.000000E+000 0.000000E+000 0.000000E+000
    outer loop 
      vertex -5.000000e-001 3.327155e-001 3.093398e+000
      vertex -5.000000e-001 5.000000e-001 3.040000e+000
      vertex -5.000000e-001 3.337393e-001 2.924503e+000
    endloop 
  endfacet
  facet normal -1.000000E+000 0.000000E+000 0.000000E+000
    outer loop 
      vertex -5.000000e-001 -9.340985e-002 3.118904e+000
      vertex -5.000000e-001 -9.933833e-002 3.285402e+000
      vertex -5.000000e-001 4.272123e-002 3.212283e+000
    endloop 
  endfacet
  facet normal -1.000000E+000 0.000000E+000 0.000000E+000
    outer loop 
      vertex -5.000000e-001 -9.933833e-002 3.285402e+000
      vertex -5.000000e-001 1.558972e-002 3.338505e+000
      vertex -5.000000e-001 4.272123e-002 3.212283e+000
    endloop 
  endfacet
  facet normal -1.000000E+000 0.000000E+000 0.000000E+000
    outer loop 
      vertex -5.000000e-001 -2.227269e-001 3.204663e+000
      vertex -5.000000e-001 -9.933833e-002 3.285402e+000
      vertex -5.000000e-001 -9.340985e-002 3.118904e+000
    endloop 
  endfacet
  facet normal -1.000000E+000 0.000000E+000 0.000000E+000
    outer loop 
      vertex -5.000000e-001 -2.227269e-001 3.204663e+000
      vertex -5.000000e-001 -2.286863e-001 3.379697e+000
      vertex -5.000000e-001 -9.933833e-002 3.285402e+000
    endloop 
  endfacet
  facet normal 0.000000E+000 -1.000000E+000 0.000000E+000
    outer loop 
      vertex -4.757826e-002 -5.000000e-001 3.208914e+000
      vertex 8.493078e-002 -5.000000e-001 3.115098e+000
      vertex 9.187226e-002 -5.000000e-001 3.287035e+000
    endloop 
  endfacet
  facet normal 0.000000E+000 -1.000000E+000 0.000000E+000
    outer loop 
      vertex 9.187226e-002 -5.000000e-001 3.287035e+000
      vertex -3.585188e-002 -5.000000e-001 3.342697e+000
      vertex -4.757826e-002 -5.000000e-001 3.208914e+000
    endloop 
  endfacet
  facet normal 0.000000E+000 -1.000000E+000 0.000000E+000
    outer loop 
      vertex 2.305696e-001 -5.000000e-001 3.189267e+000
      vertex 9.187226e-002 -5.000000e-001 3.287035e+000
      vertex 8.493078e-002 -5.000000e-001 3.115098e+000
    endloop 
  endfacet
  facet normal 0.000000E+000 -1.000000E+000 0.000000E+000
    outer loop 
      vertex 2.305696e-001 -5.000000e-001 3.189267e+000
      vertex 2.162966e-001 -5.000000e-001 3.402343e+000
      vertex 9.187226e-002 -5.000000e-001 3.287035e+000
    endloop 
  endfacet
  facet normal -1.000000E+000 0.000000E+000 0.000000E+000
    outer loop 
      vertex -5.000000e-001 -3.712039e-001 1.699879e+000
      vertex -5.000000e-001 -5.000000e-001 1.600000e+000
      vertex -5.000000e-001 -5.000000e-001 1.760000e+000
    endloop 
  endfacet
  facet normal 0.000000E+000 -1.000000E+000 0.000000E+000
    outer loop 
      vertex -5.000000e-001 -5.000000e-001 1.920000e+000
      vertex -5.000000e-001 -5.000000e-001 1.760000e+000
      vertex -3.926881e-001 -5.000000e-001 1.761656e+000
    endloop 
  endfacet
  facet normal 0.000000E+000 -1.000000E+000 0.000000E+000
    outer loop 
      vertex -3.926881e-001 -5.000000e-001 1.761656e+000
      vertex -5.000000e-001 -5.000000e-001 1.760000e+000
      vertex -5.000000e-001 -5.000000e-001 1.600000e+000
    endloop 
  endfacet
  facet normal 1.000000E+000 0.000000E+000 0.000000E+000
    outer loop 
      vertex 5.000000e-001 5.000000e-001 1.760000e+000
      vertex 5.000000e-001 3.792134e-001 1.692714e+000
      vertex 5.000000e-001 5.000000e-001 1.600000e+000
    endloop 
  endfacet
  facet normal 1.000000E+000 0.000000E+000 0.000000E+000
    outer loop 
      vertex 5.000000e-001 2.760271e-001 1.617692e+000
      vertex 5.000000e-001 3.792134e-001 1.692714e+000
      vertex 5.000000e-001 2.423070e-001 1.793388e+000
    endloop 
  endfacet
  facet normal 0.000000E+000 1.000000E+000 0.000000E+000
    outer loop 
      vertex -3.780933e-001 5.000000e-001 1.697378e+000
      vertex -5.000000e-001 5.000000e-001 1.600000e+000
      vertex -5.000000e-001 5.000000e-001 1.760000e+000
    endloop 
  endfacet
  facet normal 0.000000E+000 -1.000000E+000 0.000000E+000
    outer loop 
      vertex 3.925527e-001 -5.000000e-001 1.540683e+000
      vertex 5.000000e-001 -5.000000e-001 1.440000e+000
      vertex 5.000000e-001 -5.000000e-001 1.600000e+000
    endloop 
  endfacet
  facet normal 1.000000E+000 0.000000E+000 0.000000E+000
    outer loop 
      vertex 5.000000e-001 -5.000000e-001 1.760000e+000
      vertex 5.000000e-001 -3.740152e-001 1.759888e+000
      vertex 5.000000e-001 -5.000000e-001 1.920000e+000
    endloop 
  endfacet
  facet normal 1.000000E+000 0.000000E+000 0.000000E+000
    outer loop 
      vertex 5.000000e-001 -2.539296e-001 1.800956e+000
      vertex 5.000000e-001 -3.740152e-001 1.759888e+000
      vertex 5.000000e-001 -2.192632e-001 1.614563e+000
    endloop 
  endfacet
  facet normal 0.000000E+000 1.000000E+000 0.000000E+000
    outer loop 
      vertex 2.270016e-001 5.000000e-001 1.611285e+000
      vertex 6.016774e-002 5.000000e-001 1.730471e+000
      vertex 2.122666e-001 5.000000e-001 1.791917e+000
    endloop 
  endfacet
  facet normal 1.000000E+000 0.000000E+000 0.000000E+000
    outer loop 
      vertex 5.000000e-001 1.145386e-001 3.522106e-001
      vertex 5.000000e-001 -1.333421e-003 4.477665e-001
      vertex 5.000000e-001 -4.498129e-002 2.236180e-001
    endloop 
  endfacet
  facet normal 1.000000E+000 0.000000E+000 0.000000E+000
    outer loop 
      vertex 5.000000e-001 -1.441634e-001 3.846442e-001
      vertex 5.000000e-001 -4.498129e-002 2.236180e-001
      vertex 5.000000e-001 -1.333421e-003 4.477665e-001
    endloop 
  endfacet
  facet normal 1.000000E+000 0.000000E+000 0.000000E+000
    outer loop 
      vertex 5.000000e-001 -1.333421e-003 4.477665e-001
      vertex 5.000000e-001 1.145386e-001 3.522106e-001
      vertex 5.000000e-001 1.572989e-001 5.276573e-001
    endloop 
  endfacet
  facet normal 1.000000E+000 0.000000E+000 0.000000E+000
    outer loop 
      vertex 5.000000e-001 1.876079e-002 6.337321e-001
      vertex 5.000000e-001 -1.333421e-003 4.477665e-001
      vertex 5.000000e-001 1.572989e-001 5.276573e-001
    endloop 
  endfacet
  facet normal 1.000000E+000 0.000000E+000 0.000000E+000
    outer loop 
      vertex 5.000000e-001 -1.256585e-001 5.781187e-001
      vertex 5.000000e-001 -1.441634e-001 3.846442e-001
      vertex 5.000000e-001 -1.333421e-003 4.477665e-001
    endloop 
  endfacet
  facet normal 1.000000E+000 0.000000E+000 0.000000E+000
    outer loop 
      vertex 5.000000e-001 1.876079e-002 6.337321e-001
      vertex 5.000000e-001 -1.256585e-001 5.781187e-001
      vertex 5.000000e-001 -1.333421e-003 4.477665e-001
    endloop 
  endfacet
  facet normal -1.000000E+000 0.000000E+000 0.000000E+000
    outer loop 
      vertex -5.000000e-001 -2.791504e-001 2.368074e+000
      vertex -5.000000e-001 -3.699692e-001 2.545303e+000
      vertex -5.000000e-001 -2.138302e-001 2.552905e+000
    endloop 
  endfacet
  facet normal -1.000000E+000 0.000000E+000 0.000000E+000
    outer loop 
      vertex -5.000000e-001 -3.224233e-001 2.712317e+000
      vertex -5.000000e-001 -2.138302e-001 2.552905e+000
      vertex -5.000000e-001 -3.699692e-001 2.545303e+000
    endloop 
  endfacet
  facet normal -1.000000E+000 0.000000E+000 0.000000E+000
    outer loop 
      vertex -5.000000e-001 -5.000000e-001 2.720000e+000
      vertex -5.000000e-001 -3.699692e-001 2.545303e+000
      vertex -5.000000e-001 -5.000000e-001 2.560000e+000
    endloop 
  endfacet
  facet normal -1.000000E+000 0.000000E+000 0.000000E+000
    outer loop 
      vertex -5.000000e-001 -3.224233e-001 2.712317e+000
      vertex -5.000000e-001 -3.699692e-001 2.545303e+000
      vertex -5.000000e-001 -5.000000e-001 2.720000e+000
    endloop 
  endfacet
  facet normal -1.000000E+000 0.000000E+000 0.000000E+000
    outer loop 
      vertex -5.000000e-001 -5.000000e-001 2.560000e+000
      vertex -5.000000e-001 -3.699692e-001 2.545303e+000
      vertex -5.000000e-001 -5.000000e-001 2.400000e+000
    endloop 
  endfacet
  facet normal -1.000000E+000 0.000000E+000 0.000000E+000
    outer loop 
      vertex -5.000000e-001 -2.791504e-001 2.368074e+000
      vertex -5.000000e-001 -5.000000e-001 2.400000e+000
      vertex -5.000000e-001 -3.699692e-001 2.545303e+000
    endloop 
  endfacet
  facet normal 0.000000E+000 1.000000E+000 0.000000E+000
    outer loop 
      vertex -2.242852e-001 5.000000e-001 3.451975e+000
      vertex -9.179268e-002 5.000000e-001 3.411388e+000
      vertex -2.034702e-001 5.000000e-001 3.296852e+000
    endloop 
  endfacet
  facet normal 0.000000E+000 1.000000E+000 0.000000E+000
    outer loop 
      vertex -2.034702e-001 5.000000e-001 3.296852e+000
      vertex -2.496006e-001 5.000000e-001 3.159374e+000
      vertex -3.620808e-001 5.000000e-001 3.253692e+000
    endloop 
  endfacet
  facet normal 0.000000E+000 1.000000E+000 0.000000E+000
    outer loop 
      vertex -2.034702e-001 5.000000e-001 3.296852e+000
      vertex -1.083594e-001 5.000000e-001 3.136126e+000
      vertex -2.496006e-001 5.000000e-001 3.159374e+000
    endloop 
  endfacet
  facet normal 0.000000E+000 1.000000E+000 0.000000E+000
    outer loop 
      vertex -1.474047e-001 5.000000e-001 2.841288e+000
      vertex -2.189817e-001 5.000000e-001 2.998682e+000
      vertex -2.492457e-002 5.000000e-001 2.978027e+000
    endloop 
  endfacet
  facet normal 0.000000E+000 1.000000E+000 0.000000E+000
    outer loop 
      vertex -2.779744e-001 5.000000e-001 2.854284e+000
      vertex -2.189817e-001 5.000000e-001 2.998682e+000
      vertex -1.474047e-001 5.000000e-001 2.841288e+000
    endloop 
  endfacet
  facet normal 0.000000E+000 1.000000E+000 0.000000E+000
    outer loop 
      vertex -2.582551e-001 5.000000e-001 2.725445e+000
      vertex -1.474047e-001 5.000000e-001 2.841288e+000
      vertex -1.271909e-001 5.000000e-001 2.687973e+000
    endloop 
  endfacet
  facet normal 0.000000E+000 1.000000E+000 0.000000E+000
    outer loop 
      vertex -7.992368e-003 5.000000e-001 2.791245e+000
      vertex -1.271909e-001 5.000000e-001 2.687973e+000
      vertex -1.474047e-001 5.000000e-001 2.841288e+000
    endloop 
  endfacet
  facet normal 0.000000E+000 1.000000E+000 0.000000E+000
    outer loop 
      vertex -7.992368e-003 5.000000e-001 2.791245e+000
      vertex -1.474047e-001 5.000000e-001 2.841288e+000
      vertex -2.492457e-002 5.000000e-001 2.978027e+000
    endloop 
  endfacet
  facet normal 0.000000E+000 1.000000E+000 0.000000E+000
    outer loop 
      vertex -2.582551e-001 5.000000e-001 2.725445e+000
      vertex -2.779744e-001 5.000000e-001 2.854284e+000
      vertex -1.474047e-001 5.000000e-001 2.841288e+000
    endloop 
  endfacet
  facet normal 0.000000E+000 -1.000000E+000 0.000000E+000
    outer loop 
      vertex 5.219978e-002 -5.000000e-001 2.949971e+000
      vertex 1.540731e-001 -5.000000e-001 2.816888e+000
      vertex 2.088996e-001 -5.000000e-001 2.987918e+000
    endloop 
  endfacet
  facet normal 0.000000E+000 -1.000000E+000 0.000000E+000
    outer loop 
      vertex 1.540731e-001 -5.000000e-001 2.816888e+000
      vertex 3.374728e-001 -5.000000e-001 2.834873e+000
      vertex 2.088996e-001 -5.000000e-001 2.987918e+000
    endloop 
  endfacet
  facet normal 0.000000E+000 -1.000000E+000 0.000000E+000
    outer loop 
      vertex 2.508482e-001 -5.000000e-001 2.673931e+000
      vertex 1.540731e-001 -5.000000e-001 2.816888e+000
      vertex 9.770915e-002 -5.000000e-001 2.654585e+000
    endloop 
  endfacet
  facet normal 0.000000E+000 -1.000000E+000 0.000000E+000
    outer loop 
      vertex 9.770915e-002 -5.000000e-001 2.654585e+000
      vertex 1.540731e-001 -5.000000e-001 2.816888e+000
      vertex -2.369206e-002 -5.000000e-001 2.788579e+000
    endloop 
  endfacet
  facet normal 0.000000E+000 -1.000000E+000 0.000000E+000
    outer loop 
      vertex 5.219978e-002 -5.000000e-001 2.949971e+000
      vertex -2.369206e-002 -5.000000e-001 2.788579e+000
      vertex 1.540731e-001 -5.000000e-001 2.816888e+000
    endloop 
  endfacet
  facet normal 0.000000E+000 -1.000000E+000 0.000000E+000
    outer loop 
      vertex 2.508482e-001 -5.000000e-001 2.673931e+000
      vertex 3.374728e-001 -5.000000e-001 2.834873e+000
      vertex 1.540731e-001 -5.000000e-001 2.816888e+000
    endloop 
  endfacet
  facet normal 1.000000E+000 0.000000E+000 0.000000E+000
    outer loop 
      vertex 5.000000e-001 3.718181e-002 2.955493e+000
      vertex 5.000000e-001 1.256822e-001 2.810707e+000
      vertex 5.000000e-001 2.107007e-001 2.956204e+000
    endloop 
  endfacet
  facet normal 1.000000E+000 0.000000E+000 0.000000E+000
    outer loop 
      vertex 5.000000e-001 1.256822e-001 2.810707e+000
      vertex 5.000000e-001 2.655496e-001 2.833864e+000
      vertex 5.000000e-001 2.107007e-001 2.956204e+000
    endloop 
  endfacet
  facet normal 1.000000E+000 0.000000E+000 0.000000E+000
    outer loop 
      vertex 5.000000e-001 1.256822e-001 2.810707e+000
      vertex 5.000000e-001 4.549205e-002 2.652532e+000
      vertex 5.000000e-001 2.300016e-001 2.688255e+000
    endloop 
  endfacet
  facet normal 1.000000E+000 0.000000E+000 0.000000E+000
    outer loop 
      vertex 5.000000e-001 -9.332971e-003 2.814281e+000
      vertex 5.000000e-001 4.549205e-002 2.652532e+000
      vertex 5.000000e-001 1.256822e-001 2.810707e+000
    endloop 
  endfacet
  facet normal 1.000000E+000 0.000000E+000 0.000000E+000
    outer loop 
      vertex 5.000000e-001 1.256822e-001 2.810707e+000
      vertex 5.000000e-001 3.718181e-002 2.955493e+000
      vertex 5.000000e-001 -9.332971e-003 2.814281e+000
    endloop 
  endfacet
  facet normal 1.000000E+000 0.000000E+000 0.000000E+000
    outer loop 
      vertex 5.000000e-001 2.655496e-001 2.833864e+000
      vertex 5.000000e-001 1.256822e-001 2.810707e+000
      vertex 5.000000e-001 2.300016e-001 2.688255e+000
    endloop 
  endfacet
  facet normal -1.000000E+000 0.000000E+000 0.000000E+000
    outer loop 
      vertex -5.000000e-001 -6.041462e-002 2.960061e+000
      vertex -5.000000e-001 -2.189419e-001 2.847130e+000
      vertex -5.000000e-001 -2.704918e-001 3.015447e+000
    endloop 
  endfacet
  facet normal -1.000000E+000 0.000000E+000 0.000000E+000
    outer loop 
      vertex -5.000000e-001 -2.704918e-001 3.015447e+000
      vertex -5.000000e-001 -2.189419e-001 2.847130e+000
      vertex -5.000000e-001 -5.000000e-001 2.880000e+000
    endloop 
  endfacet
  facet normal -1.000000E+000 0.000000E+000 0.000000E+000
    outer loop 
      vertex -5.000000e-001 -3.224233e-001 2.712317e+000
      vertex -5.000000e-001 -2.189419e-001 2.847130e+000
      vertex -5.000000e-001 -1.277131e-001 2.689176e+000
    endloop 
  endfacet
  facet normal -1.000000E+000 0.000000E+000 0.000000E+000
    outer loop 
      vertex -5.000000e-001 -2.189419e-001 2.847130e+000
      vertex -5.000000e-001 -1.884099e-003 2.812602e+000
      vertex -5.000000e-001 -1.277131e-001 2.689176e+000
    endloop 
  endfacet
  facet normal -1.000000E+000 0.000000E+000 0.000000E+000
    outer loop 
      vertex -5.000000e-001 -1.884099e-003 2.812602e+000
      vertex -5.000000e-001 -2.189419e-001 2.847130e+000
      vertex -5.000000e-001 -6.041462e-002 2.960061e+000
    endloop 
  endfacet
  facet normal -1.000000E+000 0.000000E+000 0.000000E+000
    outer loop 
      vertex -5.000000e-001 -2.189419e-001 2.847130e+000
      vertex -5.000000e-001 -3.224233e-001 2.712317e+000
      vertex -5.000000e-001 -5.000000e-001 2.880000e+000
    endloop 
  endfacet
  facet normal 0.000000E+000 1.000000E+000 0.000000E+000
    outer loop 
      vertex -4.942955e-002 5.000000e-001 9.031673e-001
      vertex -1.904198e-001 5.000000e-001 9.951340e-001
      vertex -3.095176e-002 5.000000e-001 1.071679e+000
    endloop 
  endfacet
  facet normal 0.000000E+000 1.000000E+000 0.000000E+000
    outer loop 
      vertex -2.141920e-001 5.000000e-001 8.365061e-001
      vertex -1.904198e-001 5.000000e-001 9.951340e-001
      vertex -4.942955e-002 5.000000e-001 9.031673e-001
    endloop 
  endfacet
  facet normal -1.000000E+000 0.000000E+000 0.000000E+000
    outer loop 
      vertex -5.000000e-001 -2.036930e-001 1.036600e+000
      vertex -5.000000e-001 -3.097074e-001 9.565610e-001
      vertex -5.000000e-001 -3.377389e-001 1.090923e+000
    endloop 
  endfacet
  facet normal 0.000000E+000 -1.000000E+000 0.000000E+000
    outer loop 
      vertex 2.625480e-001 -5.000000e-001 1.118946e+000
      vertex 1.520672e-001 -5.000000e-001 9.770924e-001
      vertex 2.939426e-001 -5.000000e-001 9.743269e-001
    endloop 
  endfacet
  facet normal 0.000000E+000 -1.000000E+000 0.000000E+000
    outer loop 
      vertex 2.939426e-001 -5.000000e-001 9.743269e-001
      vertex 1.520672e-001 -5.000000e-001 9.770924e-001
      vertex 2.424354e-001 -5.000000e-001 8.291541e-001
    endloop 
  endfacet
  facet normal 0.000000E+000 -1.000000E+000 0.000000E+000
    outer loop 
      vertex 7.344476e-003 -5.000000e-001 1.066282e+000
      vertex -2.942386e-002 -5.000000e-001 9.076690e-001
      vertex 1.520672e-001 -5.000000e-001 9.770924e-001
    endloop 
  endfacet
  facet normal 0.000000E+000 -1.000000E+000 0.000000E+000
    outer loop 
      vertex -3.694400e-001 -5.000000e-001 8.019656e-001
      vertex -3.346951e-001 -5.000000e-001 9.841383e-001
      vertex -5.000000e-001 -5.000000e-001 9.600000e-001
    endloop 
  endfacet
  facet normal 0.000000E+000 -1.000000E+000 0.000000E+000
    outer loop 
      vertex -2.012929e-001 -5.000000e-001 8.614579e-001
      vertex -3.346951e-001 -5.000000e-001 9.841383e-001
      vertex -3.694400e-001 -5.000000e-001 8.019656e-001
    endloop 
  endfacet
  facet normal 0.000000E+000 -1.000000E+000 0.000000E+000
    outer loop 
      vertex -1.594247e-001 -5.000000e-001 1.017425e+000
      vertex -2.927186e-001 -5.000000e-001 1.139848e+000
      vertex -3.346951e-001 -5.000000e-001 9.841383e-001
    endloop 
  endfacet
  facet normal 0.000000E+000 -1.000000E+000 0.000000E+000
    outer loop 
      vertex -2.012929e-001 -5.000000e-001 8.614579e-001
      vertex -1.594247e-001 -5.000000e-001 1.017425e+000
      vertex -3.346951e-001 -5.000000e-001 9.841383e-001
    endloop 
  endfacet
  facet normal 0.000000E+000 -1.000000E+000 0.000000E+000
    outer loop 
      vertex -5.000000e-001 -5.000000e-001 1.120000e+000
      vertex -5.000000e-001 -5.000000e-001 9.600000e-001
      vertex -3.346951e-001 -5.000000e-001 9.841383e-001
    endloop 
  endfacet
  facet normal 0.000000E+000 -1.000000E+000 0.000000E+000
    outer loop 
      vertex -3.346951e-001 -5.000000e-001 9.841383e-001
      vertex -2.927186e-001 -5.000000e-001 1.139848e+000
      vertex -5.000000e-001 -5.000000e-001 1.120000e+000
    endloop 
  endfacet
  facet normal -1.000000E+000 0.000000E+000 0.000000E+000
    outer loop 
      vertex -5.000000e-001 -4.172626e-002 4.075129e-001
      vertex -5.000000e-001 -2.193596e-001 4.075798e-001
      vertex -5.000000e-001 -1.131129e-001 5.223817e-001
    endloop 
  endfacet
  facet normal -1.000000E+000 0.000000E+000 0.000000E+000
    outer loop 
      vertex -5.000000e-001 -2.469187e-001 5.469421e-001
      vertex -5.000000e-001 -1.131129e-001 5.223817e-001
      vertex -5.000000e-001 -2.193596e-001 4.075798e-001
    endloop 
  endfacet
  facet normal -1.000000E+000 0.000000E+000 0.000000E+000
    outer loop 
      vertex -5.000000e-001 -2.469187e-001 5.469421e-001
      vertex -5.000000e-001 -1.405981e-001 6.420044e-001
      vertex -5.000000e-001 -1.131129e-001 5.223817e-001
    endloop 
  endfacet
  facet normal -1.000000E+000 0.000000E+000 0.000000E+000
    outer loop 
      vertex -5.000000e-001 -1.405981e-001 6.420044e-001
      vertex -5.000000e-001 -2.615223e-002 6.393214e-001
      vertex -5.000000e-001 -1.131129e-001 5.223817e-001
    endloop 
  endfacet
  facet normal -1.000000E+000 0.000000E+000 0.000000E+000
    outer loop 
      vertex -5.000000e-001 5.300092e-002 5.175133e-001
      vertex -5.000000e-001 -4.172626e-002 4.075129e-001
      vertex -5.000000e-001 -1.131129e-001 5.223817e-001
    endloop 
  endfacet
  facet normal -1.000000E+000 0.000000E+000 0.000000E+000
    outer loop 
      vertex -5.000000e-001 5.300092e-002 5.175133e-001
      vertex -5.000000e-001 -1.131129e-001 5.223817e-001
      vertex -5.000000e-001 -2.615223e-002 6.393214e-001
    endloop 
  endfacet
  facet normal 0.000000E+000 -1.000000E+000 0.000000E+000
    outer loop 
      vertex 8.493078e-002 -5.000000e-001 3.115098e+000
      vertex -4.757826e-002 -5.000000e-001 3.208914e+000
      vertex -6.981275e-002 -5.000000e-001 3.065153e+000
    endloop 
  endfacet
  facet normal 0.000000E+000 -1.000000E+000 0.000000E+000
    outer loop 
      vertex -4.757826e-002 -5.000000e-001 3.208914e+000
      vertex -2.061958e-001 -5.000000e-001 3.170683e+000
      vertex -6.981275e-002 -5.000000e-001 3.065153e+000
    endloop 
  endfacet
  facet normal -1.000000E+000 0.000000E+000 0.000000E+000
    outer loop 
      vertex -5.000000e-001 -9.340985e-002 3.118904e+000
      vertex -5.000000e-001 4.272123e-002 3.212283e+000
      vertex -5.000000e-001 5.655967e-002 3.078902e+000
    endloop 
  endfacet
  facet normal -1.000000E+000 0.000000E+000 0.000000E+000
    outer loop 
      vertex -5.000000e-001 1.918411e-001 3.159360e+000
      vertex -5.000000e-001 5.655967e-002 3.078902e+000
      vertex -5.000000e-001 4.272123e-002 3.212283e+000
    endloop 
  endfacet
  facet normal 0.000000E+000 1.000000E+000 0.000000E+000
    outer loop 
      vertex 9.770484e-002 5.000000e-001 2.365881e+000
      vertex 6.497520e-002 5.000000e-001 2.194166e+000
      vertex -1.102313e-001 5.000000e-001 2.295839e+000
    endloop 
  endfacet
  facet normal 0.000000E+000 1.000000E+000 0.000000E+000
    outer loop 
      vertex 6.497520e-002 5.000000e-001 2.194166e+000
      vertex 9.770484e-002 5.000000e-001 2.365881e+000
      vertex 2.327137e-001 5.000000e-001 2.304222e+000
    endloop 
  endfacet
  facet normal 0.000000E+000 1.000000E+000 0.000000E+000
    outer loop 
      vertex 6.497520e-002 5.000000e-001 2.194166e+000
      vertex -1.358961e-001 5.000000e-001 2.117902e+000
      vertex -1.102313e-001 5.000000e-001 2.295839e+000
    endloop 
  endfacet
  facet normal 0.000000E+000 1.000000E+000 0.000000E+000
    outer loop 
      vertex 2.203279e-001 5.000000e-001 2.102788e+000
      vertex 6.497520e-002 5.000000e-001 2.194166e+000
      vertex 2.327137e-001 5.000000e-001 2.304222e+000
    endloop 
  endfacet
  facet normal 0.000000E+000 -1.000000E+000 0.000000E+000
    outer loop 
      vertex 3.617059e-001 -5.000000e-001 4.094665e-001
      vertex 5.000000e-001 -5.000000e-001 3.200000e-001
      vertex 5.000000e-001 -5.000000e-001 4.800000e-001
    endloop 
  endfacet
  facet normal 0.000000E+000 1.000000E+000 0.000000E+000
    outer loop 
      vertex -3.525191e-001 5.000000e-001 4.131458e-001
      vertex -5.000000e-001 5.000000e-001 3.200000e-001
      vertex -5.000000e-001 5.000000e-001 4.800000e-001
    endloop 
  endfacet
  facet normal 1.000000E+000 0.000000E+000 0.000000E+000
    outer loop 
      vertex 5.000000e-001 -3.104545e-001 3.554365e-001
      vertex 5.000000e-001 -1.441634e-001 3.846442e-001
      vertex 5.000000e-001 -2.416263e-001 4.993764e-001
    endloop 
  endfacet
  facet normal -1.000000E+000 0.000000E+000 0.000000E+000
    outer loop 
      vertex -5.000000e-001 1.647397e-001 4.114171e-001
      vertex -5.000000e-001 -4.172626e-002 4.075129e-001
      vertex -5.000000e-001 5.300092e-002 5.175133e-001
    endloop 
  endfacet
  facet normal -1.000000E+000 0.000000E+000 0.000000E+000
    outer loop 
      vertex -5.000000e-001 5.300092e-002 5.175133e-001
      vertex -5.000000e-001 2.034441e-001 5.794227e-001
      vertex -5.000000e-001 1.647397e-001 4.114171e-001
    endloop 
  endfacet
  facet normal 0.000000E+000 1.000000E+000 0.000000E+000
    outer loop 
      vertex 5.000000e-001 5.000000e-001 3.680000e+000
      vertex 5.000000e-001 5.000000e-001 3.520000e+000
      vertex 3.415227e-001 5.000000e-001 3.577714e+000
    endloop 
  endfacet
  facet normal 1.000000E+000 0.000000E+000 0.000000E+000
    outer loop 
      vertex 5.000000e-001 -5.000000e-001 3.520000e+000
      vertex 5.000000e-001 -3.661161e-001 3.471200e+000
      vertex 5.000000e-001 -3.693989e-001 3.621819e+000
    endloop 
  endfacet
  facet normal 1.000000E+000 0.000000E+000 0.000000E+000
    outer loop 
      vertex 5.000000e-001 -5.000000e-001 3.520000e+000
      vertex 5.000000e-001 -3.693989e-001 3.621819e+000
      vertex 5.000000e-001 -5.000000e-001 3.680000e+000
    endloop 
  endfacet
  facet normal 0.000000E+000 1.000000E+000 0.000000E+000
    outer loop 
      vertex -3.525191e-001 5.000000e-001 4.131458e-001
      vertex -3.650673e-001 5.000000e-001 5.802622e-001
      vertex -2.163707e-001 5.000000e-001 5.186596e-001
    endloop 
  endfacet
  facet normal 0.000000E+000 1.000000E+000 0.000000E+000
    outer loop 
      vertex -2.311290e-001 5.000000e-001 6.770320e-001
      vertex -2.163707e-001 5.000000e-001 5.186596e-001
      vertex -3.650673e-001 5.000000e-001 5.802622e-001
    endloop 
  endfacet
  facet normal 0.000000E+000 1.000000E+000 0.000000E+000
    outer loop 
      vertex -3.525191e-001 5.000000e-001 4.131458e-001
      vertex -2.163707e-001 5.000000e-001 5.186596e-001
      vertex -1.878244e-001 5.000000e-001 3.492534e-001
    endloop 
  endfacet
  facet normal 0.000000E+000 1.000000E+000 0.000000E+000
    outer loop 
      vertex -2.163707e-001 5.000000e-001 5.186596e-001
      vertex -2.311290e-001 5.000000e-001 6.770320e-001
      vertex -7.581465e-002 5.000000e-001 6.160786e-001
    endloop 
  endfacet
  facet normal 0.000000E+000 1.000000E+000 0.000000E+000
    outer loop 
      vertex -1.878244e-001 5.000000e-001 3.492534e-001
      vertex -2.163707e-001 5.000000e-001 5.186596e-001
      vertex -5.644170e-002 5.000000e-001 4.637570e-001
    endloop 
  endfacet
  facet normal 0.000000E+000 1.000000E+000 0.000000E+000
    outer loop 
      vertex -2.163707e-001 5.000000e-001 5.186596e-001
      vertex -7.581465e-002 5.000000e-001 6.160786e-001
      vertex -5.644170e-002 5.000000e-001 4.637570e-001
    endloop 
  endfacet
  facet normal 0.000000E+000 1.000000E+000 0.000000E+000
    outer loop 
      vertex -3.589839e-001 5.000000e-001 7.418470e-001
      vertex -2.141920e-001 5.000000e-001 8.365061e-001
      vertex -2.311290e-001 5.000000e-001 6.770320e-001
    endloop 
  endfacet
  facet normal 0.000000E+000 1.000000E+000 0.000000E+000
    outer loop 
      vertex -2.798190e-003 5.000000e-001 3.519895e+000
      vertex -9.179268e-002 5.000000e-001 3.411388e+000
      vertex -1.402203e-001 5.000000e-001 3.564080e+000
    endloop 
  endfacet
  facet normal 0.000000E+000 1.000000E+000 0.000000E+000
    outer loop 
      vertex -2.798190e-003 5.000000e-001 3.519895e+000
      vertex 6.072675e-002 5.000000e-001 3.408872e+000
      vertex -9.179268e-002 5.000000e-001 3.411388e+000
    endloop 
  endfacet
  facet normal 0.000000E+000 1.000000E+000 0.000000E+000
    outer loop 
      vertex -9.179268e-002 5.000000e-001 3.411388e+000
      vertex -2.242852e-001 5.000000e-001 3.451975e+000
      vertex -1.402203e-001 5.000000e-001 3.564080e+000
    endloop 
  endfacet
  facet normal 0.000000E+000 -1.000000E+000 0.000000E+000
    outer loop 
      vertex 5.000000e-001 -5.000000e-001 3.520000e+000
      vertex 5.000000e-001 -5.000000e-001 3.680000e+000
      vertex 3.786160e-001 -5.000000e-001 3.634787e+000
    endloop 
  endfacet
  facet normal 0.000000E+000 1.000000E+000 0.000000E+000
    outer loop 
      vertex -5.000000e-001 5.000000e-001 3.200000e+000
      vertex -5.000000e-001 5.000000e-001 3.360000e+000
      vertex -3.620808e-001 5.000000e-001 3.253692e+000
    endloop 
  endfacet
  facet normal 0.000000E+000 -1.000000E+000 0.000000E+000
    outer loop 
      vertex 3.670116e-001 -5.000000e-001 3.274232e+000
      vertex 5.000000e-001 -5.000000e-001 3.200000e+000
      vertex 5.000000e-001 -5.000000e-001 3.360000e+000
    endloop 
  endfacet
  facet normal 0.000000E+000 -1.000000E+000 0.000000E+000
    outer loop 
      vertex 3.670116e-001 -5.000000e-001 3.274232e+000
      vertex 2.162966e-001 -5.000000e-001 3.402343e+000
      vertex 2.305696e-001 -5.000000e-001 3.189267e+000
    endloop 
  endfacet
  facet normal -1.000000E+000 0.000000E+000 0.000000E+000
    outer loop 
      vertex -5.000000e-001 -2.704918e-001 3.015447e+000
      vertex -5.000000e-001 -2.227269e-001 3.204663e+000
      vertex -5.000000e-001 -9.340985e-002 3.118904e+000
    endloop 
  endfacet
  facet normal 1.000000E+000 0.000000E+000 0.000000E+000
    outer loop 
      vertex 5.000000e-001 5.000000e-001 8.000000e-001
      vertex 5.000000e-001 3.560610e-001 7.421057e-001
      vertex 5.000000e-001 5.000000e-001 6.400000e-001
    endloop 
  endfacet
  facet normal 0.000000E+000 1.000000E+000 0.000000E+000
    outer loop 
      vertex -5.000000e-001 5.000000e-001 8.000000e-001
      vertex -3.589839e-001 5.000000e-001 7.418470e-001
      vertex -5.000000e-001 5.000000e-001 6.400000e-001
    endloop 
  endfacet
  facet normal 0.000000E+000 -1.000000E+000 0.000000E+000
    outer loop 
      vertex 5.000000e-001 -5.000000e-001 8.000000e-001
      vertex 3.533836e-001 -5.000000e-001 7.009118e-001
      vertex 5.000000e-001 -5.000000e-001 6.400000e-001
    endloop 
  endfacet
  facet normal 0.000000E+000 -1.000000E+000 0.000000E+000
    outer loop 
      vertex 5.000000e-001 -5.000000e-001 2.560000e+000
      vertex 3.866279e-001 -5.000000e-001 2.662115e+000
      vertex 3.584448e-001 -5.000000e-001 2.524628e+000
    endloop 
  endfacet
  facet normal 0.000000E+000 -1.000000E+000 0.000000E+000
    outer loop 
      vertex 2.508482e-001 -5.000000e-001 2.673931e+000
      vertex 3.584448e-001 -5.000000e-001 2.524628e+000
      vertex 3.866279e-001 -5.000000e-001 2.662115e+000
    endloop 
  endfacet
  facet normal 0.000000E+000 -1.000000E+000 0.000000E+000
    outer loop 
      vertex 3.200118e-001 -5.000000e-001 2.354732e+000
      vertex 3.584448e-001 -5.000000e-001 2.524628e+000
      vertex 2.055031e-001 -5.000000e-001 2.514080e+000
    endloop 
  endfacet
  facet normal 0.000000E+000 -1.000000E+000 0.000000E+000
    outer loop 
      vertex 3.584448e-001 -5.000000e-001 2.524628e+000
      vertex 2.508482e-001 -5.000000e-001 2.673931e+000
      vertex 2.055031e-001 -5.000000e-001 2.514080e+000
    endloop 
  endfacet
  facet normal 0.000000E+000 -1.000000E+000 0.000000E+000
    outer loop 
      vertex 5.000000e-001 -5.000000e-001 2.400000e+000
      vertex 5.000000e-001 -5.000000e-001 2.560000e+000
      vertex 3.584448e-001 -5.000000e-001 2.524628e+000
    endloop 
  endfacet
  facet normal 0.000000E+000 -1.000000E+000 0.000000E+000
    outer loop 
      vertex 5.000000e-001 -5.000000e-001 2.400000e+000
      vertex 3.584448e-001 -5.000000e-001 2.524628e+000
      vertex 3.200118e-001 -5.000000e-001 2.354732e+000
    endloop 
  endfacet
  facet normal 1.000000E+000 0.000000E+000 0.000000E+000
    outer loop 
      vertex 5.000000e-001 4.757949e-002 2.131259e+000
      vertex 5.000000e-001 1.198724e-001 2.320939e+000
      vertex 5.000000e-001 -6.780323e-002 2.275444e+000
    endloop 
  endfacet
  facet normal 1.000000E+000 0.000000E+000 0.000000E+000
    outer loop 
      vertex 5.000000e-001 2.174395e-001 2.169014e+000
      vertex 5.000000e-001 1.198724e-001 2.320939e+000
      vertex 5.000000e-001 4.757949e-002 2.131259e+000
    endloop 
  endfacet
  facet normal 0.000000E+000 1.000000E+000 0.000000E+000
    outer loop 
      vertex 2.392504e-001 5.000000e-001 1.118216e+000
      vertex 2.445211e-001 5.000000e-001 9.610302e-001
      vertex 1.053194e-001 5.000000e-001 1.005742e+000
    endloop 
  endfacet
  facet normal -1.000000E+000 0.000000E+000 0.000000E+000
    outer loop 
      vertex -5.000000e-001 5.000000e-001 8.000000e-001
      vertex -5.000000e-001 3.328909e-001 7.042398e-001
      vertex -5.000000e-001 3.552687e-001 8.852488e-001
    endloop 
  endfacet
  facet normal -1.000000E+000 0.000000E+000 0.000000E+000
    outer loop 
      vertex -5.000000e-001 3.552687e-001 8.852488e-001
      vertex -5.000000e-001 3.328909e-001 7.042398e-001
      vertex -5.000000e-001 2.332007e-001 8.300578e-001
    endloop 
  endfacet
  facet normal -1.000000E+000 0.000000E+000 0.000000E+000
    outer loop 
      vertex -5.000000e-001 5.000000e-001 8.000000e-001
      vertex -5.000000e-001 3.552687e-001 8.852488e-001
      vertex -5.000000e-001 5.000000e-001 9.600000e-001
    endloop 
  endfacet
  facet normal -1.000000E+000 0.000000E+000 0.000000E+000
    outer loop 
      vertex -5.000000e-001 3.552687e-001 8.852488e-001
      vertex -5.000000e-001 3.510814e-001 1.064844e+000
      vertex -5.000000e-001 5.000000e-001 9.600000e-001
    endloop 
  endfacet
  facet normal 1.000000E+000 0.000000E+000 0.000000E+000
    outer loop 
      vertex 5.000000e-001 -3.053431e-001 6.750324e-001
      vertex 5.000000e-001 -3.097524e-001 8.802739e-001
      vertex 5.000000e-001 -5.000000e-001 8.000000e-001
    endloop 
  endfacet
  facet normal 1.000000E+000 0.000000E+000 0.000000E+000
    outer loop 
      vertex 5.000000e-001 -3.097524e-001 8.802739e-001
      vertex 5.000000e-001 -1.526328e-001 9.853333e-001
      vertex 5.000000e-001 -3.190760e-001 1.092217e+000
    endloop 
  endfacet
  facet normal 1.000000E+000 0.000000E+000 0.000000E+000
    outer loop 
      vertex 5.000000e-001 -5.000000e-001 9.600000e-001
      vertex 5.000000e-001 -5.000000e-001 8.000000e-001
      vertex 5.000000e-001 -3.097524e-001 8.802739e-001
    endloop 
  endfacet
  facet normal 1.000000E+000 0.000000E+000 0.000000E+000
    outer loop 
      vertex 5.000000e-001 -5.000000e-001 9.600000e-001
      vertex 5.000000e-001 -3.097524e-001 8.802739e-001
      vertex 5.000000e-001 -3.190760e-001 1.092217e+000
    endloop 
  endfacet
  facet normal 0.000000E+000 -1.000000E+000 0.000000E+000
    outer loop 
      vertex -3.370588e-001 -5.000000e-001 3.284660e+000
      vertex -5.000000e-001 -5.000000e-001 3.200000e+000
      vertex -3.541856e-001 -5.000000e-001 3.109941e+000
    endloop 
  endfacet
  facet normal 0.000000E+000 -1.000000E+000 0.000000E+000
    outer loop 
      vertex -2.061958e-001 -5.000000e-001 3.170683e+000
      vertex -3.370588e-001 -5.000000e-001 3.284660e+000
      vertex -3.541856e-001 -5.000000e-001 3.109941e+000
    endloop 
  endfacet
  facet normal 0.000000E+000 -1.000000E+000 0.000000E+000
    outer loop 
      vertex -5.000000e-001 -5.000000e-001 3.200000e+000
      vertex -5.000000e-001 -5.000000e-001 3.040000e+000
      vertex -3.541856e-001 -5.000000e-001 3.109941e+000
    endloop 
  endfacet
  facet normal 1.000000E+000 0.000000E+000 0.000000E+000
    outer loop 
      vertex 5.000000e-001 -3.694027e-001 3.122480e+000
      vertex 5.000000e-001 -5.000000e-001 3.200000e+000
      vertex 5.000000e-001 -5.000000e-001 3.040000e+000
    endloop 
  endfacet
  facet normal 0.000000E+000 -1.000000E+000 0.000000E+000
    outer loop 
      vertex -2.012929e-001 -5.000000e-001 8.614579e-001
      vertex -3.694400e-001 -5.000000e-001 8.019656e-001
      vertex -2.438828e-001 -5.000000e-001 7.167296e-001
    endloop 
  endfacet
  facet normal 0.000000E+000 -1.000000E+000 0.000000E+000
    outer loop 
      vertex -5.000000e-001 -5.000000e-001 9.600000e-001
      vertex -5.000000e-001 -5.000000e-001 8.000000e-001
      vertex -3.694400e-001 -5.000000e-001 8.019656e-001
    endloop 
  endfacet
  facet normal 0.000000E+000 -1.000000E+000 0.000000E+000
    outer loop 
      vertex -5.000000e-001 -5.000000e-001 8.000000e-001
      vertex -5.000000e-001 -5.000000e-001 6.400000e-001
      vertex -3.694400e-001 -5.000000e-001 8.019656e-001
    endloop 
  endfacet
  facet normal 0.000000E+000 1.000000E+000 0.000000E+000
    outer loop 
      vertex 2.278994e-001 5.000000e-001 1.413472e-001
      vertex 1.469054e-001 5.000000e-001 2.818794e-001
      vertex 2.899383e-001 5.000000e-001 2.758581e-001
    endloop 
  endfacet
  facet normal 0.000000E+000 -1.000000E+000 0.000000E+000
    outer loop 
      vertex -1.434738e-001 -5.000000e-001 3.715097e+000
      vertex -2.326187e-001 -5.000000e-001 3.855651e+000
      vertex -3.082301e-001 -5.000000e-001 3.708547e+000
    endloop 
  endfacet
  facet normal 0.000000E+000 -1.000000E+000 0.000000E+000
    outer loop 
      vertex -1.666667e-001 -5.000000e-001 4.000000e+000
      vertex -3.333333e-001 -5.000000e-001 4.000000e+000
      vertex -2.326187e-001 -5.000000e-001 3.855651e+000
    endloop 
  endfacet
  facet normal 1.000000E+000 0.000000E+000 0.000000E+000
    outer loop 
      vertex 5.000000e-001 2.614014e-001 1.496595e-001
      vertex 5.000000e-001 3.593348e-001 3.078829e-001
      vertex 5.000000e-001 2.201689e-001 2.828454e-001
    endloop 
  endfacet
  facet normal 1.000000E+000 0.000000E+000 0.000000E+000
    outer loop 
      vertex 5.000000e-001 3.333333e-001 0.000000e+000
      vertex 5.000000e-001 2.614014e-001 1.496595e-001
      vertex 5.000000e-001 1.666667e-001 0.000000e+000
    endloop 
  endfacet
  facet normal 0.000000E+000 1.000000E+000 0.000000E+000
    outer loop 
      vertex -1.229924e-001 5.000000e-001 1.678872e+000
      vertex -2.039412e-001 5.000000e-001 1.515366e+000
      vertex -2.708856e-001 5.000000e-001 1.641668e+000
    endloop 
  endfacet
  facet normal 0.000000E+000 1.000000E+000 0.000000E+000
    outer loop 
      vertex -2.351317e-001 5.000000e-001 1.785252e+000
      vertex -1.229924e-001 5.000000e-001 1.678872e+000
      vertex -2.708856e-001 5.000000e-001 1.641668e+000
    endloop 
  endfacet
  facet normal 0.000000E+000 1.000000E+000 0.000000E+000
    outer loop 
      vertex -2.708856e-001 5.000000e-001 1.641668e+000
      vertex -3.743395e-001 5.000000e-001 1.546461e+000
      vertex -3.780933e-001 5.000000e-001 1.697378e+000
    endloop 
  endfacet
  facet normal 0.000000E+000 1.000000E+000 0.000000E+000
    outer loop 
      vertex -2.039412e-001 5.000000e-001 1.515366e+000
      vertex -3.743395e-001 5.000000e-001 1.546461e+000
      vertex -2.708856e-001 5.000000e-001 1.641668e+000
    endloop 
  endfacet
  facet normal 0.000000E+000 1.000000E+000 0.000000E+000
    outer loop 
      vertex -2.351317e-001 5.000000e-001 1.785252e+000
      vertex -2.708856e-001 5.000000e-001 1.641668e+000
      vertex -3.780933e-001 5.000000e-001 1.697378e+000
    endloop 
  endfacet
  facet normal -1.000000E+000 0.000000E+000 0.000000E+000
    outer loop 
      vertex -5.000000e-001 -3.097074e-001 9.565610e-001
      vertex -5.000000e-001 -5.000000e-001 9.600000e-001
      vertex -5.000000e-001 -3.377389e-001 1.090923e+000
    endloop 
  endfacet
  facet normal -1.000000E+000 0.000000E+000 0.000000E+000
    outer loop 
      vertex -5.000000e-001 6.640434e-002 1.029705e+000
      vertex -5.000000e-001 -2.475298e-002 8.995698e-001
      vertex -5.000000e-001 -7.937787e-002 1.039945e+000
    endloop 
  endfacet
  facet normal -1.000000E+000 0.000000E+000 0.000000E+000
    outer loop 
      vertex -5.000000e-001 -7.937787e-002 1.039945e+000
      vertex -5.000000e-001 7.753019e-004 1.178571e+000
      vertex -5.000000e-001 6.640434e-002 1.029705e+000
    endloop 
  endfacet
  facet normal 0.000000E+000 -1.000000E+000 0.000000E+000
    outer loop 
      vertex 7.344476e-003 -5.000000e-001 1.066282e+000
      vertex -1.594247e-001 -5.000000e-001 1.017425e+000
      vertex -2.942386e-002 -5.000000e-001 9.076690e-001
    endloop 
  endfacet
  facet normal 0.000000E+000 1.000000E+000 0.000000E+000
    outer loop 
      vertex 1.053194e-001 5.000000e-001 1.005742e+000
      vertex -4.942955e-002 5.000000e-001 9.031673e-001
      vertex -3.095176e-002 5.000000e-001 1.071679e+000
    endloop 
  endfacet
  facet normal -1.000000E+000 0.000000E+000 0.000000E+000
    outer loop 
      vertex -5.000000e-001 -9.340985e-002 3.118904e+000
      vertex -5.000000e-001 -6.041462e-002 2.960061e+000
      vertex -5.000000e-001 -2.704918e-001 3.015447e+000
    endloop 
  endfacet
  facet normal -1.000000E+000 0.000000E+000 0.000000E+000
    outer loop 
      vertex -5.000000e-001 -5.000000e-001 3.040000e+000
      vertex -5.000000e-001 -2.704918e-001 3.015447e+000
      vertex -5.000000e-001 -5.000000e-001 2.880000e+000
    endloop 
  endfacet
  facet normal 0.000000E+000 -1.000000E+000 0.000000E+000
    outer loop 
      vertex 5.219978e-002 -5.000000e-001 2.949971e+000
      vertex 2.088996e-001 -5.000000e-001 2.987918e+000
      vertex 8.493078e-002 -5.000000e-001 3.115098e+000
    endloop 
  endfacet
  facet normal 0.000000E+000 -1.000000E+000 0.000000E+000
    outer loop 
      vertex 2.088996e-001 -5.000000e-001 2.987918e+000
      vertex 2.305696e-001 -5.000000e-001 3.189267e+000
      vertex 8.493078e-002 -5.000000e-001 3.115098e+000
    endloop 
  endfacet
  facet normal 0.000000E+000 1.000000E+000 0.000000E+000
    outer loop 
      vertex -2.189817e-001 5.000000e-001 2.998682e+000
      vertex -1.083594e-001 5.000000e-001 3.136126e+000
      vertex -2.492457e-002 5.000000e-001 2.978027e+000
    endloop 
  endfacet
  facet normal 0.000000E+000 1.000000E+000 0.000000E+000
    outer loop 
      vertex -2.496006e-001 5.000000e-001 3.159374e+000
      vertex -1.083594e-001 5.000000e-001 3.136126e+000
      vertex -2.189817e-001 5.000000e-001 2.998682e+000
    endloop 
  endfacet
  facet normal -1.000000E+000 0.000000E+000 0.000000E+000
    outer loop 
      vertex -5.000000e-001 -2.339170e-001 1.648592e+000
      vertex -5.000000e-001 -7.553232e-002 1.686327e+000
      vertex -5.000000e-001 -1.125959e-001 1.551567e+000
    endloop 
  endfacet
  facet normal -1.000000E+000 0.000000E+000 0.000000E+000
    outer loop 
      vertex -5.000000e-001 -2.339170e-001 1.648592e+000
      vertex -5.000000e-001 -1.125959e-001 1.551567e+000
      vertex -5.000000e-001 -2.509122e-001 1.521549e+000
    endloop 
  endfacet
  facet normal -1.000000E+000 0.000000E+000 0.000000E+000
    outer loop 
      vertex -5.000000e-001 -2.339170e-001 1.648592e+000
      vertex -5.000000e-001 -3.743571e-001 1.561524e+000
      vertex -5.000000e-001 -3.712039e-001 1.699879e+000
    endloop 
  endfacet
  facet normal -1.000000E+000 0.000000E+000 0.000000E+000
    outer loop 
      vertex -5.000000e-001 -3.743571e-001 1.561524e+000
      vertex -5.000000e-001 -2.339170e-001 1.648592e+000
      vertex -5.000000e-001 -2.509122e-001 1.521549e+000
    endloop 
  endfacet
  facet normal -1.000000E+000 0.000000E+000 0.000000E+000
    outer loop 
      vertex -5.000000e-001 -3.712039e-001 1.699879e+000
      vertex -5.000000e-001 -2.282880e-001 1.786853e+000
      vertex -5.000000e-001 -2.339170e-001 1.648592e+000
    endloop 
  endfacet
  facet normal -1.000000E+000 0.000000E+000 0.000000E+000
    outer loop 
      vertex -5.000000e-001 -2.339170e-001 1.648592e+000
      vertex -5.000000e-001 -2.282880e-001 1.786853e+000
      vertex -5.000000e-001 -7.553232e-002 1.686327e+000
    endloop 
  endfacet
  facet normal 1.000000E+000 0.000000E+000 0.000000E+000
    outer loop 
      vertex 5.000000e-001 3.718181e-002 2.955493e+000
      vertex 5.000000e-001 2.107007e-001 2.956204e+000
      vertex 5.000000e-001 1.438296e-001 3.094571e+000
    endloop 
  endfacet
  facet normal 1.000000E+000 0.000000E+000 0.000000E+000
    outer loop 
      vertex 5.000000e-001 -1.165036e-001 3.860319e+000
      vertex 5.000000e-001 -4.298551e-002 3.689905e+000
      vertex 5.000000e-001 6.694616e-002 3.852589e+000
    endloop 
  endfacet
  facet normal 1.000000E+000 0.000000E+000 0.000000E+000
    outer loop 
      vertex 5.000000e-001 0.000000e+000 4.000000e+000
      vertex 5.000000e-001 -1.165036e-001 3.860319e+000
      vertex 5.000000e-001 6.694616e-002 3.852589e+000
    endloop 
  endfacet
  facet normal 1.000000E+000 0.000000E+000 0.000000E+000
    outer loop 
      vertex 5.000000e-001 2.400522e-001 3.871382e+000
      vertex 5.000000e-001 1.666667e-001 4.000000e+000
      vertex 5.000000e-001 6.694616e-002 3.852589e+000
    endloop 
  endfacet
  facet normal 1.000000E+000 0.000000E+000 0.000000E+000
    outer loop 
      vertex 5.000000e-001 2.400522e-001 3.871382e+000
      vertex 5.000000e-001 6.694616e-002 3.852589e+000
      vertex 5.000000e-001 1.677067e-001 3.714365e+000
    endloop 
  endfacet
  facet normal 1.000000E+000 0.000000E+000 0.000000E+000
    outer loop 
      vertex 5.000000e-001 0.000000e+000 4.000000e+000
      vertex 5.000000e-001 6.694616e-002 3.852589e+000
      vertex 5.000000e-001 1.666667e-001 4.000000e+000
    endloop 
  endfacet
  facet normal 1.000000E+000 0.000000E+000 0.000000E+000
    outer loop 
      vertex 5.000000e-001 1.677067e-001 3.714365e+000
      vertex 5.000000e-001 6.694616e-002 3.852589e+000
      vertex 5.000000e-001 -4.298551e-002 3.689905e+000
    endloop 
  endfacet
  facet normal 0.000000E+000 1.000000E+000 0.000000E+000
    outer loop 
      vertex -6.986703e-002 5.000000e-001 3.849748e+000
      vertex 1.110518e-001 5.000000e-001 3.844901e+000
      vertex 1.895931e-002 5.000000e-001 3.681249e+000
    endloop 
  endfacet
  facet normal 0.000000E+000 1.000000E+000 0.000000E+000
    outer loop 
      vertex -6.986703e-002 5.000000e-001 3.849748e+000
      vertex 0.000000e+000 5.000000e-001 4.000000e+000
      vertex 1.110518e-001 5.000000e-001 3.844901e+000
    endloop 
  endfacet
  facet normal 0.000000E+000 1.000000E+000 0.000000E+000
    outer loop 
      vertex -6.986703e-002 5.000000e-001 3.849748e+000
      vertex -2.404891e-001 5.000000e-001 3.871428e+000
      vertex -1.666667e-001 5.000000e-001 4.000000e+000
    endloop 
  endfacet
  facet normal 0.000000E+000 1.000000E+000 0.000000E+000
    outer loop 
      vertex -6.986703e-002 5.000000e-001 3.849748e+000
      vertex -1.749879e-001 5.000000e-001 3.718078e+000
      vertex -2.404891e-001 5.000000e-001 3.871428e+000
    endloop 
  endfacet
  facet normal 0.000000E+000 1.000000E+000 0.000000E+000
    outer loop 
      vertex -1.666667e-001 5.000000e-001 4.000000e+000
      vertex 0.000000e+000 5.000000e-001 4.000000e+000
      vertex -6.986703e-002 5.000000e-001 3.849748e+000
    endloop 
  endfacet
  facet normal 0.000000E+000 1.000000E+000 0.000000E+000
    outer loop 
      vertex -6.986703e-002 5.000000e-001 3.849748e+000
      vertex 1.895931e-002 5.000000e-001 3.681249e+000
      vertex -1.749879e-001 5.000000e-001 3.718078e+000
    endloop 
  endfacet
  facet normal 0.000000E+000 -1.000000E+000 0.000000E+000
    outer loop 
      vertex 1.170084e-001 -5.000000e-001 2.930182e-001
      vertex -4.319885e-002 -5.000000e-001 2.175366e-001
      vertex 1.356677e-001 -5.000000e-001 1.484106e-001
    endloop 
  endfacet
  facet normal 0.000000E+000 -1.000000E+000 0.000000E+000
    outer loop 
      vertex 0.000000e+000 -5.000000e-001 0.000000e+000
      vertex 1.356677e-001 -5.000000e-001 1.484106e-001
      vertex -4.319885e-002 -5.000000e-001 2.175366e-001
    endloop 
  endfacet
  facet normal 0.000000E+000 -1.000000E+000 0.000000E+000
    outer loop 
      vertex 2.499418e-002 -5.000000e-001 4.154605e-001
      vertex -1.438490e-001 -5.000000e-001 4.085986e-001
      vertex -4.319885e-002 -5.000000e-001 2.175366e-001
    endloop 
  endfacet
  facet normal 0.000000E+000 -1.000000E+000 0.000000E+000
    outer loop 
      vertex 2.499418e-002 -5.000000e-001 4.154605e-001
      vertex -4.319885e-002 -5.000000e-001 2.175366e-001
      vertex 1.170084e-001 -5.000000e-001 2.930182e-001
    endloop 
  endfacet
  facet normal 0.000000E+000 -1.000000E+000 0.000000E+000
    outer loop 
      vertex -4.319885e-002 -5.000000e-001 2.175366e-001
      vertex -1.438490e-001 -5.000000e-001 4.085986e-001
      vertex -2.233994e-001 -5.000000e-001 1.928710e-001
    endloop 
  endfacet
  facet normal 0.000000E+000 -1.000000E+000 0.000000E+000
    outer loop 
      vertex -2.233994e-001 -5.000000e-001 1.928710e-001
      vertex -1.666667e-001 -5.000000e-001 0.000000e+000
      vertex -4.319885e-002 -5.000000e-001 2.175366e-001
    endloop 
  endfacet
  facet normal 0.000000E+000 -1.000000E+000 0.000000E+000
    outer loop 
      vertex -4.319885e-002 -5.000000e-001 2.175366e-001
      vertex -1.666667e-001 -5.000000e-001 0.000000e+000
      vertex 0.000000e+000 -5.000000e-001 0.000000e+000
    endloop 
  endfacet
  facet normal 0.000000E+000 -1.000000E+000 0.000000E+000
    outer loop 
      vertex 7.824622e-002 -5.000000e-001 3.853566e+000
      vertex 2.207905e-001 -5.000000e-001 3.859770e+000
      vertex 1.666667e-001 -5.000000e-001 4.000000e+000
    endloop 
  endfacet
  facet normal 0.000000E+000 -1.000000E+000 0.000000E+000
    outer loop 
      vertex 0.000000e+000 -5.000000e-001 4.000000e+000
      vertex 7.824622e-002 -5.000000e-001 3.853566e+000
      vertex 1.666667e-001 -5.000000e-001 4.000000e+000
    endloop 
  endfacet
  facet normal 0.000000E+000 1.000000E+000 0.000000E+000
    outer loop 
      vertex 6.103686e-002 5.000000e-001 1.478959e-001
      vertex -1.421424e-001 5.000000e-001 1.641926e-001
      vertex -2.014727e-002 5.000000e-001 2.991194e-001
    endloop 
  endfacet
  facet normal 0.000000E+000 1.000000E+000 0.000000E+000
    outer loop 
      vertex 6.103686e-002 5.000000e-001 1.478959e-001
      vertex 0.000000e+000 5.000000e-001 0.000000e+000
      vertex -1.421424e-001 5.000000e-001 1.641926e-001
    endloop 
  endfacet
  facet normal 0.000000E+000 1.000000E+000 0.000000E+000
    outer loop 
      vertex 1.666667e-001 5.000000e-001 0.000000e+000
      vertex 6.103686e-002 5.000000e-001 1.478959e-001
      vertex 2.278994e-001 5.000000e-001 1.413472e-001
    endloop 
  endfacet
  facet normal 0.000000E+000 1.000000E+000 0.000000E+000
    outer loop 
      vertex 2.278994e-001 5.000000e-001 1.413472e-001
      vertex 6.103686e-002 5.000000e-001 1.478959e-001
      vertex 1.469054e-001 5.000000e-001 2.818794e-001
    endloop 
  endfacet
  facet normal 0.000000E+000 1.000000E+000 0.000000E+000
    outer loop 
      vertex 6.103686e-002 5.000000e-001 1.478959e-001
      vertex 1.666667e-001 5.000000e-001 0.000000e+000
      vertex 0.000000e+000 5.000000e-001 0.000000e+000
    endloop 
  endfacet
  facet normal 0.000000E+000 1.000000E+000 0.000000E+000
    outer loop 
      vertex 6.103686e-002 5.000000e-001 1.478959e-001
      vertex -2.014727e-002 5.000000e-001 2.991194e-001
      vertex 1.469054e-001 5.000000e-001 2.818794e-001
    endloop 
  endfacet
  facet normal -1.000000E+000 0.000000E+000 0.000000E+000
    outer loop 
      vertex -5.000000e-001 1.666667e-001 0.000000e+000
      vertex -5.000000e-001 6.875802e-002 1.374267e-001
      vertex -5.000000e-001 2.281912e-001 1.076676e-001
    endloop 
  endfacet
  facet normal -1.000000E+000 0.000000E+000 0.000000E+000
    outer loop 
      vertex -5.000000e-001 1.666667e-001 0.000000e+000
      vertex -5.000000e-001 0.000000e+000 0.000000e+000
      vertex -5.000000e-001 6.875802e-002 1.374267e-001
    endloop 
  endfacet
  facet normal 1.000000E+000 0.000000E+000 0.000000E+000
    outer loop 
      vertex 5.000000e-001 -4.498129e-002 2.236180e-001
      vertex 5.000000e-001 -1.666667e-001 0.000000e+000
      vertex 5.000000e-001 0.000000e+000 0.000000e+000
    endloop 
  endfacet
  facet normal -1.000000E+000 0.000000E+000 0.000000E+000
    outer loop 
      vertex -5.000000e-001 -6.347647e-002 3.854786e+000
      vertex -5.000000e-001 -1.666667e-001 4.000000e+000
      vertex -5.000000e-001 0.000000e+000 4.000000e+000
    endloop 
  endfacet
  facet normal 0.000000E+000 -1.000000E+000 0.000000E+000
    outer loop 
      vertex 1.666667e-001 -5.000000e-001 4.000000e+000
      vertex 2.207905e-001 -5.000000e-001 3.859770e+000
      vertex 3.333333e-001 -5.000000e-001 4.000000e+000
    endloop 
  endfacet
  facet normal 0.000000E+000 -1.000000E+000 0.000000E+000
    outer loop 
      vertex 4.787361e-002 -5.000000e-001 2.492851e+000
      vertex 1.492748e-001 -5.000000e-001 2.346208e+000
      vertex 2.055031e-001 -5.000000e-001 2.514080e+000
    endloop 
  endfacet
  facet normal 0.000000E+000 -1.000000E+000 0.000000E+000
    outer loop 
      vertex 1.492748e-001 -5.000000e-001 2.346208e+000
      vertex 4.787361e-002 -5.000000e-001 2.492851e+000
      vertex -1.268139e-002 -5.000000e-001 2.327652e+000
    endloop 
  endfacet
  facet normal 0.000000E+000 -1.000000E+000 0.000000E+000
    outer loop 
      vertex 4.787361e-002 -5.000000e-001 2.492851e+000
      vertex 2.055031e-001 -5.000000e-001 2.514080e+000
      vertex 9.770915e-002 -5.000000e-001 2.654585e+000
    endloop 
  endfacet
  facet normal 0.000000E+000 -1.000000E+000 0.000000E+000
    outer loop 
      vertex 4.787361e-002 -5.000000e-001 2.492851e+000
      vertex -1.130004e-001 -5.000000e-001 2.467691e+000
      vertex -1.268139e-002 -5.000000e-001 2.327652e+000
    endloop 
  endfacet
  facet normal 0.000000E+000 1.000000E+000 0.000000E+000
    outer loop 
      vertex -1.666667e-001 5.000000e-001 0.000000e+000
      vertex -1.421424e-001 5.000000e-001 1.641926e-001
      vertex 0.000000e+000 5.000000e-001 0.000000e+000
    endloop 
  endfacet
  facet normal 0.000000E+000 1.000000E+000 0.000000E+000
    outer loop 
      vertex -1.421424e-001 5.000000e-001 1.641926e-001
      vertex -1.878244e-001 5.000000e-001 3.492534e-001
      vertex -2.014727e-002 5.000000e-001 2.991194e-001
    endloop 
  endfacet
  facet normal 0.000000E+000 -1.000000E+000 0.000000E+000
    outer loop 
      vertex 1.666667e-001 -5.000000e-001 0.000000e+000
      vertex 1.356677e-001 -5.000000e-001 1.484106e-001
      vertex 0.000000e+000 -5.000000e-001 0.000000e+000
    endloop 
  endfacet
  facet normal -1.000000E+000 0.000000E+000 0.000000E+000
    outer loop 
      vertex -5.000000e-001 2.281912e-001 1.076676e-001
      vertex -5.000000e-001 3.333333e-001 0.000000e+000
      vertex -5.000000e-001 1.666667e-001 0.000000e+000
    endloop 
  endfacet
  facet normal 1.000000E+000 0.000000E+000 0.000000E+000
    outer loop 
      vertex 5.000000e-001 -3.368102e-001 1.032894e-001
      vertex 5.000000e-001 -5.000000e-001 1.600000e-001
      vertex 5.000000e-001 -5.000000e-001 0.000000e+000
    endloop 
  endfacet
  facet normal 1.000000E+000 0.000000E+000 0.000000E+000
    outer loop 
      vertex 5.000000e-001 -3.333333e-001 0.000000e+000
      vertex 5.000000e-001 -1.666667e-001 0.000000e+000
      vertex 5.000000e-001 -3.368102e-001 1.032894e-001
    endloop 
  endfacet
  facet normal 1.000000E+000 0.000000E+000 0.000000E+000
    outer loop 
      vertex 5.000000e-001 -3.368102e-001 1.032894e-001
      vertex 5.000000e-001 -5.000000e-001 0.000000e+000
      vertex 5.000000e-001 -3.333333e-001 0.000000e+000
    endloop 
  endfacet
  facet normal 0.000000E+000 1.000000E+000 0.000000E+000
    outer loop 
      vertex 1.666667e-001 5.000000e-001 4.000000e+000
      vertex 1.110518e-001 5.000000e-001 3.844901e+000
      vertex 0.000000e+000 5.000000e-001 4.000000e+000
    endloop 
  endfacet
  facet normal 0.000000E+000 1.000000E+000 0.000000E+000
    outer loop 
      vertex 1.110518e-001 5.000000e-001 3.844901e+000
      vertex 2.222128e-001 5.000000e-001 3.714385e+000
      vertex 1.895931e-002 5.000000e-001 3.681249e+000
    endloop 
  endfacet
  facet normal 1.000000E+000 0.000000E+000 0.000000E+000
    outer loop 
      vertex 5.000000e-001 -1.165036e-001 3.860319e+000
      vertex 5.000000e-001 0.000000e+000 4.000000e+000
      vertex 5.000000e-001 -1.666667e-001 4.000000e+000
    endloop 
  endfacet
  facet normal 0.000000E+000 1.000000E+000 0.000000E+000
    outer loop 
      vertex 9.770484e-002 5.000000e-001 2.365881e+000
      vertex -2.520099e-002 5.000000e-001 2.455062e+000
      vertex 1.176974e-001 5.000000e-001 2.554224e+000
    endloop 
  endfacet
  facet normal 0.000000E+000 1.000000E+000 0.000000E+000
    outer loop 
      vertex 9.770484e-002 5.000000e-001 2.365881e+000
      vertex -1.102313e-001 5.000000e-001 2.295839e+000
      vertex -2.520099e-002 5.000000e-001 2.455062e+000
    endloop 
  endfacet
  facet normal -1.000000E+000 0.000000E+000 0.000000E+000
    outer loop 
      vertex -5.000000e-001 1.025569e-001 2.194905e+000
      vertex -5.000000e-001 -5.034435e-002 2.133886e+000
      vertex -5.000000e-001 -9.837710e-002 2.280353e+000
    endloop 
  endfacet
  facet normal -1.000000E+000 0.000000E+000 0.000000E+000
    outer loop 
      vertex -5.000000e-001 1.025569e-001 2.194905e+000
      vertex -5.000000e-001 -9.837710e-002 2.280353e+000
      vertex -5.000000e-001 1.788290e-002 2.384342e+000
    endloop 
  endfacet
  facet normal -1.000000E+000 0.000000E+000 0.000000E+000
    outer loop 
      vertex -5.000000e-001 -2.143354e-001 2.145489e+000
      vertex -5.000000e-001 -9.837710e-002 2.280353e+000
      vertex -5.000000e-001 -5.034435e-002 2.133886e+000
    endloop 
  endfacet
  facet normal -1.000000E+000 0.000000E+000 0.000000E+000
    outer loop 
      vertex -5.000000e-001 -9.837710e-002 2.280353e+000
      vertex -5.000000e-001 -2.143354e-001 2.145489e+000
      vertex -5.000000e-001 -2.791504e-001 2.368074e+000
    endloop 
  endfacet
  facet normal -1.000000E+000 0.000000E+000 0.000000E+000
    outer loop 
      vertex -5.000000e-001 -3.224233e-001 2.712317e+000
      vertex -5.000000e-001 -1.277131e-001 2.689176e+000
      vertex -5.000000e-001 -2.138302e-001 2.552905e+000
    endloop 
  endfacet
  facet normal -1.000000E+000 0.000000E+000 0.000000E+000
    outer loop 
      vertex -5.000000e-001 6.629118e-002 1.549657e+000
      vertex -5.000000e-001 -4.905241e-002 1.435744e+000
      vertex -5.000000e-001 -1.125959e-001 1.551567e+000
    endloop 
  endfacet
  facet normal -1.000000E+000 0.000000E+000 0.000000E+000
    outer loop 
      vertex -5.000000e-001 -7.553232e-002 1.686327e+000
      vertex -5.000000e-001 6.629118e-002 1.549657e+000
      vertex -5.000000e-001 -1.125959e-001 1.551567e+000
    endloop 
  endfacet
  facet normal -1.000000E+000 0.000000E+000 0.000000E+000
    outer loop 
      vertex -5.000000e-001 6.629118e-002 1.549657e+000
      vertex -5.000000e-001 2.377117e-001 1.430966e+000
      vertex -5.000000e-001 7.133766e-002 1.346346e+000
    endloop 
  endfacet
  facet normal -1.000000E+000 0.000000E+000 0.000000E+000
    outer loop 
      vertex -5.000000e-001 -4.905241e-002 1.435744e+000
      vertex -5.000000e-001 6.629118e-002 1.549657e+000
      vertex -5.000000e-001 7.133766e-002 1.346346e+000
    endloop 
  endfacet
  facet normal -1.000000E+000 0.000000E+000 0.000000E+000
    outer loop 
      vertex -5.000000e-001 6.312735e-002 1.732703e+000
      vertex -5.000000e-001 6.629118e-002 1.549657e+000
      vertex -5.000000e-001 -7.553232e-002 1.686327e+000
    endloop 
  endfacet
  facet normal -1.000000E+000 0.000000E+000 0.000000E+000
    outer loop 
      vertex -5.000000e-001 -6.041462e-002 2.960061e+000
      vertex -5.000000e-001 -9.340985e-002 3.118904e+000
      vertex -5.000000e-001 5.655967e-002 3.078902e+000
    endloop 
  endfacet
  facet normal 0.000000E+000 -1.000000E+000 0.000000E+000
    outer loop 
      vertex 5.219978e-002 -5.000000e-001 2.949971e+000
      vertex 8.493078e-002 -5.000000e-001 3.115098e+000
      vertex -6.981275e-002 -5.000000e-001 3.065153e+000
    endloop 
  endfacet
  facet normal 1.000000E+000 0.000000E+000 0.000000E+000
    outer loop 
      vertex 5.000000e-001 3.718181e-002 2.955493e+000
      vertex 5.000000e-001 -1.216744e-001 2.919787e+000
      vertex 5.000000e-001 -9.332971e-003 2.814281e+000
    endloop 
  endfacet
  facet normal 0.000000E+000 1.000000E+000 0.000000E+000
    outer loop 
      vertex 1.147591e-001 5.000000e-001 2.887733e+000
      vertex -7.992368e-003 5.000000e-001 2.791245e+000
      vertex -2.492457e-002 5.000000e-001 2.978027e+000
    endloop 
  endfacet
  facet normal 1.000000E+000 0.000000E+000 0.000000E+000
    outer loop 
      vertex 5.000000e-001 3.043787e-001 3.570755e+000
      vertex 5.000000e-001 9.801944e-002 3.551436e+000
      vertex 5.000000e-001 1.851981e-001 3.397635e+000
    endloop 
  endfacet
  facet normal 1.000000E+000 0.000000E+000 0.000000E+000
    outer loop 
      vertex 5.000000e-001 9.801944e-002 3.551436e+000
      vertex 5.000000e-001 3.043787e-001 3.570755e+000
      vertex 5.000000e-001 1.677067e-001 3.714365e+000
    endloop 
  endfacet
  facet normal 1.000000E+000 0.000000E+000 0.000000E+000
    outer loop 
      vertex 5.000000e-001 3.043787e-001 3.570755e+000
      vertex 5.000000e-001 5.000000e-001 3.520000e+000
      vertex 5.000000e-001 5.000000e-001 3.680000e+000
    endloop 
  endfacet
  facet normal 0.000000E+000 1.000000E+000 0.000000E+000
    outer loop 
      vertex -1.402203e-001 5.000000e-001 3.564080e+000
      vertex -2.242852e-001 5.000000e-001 3.451975e+000
      vertex -3.184568e-001 5.000000e-001 3.584193e+000
    endloop 
  endfacet
  facet normal 0.000000E+000 1.000000E+000 0.000000E+000
    outer loop 
      vertex -1.749879e-001 5.000000e-001 3.718078e+000
      vertex -1.402203e-001 5.000000e-001 3.564080e+000
      vertex -3.184568e-001 5.000000e-001 3.584193e+000
    endloop 
  endfacet
  facet normal 0.000000E+000 1.000000E+000 0.000000E+000
    outer loop 
      vertex -5.000000e-001 5.000000e-001 3.520000e+000
      vertex -5.000000e-001 5.000000e-001 3.680000e+000
      vertex -3.184568e-001 5.000000e-001 3.584193e+000
    endloop 
  endfacet
  facet normal 0.000000E+000 -1.000000E+000 0.000000E+000
    outer loop 
      vertex -1.438490e-001 -5.000000e-001 4.085986e-001
      vertex -3.372363e-001 -5.000000e-001 3.414758e-001
      vertex -2.233994e-001 -5.000000e-001 1.928710e-001
    endloop 
  endfacet
  facet normal 0.000000E+000 -1.000000E+000 0.000000E+000
    outer loop 
      vertex -3.372363e-001 -5.000000e-001 3.414758e-001
      vertex -5.000000e-001 -5.000000e-001 4.800000e-001
      vertex -5.000000e-001 -5.000000e-001 3.200000e-001
    endloop 
  endfacet
  facet normal -1.000000E+000 0.000000E+000 0.000000E+000
    outer loop 
      vertex -5.000000e-001 6.312735e-002 1.732703e+000
      vertex -5.000000e-001 3.160265e-002 1.882426e+000
      vertex -5.000000e-001 1.709861e-001 1.851495e+000
    endloop 
  endfacet
  facet normal 1.000000E+000 0.000000E+000 0.000000E+000
    outer loop 
      vertex 5.000000e-001 -1.072281e-001 1.775615e+000
      vertex 5.000000e-001 -2.970028e-002 1.594841e+000
      vertex 5.000000e-001 6.598508e-002 1.782169e+000
    endloop 
  endfacet
  facet normal 1.000000E+000 0.000000E+000 0.000000E+000
    outer loop 
      vertex 5.000000e-001 -2.676623e-002 1.953847e+000
      vertex 5.000000e-001 -1.072281e-001 1.775615e+000
      vertex 5.000000e-001 6.598508e-002 1.782169e+000
    endloop 
  endfacet
  facet normal 1.000000E+000 0.000000E+000 0.000000E+000
    outer loop 
      vertex 5.000000e-001 -2.539296e-001 1.800956e+000
      vertex 5.000000e-001 -1.072281e-001 1.775615e+000
      vertex 5.000000e-001 -1.993262e-001 1.938930e+000
    endloop 
  endfacet
  facet normal 1.000000E+000 0.000000E+000 0.000000E+000
    outer loop 
      vertex 5.000000e-001 -1.072281e-001 1.775615e+000
      vertex 5.000000e-001 -2.676623e-002 1.953847e+000
      vertex 5.000000e-001 -1.993262e-001 1.938930e+000
    endloop 
  endfacet
  facet normal 1.000000E+000 0.000000E+000 0.000000E+000
    outer loop 
      vertex 5.000000e-001 -2.539296e-001 1.800956e+000
      vertex 5.000000e-001 -2.192632e-001 1.614563e+000
      vertex 5.000000e-001 -1.072281e-001 1.775615e+000
    endloop 
  endfacet
  facet normal 1.000000E+000 0.000000E+000 0.000000E+000
    outer loop 
      vertex 5.000000e-001 -1.072281e-001 1.775615e+000
      vertex 5.000000e-001 -2.192632e-001 1.614563e+000
      vertex 5.000000e-001 -2.970028e-002 1.594841e+000
    endloop 
  endfacet
  facet normal 0.000000E+000 -1.000000E+000 0.000000E+000
    outer loop 
      vertex 1.250983e-002 -5.000000e-001 3.710860e+000
      vertex -4.843269e-002 -5.000000e-001 3.579347e+000
      vertex 1.093443e-001 -5.000000e-001 3.569057e+000
    endloop 
  endfacet
  facet normal 0.000000E+000 -1.000000E+000 0.000000E+000
    outer loop 
      vertex 2.499418e-002 -5.000000e-001 4.154605e-001
      vertex -3.196946e-003 -5.000000e-001 5.991769e-001
      vertex -1.438490e-001 -5.000000e-001 4.085986e-001
    endloop 
  endfacet
  facet normal 0.000000E+000 1.000000E+000 0.000000E+000
    outer loop 
      vertex 8.276694e-002 5.000000e-001 4.121143e-001
      vertex -2.014727e-002 5.000000e-001 2.991194e-001
      vertex -5.644170e-002 5.000000e-001 4.637570e-001
    endloop 
  endfacet
  facet normal 0.000000E+000 1.000000E+000 0.000000E+000
    outer loop 
      vertex -2.014727e-002 5.000000e-001 2.991194e-001
      vertex -1.878244e-001 5.000000e-001 3.492534e-001
      vertex -5.644170e-002 5.000000e-001 4.637570e-001
    endloop 
  endfacet
  facet normal -1.000000E+000 0.000000E+000 0.000000E+000
    outer loop 
      vertex -5.000000e-001 5.000000e-001 3.200000e+000
      vertex -5.000000e-001 3.301527e-001 3.282884e+000
      vertex -5.000000e-001 5.000000e-001 3.360000e+000
    endloop 
  endfacet
  facet normal 1.000000E+000 0.000000E+000 0.000000E+000
    outer loop 
      vertex 5.000000e-001 -3.661161e-001 3.471200e+000
      vertex 5.000000e-001 -5.000000e-001 3.520000e+000
      vertex 5.000000e-001 -5.000000e-001 3.360000e+000
    endloop 
  endfacet
  facet normal 0.000000E+000 1.000000E+000 0.000000E+000
    outer loop 
      vertex 5.000000e-001 5.000000e-001 3.360000e+000
      vertex 5.000000e-001 5.000000e-001 3.200000e+000
      vertex 3.645570e-001 5.000000e-001 3.244925e+000
    endloop 
  endfacet
  facet normal 0.000000E+000 -1.000000E+000 0.000000E+000
    outer loop 
      vertex -5.000000e-001 -5.000000e-001 3.360000e+000
      vertex -5.000000e-001 -5.000000e-001 3.200000e+000
      vertex -3.370588e-001 -5.000000e-001 3.284660e+000
    endloop 
  endfacet
  facet normal 1.000000E+000 0.000000E+000 0.000000E+000
    outer loop 
      vertex 5.000000e-001 -5.000000e-001 8.000000e-001
      vertex 5.000000e-001 -5.000000e-001 6.400000e-001
      vertex 5.000000e-001 -3.053431e-001 6.750324e-001
    endloop 
  endfacet
  facet normal -1.000000E+000 0.000000E+000 0.000000E+000
    outer loop 
      vertex -5.000000e-001 -1.112091e-001 7.767376e-001
      vertex -5.000000e-001 -1.583904e-001 9.220028e-001
      vertex -5.000000e-001 -2.475298e-002 8.995698e-001
    endloop 
  endfacet
  facet normal -1.000000E+000 0.000000E+000 0.000000E+000
    outer loop 
      vertex -5.000000e-001 -1.583904e-001 9.220028e-001
      vertex -5.000000e-001 -1.112091e-001 7.767376e-001
      vertex -5.000000e-001 -2.606069e-001 8.235769e-001
    endloop 
  endfacet
  facet normal -1.000000E+000 0.000000E+000 0.000000E+000
    outer loop 
      vertex -5.000000e-001 -2.036930e-001 1.036600e+000
      vertex -5.000000e-001 -1.583904e-001 9.220028e-001
      vertex -5.000000e-001 -3.097074e-001 9.565610e-001
    endloop 
  endfacet
  facet normal -1.000000E+000 0.000000E+000 0.000000E+000
    outer loop 
      vertex -5.000000e-001 -7.937787e-002 1.039945e+000
      vertex -5.000000e-001 -1.583904e-001 9.220028e-001
      vertex -5.000000e-001 -2.036930e-001 1.036600e+000
    endloop 
  endfacet
  facet normal -1.000000E+000 0.000000E+000 0.000000E+000
    outer loop 
      vertex -5.000000e-001 -1.583904e-001 9.220028e-001
      vertex -5.000000e-001 -2.606069e-001 8.235769e-001
      vertex -5.000000e-001 -3.097074e-001 9.565610e-001
    endloop 
  endfacet
  facet normal -1.000000E+000 0.000000E+000 0.000000E+000
    outer loop 
      vertex -5.000000e-001 -2.475298e-002 8.995698e-001
      vertex -5.000000e-001 -1.583904e-001 9.220028e-001
      vertex -5.000000e-001 -7.937787e-002 1.039945e+000
    endloop 
  endfacet
  facet normal -1.000000E+000 0.000000E+000 0.000000E+000
    outer loop 
      vertex -5.000000e-001 -3.628401e-001 3.456008e+000
      vertex -5.000000e-001 -3.704506e-001 3.610350e+000
      vertex -5.000000e-001 -2.181893e-001 3.560645e+000
    endloop 
  endfacet
  facet normal -1.000000E+000 0.000000E+000 0.000000E+000
    outer loop 
      vertex -5.000000e-001 -3.628401e-001 3.456008e+000
      vertex -5.000000e-001 -5.000000e-001 3.520000e+000
      vertex -5.000000e-001 -3.704506e-001 3.610350e+000
    endloop 
  endfacet
  facet normal -1.000000E+000 0.000000E+000 0.000000E+000
    outer loop 
      vertex -5.000000e-001 -5.000000e-001 3.680000e+000
      vertex -5.000000e-001 -3.961944e-001 3.741765e+000
      vertex -5.000000e-001 -3.704506e-001 3.610350e+000
    endloop 
  endfacet
  facet normal -1.000000E+000 0.000000E+000 0.000000E+000
    outer loop 
      vertex -5.000000e-001 -3.704506e-001 3.610350e+000
      vertex -5.000000e-001 -3.961944e-001 3.741765e+000
      vertex -5.000000e-001 -2.731275e-001 3.721151e+000
    endloop 
  endfacet
  facet normal -1.000000E+000 0.000000E+000 0.000000E+000
    outer loop 
      vertex -5.000000e-001 -3.704506e-001 3.610350e+000
      vertex -5.000000e-001 -2.731275e-001 3.721151e+000
      vertex -5.000000e-001 -2.181893e-001 3.560645e+000
    endloop 
  endfacet
  facet normal -1.000000E+000 0.000000E+000 0.000000E+000
    outer loop 
      vertex -5.000000e-001 -5.000000e-001 3.520000e+000
      vertex -5.000000e-001 -5.000000e-001 3.680000e+000
      vertex -5.000000e-001 -3.704506e-001 3.610350e+000
    endloop 
  endfacet
  facet normal -1.000000E+000 0.000000E+000 0.000000E+000
    outer loop 
      vertex -5.000000e-001 3.328909e-001 7.042398e-001
      vertex -5.000000e-001 5.000000e-001 8.000000e-001
      vertex -5.000000e-001 5.000000e-001 6.400000e-001
    endloop 
  endfacet
  facet normal 0.000000E+000 1.000000E+000 0.000000E+000
    outer loop 
      vertex 5.997486e-004 5.000000e-001 2.623147e+000
      vertex 1.176974e-001 5.000000e-001 2.554224e+000
      vertex -2.520099e-002 5.000000e-001 2.455062e+000
    endloop 
  endfacet
  facet normal 1.000000E+000 0.000000E+000 0.000000E+000
    outer loop 
      vertex 5.000000e-001 4.549205e-002 2.652532e+000
      vertex 5.000000e-001 -1.365903e-001 2.584072e+000
      vertex 5.000000e-001 -8.467060e-004 2.462420e+000
    endloop 
  endfacet
  facet normal 0.000000E+000 1.000000E+000 0.000000E+000
    outer loop 
      vertex -7.992368e-003 5.000000e-001 2.791245e+000
      vertex 5.997486e-004 5.000000e-001 2.623147e+000
      vertex -1.271909e-001 5.000000e-001 2.687973e+000
    endloop 
  endfacet
  facet normal -1.000000E+000 0.000000E+000 0.000000E+000
    outer loop 
      vertex -5.000000e-001 -3.633654e-001 4.303842e-001
      vertex -5.000000e-001 -3.183151e-001 2.432258e-001
      vertex -5.000000e-001 -5.000000e-001 3.200000e-001
    endloop 
  endfacet
  facet normal -1.000000E+000 0.000000E+000 0.000000E+000
    outer loop 
      vertex -5.000000e-001 -5.000000e-001 1.600000e-001
      vertex -5.000000e-001 -3.183151e-001 2.432258e-001
      vertex -5.000000e-001 -3.333333e-001 0.000000e+000
    endloop 
  endfacet
  facet normal -1.000000E+000 0.000000E+000 0.000000E+000
    outer loop 
      vertex -5.000000e-001 -5.000000e-001 1.600000e-001
      vertex -5.000000e-001 -5.000000e-001 3.200000e-001
      vertex -5.000000e-001 -3.183151e-001 2.432258e-001
    endloop 
  endfacet
  facet normal 0.000000E+000 -1.000000E+000 0.000000E+000
    outer loop 
      vertex -5.000000e-001 -5.000000e-001 3.680000e+000
      vertex -3.611074e-001 -5.000000e-001 3.564930e+000
      vertex -3.082301e-001 -5.000000e-001 3.708547e+000
    endloop 
  endfacet
  facet normal 0.000000E+000 1.000000E+000 0.000000E+000
    outer loop 
      vertex -1.666667e-001 5.000000e-001 4.000000e+000
      vertex -2.404891e-001 5.000000e-001 3.871428e+000
      vertex -3.333333e-001 5.000000e-001 4.000000e+000
    endloop 
  endfacet
  facet normal 0.000000E+000 1.000000E+000 0.000000E+000
    outer loop 
      vertex 3.083631e-002 5.000000e-001 7.374318e-001
      vertex -1.102379e-001 5.000000e-001 7.559484e-001
      vertex -4.942955e-002 5.000000e-001 9.031673e-001
    endloop 
  endfacet
  facet normal 0.000000E+000 1.000000E+000 0.000000E+000
    outer loop 
      vertex 3.083631e-002 5.000000e-001 7.374318e-001
      vertex -7.581465e-002 5.000000e-001 6.160786e-001
      vertex -1.102379e-001 5.000000e-001 7.559484e-001
    endloop 
  endfacet
  facet normal 0.000000E+000 1.000000E+000 0.000000E+000
    outer loop 
      vertex -1.102379e-001 5.000000e-001 7.559484e-001
      vertex -2.311290e-001 5.000000e-001 6.770320e-001
      vertex -2.141920e-001 5.000000e-001 8.365061e-001
    endloop 
  endfacet
  facet normal 0.000000E+000 1.000000E+000 0.000000E+000
    outer loop 
      vertex -2.311290e-001 5.000000e-001 6.770320e-001
      vertex -1.102379e-001 5.000000e-001 7.559484e-001
      vertex -7.581465e-002 5.000000e-001 6.160786e-001
    endloop 
  endfacet
  facet normal 0.000000E+000 1.000000E+000 0.000000E+000
    outer loop 
      vertex -1.102379e-001 5.000000e-001 7.559484e-001
      vertex -2.141920e-001 5.000000e-001 8.365061e-001
      vertex -4.942955e-002 5.000000e-001 9.031673e-001
    endloop 
  endfacet
  facet normal 1.000000E+000 0.000000E+000 0.000000E+000
    outer loop 
      vertex 5.000000e-001 3.333333e-001 4.000000e+000
      vertex 5.000000e-001 1.666667e-001 4.000000e+000
      vertex 5.000000e-001 2.400522e-001 3.871382e+000
    endloop 
  endfacet
  facet normal 0.000000E+000 -1.000000E+000 0.000000E+000
    outer loop 
      vertex -3.333333e-001 -5.000000e-001 0.000000e+000
      vertex -1.666667e-001 -5.000000e-001 0.000000e+000
      vertex -2.233994e-001 -5.000000e-001 1.928710e-001
    endloop 
  endfacet
  facet normal 0.000000E+000 1.000000E+000 0.000000E+000
    outer loop 
      vertex 1.666667e-001 5.000000e-001 0.000000e+000
      vertex 2.278994e-001 5.000000e-001 1.413472e-001
      vertex 3.333333e-001 5.000000e-001 0.000000e+000
    endloop 
  endfacet
  facet normal 0.000000E+000 0.000000E+000 1.000000E+000
    outer loop 
      vertex 2.330940e-001 2.108920e-001 4.000000e+000
      vertex 8.326934e-002 1.311232e-001 4.000000e+000
      vertex 2.374126e-001 4.549384e-002 4.000000e+000
    endloop 
  endfacet
  facet normal 0.000000E+000 1.000000E+000 0.000000E+000
    outer loop 
      vertex -1.271909e-001 5.000000e-001 2.687973e+000
      vertex -1.140096e-001 5.000000e-001 2.551571e+000
      vertex -2.383740e-001 5.000000e-001 2.586326e+000
    endloop 
  endfacet
  facet normal 0.000000E+000 1.000000E+000 0.000000E+000
    outer loop 
      vertex 5.997486e-004 5.000000e-001 2.623147e+000
      vertex -1.140096e-001 5.000000e-001 2.551571e+000
      vertex -1.271909e-001 5.000000e-001 2.687973e+000
    endloop 
  endfacet
  facet normal 0.000000E+000 1.000000E+000 0.000000E+000
    outer loop 
      vertex -1.140096e-001 5.000000e-001 2.551571e+000
      vertex -1.915684e-001 5.000000e-001 2.445087e+000
      vertex -2.383740e-001 5.000000e-001 2.586326e+000
    endloop 
  endfacet
  facet normal 0.000000E+000 1.000000E+000 0.000000E+000
    outer loop 
      vertex -1.140096e-001 5.000000e-001 2.551571e+000
      vertex -2.520099e-002 5.000000e-001 2.455062e+000
      vertex -1.915684e-001 5.000000e-001 2.445087e+000
    endloop 
  endfacet
  facet normal 0.000000E+000 1.000000E+000 0.000000E+000
    outer loop 
      vertex 5.997486e-004 5.000000e-001 2.623147e+000
      vertex -2.520099e-002 5.000000e-001 2.455062e+000
      vertex -1.140096e-001 5.000000e-001 2.551571e+000
    endloop 
  endfacet
  facet normal 1.000000E+000 0.000000E+000 0.000000E+000
    outer loop 
      vertex 5.000000e-001 -8.063591e-002 3.492407e+000
      vertex 5.000000e-001 9.801944e-002 3.551436e+000
      vertex 5.000000e-001 -4.298551e-002 3.689905e+000
    endloop 
  endfacet
  facet normal 1.000000E+000 0.000000E+000 0.000000E+000
    outer loop 
      vertex 5.000000e-001 -8.063591e-002 3.492407e+000
      vertex 5.000000e-001 3.046269e-002 3.392289e+000
      vertex 5.000000e-001 9.801944e-002 3.551436e+000
    endloop 
  endfacet
  facet normal 0.000000E+000 1.000000E+000 0.000000E+000
    outer loop 
      vertex -1.402203e-001 5.000000e-001 3.564080e+000
      vertex 1.895931e-002 5.000000e-001 3.681249e+000
      vertex -2.798190e-003 5.000000e-001 3.519895e+000
    endloop 
  endfacet
  facet normal -1.000000E+000 0.000000E+000 0.000000E+000
    outer loop 
      vertex -5.000000e-001 -5.000000e-001 4.800000e-001
      vertex -5.000000e-001 -3.633654e-001 4.303842e-001
      vertex -5.000000e-001 -5.000000e-001 3.200000e-001
    endloop 
  endfacet
  facet normal 1.000000E+000 0.000000E+000 0.000000E+000
    outer loop 
      vertex 5.000000e-001 5.000000e-001 3.200000e-001
      vertex 5.000000e-001 5.000000e-001 4.800000e-001
      vertex 5.000000e-001 3.593348e-001 3.078829e-001
    endloop 
  endfacet
  facet normal -1.000000E+000 0.000000E+000 0.000000E+000
    outer loop 
      vertex -5.000000e-001 3.333333e-001 4.000000e+000
      vertex -5.000000e-001 3.032207e-001 3.812457e+000
      vertex -5.000000e-001 1.666667e-001 4.000000e+000
    endloop 
  endfacet
  facet normal -1.000000E+000 0.000000E+000 0.000000E+000
    outer loop 
      vertex -5.000000e-001 5.000000e-001 3.840000e+000
      vertex -5.000000e-001 3.032207e-001 3.812457e+000
      vertex -5.000000e-001 3.333333e-001 4.000000e+000
    endloop 
  endfacet
  facet normal -1.000000E+000 0.000000E+000 0.000000E+000
    outer loop 
      vertex -5.000000e-001 5.000000e-001 3.680000e+000
      vertex -5.000000e-001 3.032207e-001 3.812457e+000
      vertex -5.000000e-001 5.000000e-001 3.840000e+000
    endloop 
  endfacet
  facet normal 0.000000E+000 -1.000000E+000 0.000000E+000
    outer loop 
      vertex -5.000000e-001 -5.000000e-001 3.520000e+000
      vertex -3.611074e-001 -5.000000e-001 3.564930e+000
      vertex -5.000000e-001 -5.000000e-001 3.680000e+000
    endloop 
  endfacet
  facet normal 0.000000E+000 1.000000E+000 0.000000E+000
    outer loop 
      vertex 5.000000e-001 5.000000e-001 3.200000e-001
      vertex 3.745324e-001 5.000000e-001 4.000787e-001
      vertex 5.000000e-001 5.000000e-001 4.800000e-001
    endloop 
  endfacet
  facet normal 0.000000E+000 1.000000E+000 0.000000E+000
    outer loop 
      vertex 8.276694e-002 5.000000e-001 4.121143e-001
      vertex 1.469054e-001 5.000000e-001 2.818794e-001
      vertex -2.014727e-002 5.000000e-001 2.991194e-001
    endloop 
  endfacet
  facet normal 0.000000E+000 1.000000E+000 0.000000E+000
    outer loop 
      vertex -3.527588e-001 5.000000e-001 2.493323e+000
      vertex -2.383740e-001 5.000000e-001 2.586326e+000
      vertex -1.915684e-001 5.000000e-001 2.445087e+000
    endloop 
  endfacet
  facet normal 0.000000E+000 1.000000E+000 0.000000E+000
    outer loop 
      vertex -1.915684e-001 5.000000e-001 2.445087e+000
      vertex -3.225510e-001 5.000000e-001 2.348127e+000
      vertex -3.527588e-001 5.000000e-001 2.493323e+000
    endloop 
  endfacet
  facet normal 0.000000E+000 1.000000E+000 0.000000E+000
    outer loop 
      vertex -1.102313e-001 5.000000e-001 2.295839e+000
      vertex -3.225510e-001 5.000000e-001 2.348127e+000
      vertex -1.915684e-001 5.000000e-001 2.445087e+000
    endloop 
  endfacet
  facet normal 0.000000E+000 1.000000E+000 0.000000E+000
    outer loop 
      vertex -1.102313e-001 5.000000e-001 2.295839e+000
      vertex -1.915684e-001 5.000000e-001 2.445087e+000
      vertex -2.520099e-002 5.000000e-001 2.455062e+000
    endloop 
  endfacet
  facet normal 0.000000E+000 -1.000000E+000 0.000000E+000
    outer loop 
      vertex -1.860428e-001 -5.000000e-001 5.874983e-001
      vertex -1.438490e-001 -5.000000e-001 4.085986e-001
      vertex -3.196946e-003 -5.000000e-001 5.991769e-001
    endloop 
  endfacet
  facet normal 0.000000E+000 -1.000000E+000 0.000000E+000
    outer loop 
      vertex 1.250983e-002 -5.000000e-001 3.710860e+000
      vertex -1.434738e-001 -5.000000e-001 3.715097e+000
      vertex -4.843269e-002 -5.000000e-001 3.579347e+000
    endloop 
  endfacet
  facet normal -1.000000E+000 0.000000E+000 0.000000E+000
    outer loop 
      vertex -5.000000e-001 1.793645e-001 3.706921e+000
      vertex -5.000000e-001 1.190617e-001 3.576149e+000
      vertex -5.000000e-001 2.800579e-002 3.714700e+000
    endloop 
  endfacet
  facet normal -1.000000E+000 0.000000E+000 0.000000E+000
    outer loop 
      vertex -5.000000e-001 -1.884099e-003 2.812602e+000
      vertex -5.000000e-001 5.780046e-002 2.670638e+000
      vertex -5.000000e-001 -1.277131e-001 2.689176e+000
    endloop 
  endfacet
  facet normal -1.000000E+000 0.000000E+000 0.000000E+000
    outer loop 
      vertex -5.000000e-001 7.133766e-002 1.346346e+000
      vertex -5.000000e-001 7.753019e-004 1.178571e+000
      vertex -5.000000e-001 -1.103231e-001 1.294982e+000
    endloop 
  endfacet
  facet normal 0.000000E+000 1.000000E+000 0.000000E+000
    outer loop 
      vertex 1.315645e-002 5.000000e-001 1.237126e+000
      vertex -1.221970e-001 5.000000e-001 1.355058e+000
      vertex 1.083151e-001 5.000000e-001 1.414492e+000
    endloop 
  endfacet
  facet normal 0.000000E+000 1.000000E+000 0.000000E+000
    outer loop 
      vertex 1.964812e-001 5.000000e-001 1.274825e+000
      vertex 1.315645e-002 5.000000e-001 1.237126e+000
      vertex 1.083151e-001 5.000000e-001 1.414492e+000
    endloop 
  endfacet
  facet normal 0.000000E+000 1.000000E+000 0.000000E+000
    outer loop 
      vertex 1.895931e-002 5.000000e-001 3.681249e+000
      vertex -1.402203e-001 5.000000e-001 3.564080e+000
      vertex -1.749879e-001 5.000000e-001 3.718078e+000
    endloop 
  endfacet
  facet normal 1.000000E+000 0.000000E+000 0.000000E+000
    outer loop 
      vertex 5.000000e-001 9.801944e-002 3.551436e+000
      vertex 5.000000e-001 1.677067e-001 3.714365e+000
      vertex 5.000000e-001 -4.298551e-002 3.689905e+000
    endloop 
  endfacet
  facet normal 1.000000E+000 0.000000E+000 0.000000E+000
    outer loop 
      vertex 5.000000e-001 3.046269e-002 3.392289e+000
      vertex 5.000000e-001 1.851981e-001 3.397635e+000
      vertex 5.000000e-001 9.801944e-002 3.551436e+000
    endloop 
  endfacet
  facet normal -1.000000E+000 0.000000E+000 0.000000E+000
    outer loop 
      vertex -5.000000e-001 1.554463e-001 3.313646e+000
      vertex -5.000000e-001 6.032880e-002 3.451625e+000
      vertex -5.000000e-001 2.246458e-001 3.442229e+000
    endloop 
  endfacet
  facet normal -1.000000E+000 0.000000E+000 0.000000E+000
    outer loop 
      vertex -5.000000e-001 6.032880e-002 3.451625e+000
      vertex -5.000000e-001 1.554463e-001 3.313646e+000
      vertex -5.000000e-001 1.558972e-002 3.338505e+000
    endloop 
  endfacet
  facet normal -1.000000E+000 0.000000E+000 0.000000E+000
    outer loop 
      vertex -5.000000e-001 6.032880e-002 3.451625e+000
      vertex -5.000000e-001 1.190617e-001 3.576149e+000
      vertex -5.000000e-001 2.246458e-001 3.442229e+000
    endloop 
  endfacet
  facet normal -1.000000E+000 0.000000E+000 0.000000E+000
    outer loop 
      vertex -5.000000e-001 -9.093980e-002 3.438582e+000
      vertex -5.000000e-001 6.032880e-002 3.451625e+000
      vertex -5.000000e-001 1.558972e-002 3.338505e+000
    endloop 
  endfacet
  facet normal -1.000000E+000 0.000000E+000 0.000000E+000
    outer loop 
      vertex -5.000000e-001 -8.177512e-002 1.994840e+000
      vertex -5.000000e-001 -2.143354e-001 2.145489e+000
      vertex -5.000000e-001 -5.034435e-002 2.133886e+000
    endloop 
  endfacet
  facet normal 1.000000E+000 0.000000E+000 0.000000E+000
    outer loop 
      vertex 5.000000e-001 -6.780323e-002 2.275444e+000
      vertex 5.000000e-001 1.198724e-001 2.320939e+000
      vertex 5.000000e-001 -8.467060e-004 2.462420e+000
    endloop 
  endfacet
  facet normal -1.000000E+000 0.000000E+000 0.000000E+000
    outer loop 
      vertex -5.000000e-001 2.213270e-001 2.656504e+000
      vertex -5.000000e-001 1.075139e-001 2.527977e+000
      vertex -5.000000e-001 5.780046e-002 2.670638e+000
    endloop 
  endfacet
  facet normal 0.000000E+000 -1.000000E+000 0.000000E+000
    outer loop 
      vertex -1.090701e-001 -5.000000e-001 3.456081e+000
      vertex -4.843269e-002 -5.000000e-001 3.579347e+000
      vertex -2.084057e-001 -5.000000e-001 3.577989e+000
    endloop 
  endfacet
  facet normal 0.000000E+000 -1.000000E+000 0.000000E+000
    outer loop 
      vertex -1.090701e-001 -5.000000e-001 3.456081e+000
      vertex -2.084057e-001 -5.000000e-001 3.577989e+000
      vertex -2.579312e-001 -5.000000e-001 3.436047e+000
    endloop 
  endfacet
  facet normal 0.000000E+000 -1.000000E+000 0.000000E+000
    outer loop 
      vertex -1.090701e-001 -5.000000e-001 3.456081e+000
      vertex -2.579312e-001 -5.000000e-001 3.436047e+000
      vertex -1.628557e-001 -5.000000e-001 3.316606e+000
    endloop 
  endfacet
  facet normal 0.000000E+000 -1.000000E+000 0.000000E+000
    outer loop 
      vertex -1.090701e-001 -5.000000e-001 3.456081e+000
      vertex -1.628557e-001 -5.000000e-001 3.316606e+000
      vertex -3.585188e-002 -5.000000e-001 3.342697e+000
    endloop 
  endfacet
  facet normal 0.000000E+000 -1.000000E+000 0.000000E+000
    outer loop 
      vertex -1.090701e-001 -5.000000e-001 3.456081e+000
      vertex 4.353370e-002 -5.000000e-001 3.443429e+000
      vertex -4.843269e-002 -5.000000e-001 3.579347e+000
    endloop 
  endfacet
  facet normal 0.000000E+000 -1.000000E+000 0.000000E+000
    outer loop 
      vertex 4.353370e-002 -5.000000e-001 3.443429e+000
      vertex -1.090701e-001 -5.000000e-001 3.456081e+000
      vertex -3.585188e-002 -5.000000e-001 3.342697e+000
    endloop 
  endfacet
  facet normal 1.000000E+000 0.000000E+000 0.000000E+000
    outer loop 
      vertex 5.000000e-001 7.679173e-002 1.428503e+000
      vertex 5.000000e-001 2.974502e-002 1.247875e+000
      vertex 5.000000e-001 2.021313e-001 1.291369e+000
    endloop 
  endfacet
  facet normal 0.000000E+000 1.000000E+000 0.000000E+000
    outer loop 
      vertex -2.351317e-001 5.000000e-001 1.785252e+000
      vertex -1.828837e-001 5.000000e-001 1.948253e+000
      vertex -5.581227e-002 5.000000e-001 1.849678e+000
    endloop 
  endfacet
  facet normal 1.000000E+000 0.000000E+000 0.000000E+000
    outer loop 
      vertex 5.000000e-001 4.016244e-001 1.548574e-001
      vertex 5.000000e-001 3.593348e-001 3.078829e-001
      vertex 5.000000e-001 2.614014e-001 1.496595e-001
    endloop 
  endfacet
  facet normal 1.000000E+000 0.000000E+000 0.000000E+000
    outer loop 
      vertex 5.000000e-001 3.333333e-001 0.000000e+000
      vertex 5.000000e-001 4.016244e-001 1.548574e-001
      vertex 5.000000e-001 2.614014e-001 1.496595e-001
    endloop 
  endfacet
  facet normal 1.000000E+000 0.000000E+000 0.000000E+000
    outer loop 
      vertex 5.000000e-001 4.016244e-001 1.548574e-001
      vertex 5.000000e-001 5.000000e-001 3.200000e-001
      vertex 5.000000e-001 3.593348e-001 3.078829e-001
    endloop 
  endfacet
  facet normal 1.000000E+000 0.000000E+000 0.000000E+000
    outer loop 
      vertex 5.000000e-001 5.000000e-001 1.600000e-001
      vertex 5.000000e-001 5.000000e-001 3.200000e-001
      vertex 5.000000e-001 4.016244e-001 1.548574e-001
    endloop 
  endfacet
  facet normal 1.000000E+000 0.000000E+000 0.000000E+000
    outer loop 
      vertex 5.000000e-001 5.000000e-001 1.600000e-001
      vertex 5.000000e-001 4.016244e-001 1.548574e-001
      vertex 5.000000e-001 5.000000e-001 0.000000e+000
    endloop 
  endfacet
  facet normal 1.000000E+000 0.000000E+000 0.000000E+000
    outer loop 
      vertex 5.000000e-001 3.333333e-001 0.000000e+000
      vertex 5.000000e-001 5.000000e-001 0.000000e+000
      vertex 5.000000e-001 4.016244e-001 1.548574e-001
    endloop 
  endfacet
  facet normal 1.000000E+000 0.000000E+000 0.000000E+000
    outer loop 
      vertex 5.000000e-001 1.198724e-001 2.320939e+000
      vertex 5.000000e-001 2.174395e-001 2.169014e+000
      vertex 5.000000e-001 2.986932e-001 2.355437e+000
    endloop 
  endfacet
  facet normal 0.000000E+000 -1.000000E+000 0.000000E+000
    outer loop 
      vertex -2.012929e-001 -5.000000e-001 8.614579e-001
      vertex -2.942386e-002 -5.000000e-001 9.076690e-001
      vertex -1.594247e-001 -5.000000e-001 1.017425e+000
    endloop 
  endfacet
  facet normal 0.000000E+000 -1.000000E+000 0.000000E+000
    outer loop 
      vertex -3.831778e-001 -5.000000e-001 3.847529e+000
      vertex -3.082301e-001 -5.000000e-001 3.708547e+000
      vertex -2.326187e-001 -5.000000e-001 3.855651e+000
    endloop 
  endfacet
  facet normal 0.000000E+000 -1.000000E+000 0.000000E+000
    outer loop 
      vertex -3.831778e-001 -5.000000e-001 3.847529e+000
      vertex -2.326187e-001 -5.000000e-001 3.855651e+000
      vertex -3.333333e-001 -5.000000e-001 4.000000e+000
    endloop 
  endfacet
  facet normal 0.000000E+000 -1.000000E+000 0.000000E+000
    outer loop 
      vertex -5.000000e-001 -5.000000e-001 3.680000e+000
      vertex -3.082301e-001 -5.000000e-001 3.708547e+000
      vertex -3.831778e-001 -5.000000e-001 3.847529e+000
    endloop 
  endfacet
  facet normal 0.000000E+000 -1.000000E+000 0.000000E+000
    outer loop 
      vertex -3.831778e-001 -5.000000e-001 3.847529e+000
      vertex -3.333333e-001 -5.000000e-001 4.000000e+000
      vertex -5.000000e-001 -5.000000e-001 4.000000e+000
    endloop 
  endfacet
  facet normal 0.000000E+000 -1.000000E+000 0.000000E+000
    outer loop 
      vertex -5.000000e-001 -5.000000e-001 3.840000e+000
      vertex -5.000000e-001 -5.000000e-001 3.680000e+000
      vertex -3.831778e-001 -5.000000e-001 3.847529e+000
    endloop 
  endfacet
  facet normal 0.000000E+000 -1.000000E+000 0.000000E+000
    outer loop 
      vertex -5.000000e-001 -5.000000e-001 3.840000e+000
      vertex -3.831778e-001 -5.000000e-001 3.847529e+000
      vertex -5.000000e-001 -5.000000e-001 4.000000e+000
    endloop 
  endfacet
  facet normal 0.000000E+000 0.000000E+000 1.000000E+000
    outer loop 
      vertex -5.000000e-001 -1.666667e-001 4.000000e+000
      vertex -5.000000e-001 -3.333333e-001 4.000000e+000
      vertex -3.200606e-001 -2.570230e-001 4.000000e+000
    endloop 
  endfacet
  facet normal 0.000000E+000 0.000000E+000 1.000000E+000
    outer loop 
      vertex -5.000000e-001 -3.333333e-001 4.000000e+000
      vertex -5.000000e-001 -5.000000e-001 4.000000e+000
      vertex -3.333333e-001 -5.000000e-001 4.000000e+000
    endloop 
  endfacet
  facet normal 0.000000E+000 1.000000E+000 0.000000E+000
    outer loop 
      vertex 2.899383e-001 5.000000e-001 2.758581e-001
      vertex 3.745324e-001 5.000000e-001 4.000787e-001
      vertex 4.075137e-001 5.000000e-001 2.628427e-001
    endloop 
  endfacet
  facet normal 0.000000E+000 1.000000E+000 0.000000E+000
    outer loop 
      vertex 5.000000e-001 5.000000e-001 3.200000e-001
      vertex 4.075137e-001 5.000000e-001 2.628427e-001
      vertex 3.745324e-001 5.000000e-001 4.000787e-001
    endloop 
  endfacet
  facet normal 0.000000E+000 1.000000E+000 0.000000E+000
    outer loop 
      vertex 4.075137e-001 5.000000e-001 2.628427e-001
      vertex 5.000000e-001 5.000000e-001 3.200000e-001
      vertex 5.000000e-001 5.000000e-001 1.600000e-001
    endloop 
  endfacet
  facet normal -1.000000E+000 0.000000E+000 0.000000E+000
    outer loop 
      vertex -5.000000e-001 5.000000e-001 3.840000e+000
      vertex -5.000000e-001 3.333333e-001 4.000000e+000
      vertex -5.000000e-001 5.000000e-001 4.000000e+000
    endloop 
  endfacet
  facet normal 0.000000E+000 1.000000E+000 0.000000E+000
    outer loop 
      vertex -3.361894e-001 5.000000e-001 1.065045e+000
      vertex -5.000000e-001 5.000000e-001 9.600000e-001
      vertex -5.000000e-001 5.000000e-001 1.120000e+000
    endloop 
  endfacet
  facet normal -1.000000E+000 0.000000E+000 0.000000E+000
    outer loop 
      vertex -5.000000e-001 5.000000e-001 9.600000e-001
      vertex -5.000000e-001 3.510814e-001 1.064844e+000
      vertex -5.000000e-001 5.000000e-001 1.120000e+000
    endloop 
  endfacet
  facet normal 0.000000E+000 -1.000000E+000 0.000000E+000
    outer loop 
      vertex -2.233994e-001 -5.000000e-001 1.928710e-001
      vertex -3.372363e-001 -5.000000e-001 3.414758e-001
      vertex -3.872801e-001 -5.000000e-001 1.645200e-001
    endloop 
  endfacet
  facet normal 0.000000E+000 -1.000000E+000 0.000000E+000
    outer loop 
      vertex -3.872801e-001 -5.000000e-001 1.645200e-001
      vertex -3.372363e-001 -5.000000e-001 3.414758e-001
      vertex -5.000000e-001 -5.000000e-001 3.200000e-001
    endloop 
  endfacet
  facet normal 0.000000E+000 -1.000000E+000 0.000000E+000
    outer loop 
      vertex -3.333333e-001 -5.000000e-001 0.000000e+000
      vertex -2.233994e-001 -5.000000e-001 1.928710e-001
      vertex -3.872801e-001 -5.000000e-001 1.645200e-001
    endloop 
  endfacet
  facet normal 0.000000E+000 -1.000000E+000 0.000000E+000
    outer loop 
      vertex -5.000000e-001 -5.000000e-001 1.600000e-001
      vertex -3.872801e-001 -5.000000e-001 1.645200e-001
      vertex -5.000000e-001 -5.000000e-001 3.200000e-001
    endloop 
  endfacet
  facet normal 0.000000E+000 -1.000000E+000 0.000000E+000
    outer loop 
      vertex -5.000000e-001 -5.000000e-001 1.600000e-001
      vertex -5.000000e-001 -5.000000e-001 0.000000e+000
      vertex -3.872801e-001 -5.000000e-001 1.645200e-001
    endloop 
  endfacet
  facet normal 0.000000E+000 -1.000000E+000 0.000000E+000
    outer loop 
      vertex -5.000000e-001 -5.000000e-001 0.000000e+000
      vertex -3.333333e-001 -5.000000e-001 0.000000e+000
      vertex -3.872801e-001 -5.000000e-001 1.645200e-001
    endloop 
  endfacet
  facet normal -1.000000E+000 0.000000E+000 0.000000E+000
    outer loop 
      vertex -5.000000e-001 5.000000e-001 2.080000e+000
      vertex -5.000000e-001 5.000000e-001 1.920000e+000
      vertex -5.000000e-001 2.808025e-001 2.008139e+000
    endloop 
  endfacet
  facet normal 0.000000E+000 1.000000E+000 0.000000E+000
    outer loop 
      vertex -5.000000e-001 5.000000e-001 2.240000e+000
      vertex -5.000000e-001 5.000000e-001 2.400000e+000
      vertex -3.225510e-001 5.000000e-001 2.348127e+000
    endloop 
  endfacet
  facet normal -1.000000E+000 0.000000E+000 0.000000E+000
    outer loop 
      vertex -5.000000e-001 3.337393e-001 2.924503e+000
      vertex -5.000000e-001 5.000000e-001 3.040000e+000
      vertex -5.000000e-001 5.000000e-001 2.880000e+000
    endloop 
  endfacet
  facet normal 1.000000E+000 0.000000E+000 0.000000E+000
    outer loop 
      vertex 5.000000e-001 4.757949e-002 2.131259e+000
      vertex 5.000000e-001 1.461008e-001 1.967372e+000
      vertex 5.000000e-001 2.174395e-001 2.169014e+000
    endloop 
  endfacet
  facet normal 1.000000E+000 0.000000E+000 0.000000E+000
    outer loop 
      vertex 5.000000e-001 -2.676623e-002 1.953847e+000
      vertex 5.000000e-001 1.461008e-001 1.967372e+000
      vertex 5.000000e-001 4.757949e-002 2.131259e+000
    endloop 
  endfacet
  facet normal 1.000000E+000 0.000000E+000 0.000000E+000
    outer loop 
      vertex 5.000000e-001 1.461008e-001 1.967372e+000
      vertex 5.000000e-001 6.598508e-002 1.782169e+000
      vertex 5.000000e-001 2.423070e-001 1.793388e+000
    endloop 
  endfacet
  facet normal 1.000000E+000 0.000000E+000 0.000000E+000
    outer loop 
      vertex 5.000000e-001 -2.676623e-002 1.953847e+000
      vertex 5.000000e-001 6.598508e-002 1.782169e+000
      vertex 5.000000e-001 1.461008e-001 1.967372e+000
    endloop 
  endfacet
  facet normal 1.000000E+000 0.000000E+000 0.000000E+000
    outer loop 
      vertex 5.000000e-001 1.461008e-001 1.967372e+000
      vertex 5.000000e-001 3.185231e-001 2.010860e+000
      vertex 5.000000e-001 2.174395e-001 2.169014e+000
    endloop 
  endfacet
  facet normal 1.000000E+000 0.000000E+000 0.000000E+000
    outer loop 
      vertex 5.000000e-001 3.185231e-001 2.010860e+000
      vertex 5.000000e-001 1.461008e-001 1.967372e+000
      vertex 5.000000e-001 2.423070e-001 1.793388e+000
    endloop 
  endfacet
  facet normal 0.000000E+000 -1.000000E+000 0.000000E+000
    outer loop 
      vertex -2.529215e-001 -5.000000e-001 1.997542e+000
      vertex -1.592260e-001 -5.000000e-001 1.881169e+000
      vertex -1.153758e-001 -5.000000e-001 2.012437e+000
    endloop 
  endfacet
  facet normal 0.000000E+000 -1.000000E+000 0.000000E+000
    outer loop 
      vertex -1.592260e-001 -5.000000e-001 1.881169e+000
      vertex -2.685854e-001 -5.000000e-001 1.835907e+000
      vertex -1.442873e-001 -5.000000e-001 1.746889e+000
    endloop 
  endfacet
  facet normal 0.000000E+000 -1.000000E+000 0.000000E+000
    outer loop 
      vertex -1.592260e-001 -5.000000e-001 1.881169e+000
      vertex -2.529215e-001 -5.000000e-001 1.997542e+000
      vertex -2.685854e-001 -5.000000e-001 1.835907e+000
    endloop 
  endfacet
  facet normal 0.000000E+000 -1.000000E+000 0.000000E+000
    outer loop 
      vertex -4.069877e-002 -5.000000e-001 1.852485e+000
      vertex -1.153758e-001 -5.000000e-001 2.012437e+000
      vertex -1.592260e-001 -5.000000e-001 1.881169e+000
    endloop 
  endfacet
  facet normal 0.000000E+000 -1.000000E+000 0.000000E+000
    outer loop 
      vertex -4.069877e-002 -5.000000e-001 1.852485e+000
      vertex -1.592260e-001 -5.000000e-001 1.881169e+000
      vertex -1.442873e-001 -5.000000e-001 1.746889e+000
    endloop 
  endfacet
  facet normal -1.000000E+000 0.000000E+000 0.000000E+000
    outer loop 
      vertex -5.000000e-001 -5.000000e-001 1.600000e-001
      vertex -5.000000e-001 -3.333333e-001 0.000000e+000
      vertex -5.000000e-001 -5.000000e-001 0.000000e+000
    endloop 
  endfacet
  facet normal 1.000000E+000 0.000000E+000 0.000000E+000
    outer loop 
      vertex 5.000000e-001 -3.611889e-001 1.933947e+000
      vertex 5.000000e-001 -1.993262e-001 1.938930e+000
      vertex 5.000000e-001 -3.277600e-001 2.091107e+000
    endloop 
  endfacet
  facet normal 1.000000E+000 0.000000E+000 0.000000E+000
    outer loop 
      vertex 5.000000e-001 -3.611889e-001 1.933947e+000
      vertex 5.000000e-001 -2.539296e-001 1.800956e+000
      vertex 5.000000e-001 -1.993262e-001 1.938930e+000
    endloop 
  endfacet
  facet normal 1.000000E+000 0.000000E+000 0.000000E+000
    outer loop 
      vertex 5.000000e-001 -1.993262e-001 1.938930e+000
      vertex 5.000000e-001 -1.387471e-001 2.104892e+000
      vertex 5.000000e-001 -3.277600e-001 2.091107e+000
    endloop 
  endfacet
  facet normal 1.000000E+000 0.000000E+000 0.000000E+000
    outer loop 
      vertex 5.000000e-001 -2.676623e-002 1.953847e+000
      vertex 5.000000e-001 -1.387471e-001 2.104892e+000
      vertex 5.000000e-001 -1.993262e-001 1.938930e+000
    endloop 
  endfacet
  facet normal -1.000000E+000 0.000000E+000 0.000000E+000
    outer loop 
      vertex -5.000000e-001 -3.224233e-001 2.712317e+000
      vertex -5.000000e-001 -5.000000e-001 2.720000e+000
      vertex -5.000000e-001 -5.000000e-001 2.880000e+000
    endloop 
  endfacet
  facet normal 0.000000E+000 0.000000E+000 -1.000000E+000
    outer loop 
      vertex 5.137601e-003 2.877174e-001 0.000000e+000
      vertex 2.232202e-002 1.391538e-001 0.000000e+000
      vertex -1.085704e-001 1.559337e-001 0.000000e+000
    endloop 
  endfacet
  facet normal 0.000000E+000 0.000000E+000 -1.000000E+000
    outer loop 
      vertex 2.232202e-002 1.391538e-001 0.000000e+000
      vertex 1.016581e-003 2.434756e-002 0.000000e+000
      vertex -1.085704e-001 1.559337e-001 0.000000e+000
    endloop 
  endfacet
  facet normal 0.000000E+000 0.000000E+000 -1.000000E+000
    outer loop 
      vertex 1.266406e-001 8.004968e-002 0.000000e+000
      vertex 1.016581e-003 2.434756e-002 0.000000e+000
      vertex 2.232202e-002 1.391538e-001 0.000000e+000
    endloop 
  endfacet
  facet normal 0.000000E+000 0.000000E+000 -1.000000E+000
    outer loop 
      vertex 2.232202e-002 1.391538e-001 0.000000e+000
      vertex 1.315549e-001 2.099927e-001 0.000000e+000
      vertex 1.266406e-001 8.004968e-002 0.000000e+000
    endloop 
  endfacet
  facet normal 0.000000E+000 0.000000E+000 -1.000000E+000
    outer loop 
      vertex 5.137601e-003 2.877174e-001 0.000000e+000
      vertex 1.315549e-001 2.099927e-001 0.000000e+000
      vertex 2.232202e-002 1.391538e-001 0.000000e+000
    endloop 
  endfacet
  facet normal 0.000000E+000 -1.000000E+000 0.000000E+000
    outer loop 
      vertex -5.000000e-001 -5.000000e-001 2.560000e+000
      vertex -5.000000e-001 -5.000000e-001 2.400000e+000
      vertex -3.106387e-001 -5.000000e-001 2.468580e+000
    endloop 
  endfacet
  facet normal 0.000000E+000 0.000000E+000 -1.000000E+000
    outer loop 
      vertex 1.263364e-001 -4.950204e-002 0.000000e+000
      vertex 2.463146e-001 -1.167427e-001 0.000000e+000
      vertex 1.197696e-001 -1.840909e-001 0.000000e+000
    endloop 
  endfacet
  facet normal 0.000000E+000 0.000000E+000 -1.000000E+000
    outer loop 
      vertex 2.514290e-001 2.113478e-002 0.000000e+000
      vertex 2.463146e-001 -1.167427e-001 0.000000e+000
      vertex 1.263364e-001 -4.950204e-002 0.000000e+000
    endloop 
  endfacet
  facet normal 0.000000E+000 0.000000E+000 -1.000000E+000
    outer loop 
      vertex 2.514290e-001 2.113478e-002 0.000000e+000
      vertex 1.263364e-001 -4.950204e-002 0.000000e+000
      vertex 1.266406e-001 8.004968e-002 0.000000e+000
    endloop 
  endfacet
  facet normal 0.000000E+000 0.000000E+000 -1.000000E+000
    outer loop 
      vertex 1.266406e-001 8.004968e-002 0.000000e+000
      vertex 1.263364e-001 -4.950204e-002 0.000000e+000
      vertex 1.016581e-003 2.434756e-002 0.000000e+000
    endloop 
  endfacet
  facet normal 0.000000E+000 0.000000E+000 -1.000000E+000
    outer loop 
      vertex -1.117158e-003 -1.113729e-001 0.000000e+000
      vertex 1.263364e-001 -4.950204e-002 0.000000e+000
      vertex 1.197696e-001 -1.840909e-001 0.000000e+000
    endloop 
  endfacet
  facet normal 0.000000E+000 0.000000E+000 -1.000000E+000
    outer loop 
      vertex 1.016581e-003 2.434756e-002 0.000000e+000
      vertex 1.263364e-001 -4.950204e-002 0.000000e+000
      vertex -1.117158e-003 -1.113729e-001 0.000000e+000
    endloop 
  endfacet
  facet normal -1.000000E+000 0.000000E+000 0.000000E+000
    outer loop 
      vertex -5.000000e-001 -5.000000e-001 1.120000e+000
      vertex -5.000000e-001 -3.377389e-001 1.090923e+000
      vertex -5.000000e-001 -5.000000e-001 9.600000e-001
    endloop 
  endfacet
  facet normal 0.000000E+000 0.000000E+000 -1.000000E+000
    outer loop 
      vertex 1.274870e-001 3.588903e-001 0.000000e+000
      vertex 1.315549e-001 2.099927e-001 0.000000e+000
      vertex 5.137601e-003 2.877174e-001 0.000000e+000
    endloop 
  endfacet
  facet normal 0.000000E+000 0.000000E+000 -1.000000E+000
    outer loop 
      vertex 2.514211e-001 2.763562e-001 0.000000e+000
      vertex 1.315549e-001 2.099927e-001 0.000000e+000
      vertex 1.274870e-001 3.588903e-001 0.000000e+000
    endloop 
  endfacet
  facet normal 0.000000E+000 0.000000E+000 -1.000000E+000
    outer loop 
      vertex 1.315549e-001 2.099927e-001 0.000000e+000
      vertex 2.504312e-001 1.480949e-001 0.000000e+000
      vertex 1.266406e-001 8.004968e-002 0.000000e+000
    endloop 
  endfacet
  facet normal 0.000000E+000 0.000000E+000 -1.000000E+000
    outer loop 
      vertex 2.514211e-001 2.763562e-001 0.000000e+000
      vertex 2.504312e-001 1.480949e-001 0.000000e+000
      vertex 1.315549e-001 2.099927e-001 0.000000e+000
    endloop 
  endfacet
  facet normal 0.000000E+000 0.000000E+000 1.000000E+000
    outer loop 
      vertex 5.000000e-001 -3.333333e-001 4.000000e+000
      vertex 5.000000e-001 -1.666667e-001 4.000000e+000
      vertex 3.292641e-001 -2.419652e-001 4.000000e+000
    endloop 
  endfacet
  facet normal 0.000000E+000 0.000000E+000 1.000000E+000
    outer loop 
      vertex -1.393436e-001 -6.038212e-002 4.000000e+000
      vertex -8.808346e-003 -1.264660e-001 4.000000e+000
      vertex -2.642714e-003 4.079538e-004 4.000000e+000
    endloop 
  endfacet
  facet normal 0.000000E+000 0.000000E+000 1.000000E+000
    outer loop 
      vertex 9.783310e-002 -1.700601e-001 4.000000e+000
      vertex -8.808346e-003 -1.264660e-001 4.000000e+000
      vertex -7.245245e-003 -2.862794e-001 4.000000e+000
    endloop 
  endfacet
  facet normal 0.000000E+000 0.000000E+000 1.000000E+000
    outer loop 
      vertex -1.393436e-001 -6.038212e-002 4.000000e+000
      vertex -1.465385e-001 -2.028944e-001 4.000000e+000
      vertex -8.808346e-003 -1.264660e-001 4.000000e+000
    endloop 
  endfacet
  facet normal 0.000000E+000 0.000000E+000 1.000000E+000
    outer loop 
      vertex -1.465385e-001 -2.028944e-001 4.000000e+000
      vertex -7.245245e-003 -2.862794e-001 4.000000e+000
      vertex -8.808346e-003 -1.264660e-001 4.000000e+000
    endloop 
  endfacet
  facet normal 0.000000E+000 0.000000E+000 1.000000E+000
    outer loop 
      vertex 9.783310e-002 -1.700601e-001 4.000000e+000
      vertex 1.137994e-001 -3.278729e-002 4.000000e+000
      vertex -8.808346e-003 -1.264660e-001 4.000000e+000
    endloop 
  endfacet
  facet normal 0.000000E+000 0.000000E+000 1.000000E+000
    outer loop 
      vertex 1.137994e-001 -3.278729e-002 4.000000e+000
      vertex -2.642714e-003 4.079538e-004 4.000000e+000
      vertex -8.808346e-003 -1.264660e-001 4.000000e+000
    endloop 
  endfacet
  facet normal 1.000000E+000 0.000000E+000 0.000000E+000
    outer loop 
      vertex 5.000000e-001 5.000000e-001 1.280000e+000
      vertex 5.000000e-001 3.376769e-001 1.168974e+000
      vertex 5.000000e-001 5.000000e-001 1.120000e+000
    endloop 
  endfacet
  facet normal 1.000000E+000 0.000000E+000 0.000000E+000
    outer loop 
      vertex 5.000000e-001 5.000000e-001 1.920000e+000
      vertex 5.000000e-001 5.000000e-001 2.080000e+000
      vertex 5.000000e-001 3.185231e-001 2.010860e+000
    endloop 
  endfacet
  facet normal 0.000000E+000 0.000000E+000 1.000000E+000
    outer loop 
      vertex 1.491523e-001 -3.221360e-001 4.000000e+000
      vertex 2.236153e-001 -1.236165e-001 4.000000e+000
      vertex 9.783310e-002 -1.700601e-001 4.000000e+000
    endloop 
  endfacet
  facet normal 0.000000E+000 0.000000E+000 1.000000E+000
    outer loop 
      vertex 2.236153e-001 -1.236165e-001 4.000000e+000
      vertex 1.491523e-001 -3.221360e-001 4.000000e+000
      vertex 3.292641e-001 -2.419652e-001 4.000000e+000
    endloop 
  endfacet
  facet normal 0.000000E+000 0.000000E+000 1.000000E+000
    outer loop 
      vertex 3.657398e-001 -7.707355e-002 4.000000e+000
      vertex 2.374126e-001 4.549384e-002 4.000000e+000
      vertex 2.236153e-001 -1.236165e-001 4.000000e+000
    endloop 
  endfacet
  facet normal 0.000000E+000 0.000000E+000 1.000000E+000
    outer loop 
      vertex 3.657398e-001 -7.707355e-002 4.000000e+000
      vertex 2.236153e-001 -1.236165e-001 4.000000e+000
      vertex 3.292641e-001 -2.419652e-001 4.000000e+000
    endloop 
  endfacet
  facet normal 0.000000E+000 0.000000E+000 1.000000E+000
    outer loop 
      vertex 1.137994e-001 -3.278729e-002 4.000000e+000
      vertex 9.783310e-002 -1.700601e-001 4.000000e+000
      vertex 2.236153e-001 -1.236165e-001 4.000000e+000
    endloop 
  endfacet
  facet normal 0.000000E+000 0.000000E+000 1.000000E+000
    outer loop 
      vertex 1.137994e-001 -3.278729e-002 4.000000e+000
      vertex 2.236153e-001 -1.236165e-001 4.000000e+000
      vertex 2.374126e-001 4.549384e-002 4.000000e+000
    endloop 
  endfacet
  facet normal 0.000000E+000 0.000000E+000 1.000000E+000
    outer loop 
      vertex -1.465385e-001 -2.028944e-001 4.000000e+000
      vertex -1.393436e-001 -6.038212e-002 4.000000e+000
      vertex -3.141154e-001 -1.103915e-001 4.000000e+000
    endloop 
  endfacet
  facet normal 0.000000E+000 0.000000E+000 1.000000E+000
    outer loop 
      vertex -3.200606e-001 -2.570230e-001 4.000000e+000
      vertex -1.465385e-001 -2.028944e-001 4.000000e+000
      vertex -3.141154e-001 -1.103915e-001 4.000000e+000
    endloop 
  endfacet
  facet normal 0.000000E+000 0.000000E+000 1.000000E+000
    outer loop 
      vertex -1.465385e-001 -2.028944e-001 4.000000e+000
      vertex -1.404391e-001 -3.533866e-001 4.000000e+000
      vertex -7.245245e-003 -2.862794e-001 4.000000e+000
    endloop 
  endfacet
  facet normal 0.000000E+000 0.000000E+000 1.000000E+000
    outer loop 
      vertex -1.404391e-001 -3.533866e-001 4.000000e+000
      vertex -1.465385e-001 -2.028944e-001 4.000000e+000
      vertex -3.200606e-001 -2.570230e-001 4.000000e+000
    endloop 
  endfacet
  facet normal 1.000000E+000 0.000000E+000 0.000000E+000
    outer loop 
      vertex 5.000000e-001 -3.190760e-001 1.092217e+000
      vertex 5.000000e-001 -5.000000e-001 1.120000e+000
      vertex 5.000000e-001 -5.000000e-001 9.600000e-001
    endloop 
  endfacet
  facet normal 0.000000E+000 0.000000E+000 1.000000E+000
    outer loop 
      vertex 2.374126e-001 4.549384e-002 4.000000e+000
      vertex 8.326934e-002 1.311232e-001 4.000000e+000
      vertex 1.137994e-001 -3.278729e-002 4.000000e+000
    endloop 
  endfacet
  facet normal 0.000000E+000 0.000000E+000 1.000000E+000
    outer loop 
      vertex 8.326934e-002 1.311232e-001 4.000000e+000
      vertex -2.642714e-003 4.079538e-004 4.000000e+000
      vertex 1.137994e-001 -3.278729e-002 4.000000e+000
    endloop 
  endfacet
  facet normal 0.000000E+000 -1.000000E+000 0.000000E+000
    outer loop 
      vertex 5.000000e-001 -5.000000e-001 1.920000e+000
      vertex 5.000000e-001 -5.000000e-001 2.080000e+000
      vertex 3.213000e-001 -5.000000e-001 2.009030e+000
    endloop 
  endfacet
  facet normal 0.000000E+000 -1.000000E+000 0.000000E+000
    outer loop 
      vertex 3.200118e-001 -5.000000e-001 2.354732e+000
      vertex 5.000000e-001 -5.000000e-001 2.240000e+000
      vertex 5.000000e-001 -5.000000e-001 2.400000e+000
    endloop 
  endfacet
  facet normal 1.000000E+000 0.000000E+000 0.000000E+000
    outer loop 
      vertex 5.000000e-001 -3.573979e-001 2.401108e+000
      vertex 5.000000e-001 -5.000000e-001 2.400000e+000
      vertex 5.000000e-001 -5.000000e-001 2.240000e+000
    endloop 
  endfacet
  facet normal 1.000000E+000 0.000000E+000 0.000000E+000
    outer loop 
      vertex 5.000000e-001 -3.573979e-001 2.401108e+000
      vertex 5.000000e-001 -5.000000e-001 2.240000e+000
      vertex 5.000000e-001 -2.654925e-001 2.246791e+000
    endloop 
  endfacet
  facet normal 1.000000E+000 0.000000E+000 0.000000E+000
    outer loop 
      vertex 5.000000e-001 -5.000000e-001 2.400000e+000
      vertex 5.000000e-001 -3.573979e-001 2.401108e+000
      vertex 5.000000e-001 -5.000000e-001 2.560000e+000
    endloop 
  endfacet
  facet normal 0.000000E+000 -1.000000E+000 0.000000E+000
    outer loop 
      vertex 5.000000e-001 -5.000000e-001 2.880000e+000
      vertex 3.374728e-001 -5.000000e-001 2.834873e+000
      vertex 5.000000e-001 -5.000000e-001 2.720000e+000
    endloop 
  endfacet
  facet normal 0.000000E+000 0.000000E+000 -1.000000E+000
    outer loop 
      vertex -2.533354e-001 -3.212956e-002 0.000000e+000
      vertex -1.252241e-001 8.427107e-004 0.000000e+000
      vertex -1.298412e-001 -1.264382e-001 0.000000e+000
    endloop 
  endfacet
  facet normal 0.000000E+000 0.000000E+000 -1.000000E+000
    outer loop 
      vertex -1.085704e-001 1.559337e-001 0.000000e+000
      vertex 1.016581e-003 2.434756e-002 0.000000e+000
      vertex -1.252241e-001 8.427107e-004 0.000000e+000
    endloop 
  endfacet
  facet normal 0.000000E+000 0.000000E+000 -1.000000E+000
    outer loop 
      vertex -1.298412e-001 -1.264382e-001 0.000000e+000
      vertex -1.252241e-001 8.427107e-004 0.000000e+000
      vertex -1.117158e-003 -1.113729e-001 0.000000e+000
    endloop 
  endfacet
  facet normal 0.000000E+000 0.000000E+000 -1.000000E+000
    outer loop 
      vertex -1.252241e-001 8.427107e-004 0.000000e+000
      vertex 1.016581e-003 2.434756e-002 0.000000e+000
      vertex -1.117158e-003 -1.113729e-001 0.000000e+000
    endloop 
  endfacet
  facet normal 0.000000E+000 0.000000E+000 -1.000000E+000
    outer loop 
      vertex -1.252241e-001 8.427107e-004 0.000000e+000
      vertex -2.481997e-001 1.045120e-001 0.000000e+000
      vertex -1.085704e-001 1.559337e-001 0.000000e+000
    endloop 
  endfacet
  facet normal 0.000000E+000 0.000000E+000 -1.000000E+000
    outer loop 
      vertex -2.481997e-001 1.045120e-001 0.000000e+000
      vertex -1.252241e-001 8.427107e-004 0.000000e+000
      vertex -2.533354e-001 -3.212956e-002 0.000000e+000
    endloop 
  endfacet
  facet normal 0.000000E+000 1.000000E+000 0.000000E+000
    outer loop 
      vertex 6.497520e-002 5.000000e-001 2.194166e+000
      vertex 1.636437e-002 5.000000e-001 2.025460e+000
      vertex -1.358961e-001 5.000000e-001 2.117902e+000
    endloop 
  endfacet
  facet normal 0.000000E+000 1.000000E+000 0.000000E+000
    outer loop 
      vertex 1.636437e-002 5.000000e-001 2.025460e+000
      vertex 6.497520e-002 5.000000e-001 2.194166e+000
      vertex 2.203279e-001 5.000000e-001 2.102788e+000
    endloop 
  endfacet
  facet normal 0.000000E+000 1.000000E+000 0.000000E+000
    outer loop 
      vertex -1.358961e-001 5.000000e-001 2.117902e+000
      vertex 1.636437e-002 5.000000e-001 2.025460e+000
      vertex -1.828837e-001 5.000000e-001 1.948253e+000
    endloop 
  endfacet
  facet normal 0.000000E+000 1.000000E+000 0.000000E+000
    outer loop 
      vertex 1.636437e-002 5.000000e-001 2.025460e+000
      vertex -5.581227e-002 5.000000e-001 1.849678e+000
      vertex -1.828837e-001 5.000000e-001 1.948253e+000
    endloop 
  endfacet
  facet normal 0.000000E+000 1.000000E+000 0.000000E+000
    outer loop 
      vertex 1.636437e-002 5.000000e-001 2.025460e+000
      vertex 1.277201e-001 5.000000e-001 1.914414e+000
      vertex -5.581227e-002 5.000000e-001 1.849678e+000
    endloop 
  endfacet
  facet normal 0.000000E+000 1.000000E+000 0.000000E+000
    outer loop 
      vertex 1.636437e-002 5.000000e-001 2.025460e+000
      vertex 2.203279e-001 5.000000e-001 2.102788e+000
      vertex 1.277201e-001 5.000000e-001 1.914414e+000
    endloop 
  endfacet
  facet normal 0.000000E+000 0.000000E+000 -1.000000E+000
    outer loop 
      vertex -1.298412e-001 -1.264382e-001 0.000000e+000
      vertex -1.117158e-003 -1.113729e-001 0.000000e+000
      vertex -1.770479e-002 -2.319069e-001 0.000000e+000
    endloop 
  endfacet
  facet normal 0.000000E+000 0.000000E+000 -1.000000E+000
    outer loop 
      vertex -1.117158e-003 -1.113729e-001 0.000000e+000
      vertex 1.197696e-001 -1.840909e-001 0.000000e+000
      vertex -1.770479e-002 -2.319069e-001 0.000000e+000
    endloop 
  endfacet
  facet normal 0.000000E+000 0.000000E+000 1.000000E+000
    outer loop 
      vertex -1.393436e-001 -6.038212e-002 4.000000e+000
      vertex -8.490913e-002 7.802436e-002 4.000000e+000
      vertex -2.668054e-001 2.690167e-002 4.000000e+000
    endloop 
  endfacet
  facet normal 0.000000E+000 0.000000E+000 1.000000E+000
    outer loop 
      vertex -1.393436e-001 -6.038212e-002 4.000000e+000
      vertex -2.642714e-003 4.079538e-004 4.000000e+000
      vertex -8.490913e-002 7.802436e-002 4.000000e+000
    endloop 
  endfacet
  facet normal 0.000000E+000 0.000000E+000 1.000000E+000
    outer loop 
      vertex -2.668054e-001 2.690167e-002 4.000000e+000
      vertex -8.490913e-002 7.802436e-002 4.000000e+000
      vertex -1.870007e-001 1.588446e-001 4.000000e+000
    endloop 
  endfacet
  facet normal 0.000000E+000 0.000000E+000 1.000000E+000
    outer loop 
      vertex -8.490913e-002 7.802436e-002 4.000000e+000
      vertex -4.288335e-002 2.238302e-001 4.000000e+000
      vertex -1.870007e-001 1.588446e-001 4.000000e+000
    endloop 
  endfacet
  facet normal 0.000000E+000 0.000000E+000 1.000000E+000
    outer loop 
      vertex 8.326934e-002 1.311232e-001 4.000000e+000
      vertex -4.288335e-002 2.238302e-001 4.000000e+000
      vertex -8.490913e-002 7.802436e-002 4.000000e+000
    endloop 
  endfacet
  facet normal 0.000000E+000 0.000000E+000 1.000000E+000
    outer loop 
      vertex 8.326934e-002 1.311232e-001 4.000000e+000
      vertex -8.490913e-002 7.802436e-002 4.000000e+000
      vertex -2.642714e-003 4.079538e-004 4.000000e+000
    endloop 
  endfacet
  facet normal 0.000000E+000 0.000000E+000 1.000000E+000
    outer loop 
      vertex -2.191584e-001 3.827226e-001 4.000000e+000
      vertex -1.525222e-001 2.788627e-001 4.000000e+000
      vertex -6.729539e-002 3.741031e-001 4.000000e+000
    endloop 
  endfacet
  facet normal 0.000000E+000 0.000000E+000 1.000000E+000
    outer loop 
      vertex -2.755542e-001 2.633083e-001 4.000000e+000
      vertex -1.525222e-001 2.788627e-001 4.000000e+000
      vertex -2.191584e-001 3.827226e-001 4.000000e+000
    endloop 
  endfacet
  facet normal 0.000000E+000 0.000000E+000 1.000000E+000
    outer loop 
      vertex -1.525222e-001 2.788627e-001 4.000000e+000
      vertex -4.288335e-002 2.238302e-001 4.000000e+000
      vertex -6.729539e-002 3.741031e-001 4.000000e+000
    endloop 
  endfacet
  facet normal 0.000000E+000 0.000000E+000 1.000000E+000
    outer loop 
      vertex -4.288335e-002 2.238302e-001 4.000000e+000
      vertex -1.525222e-001 2.788627e-001 4.000000e+000
      vertex -1.870007e-001 1.588446e-001 4.000000e+000
    endloop 
  endfacet
  facet normal 0.000000E+000 0.000000E+000 1.000000E+000
    outer loop 
      vertex -1.525222e-001 2.788627e-001 4.000000e+000
      vertex -2.755542e-001 2.633083e-001 4.000000e+000
      vertex -1.870007e-001 1.588446e-001 4.000000e+000
    endloop 
  endfacet
  facet normal 0.000000E+000 0.000000E+000 -1.000000E+000
    outer loop 
      vertex -2.201840e-001 -3.768720e-001 0.000000e+000
      vertex -1.530924e-001 -2.499652e-001 0.000000e+000
      vertex -6.641074e-002 -3.674450e-001 0.000000e+000
    endloop 
  endfacet
  facet normal 0.000000E+000 0.000000E+000 -1.000000E+000
    outer loop 
      vertex -2.751296e-001 -2.709708e-001 0.000000e+000
      vertex -1.530924e-001 -2.499652e-001 0.000000e+000
      vertex -2.201840e-001 -3.768720e-001 0.000000e+000
    endloop 
  endfacet
  facet normal 0.000000E+000 0.000000E+000 -1.000000E+000
    outer loop 
      vertex -6.641074e-002 -3.674450e-001 0.000000e+000
      vertex -1.530924e-001 -2.499652e-001 0.000000e+000
      vertex -1.770479e-002 -2.319069e-001 0.000000e+000
    endloop 
  endfacet
  facet normal 0.000000E+000 0.000000E+000 -1.000000E+000
    outer loop 
      vertex -1.770479e-002 -2.319069e-001 0.000000e+000
      vertex -1.530924e-001 -2.499652e-001 0.000000e+000
      vertex -1.298412e-001 -1.264382e-001 0.000000e+000
    endloop 
  endfacet
  facet normal 0.000000E+000 0.000000E+000 -1.000000E+000
    outer loop 
      vertex -1.530924e-001 -2.499652e-001 0.000000e+000
      vertex -2.574150e-001 -1.560270e-001 0.000000e+000
      vertex -1.298412e-001 -1.264382e-001 0.000000e+000
    endloop 
  endfacet
  facet normal 0.000000E+000 0.000000E+000 -1.000000E+000
    outer loop 
      vertex -2.751296e-001 -2.709708e-001 0.000000e+000
      vertex -2.574150e-001 -1.560270e-001 0.000000e+000
      vertex -1.530924e-001 -2.499652e-001 0.000000e+000
    endloop 
  endfacet
  facet normal -1.000000E+000 0.000000E+000 0.000000E+000
    outer loop 
      vertex -5.000000e-001 -2.143354e-001 2.145489e+000
      vertex -5.000000e-001 -8.177512e-002 1.994840e+000
      vertex -5.000000e-001 -2.302133e-001 1.956750e+000
    endloop 
  endfacet
  facet normal 0.000000E+000 0.000000E+000 -1.000000E+000
    outer loop 
      vertex -3.818465e-001 -2.199804e-001 0.000000e+000
      vertex -3.789835e-001 -8.326499e-002 0.000000e+000
      vertex -2.574150e-001 -1.560270e-001 0.000000e+000
    endloop 
  endfacet
  facet normal 0.000000E+000 0.000000E+000 -1.000000E+000
    outer loop 
      vertex -3.818465e-001 -2.199804e-001 0.000000e+000
      vertex -2.574150e-001 -1.560270e-001 0.000000e+000
      vertex -2.751296e-001 -2.709708e-001 0.000000e+000
    endloop 
  endfacet
  facet normal 0.000000E+000 0.000000E+000 -1.000000E+000
    outer loop 
      vertex -2.574150e-001 -1.560270e-001 0.000000e+000
      vertex -3.789835e-001 -8.326499e-002 0.000000e+000
      vertex -2.533354e-001 -3.212956e-002 0.000000e+000
    endloop 
  endfacet
  facet normal 0.000000E+000 0.000000E+000 -1.000000E+000
    outer loop 
      vertex -2.574150e-001 -1.560270e-001 0.000000e+000
      vertex -2.533354e-001 -3.212956e-002 0.000000e+000
      vertex -1.298412e-001 -1.264382e-001 0.000000e+000
    endloop 
  endfacet
  facet normal 0.000000E+000 0.000000E+000 -1.000000E+000
    outer loop 
      vertex -1.666667e-001 5.000000e-001 0.000000e+000
      vertex -1.229551e-001 3.372158e-001 0.000000e+000
      vertex -2.453599e-001 3.902999e-001 0.000000e+000
    endloop 
  endfacet
  facet normal 0.000000E+000 0.000000E+000 -1.000000E+000
    outer loop 
      vertex -2.457781e-001 2.525930e-001 0.000000e+000
      vertex -2.453599e-001 3.902999e-001 0.000000e+000
      vertex -1.229551e-001 3.372158e-001 0.000000e+000
    endloop 
  endfacet
  facet normal 0.000000E+000 0.000000E+000 -1.000000E+000
    outer loop 
      vertex -1.229551e-001 3.372158e-001 0.000000e+000
      vertex 5.137601e-003 2.877174e-001 0.000000e+000
      vertex -1.085704e-001 1.559337e-001 0.000000e+000
    endloop 
  endfacet
  facet normal 0.000000E+000 0.000000E+000 -1.000000E+000
    outer loop 
      vertex -1.085704e-001 1.559337e-001 0.000000e+000
      vertex -2.457781e-001 2.525930e-001 0.000000e+000
      vertex -1.229551e-001 3.372158e-001 0.000000e+000
    endloop 
  endfacet
  facet normal 0.000000E+000 0.000000E+000 -1.000000E+000
    outer loop 
      vertex -1.666667e-001 5.000000e-001 0.000000e+000
      vertex 0.000000e+000 5.000000e-001 0.000000e+000
      vertex -1.229551e-001 3.372158e-001 0.000000e+000
    endloop 
  endfacet
  facet normal 0.000000E+000 0.000000E+000 -1.000000E+000
    outer loop 
      vertex -1.229551e-001 3.372158e-001 0.000000e+000
      vertex 0.000000e+000 5.000000e-001 0.000000e+000
      vertex 5.137601e-003 2.877174e-001 0.000000e+000
    endloop 
  endfacet
  facet normal 0.000000E+000 0.000000E+000 -1.000000E+000
    outer loop 
      vertex -3.766828e-001 6.072977e-002 0.000000e+000
      vertex -3.758429e-001 2.112186e-001 0.000000e+000
      vertex -2.481997e-001 1.045120e-001 0.000000e+000
    endloop 
  endfacet
  facet normal 0.000000E+000 0.000000E+000 -1.000000E+000
    outer loop 
      vertex -3.758429e-001 2.112186e-001 0.000000e+000
      vertex -2.457781e-001 2.525930e-001 0.000000e+000
      vertex -2.481997e-001 1.045120e-001 0.000000e+000
    endloop 
  endfacet
  facet normal 0.000000E+000 0.000000E+000 -1.000000E+000
    outer loop 
      vertex -2.533354e-001 -3.212956e-002 0.000000e+000
      vertex -3.766828e-001 6.072977e-002 0.000000e+000
      vertex -2.481997e-001 1.045120e-001 0.000000e+000
    endloop 
  endfacet
  facet normal 0.000000E+000 0.000000E+000 -1.000000E+000
    outer loop 
      vertex -2.481997e-001 1.045120e-001 0.000000e+000
      vertex -2.457781e-001 2.525930e-001 0.000000e+000
      vertex -1.085704e-001 1.559337e-001 0.000000e+000
    endloop 
  endfacet
  facet normal 0.000000E+000 0.000000E+000 1.000000E+000
    outer loop 
      vertex 2.534643e-001 3.702911e-001 4.000000e+000
      vertex 1.666667e-001 5.000000e-001 4.000000e+000
      vertex 9.453541e-002 3.286870e-001 4.000000e+000
    endloop 
  endfacet
  facet normal 0.000000E+000 0.000000E+000 1.000000E+000
    outer loop 
      vertex 2.534643e-001 3.702911e-001 4.000000e+000
      vertex 9.453541e-002 3.286870e-001 4.000000e+000
      vertex 2.330940e-001 2.108920e-001 4.000000e+000
    endloop 
  endfacet
  facet normal 0.000000E+000 0.000000E+000 1.000000E+000
    outer loop 
      vertex -4.288335e-002 2.238302e-001 4.000000e+000
      vertex 9.453541e-002 3.286870e-001 4.000000e+000
      vertex -6.729539e-002 3.741031e-001 4.000000e+000
    endloop 
  endfacet
  facet normal 0.000000E+000 0.000000E+000 1.000000E+000
    outer loop 
      vertex 0.000000e+000 5.000000e-001 4.000000e+000
      vertex -6.729539e-002 3.741031e-001 4.000000e+000
      vertex 9.453541e-002 3.286870e-001 4.000000e+000
    endloop 
  endfacet
  facet normal 0.000000E+000 0.000000E+000 1.000000E+000
    outer loop 
      vertex 8.326934e-002 1.311232e-001 4.000000e+000
      vertex 9.453541e-002 3.286870e-001 4.000000e+000
      vertex -4.288335e-002 2.238302e-001 4.000000e+000
    endloop 
  endfacet
  facet normal 0.000000E+000 0.000000E+000 1.000000E+000
    outer loop 
      vertex 2.330940e-001 2.108920e-001 4.000000e+000
      vertex 9.453541e-002 3.286870e-001 4.000000e+000
      vertex 8.326934e-002 1.311232e-001 4.000000e+000
    endloop 
  endfacet
  facet normal 0.000000E+000 0.000000E+000 1.000000E+000
    outer loop 
      vertex 9.453541e-002 3.286870e-001 4.000000e+000
      vertex 1.666667e-001 5.000000e-001 4.000000e+000
      vertex 0.000000e+000 5.000000e-001 4.000000e+000
    endloop 
  endfacet
  facet normal 0.000000E+000 0.000000E+000 -1.000000E+000
    outer loop 
      vertex 3.775123e-001 2.188884e-001 0.000000e+000
      vertex 3.779213e-001 8.281100e-002 0.000000e+000
      vertex 2.504312e-001 1.480949e-001 0.000000e+000
    endloop 
  endfacet
  facet normal 0.000000E+000 0.000000E+000 -1.000000E+000
    outer loop 
      vertex 2.514211e-001 2.763562e-001 0.000000e+000
      vertex 3.775123e-001 2.188884e-001 0.000000e+000
      vertex 2.504312e-001 1.480949e-001 0.000000e+000
    endloop 
  endfacet
  facet normal 0.000000E+000 0.000000E+000 -1.000000E+000
    outer loop 
      vertex 2.504312e-001 1.480949e-001 0.000000e+000
      vertex 3.779213e-001 8.281100e-002 0.000000e+000
      vertex 2.514290e-001 2.113478e-002 0.000000e+000
    endloop 
  endfacet
  facet normal 0.000000E+000 0.000000E+000 -1.000000E+000
    outer loop 
      vertex 1.266406e-001 8.004968e-002 0.000000e+000
      vertex 2.504312e-001 1.480949e-001 0.000000e+000
      vertex 2.514290e-001 2.113478e-002 0.000000e+000
    endloop 
  endfacet
  facet normal 0.000000E+000 0.000000E+000 1.000000E+000
    outer loop 
      vertex -5.000000e-001 1.666667e-001 4.000000e+000
      vertex -3.495913e-001 1.349469e-001 4.000000e+000
      vertex -3.939168e-001 2.532848e-001 4.000000e+000
    endloop 
  endfacet
  facet normal 0.000000E+000 0.000000E+000 1.000000E+000
    outer loop 
      vertex -3.495913e-001 1.349469e-001 4.000000e+000
      vertex -2.755542e-001 2.633083e-001 4.000000e+000
      vertex -3.939168e-001 2.532848e-001 4.000000e+000
    endloop 
  endfacet
  facet normal 0.000000E+000 0.000000E+000 1.000000E+000
    outer loop 
      vertex -1.870007e-001 1.588446e-001 4.000000e+000
      vertex -3.495913e-001 1.349469e-001 4.000000e+000
      vertex -2.668054e-001 2.690167e-002 4.000000e+000
    endloop 
  endfacet
  facet normal 0.000000E+000 0.000000E+000 1.000000E+000
    outer loop 
      vertex -3.495913e-001 1.349469e-001 4.000000e+000
      vertex -1.870007e-001 1.588446e-001 4.000000e+000
      vertex -2.755542e-001 2.633083e-001 4.000000e+000
    endloop 
  endfacet
  facet normal 0.000000E+000 0.000000E+000 1.000000E+000
    outer loop 
      vertex -5.000000e-001 1.666667e-001 4.000000e+000
      vertex -5.000000e-001 0.000000e+000 4.000000e+000
      vertex -3.495913e-001 1.349469e-001 4.000000e+000
    endloop 
  endfacet
  facet normal 0.000000E+000 0.000000E+000 1.000000E+000
    outer loop 
      vertex -5.000000e-001 0.000000e+000 4.000000e+000
      vertex -2.668054e-001 2.690167e-002 4.000000e+000
      vertex -3.495913e-001 1.349469e-001 4.000000e+000
    endloop 
  endfacet
  facet normal -1.000000E+000 0.000000E+000 0.000000E+000
    outer loop 
      vertex -5.000000e-001 -4.708325e-002 3.578254e+000
      vertex -5.000000e-001 -2.181893e-001 3.560645e+000
      vertex -5.000000e-001 -1.244394e-001 3.707902e+000
    endloop 
  endfacet
  facet normal -1.000000E+000 0.000000E+000 0.000000E+000
    outer loop 
      vertex -5.000000e-001 -4.708325e-002 3.578254e+000
      vertex -5.000000e-001 -1.244394e-001 3.707902e+000
      vertex -5.000000e-001 2.800579e-002 3.714700e+000
    endloop 
  endfacet
  facet normal -1.000000E+000 0.000000E+000 0.000000E+000
    outer loop 
      vertex -5.000000e-001 -6.347647e-002 3.854786e+000
      vertex -5.000000e-001 -1.244394e-001 3.707902e+000
      vertex -5.000000e-001 -2.143424e-001 3.858492e+000
    endloop 
  endfacet
  facet normal -1.000000E+000 0.000000E+000 0.000000E+000
    outer loop 
      vertex -5.000000e-001 -1.244394e-001 3.707902e+000
      vertex -5.000000e-001 -2.731275e-001 3.721151e+000
      vertex -5.000000e-001 -2.143424e-001 3.858492e+000
    endloop 
  endfacet
  facet normal -1.000000E+000 0.000000E+000 0.000000E+000
    outer loop 
      vertex -5.000000e-001 -1.244394e-001 3.707902e+000
      vertex -5.000000e-001 -6.347647e-002 3.854786e+000
      vertex -5.000000e-001 2.800579e-002 3.714700e+000
    endloop 
  endfacet
  facet normal -1.000000E+000 0.000000E+000 0.000000E+000
    outer loop 
      vertex -5.000000e-001 -1.244394e-001 3.707902e+000
      vertex -5.000000e-001 -2.181893e-001 3.560645e+000
      vertex -5.000000e-001 -2.731275e-001 3.721151e+000
    endloop 
  endfacet
  facet normal 0.000000E+000 0.000000E+000 -1.000000E+000
    outer loop 
      vertex -1.770479e-002 -2.319069e-001 0.000000e+000
      vertex 9.831080e-002 -3.407064e-001 0.000000e+000
      vertex -6.641074e-002 -3.674450e-001 0.000000e+000
    endloop 
  endfacet
  facet normal 0.000000E+000 0.000000E+000 -1.000000E+000
    outer loop 
      vertex 9.831080e-002 -3.407064e-001 0.000000e+000
      vertex 0.000000e+000 -5.000000e-001 0.000000e+000
      vertex -6.641074e-002 -3.674450e-001 0.000000e+000
    endloop 
  endfacet
  facet normal 0.000000E+000 0.000000E+000 -1.000000E+000
    outer loop 
      vertex 9.831080e-002 -3.407064e-001 0.000000e+000
      vertex 2.567876e-001 -3.806878e-001 0.000000e+000
      vertex 1.666667e-001 -5.000000e-001 0.000000e+000
    endloop 
  endfacet
  facet normal 0.000000E+000 0.000000E+000 -1.000000E+000
    outer loop 
      vertex 2.407040e-001 -2.523085e-001 0.000000e+000
      vertex 2.567876e-001 -3.806878e-001 0.000000e+000
      vertex 9.831080e-002 -3.407064e-001 0.000000e+000
    endloop 
  endfacet
  facet normal 0.000000E+000 0.000000E+000 -1.000000E+000
    outer loop 
      vertex 1.197696e-001 -1.840909e-001 0.000000e+000
      vertex 9.831080e-002 -3.407064e-001 0.000000e+000
      vertex -1.770479e-002 -2.319069e-001 0.000000e+000
    endloop 
  endfacet
  facet normal 0.000000E+000 0.000000E+000 -1.000000E+000
    outer loop 
      vertex 1.197696e-001 -1.840909e-001 0.000000e+000
      vertex 2.407040e-001 -2.523085e-001 0.000000e+000
      vertex 9.831080e-002 -3.407064e-001 0.000000e+000
    endloop 
  endfacet
  facet normal 0.000000E+000 0.000000E+000 -1.000000E+000
    outer loop 
      vertex 1.666667e-001 -5.000000e-001 0.000000e+000
      vertex 0.000000e+000 -5.000000e-001 0.000000e+000
      vertex 9.831080e-002 -3.407064e-001 0.000000e+000
    endloop 
  endfacet
  facet normal 1.000000E+000 0.000000E+000 0.000000E+000
    outer loop 
      vertex 5.000000e-001 -3.277600e-001 2.091107e+000
      vertex 5.000000e-001 -1.387471e-001 2.104892e+000
      vertex 5.000000e-001 -2.654925e-001 2.246791e+000
    endloop 
  endfacet
  facet normal 1.000000E+000 0.000000E+000 0.000000E+000
    outer loop 
      vertex 5.000000e-001 4.757949e-002 2.131259e+000
      vertex 5.000000e-001 -6.780323e-002 2.275444e+000
      vertex 5.000000e-001 -1.387471e-001 2.104892e+000
    endloop 
  endfacet
  facet normal 1.000000E+000 0.000000E+000 0.000000E+000
    outer loop 
      vertex 5.000000e-001 -2.676623e-002 1.953847e+000
      vertex 5.000000e-001 4.757949e-002 2.131259e+000
      vertex 5.000000e-001 -1.387471e-001 2.104892e+000
    endloop 
  endfacet
  facet normal 1.000000E+000 0.000000E+000 0.000000E+000
    outer loop 
      vertex 5.000000e-001 -1.387471e-001 2.104892e+000
      vertex 5.000000e-001 -6.780323e-002 2.275444e+000
      vertex 5.000000e-001 -2.654925e-001 2.246791e+000
    endloop 
  endfacet
  facet normal -1.000000E+000 0.000000E+000 0.000000E+000
    outer loop 
      vertex -5.000000e-001 -5.034435e-002 2.133886e+000
      vertex -5.000000e-001 1.025569e-001 2.194905e+000
      vertex -5.000000e-001 7.841486e-002 2.013320e+000
    endloop 
  endfacet
  facet normal -1.000000E+000 0.000000E+000 0.000000E+000
    outer loop 
      vertex -5.000000e-001 7.841486e-002 2.013320e+000
      vertex -5.000000e-001 1.025569e-001 2.194905e+000
      vertex -5.000000e-001 2.808025e-001 2.008139e+000
    endloop 
  endfacet
  facet normal -1.000000E+000 0.000000E+000 0.000000E+000
    outer loop 
      vertex -5.000000e-001 7.841486e-002 2.013320e+000
      vertex -5.000000e-001 1.709861e-001 1.851495e+000
      vertex -5.000000e-001 3.160265e-002 1.882426e+000
    endloop 
  endfacet
  facet normal -1.000000E+000 0.000000E+000 0.000000E+000
    outer loop 
      vertex -5.000000e-001 7.841486e-002 2.013320e+000
      vertex -5.000000e-001 3.160265e-002 1.882426e+000
      vertex -5.000000e-001 -8.177512e-002 1.994840e+000
    endloop 
  endfacet
  facet normal -1.000000E+000 0.000000E+000 0.000000E+000
    outer loop 
      vertex -5.000000e-001 -5.034435e-002 2.133886e+000
      vertex -5.000000e-001 7.841486e-002 2.013320e+000
      vertex -5.000000e-001 -8.177512e-002 1.994840e+000
    endloop 
  endfacet
  facet normal -1.000000E+000 0.000000E+000 0.000000E+000
    outer loop 
      vertex -5.000000e-001 1.709861e-001 1.851495e+000
      vertex -5.000000e-001 7.841486e-002 2.013320e+000
      vertex -5.000000e-001 2.808025e-001 2.008139e+000
    endloop 
  endfacet
  facet normal 0.000000E+000 -1.000000E+000 0.000000E+000
    outer loop 
      vertex -6.987213e-002 -5.000000e-001 2.165929e+000
      vertex -2.210990e-001 -5.000000e-001 2.157204e+000
      vertex -1.153758e-001 -5.000000e-001 2.012437e+000
    endloop 
  endfacet
  facet normal 0.000000E+000 -1.000000E+000 0.000000E+000
    outer loop 
      vertex 2.340833e-002 -5.000000e-001 2.003065e+000
      vertex -6.987213e-002 -5.000000e-001 2.165929e+000
      vertex -1.153758e-001 -5.000000e-001 2.012437e+000
    endloop 
  endfacet
  facet normal 0.000000E+000 -1.000000E+000 0.000000E+000
    outer loop 
      vertex -2.210990e-001 -5.000000e-001 2.157204e+000
      vertex -6.987213e-002 -5.000000e-001 2.165929e+000
      vertex -1.778249e-001 -5.000000e-001 2.322874e+000
    endloop 
  endfacet
  facet normal 0.000000E+000 -1.000000E+000 0.000000E+000
    outer loop 
      vertex -1.268139e-002 -5.000000e-001 2.327652e+000
      vertex -1.778249e-001 -5.000000e-001 2.322874e+000
      vertex -6.987213e-002 -5.000000e-001 2.165929e+000
    endloop 
  endfacet
  facet normal 0.000000E+000 -1.000000E+000 0.000000E+000
    outer loop 
      vertex 8.139662e-002 -5.000000e-001 2.171723e+000
      vertex -1.268139e-002 -5.000000e-001 2.327652e+000
      vertex -6.987213e-002 -5.000000e-001 2.165929e+000
    endloop 
  endfacet
  facet normal 0.000000E+000 -1.000000E+000 0.000000E+000
    outer loop 
      vertex 2.340833e-002 -5.000000e-001 2.003065e+000
      vertex 8.139662e-002 -5.000000e-001 2.171723e+000
      vertex -6.987213e-002 -5.000000e-001 2.165929e+000
    endloop 
  endfacet
  facet normal 0.000000E+000 -1.000000E+000 0.000000E+000
    outer loop 
      vertex 9.187226e-002 -5.000000e-001 3.287035e+000
      vertex 2.162966e-001 -5.000000e-001 3.402343e+000
      vertex 4.353370e-002 -5.000000e-001 3.443429e+000
    endloop 
  endfacet
  facet normal 0.000000E+000 -1.000000E+000 0.000000E+000
    outer loop 
      vertex 9.187226e-002 -5.000000e-001 3.287035e+000
      vertex 4.353370e-002 -5.000000e-001 3.443429e+000
      vertex -3.585188e-002 -5.000000e-001 3.342697e+000
    endloop 
  endfacet
  facet normal 0.000000E+000 -1.000000E+000 0.000000E+000
    outer loop 
      vertex 4.353370e-002 -5.000000e-001 3.443429e+000
      vertex 1.093443e-001 -5.000000e-001 3.569057e+000
      vertex -4.843269e-002 -5.000000e-001 3.579347e+000
    endloop 
  endfacet
  facet normal 0.000000E+000 -1.000000E+000 0.000000E+000
    outer loop 
      vertex 4.353370e-002 -5.000000e-001 3.443429e+000
      vertex 2.162966e-001 -5.000000e-001 3.402343e+000
      vertex 1.093443e-001 -5.000000e-001 3.569057e+000
    endloop 
  endfacet
  facet normal -1.000000E+000 0.000000E+000 0.000000E+000
    outer loop 
      vertex -5.000000e-001 -9.933833e-002 3.285402e+000
      vertex -5.000000e-001 -2.286863e-001 3.379697e+000
      vertex -5.000000e-001 -9.093980e-002 3.438582e+000
    endloop 
  endfacet
  facet normal -1.000000E+000 0.000000E+000 0.000000E+000
    outer loop 
      vertex -5.000000e-001 -9.933833e-002 3.285402e+000
      vertex -5.000000e-001 -9.093980e-002 3.438582e+000
      vertex -5.000000e-001 1.558972e-002 3.338505e+000
    endloop 
  endfacet
  facet normal -1.000000E+000 0.000000E+000 0.000000E+000
    outer loop 
      vertex -5.000000e-001 -2.286863e-001 3.379697e+000
      vertex -5.000000e-001 -2.181893e-001 3.560645e+000
      vertex -5.000000e-001 -9.093980e-002 3.438582e+000
    endloop 
  endfacet
  facet normal -1.000000E+000 0.000000E+000 0.000000E+000
    outer loop 
      vertex -5.000000e-001 3.160265e-002 1.882426e+000
      vertex -5.000000e-001 6.312735e-002 1.732703e+000
      vertex -5.000000e-001 -8.764893e-002 1.836207e+000
    endloop 
  endfacet
  facet normal -1.000000E+000 0.000000E+000 0.000000E+000
    outer loop 
      vertex -5.000000e-001 -8.764893e-002 1.836207e+000
      vertex -5.000000e-001 -8.177512e-002 1.994840e+000
      vertex -5.000000e-001 3.160265e-002 1.882426e+000
    endloop 
  endfacet
  facet normal -1.000000E+000 0.000000E+000 0.000000E+000
    outer loop 
      vertex -5.000000e-001 -8.764893e-002 1.836207e+000
      vertex -5.000000e-001 6.312735e-002 1.732703e+000
      vertex -5.000000e-001 -7.553232e-002 1.686327e+000
    endloop 
  endfacet
  facet normal -1.000000E+000 0.000000E+000 0.000000E+000
    outer loop 
      vertex -5.000000e-001 -7.553232e-002 1.686327e+000
      vertex -5.000000e-001 -2.282880e-001 1.786853e+000
      vertex -5.000000e-001 -8.764893e-002 1.836207e+000
    endloop 
  endfacet
  facet normal -1.000000E+000 0.000000E+000 0.000000E+000
    outer loop 
      vertex -5.000000e-001 -2.282880e-001 1.786853e+000
      vertex -5.000000e-001 -2.302133e-001 1.956750e+000
      vertex -5.000000e-001 -8.764893e-002 1.836207e+000
    endloop 
  endfacet
  facet normal -1.000000E+000 0.000000E+000 0.000000E+000
    outer loop 
      vertex -5.000000e-001 -8.764893e-002 1.836207e+000
      vertex -5.000000e-001 -2.302133e-001 1.956750e+000
      vertex -5.000000e-001 -8.177512e-002 1.994840e+000
    endloop 
  endfacet
  facet normal 1.000000E+000 0.000000E+000 0.000000E+000
    outer loop 
      vertex 5.000000e-001 -3.053431e-001 6.750324e-001
      vertex 5.000000e-001 -1.256585e-001 5.781187e-001
      vertex 5.000000e-001 -1.266054e-001 7.739544e-001
    endloop 
  endfacet
  facet normal 1.000000E+000 0.000000E+000 0.000000E+000
    outer loop 
      vertex 5.000000e-001 -1.256585e-001 5.781187e-001
      vertex 5.000000e-001 1.876079e-002 6.337321e-001
      vertex 5.000000e-001 -1.266054e-001 7.739544e-001
    endloop 
  endfacet
  facet normal 1.000000E+000 0.000000E+000 0.000000E+000
    outer loop 
      vertex 5.000000e-001 -3.053431e-001 6.750324e-001
      vertex 5.000000e-001 -2.416263e-001 4.993764e-001
      vertex 5.000000e-001 -1.256585e-001 5.781187e-001
    endloop 
  endfacet
  facet normal 1.000000E+000 0.000000E+000 0.000000E+000
    outer loop 
      vertex 5.000000e-001 -1.256585e-001 5.781187e-001
      vertex 5.000000e-001 -2.416263e-001 4.993764e-001
      vertex 5.000000e-001 -1.441634e-001 3.846442e-001
    endloop 
  endfacet
  facet normal 0.000000E+000 1.000000E+000 0.000000E+000
    outer loop 
      vertex 3.718291e-001 5.000000e-001 2.443947e+000
      vertex 5.000000e-001 5.000000e-001 2.400000e+000
      vertex 3.695375e-001 5.000000e-001 2.262449e+000
    endloop 
  endfacet
  facet normal 0.000000E+000 1.000000E+000 0.000000E+000
    outer loop 
      vertex 3.695375e-001 5.000000e-001 2.262449e+000
      vertex 2.327137e-001 5.000000e-001 2.304222e+000
      vertex 3.718291e-001 5.000000e-001 2.443947e+000
    endloop 
  endfacet
  facet normal 0.000000E+000 1.000000E+000 0.000000E+000
    outer loop 
      vertex 5.000000e-001 5.000000e-001 2.240000e+000
      vertex 3.966593e-001 5.000000e-001 2.089440e+000
      vertex 3.695375e-001 5.000000e-001 2.262449e+000
    endloop 
  endfacet
  facet normal 0.000000E+000 1.000000E+000 0.000000E+000
    outer loop 
      vertex 2.203279e-001 5.000000e-001 2.102788e+000
      vertex 3.695375e-001 5.000000e-001 2.262449e+000
      vertex 3.966593e-001 5.000000e-001 2.089440e+000
    endloop 
  endfacet
  facet normal 0.000000E+000 1.000000E+000 0.000000E+000
    outer loop 
      vertex 3.695375e-001 5.000000e-001 2.262449e+000
      vertex 5.000000e-001 5.000000e-001 2.400000e+000
      vertex 5.000000e-001 5.000000e-001 2.240000e+000
    endloop 
  endfacet
  facet normal 0.000000E+000 1.000000E+000 0.000000E+000
    outer loop 
      vertex 3.695375e-001 5.000000e-001 2.262449e+000
      vertex 2.203279e-001 5.000000e-001 2.102788e+000
      vertex 2.327137e-001 5.000000e-001 2.304222e+000
    endloop 
  endfacet
  facet normal 1.000000E+000 0.000000E+000 0.000000E+000
    outer loop 
      vertex 5.000000e-001 2.671152e-001 1.000634e+000
      vertex 5.000000e-001 3.376769e-001 1.168974e+000
      vertex 5.000000e-001 1.626723e-001 1.117204e+000
    endloop 
  endfacet
  facet normal 1.000000E+000 0.000000E+000 0.000000E+000
    outer loop 
      vertex 5.000000e-001 5.311786e-003 1.062181e+000
      vertex 5.000000e-001 1.626723e-001 1.117204e+000
      vertex 5.000000e-001 2.974502e-002 1.247875e+000
    endloop 
  endfacet
  facet normal 1.000000E+000 0.000000E+000 0.000000E+000
    outer loop 
      vertex 5.000000e-001 3.376769e-001 1.168974e+000
      vertex 5.000000e-001 2.021313e-001 1.291369e+000
      vertex 5.000000e-001 1.626723e-001 1.117204e+000
    endloop 
  endfacet
  facet normal 1.000000E+000 0.000000E+000 0.000000E+000
    outer loop 
      vertex 5.000000e-001 2.974502e-002 1.247875e+000
      vertex 5.000000e-001 1.626723e-001 1.117204e+000
      vertex 5.000000e-001 2.021313e-001 1.291369e+000
    endloop 
  endfacet
  facet normal 1.000000E+000 0.000000E+000 0.000000E+000
    outer loop 
      vertex 5.000000e-001 1.245159e-001 9.463149e-001
      vertex 5.000000e-001 2.671152e-001 1.000634e+000
      vertex 5.000000e-001 1.626723e-001 1.117204e+000
    endloop 
  endfacet
  facet normal 1.000000E+000 0.000000E+000 0.000000E+000
    outer loop 
      vertex 5.000000e-001 5.311786e-003 1.062181e+000
      vertex 5.000000e-001 1.245159e-001 9.463149e-001
      vertex 5.000000e-001 1.626723e-001 1.117204e+000
    endloop 
  endfacet
  facet normal 0.000000E+000 -1.000000E+000 0.000000E+000
    outer loop 
      vertex 2.517506e-001 -5.000000e-001 3.580123e+000
      vertex 1.540852e-001 -5.000000e-001 3.712873e+000
      vertex 1.093443e-001 -5.000000e-001 3.569057e+000
    endloop 
  endfacet
  facet normal 0.000000E+000 -1.000000E+000 0.000000E+000
    outer loop 
      vertex 1.540852e-001 -5.000000e-001 3.712873e+000
      vertex 2.517506e-001 -5.000000e-001 3.580123e+000
      vertex 2.742150e-001 -5.000000e-001 3.722374e+000
    endloop 
  endfacet
  facet normal 0.000000E+000 -1.000000E+000 0.000000E+000
    outer loop 
      vertex 2.207905e-001 -5.000000e-001 3.859770e+000
      vertex 7.824622e-002 -5.000000e-001 3.853566e+000
      vertex 1.540852e-001 -5.000000e-001 3.712873e+000
    endloop 
  endfacet
  facet normal 0.000000E+000 -1.000000E+000 0.000000E+000
    outer loop 
      vertex 7.824622e-002 -5.000000e-001 3.853566e+000
      vertex 1.250983e-002 -5.000000e-001 3.710860e+000
      vertex 1.540852e-001 -5.000000e-001 3.712873e+000
    endloop 
  endfacet
  facet normal 0.000000E+000 -1.000000E+000 0.000000E+000
    outer loop 
      vertex 2.742150e-001 -5.000000e-001 3.722374e+000
      vertex 2.207905e-001 -5.000000e-001 3.859770e+000
      vertex 1.540852e-001 -5.000000e-001 3.712873e+000
    endloop 
  endfacet
  facet normal 0.000000E+000 -1.000000E+000 0.000000E+000
    outer loop 
      vertex 1.540852e-001 -5.000000e-001 3.712873e+000
      vertex 1.250983e-002 -5.000000e-001 3.710860e+000
      vertex 1.093443e-001 -5.000000e-001 3.569057e+000
    endloop 
  endfacet
  facet normal 0.000000E+000 -1.000000E+000 0.000000E+000
    outer loop 
      vertex 5.000000e-001 -5.000000e-001 1.280000e+000
      vertex 3.404433e-001 -5.000000e-001 1.399921e+000
      vertex 3.688637e-001 -5.000000e-001 1.217026e+000
    endloop 
  endfacet
  facet normal 0.000000E+000 -1.000000E+000 0.000000E+000
    outer loop 
      vertex 3.688637e-001 -5.000000e-001 1.217026e+000
      vertex 3.404433e-001 -5.000000e-001 1.399921e+000
      vertex 2.257615e-001 -5.000000e-001 1.288539e+000
    endloop 
  endfacet
  facet normal 0.000000E+000 -1.000000E+000 0.000000E+000
    outer loop 
      vertex 5.000000e-001 -5.000000e-001 1.120000e+000
      vertex 5.000000e-001 -5.000000e-001 1.280000e+000
      vertex 3.688637e-001 -5.000000e-001 1.217026e+000
    endloop 
  endfacet
  facet normal 0.000000E+000 -1.000000E+000 0.000000E+000
    outer loop 
      vertex 2.257615e-001 -5.000000e-001 1.288539e+000
      vertex 2.625480e-001 -5.000000e-001 1.118946e+000
      vertex 3.688637e-001 -5.000000e-001 1.217026e+000
    endloop 
  endfacet
  facet normal 0.000000E+000 -1.000000E+000 0.000000E+000
    outer loop 
      vertex 3.949692e-001 -5.000000e-001 1.049164e+000
      vertex 5.000000e-001 -5.000000e-001 1.120000e+000
      vertex 3.688637e-001 -5.000000e-001 1.217026e+000
    endloop 
  endfacet
  facet normal 0.000000E+000 -1.000000E+000 0.000000E+000
    outer loop 
      vertex 2.625480e-001 -5.000000e-001 1.118946e+000
      vertex 3.949692e-001 -5.000000e-001 1.049164e+000
      vertex 3.688637e-001 -5.000000e-001 1.217026e+000
    endloop 
  endfacet
  facet normal 0.000000E+000 -1.000000E+000 0.000000E+000
    outer loop 
      vertex -2.013670e-001 -5.000000e-001 2.581950e+000
      vertex -3.453835e-001 -5.000000e-001 2.637712e+000
      vertex -3.106387e-001 -5.000000e-001 2.468580e+000
    endloop 
  endfacet
  facet normal 0.000000E+000 -1.000000E+000 0.000000E+000
    outer loop 
      vertex -2.013670e-001 -5.000000e-001 2.581950e+000
      vertex -1.971156e-001 -5.000000e-001 2.712257e+000
      vertex -3.453835e-001 -5.000000e-001 2.637712e+000
    endloop 
  endfacet
  facet normal 0.000000E+000 -1.000000E+000 0.000000E+000
    outer loop 
      vertex -2.013670e-001 -5.000000e-001 2.581950e+000
      vertex -3.106387e-001 -5.000000e-001 2.468580e+000
      vertex -1.130004e-001 -5.000000e-001 2.467691e+000
    endloop 
  endfacet
  facet normal 0.000000E+000 1.000000E+000 0.000000E+000
    outer loop 
      vertex 3.718291e-001 5.000000e-001 2.443947e+000
      vertex 2.430399e-001 5.000000e-001 2.491730e+000
      vertex 3.705577e-001 5.000000e-001 2.611038e+000
    endloop 
  endfacet
  facet normal 0.000000E+000 1.000000E+000 0.000000E+000
    outer loop 
      vertex 3.718291e-001 5.000000e-001 2.443947e+000
      vertex 2.327137e-001 5.000000e-001 2.304222e+000
      vertex 2.430399e-001 5.000000e-001 2.491730e+000
    endloop 
  endfacet
  facet normal 0.000000E+000 1.000000E+000 0.000000E+000
    outer loop 
      vertex 2.466717e-001 5.000000e-001 2.676006e+000
      vertex 3.705577e-001 5.000000e-001 2.611038e+000
      vertex 2.430399e-001 5.000000e-001 2.491730e+000
    endloop 
  endfacet
  facet normal 0.000000E+000 1.000000E+000 0.000000E+000
    outer loop 
      vertex 2.430399e-001 5.000000e-001 2.491730e+000
      vertex 9.770484e-002 5.000000e-001 2.365881e+000
      vertex 1.176974e-001 5.000000e-001 2.554224e+000
    endloop 
  endfacet
  facet normal 0.000000E+000 1.000000E+000 0.000000E+000
    outer loop 
      vertex 9.770484e-002 5.000000e-001 2.365881e+000
      vertex 2.430399e-001 5.000000e-001 2.491730e+000
      vertex 2.327137e-001 5.000000e-001 2.304222e+000
    endloop 
  endfacet
  facet normal 0.000000E+000 1.000000E+000 0.000000E+000
    outer loop 
      vertex 1.176974e-001 5.000000e-001 2.554224e+000
      vertex 2.466717e-001 5.000000e-001 2.676006e+000
      vertex 2.430399e-001 5.000000e-001 2.491730e+000
    endloop 
  endfacet
  facet normal 0.000000E+000 1.000000E+000 0.000000E+000
    outer loop 
      vertex 2.203279e-001 5.000000e-001 2.102788e+000
      vertex 3.107347e-001 5.000000e-001 1.937298e+000
      vertex 1.277201e-001 5.000000e-001 1.914414e+000
    endloop 
  endfacet
  facet normal 0.000000E+000 1.000000E+000 0.000000E+000
    outer loop 
      vertex 3.107347e-001 5.000000e-001 1.937298e+000
      vertex 2.122666e-001 5.000000e-001 1.791917e+000
      vertex 1.277201e-001 5.000000e-001 1.914414e+000
    endloop 
  endfacet
  facet normal 0.000000E+000 1.000000E+000 0.000000E+000
    outer loop 
      vertex 6.016774e-002 5.000000e-001 1.730471e+000
      vertex -5.581227e-002 5.000000e-001 1.849678e+000
      vertex 1.277201e-001 5.000000e-001 1.914414e+000
    endloop 
  endfacet
  facet normal 0.000000E+000 1.000000E+000 0.000000E+000
    outer loop 
      vertex 6.016774e-002 5.000000e-001 1.730471e+000
      vertex 1.277201e-001 5.000000e-001 1.914414e+000
      vertex 2.122666e-001 5.000000e-001 1.791917e+000
    endloop 
  endfacet
  facet normal 0.000000E+000 -1.000000E+000 0.000000E+000
    outer loop 
      vertex 2.340833e-002 -5.000000e-001 2.003065e+000
      vertex -1.153758e-001 -5.000000e-001 2.012437e+000
      vertex -4.069877e-002 -5.000000e-001 1.852485e+000
    endloop 
  endfacet
  facet normal 0.000000E+000 -1.000000E+000 0.000000E+000
    outer loop 
      vertex -1.419878e-002 -5.000000e-001 1.685190e+000
      vertex -4.069877e-002 -5.000000e-001 1.852485e+000
      vertex -1.442873e-001 -5.000000e-001 1.746889e+000
    endloop 
  endfacet
  facet normal 0.000000E+000 -1.000000E+000 0.000000E+000
    outer loop 
      vertex -1.419878e-002 -5.000000e-001 1.685190e+000
      vertex 9.296426e-002 -5.000000e-001 1.819261e+000
      vertex -4.069877e-002 -5.000000e-001 1.852485e+000
    endloop 
  endfacet
  facet normal 0.000000E+000 -1.000000E+000 0.000000E+000
    outer loop 
      vertex 9.296426e-002 -5.000000e-001 1.819261e+000
      vertex 2.340833e-002 -5.000000e-001 2.003065e+000
      vertex -4.069877e-002 -5.000000e-001 1.852485e+000
    endloop 
  endfacet
  facet normal -1.000000E+000 0.000000E+000 0.000000E+000
    outer loop 
      vertex -5.000000e-001 -4.779493e-002 2.544826e+000
      vertex -5.000000e-001 -1.300473e-001 2.432109e+000
      vertex -5.000000e-001 -2.138302e-001 2.552905e+000
    endloop 
  endfacet
  facet normal -1.000000E+000 0.000000E+000 0.000000E+000
    outer loop 
      vertex -5.000000e-001 1.788290e-002 2.384342e+000
      vertex -5.000000e-001 -1.300473e-001 2.432109e+000
      vertex -5.000000e-001 -4.779493e-002 2.544826e+000
    endloop 
  endfacet
  facet normal -1.000000E+000 0.000000E+000 0.000000E+000
    outer loop 
      vertex -5.000000e-001 -2.791504e-001 2.368074e+000
      vertex -5.000000e-001 -1.300473e-001 2.432109e+000
      vertex -5.000000e-001 -9.837710e-002 2.280353e+000
    endloop 
  endfacet
  facet normal -1.000000E+000 0.000000E+000 0.000000E+000
    outer loop 
      vertex -5.000000e-001 -1.300473e-001 2.432109e+000
      vertex -5.000000e-001 1.788290e-002 2.384342e+000
      vertex -5.000000e-001 -9.837710e-002 2.280353e+000
    endloop 
  endfacet
  facet normal -1.000000E+000 0.000000E+000 0.000000E+000
    outer loop 
      vertex -5.000000e-001 -1.300473e-001 2.432109e+000
      vertex -5.000000e-001 -2.791504e-001 2.368074e+000
      vertex -5.000000e-001 -2.138302e-001 2.552905e+000
    endloop 
  endfacet
  facet normal 1.000000E+000 0.000000E+000 0.000000E+000
    outer loop 
      vertex 5.000000e-001 2.671152e-001 1.000634e+000
      vertex 5.000000e-001 3.735541e-001 8.933693e-001
      vertex 5.000000e-001 3.982685e-001 1.029751e+000
    endloop 
  endfacet
  facet normal 1.000000E+000 0.000000E+000 0.000000E+000
    outer loop 
      vertex 5.000000e-001 5.000000e-001 9.600000e-001
      vertex 5.000000e-001 3.982685e-001 1.029751e+000
      vertex 5.000000e-001 3.735541e-001 8.933693e-001
    endloop 
  endfacet
  facet normal 1.000000E+000 0.000000E+000 0.000000E+000
    outer loop 
      vertex 5.000000e-001 3.982685e-001 1.029751e+000
      vertex 5.000000e-001 3.376769e-001 1.168974e+000
      vertex 5.000000e-001 2.671152e-001 1.000634e+000
    endloop 
  endfacet
  facet normal 1.000000E+000 0.000000E+000 0.000000E+000
    outer loop 
      vertex 5.000000e-001 3.982685e-001 1.029751e+000
      vertex 5.000000e-001 5.000000e-001 9.600000e-001
      vertex 5.000000e-001 5.000000e-001 1.120000e+000
    endloop 
  endfacet
  facet normal 1.000000E+000 0.000000E+000 0.000000E+000
    outer loop 
      vertex 5.000000e-001 5.000000e-001 1.120000e+000
      vertex 5.000000e-001 3.376769e-001 1.168974e+000
      vertex 5.000000e-001 3.982685e-001 1.029751e+000
    endloop 
  endfacet
  facet normal 0.000000E+000 -1.000000E+000 0.000000E+000
    outer loop 
      vertex 2.939426e-001 -5.000000e-001 9.743269e-001
      vertex 3.813638e-001 -5.000000e-001 8.838599e-001
      vertex 3.949692e-001 -5.000000e-001 1.049164e+000
    endloop 
  endfacet
  facet normal 0.000000E+000 -1.000000E+000 0.000000E+000
    outer loop 
      vertex 3.813638e-001 -5.000000e-001 8.838599e-001
      vertex 5.000000e-001 -5.000000e-001 9.600000e-001
      vertex 3.949692e-001 -5.000000e-001 1.049164e+000
    endloop 
  endfacet
  facet normal 0.000000E+000 -1.000000E+000 0.000000E+000
    outer loop 
      vertex 2.939426e-001 -5.000000e-001 9.743269e-001
      vertex 3.949692e-001 -5.000000e-001 1.049164e+000
      vertex 2.625480e-001 -5.000000e-001 1.118946e+000
    endloop 
  endfacet
  facet normal 0.000000E+000 -1.000000E+000 0.000000E+000
    outer loop 
      vertex 3.949692e-001 -5.000000e-001 1.049164e+000
      vertex 5.000000e-001 -5.000000e-001 9.600000e-001
      vertex 5.000000e-001 -5.000000e-001 1.120000e+000
    endloop 
  endfacet
  facet normal 1.000000E+000 0.000000E+000 0.000000E+000
    outer loop 
      vertex 5.000000e-001 -1.568695e-002 8.973839e-001
      vertex 5.000000e-001 6.146379e-002 7.876777e-001
      vertex 5.000000e-001 1.245159e-001 9.463149e-001
    endloop 
  endfacet
  facet normal 1.000000E+000 0.000000E+000 0.000000E+000
    outer loop 
      vertex 5.000000e-001 5.311786e-003 1.062181e+000
      vertex 5.000000e-001 -1.568695e-002 8.973839e-001
      vertex 5.000000e-001 1.245159e-001 9.463149e-001
    endloop 
  endfacet
  facet normal 1.000000E+000 0.000000E+000 0.000000E+000
    outer loop 
      vertex 5.000000e-001 6.146379e-002 7.876777e-001
      vertex 5.000000e-001 2.265668e-001 8.394111e-001
      vertex 5.000000e-001 1.245159e-001 9.463149e-001
    endloop 
  endfacet
  facet normal 1.000000E+000 0.000000E+000 0.000000E+000
    outer loop 
      vertex 5.000000e-001 1.245159e-001 9.463149e-001
      vertex 5.000000e-001 2.265668e-001 8.394111e-001
      vertex 5.000000e-001 2.671152e-001 1.000634e+000
    endloop 
  endfacet
  facet normal 0.000000E+000 -1.000000E+000 0.000000E+000
    outer loop 
      vertex -1.442873e-001 -5.000000e-001 1.746889e+000
      vertex -2.584020e-001 -5.000000e-001 1.675206e+000
      vertex -1.312258e-001 -5.000000e-001 1.593296e+000
    endloop 
  endfacet
  facet normal 0.000000E+000 -1.000000E+000 0.000000E+000
    outer loop 
      vertex -2.488167e-001 -5.000000e-001 1.544289e+000
      vertex -1.312258e-001 -5.000000e-001 1.593296e+000
      vertex -2.584020e-001 -5.000000e-001 1.675206e+000
    endloop 
  endfacet
  facet normal 0.000000E+000 -1.000000E+000 0.000000E+000
    outer loop 
      vertex 1.916549e-003 -5.000000e-001 1.488233e+000
      vertex -1.312258e-001 -5.000000e-001 1.593296e+000
      vertex -1.606897e-001 -5.000000e-001 1.442989e+000
    endloop 
  endfacet
  facet normal 0.000000E+000 -1.000000E+000 0.000000E+000
    outer loop 
      vertex -1.312258e-001 -5.000000e-001 1.593296e+000
      vertex 1.916549e-003 -5.000000e-001 1.488233e+000
      vertex -1.419878e-002 -5.000000e-001 1.685190e+000
    endloop 
  endfacet
  facet normal 0.000000E+000 -1.000000E+000 0.000000E+000
    outer loop 
      vertex -1.419878e-002 -5.000000e-001 1.685190e+000
      vertex -1.442873e-001 -5.000000e-001 1.746889e+000
      vertex -1.312258e-001 -5.000000e-001 1.593296e+000
    endloop 
  endfacet
  facet normal 0.000000E+000 -1.000000E+000 0.000000E+000
    outer loop 
      vertex -1.606897e-001 -5.000000e-001 1.442989e+000
      vertex -1.312258e-001 -5.000000e-001 1.593296e+000
      vertex -2.488167e-001 -5.000000e-001 1.544289e+000
    endloop 
  endfacet
  facet normal 0.000000E+000 0.000000E+000 -1.000000E+000
    outer loop 
      vertex 5.000000e-001 -1.666667e-001 0.000000e+000
      vertex 3.782346e-001 -2.876811e-001 0.000000e+000
      vertex 3.506944e-001 -1.791088e-001 0.000000e+000
    endloop 
  endfacet
  facet normal 0.000000E+000 0.000000E+000 -1.000000E+000
    outer loop 
      vertex 3.506944e-001 -1.791088e-001 0.000000e+000
      vertex 3.782346e-001 -2.876811e-001 0.000000e+000
      vertex 2.407040e-001 -2.523085e-001 0.000000e+000
    endloop 
  endfacet
  facet normal 0.000000E+000 0.000000E+000 -1.000000E+000
    outer loop 
      vertex 3.752419e-001 -5.933267e-002 0.000000e+000
      vertex 3.506944e-001 -1.791088e-001 0.000000e+000
      vertex 2.463146e-001 -1.167427e-001 0.000000e+000
    endloop 
  endfacet
  facet normal 0.000000E+000 0.000000E+000 -1.000000E+000
    outer loop 
      vertex 3.752419e-001 -5.933267e-002 0.000000e+000
      vertex 5.000000e-001 -1.666667e-001 0.000000e+000
      vertex 3.506944e-001 -1.791088e-001 0.000000e+000
    endloop 
  endfacet
  facet normal 0.000000E+000 0.000000E+000 -1.000000E+000
    outer loop 
      vertex 2.407040e-001 -2.523085e-001 0.000000e+000
      vertex 2.463146e-001 -1.167427e-001 0.000000e+000
      vertex 3.506944e-001 -1.791088e-001 0.000000e+000
    endloop 
  endfacet
  facet normal 0.000000E+000 1.000000E+000 0.000000E+000
    outer loop 
      vertex -3.866831e-001 5.000000e-001 2.789479e+000
      vertex -5.000000e-001 5.000000e-001 2.880000e+000
      vertex -3.772824e-001 5.000000e-001 2.946032e+000
    endloop 
  endfacet
  facet normal 0.000000E+000 1.000000E+000 0.000000E+000
    outer loop 
      vertex -2.779744e-001 5.000000e-001 2.854284e+000
      vertex -3.866831e-001 5.000000e-001 2.789479e+000
      vertex -3.772824e-001 5.000000e-001 2.946032e+000
    endloop 
  endfacet
  facet normal 0.000000E+000 1.000000E+000 0.000000E+000
    outer loop 
      vertex -3.772824e-001 5.000000e-001 2.946032e+000
      vertex -3.709902e-001 5.000000e-001 3.098611e+000
      vertex -2.189817e-001 5.000000e-001 2.998682e+000
    endloop 
  endfacet
  facet normal 0.000000E+000 1.000000E+000 0.000000E+000
    outer loop 
      vertex -5.000000e-001 5.000000e-001 3.040000e+000
      vertex -3.709902e-001 5.000000e-001 3.098611e+000
      vertex -3.772824e-001 5.000000e-001 2.946032e+000
    endloop 
  endfacet
  facet normal 0.000000E+000 1.000000E+000 0.000000E+000
    outer loop 
      vertex -2.779744e-001 5.000000e-001 2.854284e+000
      vertex -3.772824e-001 5.000000e-001 2.946032e+000
      vertex -2.189817e-001 5.000000e-001 2.998682e+000
    endloop 
  endfacet
  facet normal 0.000000E+000 1.000000E+000 0.000000E+000
    outer loop 
      vertex -3.772824e-001 5.000000e-001 2.946032e+000
      vertex -5.000000e-001 5.000000e-001 2.880000e+000
      vertex -5.000000e-001 5.000000e-001 3.040000e+000
    endloop 
  endfacet
  facet normal 0.000000E+000 -1.000000E+000 0.000000E+000
    outer loop 
      vertex 3.696776e-001 -5.000000e-001 3.044352e+000
      vertex 5.000000e-001 -5.000000e-001 3.200000e+000
      vertex 3.670116e-001 -5.000000e-001 3.274232e+000
    endloop 
  endfacet
  facet normal 0.000000E+000 -1.000000E+000 0.000000E+000
    outer loop 
      vertex 3.696776e-001 -5.000000e-001 3.044352e+000
      vertex 3.670116e-001 -5.000000e-001 3.274232e+000
      vertex 2.305696e-001 -5.000000e-001 3.189267e+000
    endloop 
  endfacet
  facet normal 0.000000E+000 -1.000000E+000 0.000000E+000
    outer loop 
      vertex 3.696776e-001 -5.000000e-001 3.044352e+000
      vertex 2.088996e-001 -5.000000e-001 2.987918e+000
      vertex 3.374728e-001 -5.000000e-001 2.834873e+000
    endloop 
  endfacet
  facet normal 0.000000E+000 -1.000000E+000 0.000000E+000
    outer loop 
      vertex 3.696776e-001 -5.000000e-001 3.044352e+000
      vertex 2.305696e-001 -5.000000e-001 3.189267e+000
      vertex 2.088996e-001 -5.000000e-001 2.987918e+000
    endloop 
  endfacet
  facet normal 0.000000E+000 -1.000000E+000 0.000000E+000
    outer loop 
      vertex 3.696776e-001 -5.000000e-001 3.044352e+000
      vertex 5.000000e-001 -5.000000e-001 2.880000e+000
      vertex 5.000000e-001 -5.000000e-001 3.040000e+000
    endloop 
  endfacet
  facet normal 0.000000E+000 -1.000000E+000 0.000000E+000
    outer loop 
      vertex 3.696776e-001 -5.000000e-001 3.044352e+000
      vertex 3.374728e-001 -5.000000e-001 2.834873e+000
      vertex 5.000000e-001 -5.000000e-001 2.880000e+000
    endloop 
  endfacet
  facet normal 0.000000E+000 -1.000000E+000 0.000000E+000
    outer loop 
      vertex 3.696776e-001 -5.000000e-001 3.044352e+000
      vertex 5.000000e-001 -5.000000e-001 3.040000e+000
      vertex 5.000000e-001 -5.000000e-001 3.200000e+000
    endloop 
  endfacet
  facet normal 1.000000E+000 0.000000E+000 0.000000E+000
    outer loop 
      vertex 5.000000e-001 5.000000e-001 2.880000e+000
      vertex 5.000000e-001 3.659222e-001 2.938737e+000
      vertex 5.000000e-001 3.766400e-001 2.776399e+000
    endloop 
  endfacet
  facet normal 1.000000E+000 0.000000E+000 0.000000E+000
    outer loop 
      vertex 5.000000e-001 2.655496e-001 2.833864e+000
      vertex 5.000000e-001 3.766400e-001 2.776399e+000
      vertex 5.000000e-001 3.659222e-001 2.938737e+000
    endloop 
  endfacet
  facet normal 1.000000E+000 0.000000E+000 0.000000E+000
    outer loop 
      vertex 5.000000e-001 3.659222e-001 2.938737e+000
      vertex 5.000000e-001 3.364289e-001 3.099911e+000
      vertex 5.000000e-001 2.107007e-001 2.956204e+000
    endloop 
  endfacet
  facet normal 1.000000E+000 0.000000E+000 0.000000E+000
    outer loop 
      vertex 5.000000e-001 3.659222e-001 2.938737e+000
      vertex 5.000000e-001 5.000000e-001 3.040000e+000
      vertex 5.000000e-001 3.364289e-001 3.099911e+000
    endloop 
  endfacet
  facet normal 1.000000E+000 0.000000E+000 0.000000E+000
    outer loop 
      vertex 5.000000e-001 3.659222e-001 2.938737e+000
      vertex 5.000000e-001 2.107007e-001 2.956204e+000
      vertex 5.000000e-001 2.655496e-001 2.833864e+000
    endloop 
  endfacet
  facet normal 1.000000E+000 0.000000E+000 0.000000E+000
    outer loop 
      vertex 5.000000e-001 5.000000e-001 3.040000e+000
      vertex 5.000000e-001 3.659222e-001 2.938737e+000
      vertex 5.000000e-001 5.000000e-001 2.880000e+000
    endloop 
  endfacet
  facet normal 1.000000E+000 0.000000E+000 0.000000E+000
    outer loop 
      vertex 5.000000e-001 3.498209e-001 3.756477e+000
      vertex 5.000000e-001 3.043787e-001 3.570755e+000
      vertex 5.000000e-001 5.000000e-001 3.680000e+000
    endloop 
  endfacet
  facet normal 1.000000E+000 0.000000E+000 0.000000E+000
    outer loop 
      vertex 5.000000e-001 3.043787e-001 3.570755e+000
      vertex 5.000000e-001 3.498209e-001 3.756477e+000
      vertex 5.000000e-001 1.677067e-001 3.714365e+000
    endloop 
  endfacet
  facet normal 1.000000E+000 0.000000E+000 0.000000E+000
    outer loop 
      vertex 5.000000e-001 3.498209e-001 3.756477e+000
      vertex 5.000000e-001 2.400522e-001 3.871382e+000
      vertex 5.000000e-001 1.677067e-001 3.714365e+000
    endloop 
  endfacet
  facet normal 1.000000E+000 0.000000E+000 0.000000E+000
    outer loop 
      vertex 5.000000e-001 5.000000e-001 3.840000e+000
      vertex 5.000000e-001 3.498209e-001 3.756477e+000
      vertex 5.000000e-001 5.000000e-001 3.680000e+000
    endloop 
  endfacet
  facet normal 0.000000E+000 1.000000E+000 0.000000E+000
    outer loop 
      vertex -5.000000e-001 5.000000e-001 3.680000e+000
      vertex -3.502815e-001 5.000000e-001 3.757927e+000
      vertex -3.184568e-001 5.000000e-001 3.584193e+000
    endloop 
  endfacet
  facet normal 0.000000E+000 1.000000E+000 0.000000E+000
    outer loop 
      vertex -1.749879e-001 5.000000e-001 3.718078e+000
      vertex -3.184568e-001 5.000000e-001 3.584193e+000
      vertex -3.502815e-001 5.000000e-001 3.757927e+000
    endloop 
  endfacet
  facet normal 0.000000E+000 1.000000E+000 0.000000E+000
    outer loop 
      vertex -3.502815e-001 5.000000e-001 3.757927e+000
      vertex -2.404891e-001 5.000000e-001 3.871428e+000
      vertex -1.749879e-001 5.000000e-001 3.718078e+000
    endloop 
  endfacet
  facet normal 0.000000E+000 1.000000E+000 0.000000E+000
    outer loop 
      vertex -5.000000e-001 5.000000e-001 3.680000e+000
      vertex -5.000000e-001 5.000000e-001 3.840000e+000
      vertex -3.502815e-001 5.000000e-001 3.757927e+000
    endloop 
  endfacet
  facet normal 1.000000E+000 0.000000E+000 0.000000E+000
    outer loop 
      vertex 5.000000e-001 -3.083698e-001 1.435264e+000
      vertex 5.000000e-001 -3.928747e-001 1.592534e+000
      vertex 5.000000e-001 -5.000000e-001 1.440000e+000
    endloop 
  endfacet
  facet normal 1.000000E+000 0.000000E+000 0.000000E+000
    outer loop 
      vertex 5.000000e-001 -3.928747e-001 1.592534e+000
      vertex 5.000000e-001 -3.083698e-001 1.435264e+000
      vertex 5.000000e-001 -2.192632e-001 1.614563e+000
    endloop 
  endfacet
  facet normal 1.000000E+000 0.000000E+000 0.000000E+000
    outer loop 
      vertex 5.000000e-001 -3.928747e-001 1.592534e+000
      vertex 5.000000e-001 -3.740152e-001 1.759888e+000
      vertex 5.000000e-001 -5.000000e-001 1.760000e+000
    endloop 
  endfacet
  facet normal 1.000000E+000 0.000000E+000 0.000000E+000
    outer loop 
      vertex 5.000000e-001 -3.740152e-001 1.759888e+000
      vertex 5.000000e-001 -3.928747e-001 1.592534e+000
      vertex 5.000000e-001 -2.192632e-001 1.614563e+000
    endloop 
  endfacet
  facet normal 1.000000E+000 0.000000E+000 0.000000E+000
    outer loop 
      vertex 5.000000e-001 -5.000000e-001 1.440000e+000
      vertex 5.000000e-001 -3.928747e-001 1.592534e+000
      vertex 5.000000e-001 -5.000000e-001 1.600000e+000
    endloop 
  endfacet
  facet normal 1.000000E+000 0.000000E+000 0.000000E+000
    outer loop 
      vertex 5.000000e-001 -5.000000e-001 1.760000e+000
      vertex 5.000000e-001 -5.000000e-001 1.600000e+000
      vertex 5.000000e-001 -3.928747e-001 1.592534e+000
    endloop 
  endfacet
  facet normal 0.000000E+000 -1.000000E+000 0.000000E+000
    outer loop 
      vertex -3.748437e-001 -5.000000e-001 1.574376e+000
      vertex -2.584020e-001 -5.000000e-001 1.675206e+000
      vertex -3.926881e-001 -5.000000e-001 1.761656e+000
    endloop 
  endfacet
  facet normal 0.000000E+000 -1.000000E+000 0.000000E+000
    outer loop 
      vertex -3.748437e-001 -5.000000e-001 1.574376e+000
      vertex -2.488167e-001 -5.000000e-001 1.544289e+000
      vertex -2.584020e-001 -5.000000e-001 1.675206e+000
    endloop 
  endfacet
  facet normal 0.000000E+000 -1.000000E+000 0.000000E+000
    outer loop 
      vertex -3.185311e-001 -5.000000e-001 1.423715e+000
      vertex -3.748437e-001 -5.000000e-001 1.574376e+000
      vertex -5.000000e-001 -5.000000e-001 1.440000e+000
    endloop 
  endfacet
  facet normal 0.000000E+000 -1.000000E+000 0.000000E+000
    outer loop 
      vertex -3.185311e-001 -5.000000e-001 1.423715e+000
      vertex -2.488167e-001 -5.000000e-001 1.544289e+000
      vertex -3.748437e-001 -5.000000e-001 1.574376e+000
    endloop 
  endfacet
  facet normal 0.000000E+000 -1.000000E+000 0.000000E+000
    outer loop 
      vertex -3.926881e-001 -5.000000e-001 1.761656e+000
      vertex -5.000000e-001 -5.000000e-001 1.600000e+000
      vertex -3.748437e-001 -5.000000e-001 1.574376e+000
    endloop 
  endfacet
  facet normal 0.000000E+000 -1.000000E+000 0.000000E+000
    outer loop 
      vertex -5.000000e-001 -5.000000e-001 1.600000e+000
      vertex -5.000000e-001 -5.000000e-001 1.440000e+000
      vertex -3.748437e-001 -5.000000e-001 1.574376e+000
    endloop 
  endfacet
  facet normal 0.000000E+000 -1.000000E+000 0.000000E+000
    outer loop 
      vertex 2.499418e-002 -5.000000e-001 4.154605e-001
      vertex 1.939099e-001 -5.000000e-001 4.031291e-001
      vertex 1.353912e-001 -5.000000e-001 5.278890e-001
    endloop 
  endfacet
  facet normal 0.000000E+000 -1.000000E+000 0.000000E+000
    outer loop 
      vertex 2.771990e-001 -5.000000e-001 5.354977e-001
      vertex 1.353912e-001 -5.000000e-001 5.278890e-001
      vertex 1.939099e-001 -5.000000e-001 4.031291e-001
    endloop 
  endfacet
  facet normal 0.000000E+000 -1.000000E+000 0.000000E+000
    outer loop 
      vertex 2.499418e-002 -5.000000e-001 4.154605e-001
      vertex 1.353912e-001 -5.000000e-001 5.278890e-001
      vertex -3.196946e-003 -5.000000e-001 5.991769e-001
    endloop 
  endfacet
  facet normal 0.000000E+000 -1.000000E+000 0.000000E+000
    outer loop 
      vertex 3.786160e-001 -5.000000e-001 3.634787e+000
      vertex 2.517506e-001 -5.000000e-001 3.580123e+000
      vertex 3.662437e-001 -5.000000e-001 3.460255e+000
    endloop 
  endfacet
  facet normal 0.000000E+000 -1.000000E+000 0.000000E+000
    outer loop 
      vertex 2.162966e-001 -5.000000e-001 3.402343e+000
      vertex 3.662437e-001 -5.000000e-001 3.460255e+000
      vertex 2.517506e-001 -5.000000e-001 3.580123e+000
    endloop 
  endfacet
  facet normal 0.000000E+000 -1.000000E+000 0.000000E+000
    outer loop 
      vertex 3.786160e-001 -5.000000e-001 3.634787e+000
      vertex 3.662437e-001 -5.000000e-001 3.460255e+000
      vertex 5.000000e-001 -5.000000e-001 3.520000e+000
    endloop 
  endfacet
  facet normal 0.000000E+000 -1.000000E+000 0.000000E+000
    outer loop 
      vertex 3.670116e-001 -5.000000e-001 3.274232e+000
      vertex 5.000000e-001 -5.000000e-001 3.360000e+000
      vertex 3.662437e-001 -5.000000e-001 3.460255e+000
    endloop 
  endfacet
  facet normal 0.000000E+000 -1.000000E+000 0.000000E+000
    outer loop 
      vertex 3.670116e-001 -5.000000e-001 3.274232e+000
      vertex 3.662437e-001 -5.000000e-001 3.460255e+000
      vertex 2.162966e-001 -5.000000e-001 3.402343e+000
    endloop 
  endfacet
  facet normal 0.000000E+000 -1.000000E+000 0.000000E+000
    outer loop 
      vertex 3.662437e-001 -5.000000e-001 3.460255e+000
      vertex 5.000000e-001 -5.000000e-001 3.360000e+000
      vertex 5.000000e-001 -5.000000e-001 3.520000e+000
    endloop 
  endfacet
  facet normal 0.000000E+000 -1.000000E+000 0.000000E+000
    outer loop 
      vertex -5.000000e-001 -5.000000e-001 2.080000e+000
      vertex -3.776726e-001 -5.000000e-001 1.954152e+000
      vertex -3.688868e-001 -5.000000e-001 2.130457e+000
    endloop 
  endfacet
  facet normal 0.000000E+000 -1.000000E+000 0.000000E+000
    outer loop 
      vertex -3.688868e-001 -5.000000e-001 2.130457e+000
      vertex -3.776726e-001 -5.000000e-001 1.954152e+000
      vertex -2.529215e-001 -5.000000e-001 1.997542e+000
    endloop 
  endfacet
  facet normal 0.000000E+000 -1.000000E+000 0.000000E+000
    outer loop 
      vertex -3.926881e-001 -5.000000e-001 1.761656e+000
      vertex -3.776726e-001 -5.000000e-001 1.954152e+000
      vertex -5.000000e-001 -5.000000e-001 1.920000e+000
    endloop 
  endfacet
  facet normal 0.000000E+000 -1.000000E+000 0.000000E+000
    outer loop 
      vertex -2.685854e-001 -5.000000e-001 1.835907e+000
      vertex -3.776726e-001 -5.000000e-001 1.954152e+000
      vertex -3.926881e-001 -5.000000e-001 1.761656e+000
    endloop 
  endfacet
  facet normal 0.000000E+000 -1.000000E+000 0.000000E+000
    outer loop 
      vertex -5.000000e-001 -5.000000e-001 1.920000e+000
      vertex -3.776726e-001 -5.000000e-001 1.954152e+000
      vertex -5.000000e-001 -5.000000e-001 2.080000e+000
    endloop 
  endfacet
  facet normal 0.000000E+000 -1.000000E+000 0.000000E+000
    outer loop 
      vertex -3.776726e-001 -5.000000e-001 1.954152e+000
      vertex -2.685854e-001 -5.000000e-001 1.835907e+000
      vertex -2.529215e-001 -5.000000e-001 1.997542e+000
    endloop 
  endfacet
endsolid
